ISO-10303-21;
HEADER;
FILE_DESCRIPTION(('Open CASCADE Model'),'2;1');
FILE_NAME('Open CASCADE Shape Model','2026-07-03T19:11:07',('Author'),(
    'Open CASCADE'),'Open CASCADE STEP processor 7.9','Open CASCADE 7.9'
  ,'Unknown');
FILE_SCHEMA(('AUTOMOTIVE_DESIGN { 1 0 10303 214 1 1 1 1 }'));
ENDSEC;
DATA;
#1 = APPLICATION_PROTOCOL_DEFINITION('international standard',
  'automotive_design',2000,#2);
#2 = APPLICATION_CONTEXT(
  'core data for automotive mechanical design processes');
#3 = SHAPE_DEFINITION_REPRESENTATION(#4,#10);
#4 = PRODUCT_DEFINITION_SHAPE('','',#5);
#5 = PRODUCT_DEFINITION('design','',#6,#9);
#6 = PRODUCT_DEFINITION_FORMATION('','',#7);
#7 = PRODUCT('Open CASCADE STEP translator 7.9 2',
  'Open CASCADE STEP translator 7.9 2','',(#8));
#8 = PRODUCT_CONTEXT('',#2,'mechanical');
#9 = PRODUCT_DEFINITION_CONTEXT('part definition',#2,'design');
#10 = ADVANCED_BREP_SHAPE_REPRESENTATION('',(#11,#15),#3665);
#11 = AXIS2_PLACEMENT_3D('',#12,#13,#14);
#12 = CARTESIAN_POINT('',(0.,0.,0.));
#13 = DIRECTION('',(0.,0.,1.));
#14 = DIRECTION('',(1.,0.,-0.));
#15 = MANIFOLD_SOLID_BREP('',#16);
#16 = CLOSED_SHELL('',(#17,#243,#326,#403,#813,#863,#932,#979,#1026,
    #1051,#1108,#1383,#1559,#1584,#1633,#1683,#1733,#1760,#1837,#1886,
    #1940,#1989,#2039,#2088,#2142,#2175,#2200,#2276,#2325,#2374,#2423,
    #2472,#2521,#2570,#2597,#2622,#2647,#2672,#2679,#2814,#2911,#2966,
    #3021,#3076,#3131,#3207,#3256,#3283,#3318,#3353,#3388,#3423,#3429,
    #3484,#3539,#3594,#3649,#3653,#3657,#3661));
#17 = ADVANCED_FACE('',(#18,#137),#32,.F.);
#18 = FACE_BOUND('',#19,.F.);
#19 = EDGE_LOOP('',(#20,#55,#83,#111));
#20 = ORIENTED_EDGE('',*,*,#21,.F.);
#21 = EDGE_CURVE('',#22,#24,#26,.T.);
#22 = VERTEX_POINT('',#23);
#23 = CARTESIAN_POINT('',(-29.5,-10.75,9.3));
#24 = VERTEX_POINT('',#25);
#25 = CARTESIAN_POINT('',(-29.5,-10.75,17.8));
#26 = SURFACE_CURVE('',#27,(#31,#43),.PCURVE_S1.);
#27 = LINE('',#28,#29);
#28 = CARTESIAN_POINT('',(-29.5,-10.75,9.3));
#29 = VECTOR('',#30,1.);
#30 = DIRECTION('',(0.,0.,1.));
#31 = PCURVE('',#32,#37);
#32 = PLANE('',#33);
#33 = AXIS2_PLACEMENT_3D('',#34,#35,#36);
#34 = CARTESIAN_POINT('',(-29.5,-13.25,9.3));
#35 = DIRECTION('',(1.,0.,0.));
#36 = DIRECTION('',(0.,0.,1.));
#37 = DEFINITIONAL_REPRESENTATION('',(#38),#42);
#38 = LINE('',#39,#40);
#39 = CARTESIAN_POINT('',(0.,-2.5));
#40 = VECTOR('',#41,1.);
#41 = DIRECTION('',(1.,0.));
#42 = ( GEOMETRIC_REPRESENTATION_CONTEXT(2) 
PARAMETRIC_REPRESENTATION_CONTEXT() REPRESENTATION_CONTEXT('2D SPACE',''
  ) );
#43 = PCURVE('',#44,#49);
#44 = CYLINDRICAL_SURFACE('',#45,2.5);
#45 = AXIS2_PLACEMENT_3D('',#46,#47,#48);
#46 = CARTESIAN_POINT('',(-27.,-10.75,9.3));
#47 = DIRECTION('',(0.,0.,1.));
#48 = DIRECTION('',(-1.,-0.,0.));
#49 = DEFINITIONAL_REPRESENTATION('',(#50),#54);
#50 = LINE('',#51,#52);
#51 = CARTESIAN_POINT('',(0.,0.));
#52 = VECTOR('',#53,1.);
#53 = DIRECTION('',(0.,1.));
#54 = ( GEOMETRIC_REPRESENTATION_CONTEXT(2) 
PARAMETRIC_REPRESENTATION_CONTEXT() REPRESENTATION_CONTEXT('2D SPACE',''
  ) );
#55 = ORIENTED_EDGE('',*,*,#56,.T.);
#56 = EDGE_CURVE('',#22,#57,#59,.T.);
#57 = VERTEX_POINT('',#58);
#58 = CARTESIAN_POINT('',(-29.5,10.75,9.3));
#59 = SURFACE_CURVE('',#60,(#64,#71),.PCURVE_S1.);
#60 = LINE('',#61,#62);
#61 = CARTESIAN_POINT('',(-29.5,-13.25,9.3));
#62 = VECTOR('',#63,1.);
#63 = DIRECTION('',(0.,1.,0.));
#64 = PCURVE('',#32,#65);
#65 = DEFINITIONAL_REPRESENTATION('',(#66),#70);
#66 = LINE('',#67,#68);
#67 = CARTESIAN_POINT('',(0.,0.));
#68 = VECTOR('',#69,1.);
#69 = DIRECTION('',(0.,-1.));
#70 = ( GEOMETRIC_REPRESENTATION_CONTEXT(2) 
PARAMETRIC_REPRESENTATION_CONTEXT() REPRESENTATION_CONTEXT('2D SPACE',''
  ) );
#71 = PCURVE('',#72,#77);
#72 = PLANE('',#73);
#73 = AXIS2_PLACEMENT_3D('',#74,#75,#76);
#74 = CARTESIAN_POINT('',(-29.5,-13.25,9.3));
#75 = DIRECTION('',(0.,0.,1.));
#76 = DIRECTION('',(1.,0.,0.));
#77 = DEFINITIONAL_REPRESENTATION('',(#78),#82);
#78 = LINE('',#79,#80);
#79 = CARTESIAN_POINT('',(0.,0.));
#80 = VECTOR('',#81,1.);
#81 = DIRECTION('',(0.,1.));
#82 = ( GEOMETRIC_REPRESENTATION_CONTEXT(2) 
PARAMETRIC_REPRESENTATION_CONTEXT() REPRESENTATION_CONTEXT('2D SPACE',''
  ) );
#83 = ORIENTED_EDGE('',*,*,#84,.T.);
#84 = EDGE_CURVE('',#57,#85,#87,.T.);
#85 = VERTEX_POINT('',#86);
#86 = CARTESIAN_POINT('',(-29.5,10.75,17.8));
#87 = SURFACE_CURVE('',#88,(#92,#99),.PCURVE_S1.);
#88 = LINE('',#89,#90);
#89 = CARTESIAN_POINT('',(-29.5,10.75,9.3));
#90 = VECTOR('',#91,1.);
#91 = DIRECTION('',(0.,0.,1.));
#92 = PCURVE('',#32,#93);
#93 = DEFINITIONAL_REPRESENTATION('',(#94),#98);
#94 = LINE('',#95,#96);
#95 = CARTESIAN_POINT('',(0.,-24.));
#96 = VECTOR('',#97,1.);
#97 = DIRECTION('',(1.,0.));
#98 = ( GEOMETRIC_REPRESENTATION_CONTEXT(2) 
PARAMETRIC_REPRESENTATION_CONTEXT() REPRESENTATION_CONTEXT('2D SPACE',''
  ) );
#99 = PCURVE('',#100,#105);
#100 = CYLINDRICAL_SURFACE('',#101,2.5);
#101 = AXIS2_PLACEMENT_3D('',#102,#103,#104);
#102 = CARTESIAN_POINT('',(-27.,10.75,9.3));
#103 = DIRECTION('',(0.,0.,1.));
#104 = DIRECTION('',(-1.,-0.,0.));
#105 = DEFINITIONAL_REPRESENTATION('',(#106),#110);
#106 = LINE('',#107,#108);
#107 = CARTESIAN_POINT('',(-0.,0.));
#108 = VECTOR('',#109,1.);
#109 = DIRECTION('',(-0.,1.));
#110 = ( GEOMETRIC_REPRESENTATION_CONTEXT(2) 
PARAMETRIC_REPRESENTATION_CONTEXT() REPRESENTATION_CONTEXT('2D SPACE',''
  ) );
#111 = ORIENTED_EDGE('',*,*,#112,.F.);
#112 = EDGE_CURVE('',#24,#85,#113,.T.);
#113 = SURFACE_CURVE('',#114,(#118,#125),.PCURVE_S1.);
#114 = LINE('',#115,#116);
#115 = CARTESIAN_POINT('',(-29.5,-10.75,17.8));
#116 = VECTOR('',#117,1.);
#117 = DIRECTION('',(0.,1.,0.));
#118 = PCURVE('',#32,#119);
#119 = DEFINITIONAL_REPRESENTATION('',(#120),#124);
#120 = LINE('',#121,#122);
#121 = CARTESIAN_POINT('',(8.5,-2.5));
#122 = VECTOR('',#123,1.);
#123 = DIRECTION('',(0.,-1.));
#124 = ( GEOMETRIC_REPRESENTATION_CONTEXT(2) 
PARAMETRIC_REPRESENTATION_CONTEXT() REPRESENTATION_CONTEXT('2D SPACE',''
  ) );
#125 = PCURVE('',#126,#131);
#126 = PLANE('',#127);
#127 = AXIS2_PLACEMENT_3D('',#128,#129,#130);
#128 = CARTESIAN_POINT('',(-29.1,-10.75,18.2));
#129 = DIRECTION('',(0.707106781187,0.,-0.707106781187));
#130 = DIRECTION('',(0.,1.,0.));
#131 = DEFINITIONAL_REPRESENTATION('',(#132),#136);
#132 = LINE('',#133,#134);
#133 = CARTESIAN_POINT('',(0.,-0.565685424949));
#134 = VECTOR('',#135,1.);
#135 = DIRECTION('',(1.,0.));
#136 = ( GEOMETRIC_REPRESENTATION_CONTEXT(2) 
PARAMETRIC_REPRESENTATION_CONTEXT() REPRESENTATION_CONTEXT('2D SPACE',''
  ) );
#137 = FACE_BOUND('',#138,.F.);
#138 = EDGE_LOOP('',(#139,#167,#193,#219));
#139 = ORIENTED_EDGE('',*,*,#140,.T.);
#140 = EDGE_CURVE('',#141,#143,#145,.T.);
#141 = VERTEX_POINT('',#142);
#142 = CARTESIAN_POINT('',(-29.5,6.,9.5));
#143 = VERTEX_POINT('',#144);
#144 = CARTESIAN_POINT('',(-29.5,-6.,9.5));
#145 = SURFACE_CURVE('',#146,(#150,#156),.PCURVE_S1.);
#146 = LINE('',#147,#148);
#147 = CARTESIAN_POINT('',(-29.5,-9.625,9.5));
#148 = VECTOR('',#149,1.);
#149 = DIRECTION('',(0.,-1.,0.));
#150 = PCURVE('',#32,#151);
#151 = DEFINITIONAL_REPRESENTATION('',(#152),#155);
#152 = B_SPLINE_CURVE_WITH_KNOTS('',1,(#153,#154),.UNSPECIFIED.,.F.,.F.,
  (2,2),(-15.625,-3.625),.PIECEWISE_BEZIER_KNOTS.);
#153 = CARTESIAN_POINT('',(0.2,-19.25));
#154 = CARTESIAN_POINT('',(0.2,-7.25));
#155 = ( GEOMETRIC_REPRESENTATION_CONTEXT(2) 
PARAMETRIC_REPRESENTATION_CONTEXT() REPRESENTATION_CONTEXT('2D SPACE',''
  ) );
#156 = PCURVE('',#157,#162);
#157 = PLANE('',#158);
#158 = AXIS2_PLACEMENT_3D('',#159,#160,#161);
#159 = CARTESIAN_POINT('',(-32.5,-6.,9.5));
#160 = DIRECTION('',(0.,0.,1.));
#161 = DIRECTION('',(1.,0.,0.));
#162 = DEFINITIONAL_REPRESENTATION('',(#163),#166);
#163 = B_SPLINE_CURVE_WITH_KNOTS('',1,(#164,#165),.UNSPECIFIED.,.F.,.F.,
  (2,2),(-15.625,-3.625),.PIECEWISE_BEZIER_KNOTS.);
#164 = CARTESIAN_POINT('',(3.,12.));
#165 = CARTESIAN_POINT('',(3.,0.));
#166 = ( GEOMETRIC_REPRESENTATION_CONTEXT(2) 
PARAMETRIC_REPRESENTATION_CONTEXT() REPRESENTATION_CONTEXT('2D SPACE',''
  ) );
#167 = ORIENTED_EDGE('',*,*,#168,.T.);
#168 = EDGE_CURVE('',#143,#169,#171,.T.);
#169 = VERTEX_POINT('',#170);
#170 = CARTESIAN_POINT('',(-29.5,-6.,14.5));
#171 = SURFACE_CURVE('',#172,(#176,#182),.PCURVE_S1.);
#172 = LINE('',#173,#174);
#173 = CARTESIAN_POINT('',(-29.5,-6.,9.4));
#174 = VECTOR('',#175,1.);
#175 = DIRECTION('',(0.,0.,1.));
#176 = PCURVE('',#32,#177);
#177 = DEFINITIONAL_REPRESENTATION('',(#178),#181);
#178 = B_SPLINE_CURVE_WITH_KNOTS('',1,(#179,#180),.UNSPECIFIED.,.F.,.F.,
  (2,2),(1.E-01,5.1),.PIECEWISE_BEZIER_KNOTS.);
#179 = CARTESIAN_POINT('',(0.2,-7.25));
#180 = CARTESIAN_POINT('',(5.2,-7.25));
#181 = ( GEOMETRIC_REPRESENTATION_CONTEXT(2) 
PARAMETRIC_REPRESENTATION_CONTEXT() REPRESENTATION_CONTEXT('2D SPACE',''
  ) );
#182 = PCURVE('',#183,#188);
#183 = PLANE('',#184);
#184 = AXIS2_PLACEMENT_3D('',#185,#186,#187);
#185 = CARTESIAN_POINT('',(-32.5,-6.,9.5));
#186 = DIRECTION('',(0.,1.,0.));
#187 = DIRECTION('',(0.,0.,1.));
#188 = DEFINITIONAL_REPRESENTATION('',(#189),#192);
#189 = B_SPLINE_CURVE_WITH_KNOTS('',1,(#190,#191),.UNSPECIFIED.,.F.,.F.,
  (2,2),(1.E-01,5.1),.PIECEWISE_BEZIER_KNOTS.);
#190 = CARTESIAN_POINT('',(0.,3.));
#191 = CARTESIAN_POINT('',(5.,3.));
#192 = ( GEOMETRIC_REPRESENTATION_CONTEXT(2) 
PARAMETRIC_REPRESENTATION_CONTEXT() REPRESENTATION_CONTEXT('2D SPACE',''
  ) );
#193 = ORIENTED_EDGE('',*,*,#194,.F.);
#194 = EDGE_CURVE('',#195,#169,#197,.T.);
#195 = VERTEX_POINT('',#196);
#196 = CARTESIAN_POINT('',(-29.5,6.,14.5));
#197 = SURFACE_CURVE('',#198,(#202,#208),.PCURVE_S1.);
#198 = LINE('',#199,#200);
#199 = CARTESIAN_POINT('',(-29.5,-9.625,14.5));
#200 = VECTOR('',#201,1.);
#201 = DIRECTION('',(0.,-1.,0.));
#202 = PCURVE('',#32,#203);
#203 = DEFINITIONAL_REPRESENTATION('',(#204),#207);
#204 = B_SPLINE_CURVE_WITH_KNOTS('',1,(#205,#206),.UNSPECIFIED.,.F.,.F.,
  (2,2),(-15.625,-3.625),.PIECEWISE_BEZIER_KNOTS.);
#205 = CARTESIAN_POINT('',(5.2,-19.25));
#206 = CARTESIAN_POINT('',(5.2,-7.25));
#207 = ( GEOMETRIC_REPRESENTATION_CONTEXT(2) 
PARAMETRIC_REPRESENTATION_CONTEXT() REPRESENTATION_CONTEXT('2D SPACE',''
  ) );
#208 = PCURVE('',#209,#214);
#209 = PLANE('',#210);
#210 = AXIS2_PLACEMENT_3D('',#211,#212,#213);
#211 = CARTESIAN_POINT('',(-32.5,-6.,14.5));
#212 = DIRECTION('',(0.,0.,1.));
#213 = DIRECTION('',(1.,0.,0.));
#214 = DEFINITIONAL_REPRESENTATION('',(#215),#218);
#215 = B_SPLINE_CURVE_WITH_KNOTS('',1,(#216,#217),.UNSPECIFIED.,.F.,.F.,
  (2,2),(-15.625,-3.625),.PIECEWISE_BEZIER_KNOTS.);
#216 = CARTESIAN_POINT('',(3.,12.));
#217 = CARTESIAN_POINT('',(3.,0.));
#218 = ( GEOMETRIC_REPRESENTATION_CONTEXT(2) 
PARAMETRIC_REPRESENTATION_CONTEXT() REPRESENTATION_CONTEXT('2D SPACE',''
  ) );
#219 = ORIENTED_EDGE('',*,*,#220,.F.);
#220 = EDGE_CURVE('',#141,#195,#221,.T.);
#221 = SURFACE_CURVE('',#222,(#226,#232),.PCURVE_S1.);
#222 = LINE('',#223,#224);
#223 = CARTESIAN_POINT('',(-29.5,6.,9.4));
#224 = VECTOR('',#225,1.);
#225 = DIRECTION('',(0.,0.,1.));
#226 = PCURVE('',#32,#227);
#227 = DEFINITIONAL_REPRESENTATION('',(#228),#231);
#228 = B_SPLINE_CURVE_WITH_KNOTS('',1,(#229,#230),.UNSPECIFIED.,.F.,.F.,
  (2,2),(1.E-01,5.1),.PIECEWISE_BEZIER_KNOTS.);
#229 = CARTESIAN_POINT('',(0.2,-19.25));
#230 = CARTESIAN_POINT('',(5.2,-19.25));
#231 = ( GEOMETRIC_REPRESENTATION_CONTEXT(2) 
PARAMETRIC_REPRESENTATION_CONTEXT() REPRESENTATION_CONTEXT('2D SPACE',''
  ) );
#232 = PCURVE('',#233,#238);
#233 = PLANE('',#234);
#234 = AXIS2_PLACEMENT_3D('',#235,#236,#237);
#235 = CARTESIAN_POINT('',(-32.5,6.,9.5));
#236 = DIRECTION('',(0.,1.,0.));
#237 = DIRECTION('',(0.,0.,1.));
#238 = DEFINITIONAL_REPRESENTATION('',(#239),#242);
#239 = B_SPLINE_CURVE_WITH_KNOTS('',1,(#240,#241),.UNSPECIFIED.,.F.,.F.,
  (2,2),(1.E-01,5.1),.PIECEWISE_BEZIER_KNOTS.);
#240 = CARTESIAN_POINT('',(0.,3.));
#241 = CARTESIAN_POINT('',(5.,3.));
#242 = ( GEOMETRIC_REPRESENTATION_CONTEXT(2) 
PARAMETRIC_REPRESENTATION_CONTEXT() REPRESENTATION_CONTEXT('2D SPACE',''
  ) );
#243 = ADVANCED_FACE('',(#244),#44,.T.);
#244 = FACE_BOUND('',#245,.T.);
#245 = EDGE_LOOP('',(#246,#247,#271,#299));
#246 = ORIENTED_EDGE('',*,*,#21,.F.);
#247 = ORIENTED_EDGE('',*,*,#248,.T.);
#248 = EDGE_CURVE('',#22,#249,#251,.T.);
#249 = VERTEX_POINT('',#250);
#250 = CARTESIAN_POINT('',(-27.,-13.25,9.3));
#251 = SURFACE_CURVE('',#252,(#257,#264),.PCURVE_S1.);
#252 = CIRCLE('',#253,2.5);
#253 = AXIS2_PLACEMENT_3D('',#254,#255,#256);
#254 = CARTESIAN_POINT('',(-27.,-10.75,9.3));
#255 = DIRECTION('',(0.,0.,1.));
#256 = DIRECTION('',(0.,-1.,0.));
#257 = PCURVE('',#44,#258);
#258 = DEFINITIONAL_REPRESENTATION('',(#259),#263);
#259 = LINE('',#260,#261);
#260 = CARTESIAN_POINT('',(-4.712388980385,0.));
#261 = VECTOR('',#262,1.);
#262 = DIRECTION('',(1.,0.));
#263 = ( GEOMETRIC_REPRESENTATION_CONTEXT(2) 
PARAMETRIC_REPRESENTATION_CONTEXT() REPRESENTATION_CONTEXT('2D SPACE',''
  ) );
#264 = PCURVE('',#72,#265);
#265 = DEFINITIONAL_REPRESENTATION('',(#266),#270);
#266 = CIRCLE('',#267,2.5);
#267 = AXIS2_PLACEMENT_2D('',#268,#269);
#268 = CARTESIAN_POINT('',(2.5,2.5));
#269 = DIRECTION('',(0.,-1.));
#270 = ( GEOMETRIC_REPRESENTATION_CONTEXT(2) 
PARAMETRIC_REPRESENTATION_CONTEXT() REPRESENTATION_CONTEXT('2D SPACE',''
  ) );
#271 = ORIENTED_EDGE('',*,*,#272,.T.);
#272 = EDGE_CURVE('',#249,#273,#275,.T.);
#273 = VERTEX_POINT('',#274);
#274 = CARTESIAN_POINT('',(-27.,-13.25,17.8));
#275 = SURFACE_CURVE('',#276,(#280,#287),.PCURVE_S1.);
#276 = LINE('',#277,#278);
#277 = CARTESIAN_POINT('',(-27.,-13.25,9.3));
#278 = VECTOR('',#279,1.);
#279 = DIRECTION('',(0.,0.,1.));
#280 = PCURVE('',#44,#281);
#281 = DEFINITIONAL_REPRESENTATION('',(#282),#286);
#282 = LINE('',#283,#284);
#283 = CARTESIAN_POINT('',(1.570796326795,0.));
#284 = VECTOR('',#285,1.);
#285 = DIRECTION('',(0.,1.));
#286 = ( GEOMETRIC_REPRESENTATION_CONTEXT(2) 
PARAMETRIC_REPRESENTATION_CONTEXT() REPRESENTATION_CONTEXT('2D SPACE',''
  ) );
#287 = PCURVE('',#288,#293);
#288 = PLANE('',#289);
#289 = AXIS2_PLACEMENT_3D('',#290,#291,#292);
#290 = CARTESIAN_POINT('',(-29.5,-13.25,9.3));
#291 = DIRECTION('',(0.,1.,0.));
#292 = DIRECTION('',(0.,0.,1.));
#293 = DEFINITIONAL_REPRESENTATION('',(#294),#298);
#294 = LINE('',#295,#296);
#295 = CARTESIAN_POINT('',(0.,2.5));
#296 = VECTOR('',#297,1.);
#297 = DIRECTION('',(1.,0.));
#298 = ( GEOMETRIC_REPRESENTATION_CONTEXT(2) 
PARAMETRIC_REPRESENTATION_CONTEXT() REPRESENTATION_CONTEXT('2D SPACE',''
  ) );
#299 = ORIENTED_EDGE('',*,*,#300,.T.);
#300 = EDGE_CURVE('',#273,#24,#301,.T.);
#301 = SURFACE_CURVE('',#302,(#307,#314),.PCURVE_S1.);
#302 = CIRCLE('',#303,2.5);
#303 = AXIS2_PLACEMENT_3D('',#304,#305,#306);
#304 = CARTESIAN_POINT('',(-27.,-10.75,17.8));
#305 = DIRECTION('',(-0.,-0.,-1.));
#306 = DIRECTION('',(0.,-1.,0.));
#307 = PCURVE('',#44,#308);
#308 = DEFINITIONAL_REPRESENTATION('',(#309),#313);
#309 = LINE('',#310,#311);
#310 = CARTESIAN_POINT('',(1.570796326795,8.5));
#311 = VECTOR('',#312,1.);
#312 = DIRECTION('',(-1.,-0.));
#313 = ( GEOMETRIC_REPRESENTATION_CONTEXT(2) 
PARAMETRIC_REPRESENTATION_CONTEXT() REPRESENTATION_CONTEXT('2D SPACE',''
  ) );
#314 = PCURVE('',#315,#320);
#315 = CONICAL_SURFACE('',#316,2.5,0.785398163397);
#316 = AXIS2_PLACEMENT_3D('',#317,#318,#319);
#317 = CARTESIAN_POINT('',(-27.,-10.75,17.8));
#318 = DIRECTION('',(-0.,-0.,-1.));
#319 = DIRECTION('',(0.,-1.,0.));
#320 = DEFINITIONAL_REPRESENTATION('',(#321),#325);
#321 = LINE('',#322,#323);
#322 = CARTESIAN_POINT('',(0.,-0.));
#323 = VECTOR('',#324,1.);
#324 = DIRECTION('',(1.,-0.));
#325 = ( GEOMETRIC_REPRESENTATION_CONTEXT(2) 
PARAMETRIC_REPRESENTATION_CONTEXT() REPRESENTATION_CONTEXT('2D SPACE',''
  ) );
#326 = ADVANCED_FACE('',(#327),#126,.F.);
#327 = FACE_BOUND('',#328,.F.);
#328 = EDGE_LOOP('',(#329,#350,#351,#377));
#329 = ORIENTED_EDGE('',*,*,#330,.F.);
#330 = EDGE_CURVE('',#24,#331,#333,.T.);
#331 = VERTEX_POINT('',#332);
#332 = CARTESIAN_POINT('',(-28.7,-10.75,18.6));
#333 = SURFACE_CURVE('',#334,(#338,#344),.PCURVE_S1.);
#334 = LINE('',#335,#336);
#335 = CARTESIAN_POINT('',(-29.1,-10.75,18.2));
#336 = VECTOR('',#337,1.);
#337 = DIRECTION('',(0.707106781187,-0.,0.707106781187));
#338 = PCURVE('',#126,#339);
#339 = DEFINITIONAL_REPRESENTATION('',(#340),#343);
#340 = B_SPLINE_CURVE_WITH_KNOTS('',1,(#341,#342),.UNSPECIFIED.,.F.,.F.,
  (2,2),(-0.565685424949,0.565685424949),.PIECEWISE_BEZIER_KNOTS.);
#341 = CARTESIAN_POINT('',(0.,-0.565685424949));
#342 = CARTESIAN_POINT('',(0.,0.565685424949));
#343 = ( GEOMETRIC_REPRESENTATION_CONTEXT(2) 
PARAMETRIC_REPRESENTATION_CONTEXT() REPRESENTATION_CONTEXT('2D SPACE',''
  ) );
#344 = PCURVE('',#315,#345);
#345 = DEFINITIONAL_REPRESENTATION('',(#346),#349);
#346 = B_SPLINE_CURVE_WITH_KNOTS('',1,(#347,#348),.UNSPECIFIED.,.F.,.F.,
  (2,2),(-0.565685424949,0.565685424949),.PIECEWISE_BEZIER_KNOTS.);
#347 = CARTESIAN_POINT('',(1.570796326795,0.));
#348 = CARTESIAN_POINT('',(1.570796326795,-0.8));
#349 = ( GEOMETRIC_REPRESENTATION_CONTEXT(2) 
PARAMETRIC_REPRESENTATION_CONTEXT() REPRESENTATION_CONTEXT('2D SPACE',''
  ) );
#350 = ORIENTED_EDGE('',*,*,#112,.T.);
#351 = ORIENTED_EDGE('',*,*,#352,.T.);
#352 = EDGE_CURVE('',#85,#353,#355,.T.);
#353 = VERTEX_POINT('',#354);
#354 = CARTESIAN_POINT('',(-28.7,10.75,18.6));
#355 = SURFACE_CURVE('',#356,(#360,#366),.PCURVE_S1.);
#356 = LINE('',#357,#358);
#357 = CARTESIAN_POINT('',(-29.1,10.75,18.2));
#358 = VECTOR('',#359,1.);
#359 = DIRECTION('',(0.707106781187,-0.,0.707106781187));
#360 = PCURVE('',#126,#361);
#361 = DEFINITIONAL_REPRESENTATION('',(#362),#365);
#362 = B_SPLINE_CURVE_WITH_KNOTS('',1,(#363,#364),.UNSPECIFIED.,.F.,.F.,
  (2,2),(-0.565685424949,0.565685424949),.PIECEWISE_BEZIER_KNOTS.);
#363 = CARTESIAN_POINT('',(21.5,-0.565685424949));
#364 = CARTESIAN_POINT('',(21.5,0.565685424949));
#365 = ( GEOMETRIC_REPRESENTATION_CONTEXT(2) 
PARAMETRIC_REPRESENTATION_CONTEXT() REPRESENTATION_CONTEXT('2D SPACE',''
  ) );
#366 = PCURVE('',#367,#372);
#367 = CONICAL_SURFACE('',#368,2.5,0.785398163397);
#368 = AXIS2_PLACEMENT_3D('',#369,#370,#371);
#369 = CARTESIAN_POINT('',(-27.,10.75,17.8));
#370 = DIRECTION('',(-0.,-0.,-1.));
#371 = DIRECTION('',(-1.,0.,0.));
#372 = DEFINITIONAL_REPRESENTATION('',(#373),#376);
#373 = B_SPLINE_CURVE_WITH_KNOTS('',1,(#374,#375),.UNSPECIFIED.,.F.,.F.,
  (2,2),(-0.565685424949,0.565685424949),.PIECEWISE_BEZIER_KNOTS.);
#374 = CARTESIAN_POINT('',(0.,0.));
#375 = CARTESIAN_POINT('',(0.,-0.8));
#376 = ( GEOMETRIC_REPRESENTATION_CONTEXT(2) 
PARAMETRIC_REPRESENTATION_CONTEXT() REPRESENTATION_CONTEXT('2D SPACE',''
  ) );
#377 = ORIENTED_EDGE('',*,*,#378,.F.);
#378 = EDGE_CURVE('',#331,#353,#379,.T.);
#379 = SURFACE_CURVE('',#380,(#384,#391),.PCURVE_S1.);
#380 = LINE('',#381,#382);
#381 = CARTESIAN_POINT('',(-28.7,-10.75,18.6));
#382 = VECTOR('',#383,1.);
#383 = DIRECTION('',(0.,1.,0.));
#384 = PCURVE('',#126,#385);
#385 = DEFINITIONAL_REPRESENTATION('',(#386),#390);
#386 = LINE('',#387,#388);
#387 = CARTESIAN_POINT('',(0.,0.565685424949));
#388 = VECTOR('',#389,1.);
#389 = DIRECTION('',(1.,0.));
#390 = ( GEOMETRIC_REPRESENTATION_CONTEXT(2) 
PARAMETRIC_REPRESENTATION_CONTEXT() REPRESENTATION_CONTEXT('2D SPACE',''
  ) );
#391 = PCURVE('',#392,#397);
#392 = PLANE('',#393);
#393 = AXIS2_PLACEMENT_3D('',#394,#395,#396);
#394 = CARTESIAN_POINT('',(-29.5,-13.25,18.6));
#395 = DIRECTION('',(0.,0.,1.));
#396 = DIRECTION('',(1.,0.,0.));
#397 = DEFINITIONAL_REPRESENTATION('',(#398),#402);
#398 = LINE('',#399,#400);
#399 = CARTESIAN_POINT('',(0.8,2.5));
#400 = VECTOR('',#401,1.);
#401 = DIRECTION('',(0.,1.));
#402 = ( GEOMETRIC_REPRESENTATION_CONTEXT(2) 
PARAMETRIC_REPRESENTATION_CONTEXT() REPRESENTATION_CONTEXT('2D SPACE',''
  ) );
#403 = ADVANCED_FACE('',(#404,#575),#72,.F.);
#404 = FACE_BOUND('',#405,.F.);
#405 = EDGE_LOOP('',(#406,#407,#408,#431,#464,#492,#521,#549));
#406 = ORIENTED_EDGE('',*,*,#56,.F.);
#407 = ORIENTED_EDGE('',*,*,#248,.T.);
#408 = ORIENTED_EDGE('',*,*,#409,.T.);
#409 = EDGE_CURVE('',#249,#410,#412,.T.);
#410 = VERTEX_POINT('',#411);
#411 = CARTESIAN_POINT('',(27.,-13.25,9.3));
#412 = SURFACE_CURVE('',#413,(#417,#424),.PCURVE_S1.);
#413 = LINE('',#414,#415);
#414 = CARTESIAN_POINT('',(-29.5,-13.25,9.3));
#415 = VECTOR('',#416,1.);
#416 = DIRECTION('',(1.,0.,0.));
#417 = PCURVE('',#72,#418);
#418 = DEFINITIONAL_REPRESENTATION('',(#419),#423);
#419 = LINE('',#420,#421);
#420 = CARTESIAN_POINT('',(0.,0.));
#421 = VECTOR('',#422,1.);
#422 = DIRECTION('',(1.,0.));
#423 = ( GEOMETRIC_REPRESENTATION_CONTEXT(2) 
PARAMETRIC_REPRESENTATION_CONTEXT() REPRESENTATION_CONTEXT('2D SPACE',''
  ) );
#424 = PCURVE('',#288,#425);
#425 = DEFINITIONAL_REPRESENTATION('',(#426),#430);
#426 = LINE('',#427,#428);
#427 = CARTESIAN_POINT('',(0.,0.));
#428 = VECTOR('',#429,1.);
#429 = DIRECTION('',(0.,1.));
#430 = ( GEOMETRIC_REPRESENTATION_CONTEXT(2) 
PARAMETRIC_REPRESENTATION_CONTEXT() REPRESENTATION_CONTEXT('2D SPACE',''
  ) );
#431 = ORIENTED_EDGE('',*,*,#432,.F.);
#432 = EDGE_CURVE('',#433,#410,#435,.T.);
#433 = VERTEX_POINT('',#434);
#434 = CARTESIAN_POINT('',(29.5,-10.75,9.3));
#435 = SURFACE_CURVE('',#436,(#441,#452),.PCURVE_S1.);
#436 = CIRCLE('',#437,2.5);
#437 = AXIS2_PLACEMENT_3D('',#438,#439,#440);
#438 = CARTESIAN_POINT('',(27.,-10.75,9.3));
#439 = DIRECTION('',(-0.,-0.,-1.));
#440 = DIRECTION('',(0.,-1.,0.));
#441 = PCURVE('',#72,#442);
#442 = DEFINITIONAL_REPRESENTATION('',(#443),#451);
#443 = ( BOUNDED_CURVE() B_SPLINE_CURVE(2,(#444,#445,#446,#447,#448,#449
,#450),.UNSPECIFIED.,.T.,.F.) B_SPLINE_CURVE_WITH_KNOTS((1,2,2,2,2,1),(
    -2.094395102393,0.,2.094395102393,4.188790204786,6.28318530718,
8.377580409573),.UNSPECIFIED.) CURVE() GEOMETRIC_REPRESENTATION_ITEM() 
RATIONAL_B_SPLINE_CURVE((1.,0.5,1.,0.5,1.,0.5,1.)) REPRESENTATION_ITEM(
  '') );
#444 = CARTESIAN_POINT('',(56.5,0.));
#445 = CARTESIAN_POINT('',(52.169872981078,0.));
#446 = CARTESIAN_POINT('',(54.334936490539,3.75));
#447 = CARTESIAN_POINT('',(56.5,7.5));
#448 = CARTESIAN_POINT('',(58.665063509461,3.75));
#449 = CARTESIAN_POINT('',(60.830127018922,3.996802888651E-15));
#450 = CARTESIAN_POINT('',(56.5,0.));
#451 = ( GEOMETRIC_REPRESENTATION_CONTEXT(2) 
PARAMETRIC_REPRESENTATION_CONTEXT() REPRESENTATION_CONTEXT('2D SPACE',''
  ) );
#452 = PCURVE('',#453,#458);
#453 = CYLINDRICAL_SURFACE('',#454,2.5);
#454 = AXIS2_PLACEMENT_3D('',#455,#456,#457);
#455 = CARTESIAN_POINT('',(27.,-10.75,9.3));
#456 = DIRECTION('',(0.,0.,1.));
#457 = DIRECTION('',(1.,0.,-0.));
#458 = DEFINITIONAL_REPRESENTATION('',(#459),#463);
#459 = LINE('',#460,#461);
#460 = CARTESIAN_POINT('',(4.712388980385,-0.));
#461 = VECTOR('',#462,1.);
#462 = DIRECTION('',(-1.,0.));
#463 = ( GEOMETRIC_REPRESENTATION_CONTEXT(2) 
PARAMETRIC_REPRESENTATION_CONTEXT() REPRESENTATION_CONTEXT('2D SPACE',''
  ) );
#464 = ORIENTED_EDGE('',*,*,#465,.T.);
#465 = EDGE_CURVE('',#433,#466,#468,.T.);
#466 = VERTEX_POINT('',#467);
#467 = CARTESIAN_POINT('',(29.5,10.75,9.3));
#468 = SURFACE_CURVE('',#469,(#473,#480),.PCURVE_S1.);
#469 = LINE('',#470,#471);
#470 = CARTESIAN_POINT('',(29.5,-13.25,9.3));
#471 = VECTOR('',#472,1.);
#472 = DIRECTION('',(0.,1.,0.));
#473 = PCURVE('',#72,#474);
#474 = DEFINITIONAL_REPRESENTATION('',(#475),#479);
#475 = LINE('',#476,#477);
#476 = CARTESIAN_POINT('',(59.,0.));
#477 = VECTOR('',#478,1.);
#478 = DIRECTION('',(0.,1.));
#479 = ( GEOMETRIC_REPRESENTATION_CONTEXT(2) 
PARAMETRIC_REPRESENTATION_CONTEXT() REPRESENTATION_CONTEXT('2D SPACE',''
  ) );
#480 = PCURVE('',#481,#486);
#481 = PLANE('',#482);
#482 = AXIS2_PLACEMENT_3D('',#483,#484,#485);
#483 = CARTESIAN_POINT('',(29.5,-13.25,9.3));
#484 = DIRECTION('',(1.,0.,0.));
#485 = DIRECTION('',(0.,0.,1.));
#486 = DEFINITIONAL_REPRESENTATION('',(#487),#491);
#487 = LINE('',#488,#489);
#488 = CARTESIAN_POINT('',(0.,0.));
#489 = VECTOR('',#490,1.);
#490 = DIRECTION('',(0.,-1.));
#491 = ( GEOMETRIC_REPRESENTATION_CONTEXT(2) 
PARAMETRIC_REPRESENTATION_CONTEXT() REPRESENTATION_CONTEXT('2D SPACE',''
  ) );
#492 = ORIENTED_EDGE('',*,*,#493,.T.);
#493 = EDGE_CURVE('',#466,#494,#496,.T.);
#494 = VERTEX_POINT('',#495);
#495 = CARTESIAN_POINT('',(27.,13.25,9.3));
#496 = SURFACE_CURVE('',#497,(#502,#509),.PCURVE_S1.);
#497 = CIRCLE('',#498,2.5);
#498 = AXIS2_PLACEMENT_3D('',#499,#500,#501);
#499 = CARTESIAN_POINT('',(27.,10.75,9.3));
#500 = DIRECTION('',(0.,0.,1.));
#501 = DIRECTION('',(0.,-1.,0.));
#502 = PCURVE('',#72,#503);
#503 = DEFINITIONAL_REPRESENTATION('',(#504),#508);
#504 = CIRCLE('',#505,2.5);
#505 = AXIS2_PLACEMENT_2D('',#506,#507);
#506 = CARTESIAN_POINT('',(56.5,24.));
#507 = DIRECTION('',(0.,-1.));
#508 = ( GEOMETRIC_REPRESENTATION_CONTEXT(2) 
PARAMETRIC_REPRESENTATION_CONTEXT() REPRESENTATION_CONTEXT('2D SPACE',''
  ) );
#509 = PCURVE('',#510,#515);
#510 = CYLINDRICAL_SURFACE('',#511,2.5);
#511 = AXIS2_PLACEMENT_3D('',#512,#513,#514);
#512 = CARTESIAN_POINT('',(27.,10.75,9.3));
#513 = DIRECTION('',(0.,0.,1.));
#514 = DIRECTION('',(1.,0.,-0.));
#515 = DEFINITIONAL_REPRESENTATION('',(#516),#520);
#516 = LINE('',#517,#518);
#517 = CARTESIAN_POINT('',(-1.570796326795,0.));
#518 = VECTOR('',#519,1.);
#519 = DIRECTION('',(1.,0.));
#520 = ( GEOMETRIC_REPRESENTATION_CONTEXT(2) 
PARAMETRIC_REPRESENTATION_CONTEXT() REPRESENTATION_CONTEXT('2D SPACE',''
  ) );
#521 = ORIENTED_EDGE('',*,*,#522,.F.);
#522 = EDGE_CURVE('',#523,#494,#525,.T.);
#523 = VERTEX_POINT('',#524);
#524 = CARTESIAN_POINT('',(-27.,13.25,9.3));
#525 = SURFACE_CURVE('',#526,(#530,#537),.PCURVE_S1.);
#526 = LINE('',#527,#528);
#527 = CARTESIAN_POINT('',(-29.5,13.25,9.3));
#528 = VECTOR('',#529,1.);
#529 = DIRECTION('',(1.,0.,0.));
#530 = PCURVE('',#72,#531);
#531 = DEFINITIONAL_REPRESENTATION('',(#532),#536);
#532 = LINE('',#533,#534);
#533 = CARTESIAN_POINT('',(0.,26.5));
#534 = VECTOR('',#535,1.);
#535 = DIRECTION('',(1.,0.));
#536 = ( GEOMETRIC_REPRESENTATION_CONTEXT(2) 
PARAMETRIC_REPRESENTATION_CONTEXT() REPRESENTATION_CONTEXT('2D SPACE',''
  ) );
#537 = PCURVE('',#538,#543);
#538 = PLANE('',#539);
#539 = AXIS2_PLACEMENT_3D('',#540,#541,#542);
#540 = CARTESIAN_POINT('',(-29.5,13.25,9.3));
#541 = DIRECTION('',(0.,1.,0.));
#542 = DIRECTION('',(0.,0.,1.));
#543 = DEFINITIONAL_REPRESENTATION('',(#544),#548);
#544 = LINE('',#545,#546);
#545 = CARTESIAN_POINT('',(0.,0.));
#546 = VECTOR('',#547,1.);
#547 = DIRECTION('',(0.,1.));
#548 = ( GEOMETRIC_REPRESENTATION_CONTEXT(2) 
PARAMETRIC_REPRESENTATION_CONTEXT() REPRESENTATION_CONTEXT('2D SPACE',''
  ) );
#549 = ORIENTED_EDGE('',*,*,#550,.F.);
#550 = EDGE_CURVE('',#57,#523,#551,.T.);
#551 = SURFACE_CURVE('',#552,(#557,#568),.PCURVE_S1.);
#552 = CIRCLE('',#553,2.5);
#553 = AXIS2_PLACEMENT_3D('',#554,#555,#556);
#554 = CARTESIAN_POINT('',(-27.,10.75,9.3));
#555 = DIRECTION('',(-0.,-0.,-1.));
#556 = DIRECTION('',(0.,-1.,0.));
#557 = PCURVE('',#72,#558);
#558 = DEFINITIONAL_REPRESENTATION('',(#559),#567);
#559 = ( BOUNDED_CURVE() B_SPLINE_CURVE(2,(#560,#561,#562,#563,#564,#565
,#566),.UNSPECIFIED.,.T.,.F.) B_SPLINE_CURVE_WITH_KNOTS((1,2,2,2,2,1),(
    -2.094395102393,0.,2.094395102393,4.188790204786,6.28318530718,
8.377580409573),.UNSPECIFIED.) CURVE() GEOMETRIC_REPRESENTATION_ITEM() 
RATIONAL_B_SPLINE_CURVE((1.,0.5,1.,0.5,1.,0.5,1.)) REPRESENTATION_ITEM(
  '') );
#560 = CARTESIAN_POINT('',(2.5,21.5));
#561 = CARTESIAN_POINT('',(-1.830127018922,21.5));
#562 = CARTESIAN_POINT('',(0.334936490539,25.25));
#563 = CARTESIAN_POINT('',(2.5,29.));
#564 = CARTESIAN_POINT('',(4.665063509461,25.25));
#565 = CARTESIAN_POINT('',(6.830127018922,21.5));
#566 = CARTESIAN_POINT('',(2.5,21.5));
#567 = ( GEOMETRIC_REPRESENTATION_CONTEXT(2) 
PARAMETRIC_REPRESENTATION_CONTEXT() REPRESENTATION_CONTEXT('2D SPACE',''
  ) );
#568 = PCURVE('',#100,#569);
#569 = DEFINITIONAL_REPRESENTATION('',(#570),#574);
#570 = LINE('',#571,#572);
#571 = CARTESIAN_POINT('',(1.570796326795,-0.));
#572 = VECTOR('',#573,1.);
#573 = DIRECTION('',(-1.,0.));
#574 = ( GEOMETRIC_REPRESENTATION_CONTEXT(2) 
PARAMETRIC_REPRESENTATION_CONTEXT() REPRESENTATION_CONTEXT('2D SPACE',''
  ) );
#575 = FACE_BOUND('',#576,.F.);
#576 = EDGE_LOOP('',(#577,#608,#636,#669,#697,#726,#754,#787));
#577 = ORIENTED_EDGE('',*,*,#578,.F.);
#578 = EDGE_CURVE('',#579,#581,#583,.T.);
#579 = VERTEX_POINT('',#580);
#580 = CARTESIAN_POINT('',(-27.5,-10.75,9.3));
#581 = VERTEX_POINT('',#582);
#582 = CARTESIAN_POINT('',(-27.,-11.25,9.3));
#583 = SURFACE_CURVE('',#584,(#589,#596),.PCURVE_S1.);
#584 = CIRCLE('',#585,0.5);
#585 = AXIS2_PLACEMENT_3D('',#586,#587,#588);
#586 = CARTESIAN_POINT('',(-27.,-10.75,9.3));
#587 = DIRECTION('',(0.,0.,1.));
#588 = DIRECTION('',(0.,-1.,0.));
#589 = PCURVE('',#72,#590);
#590 = DEFINITIONAL_REPRESENTATION('',(#591),#595);
#591 = CIRCLE('',#592,0.5);
#592 = AXIS2_PLACEMENT_2D('',#593,#594);
#593 = CARTESIAN_POINT('',(2.5,2.5));
#594 = DIRECTION('',(0.,-1.));
#595 = ( GEOMETRIC_REPRESENTATION_CONTEXT(2) 
PARAMETRIC_REPRESENTATION_CONTEXT() REPRESENTATION_CONTEXT('2D SPACE',''
  ) );
#596 = PCURVE('',#597,#602);
#597 = CYLINDRICAL_SURFACE('',#598,0.5);
#598 = AXIS2_PLACEMENT_3D('',#599,#600,#601);
#599 = CARTESIAN_POINT('',(-27.,-10.75,9.3));
#600 = DIRECTION('',(0.,0.,1.));
#601 = DIRECTION('',(-1.,-0.,0.));
#602 = DEFINITIONAL_REPRESENTATION('',(#603),#607);
#603 = LINE('',#604,#605);
#604 = CARTESIAN_POINT('',(-4.712388980385,0.));
#605 = VECTOR('',#606,1.);
#606 = DIRECTION('',(1.,0.));
#607 = ( GEOMETRIC_REPRESENTATION_CONTEXT(2) 
PARAMETRIC_REPRESENTATION_CONTEXT() REPRESENTATION_CONTEXT('2D SPACE',''
  ) );
#608 = ORIENTED_EDGE('',*,*,#609,.T.);
#609 = EDGE_CURVE('',#579,#610,#612,.T.);
#610 = VERTEX_POINT('',#611);
#611 = CARTESIAN_POINT('',(-27.5,10.75,9.3));
#612 = SURFACE_CURVE('',#613,(#617,#624),.PCURVE_S1.);
#613 = LINE('',#614,#615);
#614 = CARTESIAN_POINT('',(-27.5,-11.25,9.3));
#615 = VECTOR('',#616,1.);
#616 = DIRECTION('',(0.,1.,0.));
#617 = PCURVE('',#72,#618);
#618 = DEFINITIONAL_REPRESENTATION('',(#619),#623);
#619 = LINE('',#620,#621);
#620 = CARTESIAN_POINT('',(2.,2.));
#621 = VECTOR('',#622,1.);
#622 = DIRECTION('',(0.,1.));
#623 = ( GEOMETRIC_REPRESENTATION_CONTEXT(2) 
PARAMETRIC_REPRESENTATION_CONTEXT() REPRESENTATION_CONTEXT('2D SPACE',''
  ) );
#624 = PCURVE('',#625,#630);
#625 = PLANE('',#626);
#626 = AXIS2_PLACEMENT_3D('',#627,#628,#629);
#627 = CARTESIAN_POINT('',(-27.5,-11.25,9.3));
#628 = DIRECTION('',(1.,0.,0.));
#629 = DIRECTION('',(0.,0.,1.));
#630 = DEFINITIONAL_REPRESENTATION('',(#631),#635);
#631 = LINE('',#632,#633);
#632 = CARTESIAN_POINT('',(0.,0.));
#633 = VECTOR('',#634,1.);
#634 = DIRECTION('',(0.,-1.));
#635 = ( GEOMETRIC_REPRESENTATION_CONTEXT(2) 
PARAMETRIC_REPRESENTATION_CONTEXT() REPRESENTATION_CONTEXT('2D SPACE',''
  ) );
#636 = ORIENTED_EDGE('',*,*,#637,.T.);
#637 = EDGE_CURVE('',#610,#638,#640,.T.);
#638 = VERTEX_POINT('',#639);
#639 = CARTESIAN_POINT('',(-27.,11.25,9.3));
#640 = SURFACE_CURVE('',#641,(#646,#657),.PCURVE_S1.);
#641 = CIRCLE('',#642,0.5);
#642 = AXIS2_PLACEMENT_3D('',#643,#644,#645);
#643 = CARTESIAN_POINT('',(-27.,10.75,9.3));
#644 = DIRECTION('',(-0.,-0.,-1.));
#645 = DIRECTION('',(0.,-1.,0.));
#646 = PCURVE('',#72,#647);
#647 = DEFINITIONAL_REPRESENTATION('',(#648),#656);
#648 = ( BOUNDED_CURVE() B_SPLINE_CURVE(2,(#649,#650,#651,#652,#653,#654
,#655),.UNSPECIFIED.,.T.,.F.) B_SPLINE_CURVE_WITH_KNOTS((1,2,2,2,2,1),(
    -2.094395102393,0.,2.094395102393,4.188790204786,6.28318530718,
8.377580409573),.UNSPECIFIED.) CURVE() GEOMETRIC_REPRESENTATION_ITEM() 
RATIONAL_B_SPLINE_CURVE((1.,0.5,1.,0.5,1.,0.5,1.)) REPRESENTATION_ITEM(
  '') );
#649 = CARTESIAN_POINT('',(2.5,23.5));
#650 = CARTESIAN_POINT('',(1.633974596216,23.5));
#651 = CARTESIAN_POINT('',(2.066987298108,24.25));
#652 = CARTESIAN_POINT('',(2.5,25.));
#653 = CARTESIAN_POINT('',(2.933012701892,24.25));
#654 = CARTESIAN_POINT('',(3.366025403784,23.5));
#655 = CARTESIAN_POINT('',(2.5,23.5));
#656 = ( GEOMETRIC_REPRESENTATION_CONTEXT(2) 
PARAMETRIC_REPRESENTATION_CONTEXT() REPRESENTATION_CONTEXT('2D SPACE',''
  ) );
#657 = PCURVE('',#658,#663);
#658 = CYLINDRICAL_SURFACE('',#659,0.5);
#659 = AXIS2_PLACEMENT_3D('',#660,#661,#662);
#660 = CARTESIAN_POINT('',(-27.,10.75,9.3));
#661 = DIRECTION('',(0.,0.,1.));
#662 = DIRECTION('',(-1.,-0.,0.));
#663 = DEFINITIONAL_REPRESENTATION('',(#664),#668);
#664 = LINE('',#665,#666);
#665 = CARTESIAN_POINT('',(1.570796326795,-0.));
#666 = VECTOR('',#667,1.);
#667 = DIRECTION('',(-1.,0.));
#668 = ( GEOMETRIC_REPRESENTATION_CONTEXT(2) 
PARAMETRIC_REPRESENTATION_CONTEXT() REPRESENTATION_CONTEXT('2D SPACE',''
  ) );
#669 = ORIENTED_EDGE('',*,*,#670,.T.);
#670 = EDGE_CURVE('',#638,#671,#673,.T.);
#671 = VERTEX_POINT('',#672);
#672 = CARTESIAN_POINT('',(27.,11.25,9.3));
#673 = SURFACE_CURVE('',#674,(#678,#685),.PCURVE_S1.);
#674 = LINE('',#675,#676);
#675 = CARTESIAN_POINT('',(-27.5,11.25,9.3));
#676 = VECTOR('',#677,1.);
#677 = DIRECTION('',(1.,0.,0.));
#678 = PCURVE('',#72,#679);
#679 = DEFINITIONAL_REPRESENTATION('',(#680),#684);
#680 = LINE('',#681,#682);
#681 = CARTESIAN_POINT('',(2.,24.5));
#682 = VECTOR('',#683,1.);
#683 = DIRECTION('',(1.,0.));
#684 = ( GEOMETRIC_REPRESENTATION_CONTEXT(2) 
PARAMETRIC_REPRESENTATION_CONTEXT() REPRESENTATION_CONTEXT('2D SPACE',''
  ) );
#685 = PCURVE('',#686,#691);
#686 = PLANE('',#687);
#687 = AXIS2_PLACEMENT_3D('',#688,#689,#690);
#688 = CARTESIAN_POINT('',(-27.5,11.25,9.3));
#689 = DIRECTION('',(0.,1.,0.));
#690 = DIRECTION('',(0.,0.,1.));
#691 = DEFINITIONAL_REPRESENTATION('',(#692),#696);
#692 = LINE('',#693,#694);
#693 = CARTESIAN_POINT('',(0.,0.));
#694 = VECTOR('',#695,1.);
#695 = DIRECTION('',(0.,1.));
#696 = ( GEOMETRIC_REPRESENTATION_CONTEXT(2) 
PARAMETRIC_REPRESENTATION_CONTEXT() REPRESENTATION_CONTEXT('2D SPACE',''
  ) );
#697 = ORIENTED_EDGE('',*,*,#698,.F.);
#698 = EDGE_CURVE('',#699,#671,#701,.T.);
#699 = VERTEX_POINT('',#700);
#700 = CARTESIAN_POINT('',(27.5,10.75,9.3));
#701 = SURFACE_CURVE('',#702,(#707,#714),.PCURVE_S1.);
#702 = CIRCLE('',#703,0.5);
#703 = AXIS2_PLACEMENT_3D('',#704,#705,#706);
#704 = CARTESIAN_POINT('',(27.,10.75,9.3));
#705 = DIRECTION('',(0.,0.,1.));
#706 = DIRECTION('',(0.,-1.,0.));
#707 = PCURVE('',#72,#708);
#708 = DEFINITIONAL_REPRESENTATION('',(#709),#713);
#709 = CIRCLE('',#710,0.5);
#710 = AXIS2_PLACEMENT_2D('',#711,#712);
#711 = CARTESIAN_POINT('',(56.5,24.));
#712 = DIRECTION('',(0.,-1.));
#713 = ( GEOMETRIC_REPRESENTATION_CONTEXT(2) 
PARAMETRIC_REPRESENTATION_CONTEXT() REPRESENTATION_CONTEXT('2D SPACE',''
  ) );
#714 = PCURVE('',#715,#720);
#715 = CYLINDRICAL_SURFACE('',#716,0.5);
#716 = AXIS2_PLACEMENT_3D('',#717,#718,#719);
#717 = CARTESIAN_POINT('',(27.,10.75,9.3));
#718 = DIRECTION('',(0.,0.,1.));
#719 = DIRECTION('',(1.,0.,-0.));
#720 = DEFINITIONAL_REPRESENTATION('',(#721),#725);
#721 = LINE('',#722,#723);
#722 = CARTESIAN_POINT('',(-1.570796326795,0.));
#723 = VECTOR('',#724,1.);
#724 = DIRECTION('',(1.,0.));
#725 = ( GEOMETRIC_REPRESENTATION_CONTEXT(2) 
PARAMETRIC_REPRESENTATION_CONTEXT() REPRESENTATION_CONTEXT('2D SPACE',''
  ) );
#726 = ORIENTED_EDGE('',*,*,#727,.F.);
#727 = EDGE_CURVE('',#728,#699,#730,.T.);
#728 = VERTEX_POINT('',#729);
#729 = CARTESIAN_POINT('',(27.5,-10.75,9.3));
#730 = SURFACE_CURVE('',#731,(#735,#742),.PCURVE_S1.);
#731 = LINE('',#732,#733);
#732 = CARTESIAN_POINT('',(27.5,-11.25,9.3));
#733 = VECTOR('',#734,1.);
#734 = DIRECTION('',(0.,1.,0.));
#735 = PCURVE('',#72,#736);
#736 = DEFINITIONAL_REPRESENTATION('',(#737),#741);
#737 = LINE('',#738,#739);
#738 = CARTESIAN_POINT('',(57.,2.));
#739 = VECTOR('',#740,1.);
#740 = DIRECTION('',(0.,1.));
#741 = ( GEOMETRIC_REPRESENTATION_CONTEXT(2) 
PARAMETRIC_REPRESENTATION_CONTEXT() REPRESENTATION_CONTEXT('2D SPACE',''
  ) );
#742 = PCURVE('',#743,#748);
#743 = PLANE('',#744);
#744 = AXIS2_PLACEMENT_3D('',#745,#746,#747);
#745 = CARTESIAN_POINT('',(27.5,-11.25,9.3));
#746 = DIRECTION('',(1.,0.,0.));
#747 = DIRECTION('',(0.,0.,1.));
#748 = DEFINITIONAL_REPRESENTATION('',(#749),#753);
#749 = LINE('',#750,#751);
#750 = CARTESIAN_POINT('',(0.,0.));
#751 = VECTOR('',#752,1.);
#752 = DIRECTION('',(0.,-1.));
#753 = ( GEOMETRIC_REPRESENTATION_CONTEXT(2) 
PARAMETRIC_REPRESENTATION_CONTEXT() REPRESENTATION_CONTEXT('2D SPACE',''
  ) );
#754 = ORIENTED_EDGE('',*,*,#755,.T.);
#755 = EDGE_CURVE('',#728,#756,#758,.T.);
#756 = VERTEX_POINT('',#757);
#757 = CARTESIAN_POINT('',(27.,-11.25,9.3));
#758 = SURFACE_CURVE('',#759,(#764,#775),.PCURVE_S1.);
#759 = CIRCLE('',#760,0.5);
#760 = AXIS2_PLACEMENT_3D('',#761,#762,#763);
#761 = CARTESIAN_POINT('',(27.,-10.75,9.3));
#762 = DIRECTION('',(-0.,-0.,-1.));
#763 = DIRECTION('',(0.,-1.,0.));
#764 = PCURVE('',#72,#765);
#765 = DEFINITIONAL_REPRESENTATION('',(#766),#774);
#766 = ( BOUNDED_CURVE() B_SPLINE_CURVE(2,(#767,#768,#769,#770,#771,#772
,#773),.UNSPECIFIED.,.T.,.F.) B_SPLINE_CURVE_WITH_KNOTS((1,2,2,2,2,1),(
    -2.094395102393,0.,2.094395102393,4.188790204786,6.28318530718,
8.377580409573),.UNSPECIFIED.) CURVE() GEOMETRIC_REPRESENTATION_ITEM() 
RATIONAL_B_SPLINE_CURVE((1.,0.5,1.,0.5,1.,0.5,1.)) REPRESENTATION_ITEM(
  '') );
#767 = CARTESIAN_POINT('',(56.5,2.));
#768 = CARTESIAN_POINT('',(55.633974596216,2.));
#769 = CARTESIAN_POINT('',(56.066987298108,2.75));
#770 = CARTESIAN_POINT('',(56.5,3.5));
#771 = CARTESIAN_POINT('',(56.933012701892,2.75));
#772 = CARTESIAN_POINT('',(57.366025403784,2.));
#773 = CARTESIAN_POINT('',(56.5,2.));
#774 = ( GEOMETRIC_REPRESENTATION_CONTEXT(2) 
PARAMETRIC_REPRESENTATION_CONTEXT() REPRESENTATION_CONTEXT('2D SPACE',''
  ) );
#775 = PCURVE('',#776,#781);
#776 = CYLINDRICAL_SURFACE('',#777,0.5);
#777 = AXIS2_PLACEMENT_3D('',#778,#779,#780);
#778 = CARTESIAN_POINT('',(27.,-10.75,9.3));
#779 = DIRECTION('',(0.,0.,1.));
#780 = DIRECTION('',(1.,0.,-0.));
#781 = DEFINITIONAL_REPRESENTATION('',(#782),#786);
#782 = LINE('',#783,#784);
#783 = CARTESIAN_POINT('',(4.712388980385,-0.));
#784 = VECTOR('',#785,1.);
#785 = DIRECTION('',(-1.,0.));
#786 = ( GEOMETRIC_REPRESENTATION_CONTEXT(2) 
PARAMETRIC_REPRESENTATION_CONTEXT() REPRESENTATION_CONTEXT('2D SPACE',''
  ) );
#787 = ORIENTED_EDGE('',*,*,#788,.F.);
#788 = EDGE_CURVE('',#581,#756,#789,.T.);
#789 = SURFACE_CURVE('',#790,(#794,#801),.PCURVE_S1.);
#790 = LINE('',#791,#792);
#791 = CARTESIAN_POINT('',(-27.5,-11.25,9.3));
#792 = VECTOR('',#793,1.);
#793 = DIRECTION('',(1.,0.,0.));
#794 = PCURVE('',#72,#795);
#795 = DEFINITIONAL_REPRESENTATION('',(#796),#800);
#796 = LINE('',#797,#798);
#797 = CARTESIAN_POINT('',(2.,2.));
#798 = VECTOR('',#799,1.);
#799 = DIRECTION('',(1.,0.));
#800 = ( GEOMETRIC_REPRESENTATION_CONTEXT(2) 
PARAMETRIC_REPRESENTATION_CONTEXT() REPRESENTATION_CONTEXT('2D SPACE',''
  ) );
#801 = PCURVE('',#802,#807);
#802 = PLANE('',#803);
#803 = AXIS2_PLACEMENT_3D('',#804,#805,#806);
#804 = CARTESIAN_POINT('',(-27.5,-11.25,9.3));
#805 = DIRECTION('',(0.,1.,0.));
#806 = DIRECTION('',(0.,0.,1.));
#807 = DEFINITIONAL_REPRESENTATION('',(#808),#812);
#808 = LINE('',#809,#810);
#809 = CARTESIAN_POINT('',(0.,0.));
#810 = VECTOR('',#811,1.);
#811 = DIRECTION('',(0.,1.));
#812 = ( GEOMETRIC_REPRESENTATION_CONTEXT(2) 
PARAMETRIC_REPRESENTATION_CONTEXT() REPRESENTATION_CONTEXT('2D SPACE',''
  ) );
#813 = ADVANCED_FACE('',(#814),#100,.T.);
#814 = FACE_BOUND('',#815,.F.);
#815 = EDGE_LOOP('',(#816,#817,#818,#841));
#816 = ORIENTED_EDGE('',*,*,#84,.F.);
#817 = ORIENTED_EDGE('',*,*,#550,.T.);
#818 = ORIENTED_EDGE('',*,*,#819,.T.);
#819 = EDGE_CURVE('',#523,#820,#822,.T.);
#820 = VERTEX_POINT('',#821);
#821 = CARTESIAN_POINT('',(-27.,13.25,17.8));
#822 = SURFACE_CURVE('',#823,(#827,#834),.PCURVE_S1.);
#823 = LINE('',#824,#825);
#824 = CARTESIAN_POINT('',(-27.,13.25,9.3));
#825 = VECTOR('',#826,1.);
#826 = DIRECTION('',(0.,0.,1.));
#827 = PCURVE('',#100,#828);
#828 = DEFINITIONAL_REPRESENTATION('',(#829),#833);
#829 = LINE('',#830,#831);
#830 = CARTESIAN_POINT('',(-1.570796326795,0.));
#831 = VECTOR('',#832,1.);
#832 = DIRECTION('',(-0.,1.));
#833 = ( GEOMETRIC_REPRESENTATION_CONTEXT(2) 
PARAMETRIC_REPRESENTATION_CONTEXT() REPRESENTATION_CONTEXT('2D SPACE',''
  ) );
#834 = PCURVE('',#538,#835);
#835 = DEFINITIONAL_REPRESENTATION('',(#836),#840);
#836 = LINE('',#837,#838);
#837 = CARTESIAN_POINT('',(0.,2.5));
#838 = VECTOR('',#839,1.);
#839 = DIRECTION('',(1.,0.));
#840 = ( GEOMETRIC_REPRESENTATION_CONTEXT(2) 
PARAMETRIC_REPRESENTATION_CONTEXT() REPRESENTATION_CONTEXT('2D SPACE',''
  ) );
#841 = ORIENTED_EDGE('',*,*,#842,.F.);
#842 = EDGE_CURVE('',#85,#820,#843,.T.);
#843 = SURFACE_CURVE('',#844,(#849,#856),.PCURVE_S1.);
#844 = CIRCLE('',#845,2.5);
#845 = AXIS2_PLACEMENT_3D('',#846,#847,#848);
#846 = CARTESIAN_POINT('',(-27.,10.75,17.8));
#847 = DIRECTION('',(-0.,0.,-1.));
#848 = DIRECTION('',(-1.,0.,0.));
#849 = PCURVE('',#100,#850);
#850 = DEFINITIONAL_REPRESENTATION('',(#851),#855);
#851 = LINE('',#852,#853);
#852 = CARTESIAN_POINT('',(-0.,8.5));
#853 = VECTOR('',#854,1.);
#854 = DIRECTION('',(-1.,0.));
#855 = ( GEOMETRIC_REPRESENTATION_CONTEXT(2) 
PARAMETRIC_REPRESENTATION_CONTEXT() REPRESENTATION_CONTEXT('2D SPACE',''
  ) );
#856 = PCURVE('',#367,#857);
#857 = DEFINITIONAL_REPRESENTATION('',(#858),#862);
#858 = LINE('',#859,#860);
#859 = CARTESIAN_POINT('',(0.,-0.));
#860 = VECTOR('',#861,1.);
#861 = DIRECTION('',(1.,-0.));
#862 = ( GEOMETRIC_REPRESENTATION_CONTEXT(2) 
PARAMETRIC_REPRESENTATION_CONTEXT() REPRESENTATION_CONTEXT('2D SPACE',''
  ) );
#863 = ADVANCED_FACE('',(#864),#157,.T.);
#864 = FACE_BOUND('',#865,.T.);
#865 = EDGE_LOOP('',(#866,#889,#890,#913));
#866 = ORIENTED_EDGE('',*,*,#867,.F.);
#867 = EDGE_CURVE('',#141,#868,#870,.T.);
#868 = VERTEX_POINT('',#869);
#869 = CARTESIAN_POINT('',(-27.5,6.,9.5));
#870 = SURFACE_CURVE('',#871,(#875,#882),.PCURVE_S1.);
#871 = LINE('',#872,#873);
#872 = CARTESIAN_POINT('',(-32.5,6.,9.5));
#873 = VECTOR('',#874,1.);
#874 = DIRECTION('',(1.,0.,0.));
#875 = PCURVE('',#157,#876);
#876 = DEFINITIONAL_REPRESENTATION('',(#877),#881);
#877 = LINE('',#878,#879);
#878 = CARTESIAN_POINT('',(0.,12.));
#879 = VECTOR('',#880,1.);
#880 = DIRECTION('',(1.,0.));
#881 = ( GEOMETRIC_REPRESENTATION_CONTEXT(2) 
PARAMETRIC_REPRESENTATION_CONTEXT() REPRESENTATION_CONTEXT('2D SPACE',''
  ) );
#882 = PCURVE('',#233,#883);
#883 = DEFINITIONAL_REPRESENTATION('',(#884),#888);
#884 = LINE('',#885,#886);
#885 = CARTESIAN_POINT('',(0.,0.));
#886 = VECTOR('',#887,1.);
#887 = DIRECTION('',(0.,1.));
#888 = ( GEOMETRIC_REPRESENTATION_CONTEXT(2) 
PARAMETRIC_REPRESENTATION_CONTEXT() REPRESENTATION_CONTEXT('2D SPACE',''
  ) );
#889 = ORIENTED_EDGE('',*,*,#140,.T.);
#890 = ORIENTED_EDGE('',*,*,#891,.T.);
#891 = EDGE_CURVE('',#143,#892,#894,.T.);
#892 = VERTEX_POINT('',#893);
#893 = CARTESIAN_POINT('',(-27.5,-6.,9.5));
#894 = SURFACE_CURVE('',#895,(#899,#906),.PCURVE_S1.);
#895 = LINE('',#896,#897);
#896 = CARTESIAN_POINT('',(-32.5,-6.,9.5));
#897 = VECTOR('',#898,1.);
#898 = DIRECTION('',(1.,0.,0.));
#899 = PCURVE('',#157,#900);
#900 = DEFINITIONAL_REPRESENTATION('',(#901),#905);
#901 = LINE('',#902,#903);
#902 = CARTESIAN_POINT('',(0.,0.));
#903 = VECTOR('',#904,1.);
#904 = DIRECTION('',(1.,0.));
#905 = ( GEOMETRIC_REPRESENTATION_CONTEXT(2) 
PARAMETRIC_REPRESENTATION_CONTEXT() REPRESENTATION_CONTEXT('2D SPACE',''
  ) );
#906 = PCURVE('',#183,#907);
#907 = DEFINITIONAL_REPRESENTATION('',(#908),#912);
#908 = LINE('',#909,#910);
#909 = CARTESIAN_POINT('',(0.,0.));
#910 = VECTOR('',#911,1.);
#911 = DIRECTION('',(0.,1.));
#912 = ( GEOMETRIC_REPRESENTATION_CONTEXT(2) 
PARAMETRIC_REPRESENTATION_CONTEXT() REPRESENTATION_CONTEXT('2D SPACE',''
  ) );
#913 = ORIENTED_EDGE('',*,*,#914,.F.);
#914 = EDGE_CURVE('',#868,#892,#915,.T.);
#915 = SURFACE_CURVE('',#916,(#920,#926),.PCURVE_S1.);
#916 = LINE('',#917,#918);
#917 = CARTESIAN_POINT('',(-27.5,-8.625,9.5));
#918 = VECTOR('',#919,1.);
#919 = DIRECTION('',(0.,-1.,0.));
#920 = PCURVE('',#157,#921);
#921 = DEFINITIONAL_REPRESENTATION('',(#922),#925);
#922 = B_SPLINE_CURVE_WITH_KNOTS('',1,(#923,#924),.UNSPECIFIED.,.F.,.F.,
  (2,2),(-14.625,-2.625),.PIECEWISE_BEZIER_KNOTS.);
#923 = CARTESIAN_POINT('',(5.,12.));
#924 = CARTESIAN_POINT('',(5.,0.));
#925 = ( GEOMETRIC_REPRESENTATION_CONTEXT(2) 
PARAMETRIC_REPRESENTATION_CONTEXT() REPRESENTATION_CONTEXT('2D SPACE',''
  ) );
#926 = PCURVE('',#625,#927);
#927 = DEFINITIONAL_REPRESENTATION('',(#928),#931);
#928 = B_SPLINE_CURVE_WITH_KNOTS('',1,(#929,#930),.UNSPECIFIED.,.F.,.F.,
  (2,2),(-14.625,-2.625),.PIECEWISE_BEZIER_KNOTS.);
#929 = CARTESIAN_POINT('',(0.2,-17.25));
#930 = CARTESIAN_POINT('',(0.2,-5.25));
#931 = ( GEOMETRIC_REPRESENTATION_CONTEXT(2) 
PARAMETRIC_REPRESENTATION_CONTEXT() REPRESENTATION_CONTEXT('2D SPACE',''
  ) );
#932 = ADVANCED_FACE('',(#933),#233,.F.);
#933 = FACE_BOUND('',#934,.F.);
#934 = EDGE_LOOP('',(#935,#936,#937,#960));
#935 = ORIENTED_EDGE('',*,*,#867,.F.);
#936 = ORIENTED_EDGE('',*,*,#220,.T.);
#937 = ORIENTED_EDGE('',*,*,#938,.T.);
#938 = EDGE_CURVE('',#195,#939,#941,.T.);
#939 = VERTEX_POINT('',#940);
#940 = CARTESIAN_POINT('',(-27.5,6.,14.5));
#941 = SURFACE_CURVE('',#942,(#946,#953),.PCURVE_S1.);
#942 = LINE('',#943,#944);
#943 = CARTESIAN_POINT('',(-32.5,6.,14.5));
#944 = VECTOR('',#945,1.);
#945 = DIRECTION('',(1.,0.,0.));
#946 = PCURVE('',#233,#947);
#947 = DEFINITIONAL_REPRESENTATION('',(#948),#952);
#948 = LINE('',#949,#950);
#949 = CARTESIAN_POINT('',(5.,0.));
#950 = VECTOR('',#951,1.);
#951 = DIRECTION('',(0.,1.));
#952 = ( GEOMETRIC_REPRESENTATION_CONTEXT(2) 
PARAMETRIC_REPRESENTATION_CONTEXT() REPRESENTATION_CONTEXT('2D SPACE',''
  ) );
#953 = PCURVE('',#209,#954);
#954 = DEFINITIONAL_REPRESENTATION('',(#955),#959);
#955 = LINE('',#956,#957);
#956 = CARTESIAN_POINT('',(0.,12.));
#957 = VECTOR('',#958,1.);
#958 = DIRECTION('',(1.,0.));
#959 = ( GEOMETRIC_REPRESENTATION_CONTEXT(2) 
PARAMETRIC_REPRESENTATION_CONTEXT() REPRESENTATION_CONTEXT('2D SPACE',''
  ) );
#960 = ORIENTED_EDGE('',*,*,#961,.F.);
#961 = EDGE_CURVE('',#868,#939,#962,.T.);
#962 = SURFACE_CURVE('',#963,(#967,#973),.PCURVE_S1.);
#963 = LINE('',#964,#965);
#964 = CARTESIAN_POINT('',(-27.5,6.,9.4));
#965 = VECTOR('',#966,1.);
#966 = DIRECTION('',(0.,0.,1.));
#967 = PCURVE('',#233,#968);
#968 = DEFINITIONAL_REPRESENTATION('',(#969),#972);
#969 = B_SPLINE_CURVE_WITH_KNOTS('',1,(#970,#971),.UNSPECIFIED.,.F.,.F.,
  (2,2),(1.E-01,5.1),.PIECEWISE_BEZIER_KNOTS.);
#970 = CARTESIAN_POINT('',(0.,5.));
#971 = CARTESIAN_POINT('',(5.,5.));
#972 = ( GEOMETRIC_REPRESENTATION_CONTEXT(2) 
PARAMETRIC_REPRESENTATION_CONTEXT() REPRESENTATION_CONTEXT('2D SPACE',''
  ) );
#973 = PCURVE('',#625,#974);
#974 = DEFINITIONAL_REPRESENTATION('',(#975),#978);
#975 = B_SPLINE_CURVE_WITH_KNOTS('',1,(#976,#977),.UNSPECIFIED.,.F.,.F.,
  (2,2),(1.E-01,5.1),.PIECEWISE_BEZIER_KNOTS.);
#976 = CARTESIAN_POINT('',(0.2,-17.25));
#977 = CARTESIAN_POINT('',(5.2,-17.25));
#978 = ( GEOMETRIC_REPRESENTATION_CONTEXT(2) 
PARAMETRIC_REPRESENTATION_CONTEXT() REPRESENTATION_CONTEXT('2D SPACE',''
  ) );
#979 = ADVANCED_FACE('',(#980),#209,.F.);
#980 = FACE_BOUND('',#981,.F.);
#981 = EDGE_LOOP('',(#982,#983,#984,#1007));
#982 = ORIENTED_EDGE('',*,*,#938,.F.);
#983 = ORIENTED_EDGE('',*,*,#194,.T.);
#984 = ORIENTED_EDGE('',*,*,#985,.T.);
#985 = EDGE_CURVE('',#169,#986,#988,.T.);
#986 = VERTEX_POINT('',#987);
#987 = CARTESIAN_POINT('',(-27.5,-6.,14.5));
#988 = SURFACE_CURVE('',#989,(#993,#1000),.PCURVE_S1.);
#989 = LINE('',#990,#991);
#990 = CARTESIAN_POINT('',(-32.5,-6.,14.5));
#991 = VECTOR('',#992,1.);
#992 = DIRECTION('',(1.,0.,0.));
#993 = PCURVE('',#209,#994);
#994 = DEFINITIONAL_REPRESENTATION('',(#995),#999);
#995 = LINE('',#996,#997);
#996 = CARTESIAN_POINT('',(0.,0.));
#997 = VECTOR('',#998,1.);
#998 = DIRECTION('',(1.,0.));
#999 = ( GEOMETRIC_REPRESENTATION_CONTEXT(2) 
PARAMETRIC_REPRESENTATION_CONTEXT() REPRESENTATION_CONTEXT('2D SPACE',''
  ) );
#1000 = PCURVE('',#183,#1001);
#1001 = DEFINITIONAL_REPRESENTATION('',(#1002),#1006);
#1002 = LINE('',#1003,#1004);
#1003 = CARTESIAN_POINT('',(5.,0.));
#1004 = VECTOR('',#1005,1.);
#1005 = DIRECTION('',(0.,1.));
#1006 = ( GEOMETRIC_REPRESENTATION_CONTEXT(2) 
PARAMETRIC_REPRESENTATION_CONTEXT() REPRESENTATION_CONTEXT('2D SPACE',''
  ) );
#1007 = ORIENTED_EDGE('',*,*,#1008,.F.);
#1008 = EDGE_CURVE('',#939,#986,#1009,.T.);
#1009 = SURFACE_CURVE('',#1010,(#1014,#1020),.PCURVE_S1.);
#1010 = LINE('',#1011,#1012);
#1011 = CARTESIAN_POINT('',(-27.5,-8.625,14.5));
#1012 = VECTOR('',#1013,1.);
#1013 = DIRECTION('',(0.,-1.,0.));
#1014 = PCURVE('',#209,#1015);
#1015 = DEFINITIONAL_REPRESENTATION('',(#1016),#1019);
#1016 = B_SPLINE_CURVE_WITH_KNOTS('',1,(#1017,#1018),.UNSPECIFIED.,.F.,
  .F.,(2,2),(-14.625,-2.625),.PIECEWISE_BEZIER_KNOTS.);
#1017 = CARTESIAN_POINT('',(5.,12.));
#1018 = CARTESIAN_POINT('',(5.,0.));
#1019 = ( GEOMETRIC_REPRESENTATION_CONTEXT(2) 
PARAMETRIC_REPRESENTATION_CONTEXT() REPRESENTATION_CONTEXT('2D SPACE',''
  ) );
#1020 = PCURVE('',#625,#1021);
#1021 = DEFINITIONAL_REPRESENTATION('',(#1022),#1025);
#1022 = B_SPLINE_CURVE_WITH_KNOTS('',1,(#1023,#1024),.UNSPECIFIED.,.F.,
  .F.,(2,2),(-14.625,-2.625),.PIECEWISE_BEZIER_KNOTS.);
#1023 = CARTESIAN_POINT('',(5.2,-17.25));
#1024 = CARTESIAN_POINT('',(5.2,-5.25));
#1025 = ( GEOMETRIC_REPRESENTATION_CONTEXT(2) 
PARAMETRIC_REPRESENTATION_CONTEXT() REPRESENTATION_CONTEXT('2D SPACE',''
  ) );
#1026 = ADVANCED_FACE('',(#1027),#183,.T.);
#1027 = FACE_BOUND('',#1028,.T.);
#1028 = EDGE_LOOP('',(#1029,#1030,#1031,#1032));
#1029 = ORIENTED_EDGE('',*,*,#891,.F.);
#1030 = ORIENTED_EDGE('',*,*,#168,.T.);
#1031 = ORIENTED_EDGE('',*,*,#985,.T.);
#1032 = ORIENTED_EDGE('',*,*,#1033,.F.);
#1033 = EDGE_CURVE('',#892,#986,#1034,.T.);
#1034 = SURFACE_CURVE('',#1035,(#1039,#1045),.PCURVE_S1.);
#1035 = LINE('',#1036,#1037);
#1036 = CARTESIAN_POINT('',(-27.5,-6.,9.4));
#1037 = VECTOR('',#1038,1.);
#1038 = DIRECTION('',(0.,0.,1.));
#1039 = PCURVE('',#183,#1040);
#1040 = DEFINITIONAL_REPRESENTATION('',(#1041),#1044);
#1041 = B_SPLINE_CURVE_WITH_KNOTS('',1,(#1042,#1043),.UNSPECIFIED.,.F.,
  .F.,(2,2),(1.E-01,5.1),.PIECEWISE_BEZIER_KNOTS.);
#1042 = CARTESIAN_POINT('',(0.,5.));
#1043 = CARTESIAN_POINT('',(5.,5.));
#1044 = ( GEOMETRIC_REPRESENTATION_CONTEXT(2) 
PARAMETRIC_REPRESENTATION_CONTEXT() REPRESENTATION_CONTEXT('2D SPACE',''
  ) );
#1045 = PCURVE('',#625,#1046);
#1046 = DEFINITIONAL_REPRESENTATION('',(#1047),#1050);
#1047 = B_SPLINE_CURVE_WITH_KNOTS('',1,(#1048,#1049),.UNSPECIFIED.,.F.,
  .F.,(2,2),(1.E-01,5.1),.PIECEWISE_BEZIER_KNOTS.);
#1048 = CARTESIAN_POINT('',(0.2,-5.25));
#1049 = CARTESIAN_POINT('',(5.2,-5.25));
#1050 = ( GEOMETRIC_REPRESENTATION_CONTEXT(2) 
PARAMETRIC_REPRESENTATION_CONTEXT() REPRESENTATION_CONTEXT('2D SPACE',''
  ) );
#1051 = ADVANCED_FACE('',(#1052),#315,.T.);
#1052 = FACE_BOUND('',#1053,.F.);
#1053 = EDGE_LOOP('',(#1054,#1080,#1081,#1082));
#1054 = ORIENTED_EDGE('',*,*,#1055,.F.);
#1055 = EDGE_CURVE('',#273,#1056,#1058,.T.);
#1056 = VERTEX_POINT('',#1057);
#1057 = CARTESIAN_POINT('',(-27.,-12.45,18.6));
#1058 = SURFACE_CURVE('',#1059,(#1063,#1069),.PCURVE_S1.);
#1059 = LINE('',#1060,#1061);
#1060 = CARTESIAN_POINT('',(-27.,-12.85,18.2));
#1061 = VECTOR('',#1062,1.);
#1062 = DIRECTION('',(0.,0.707106781187,0.707106781187));
#1063 = PCURVE('',#315,#1064);
#1064 = DEFINITIONAL_REPRESENTATION('',(#1065),#1068);
#1065 = B_SPLINE_CURVE_WITH_KNOTS('',1,(#1066,#1067),.UNSPECIFIED.,.F.,
  .F.,(2,2),(-0.565685424949,0.565685424949),.PIECEWISE_BEZIER_KNOTS.);
#1066 = CARTESIAN_POINT('',(0.,0.));
#1067 = CARTESIAN_POINT('',(0.,-0.8));
#1068 = ( GEOMETRIC_REPRESENTATION_CONTEXT(2) 
PARAMETRIC_REPRESENTATION_CONTEXT() REPRESENTATION_CONTEXT('2D SPACE',''
  ) );
#1069 = PCURVE('',#1070,#1075);
#1070 = PLANE('',#1071);
#1071 = AXIS2_PLACEMENT_3D('',#1072,#1073,#1074);
#1072 = CARTESIAN_POINT('',(27.,-12.85,18.2));
#1073 = DIRECTION('',(0.,0.707106781187,-0.707106781187));
#1074 = DIRECTION('',(-1.,0.,-0.));
#1075 = DEFINITIONAL_REPRESENTATION('',(#1076),#1079);
#1076 = B_SPLINE_CURVE_WITH_KNOTS('',1,(#1077,#1078),.UNSPECIFIED.,.F.,
  .F.,(2,2),(-0.565685424949,0.565685424949),.PIECEWISE_BEZIER_KNOTS.);
#1077 = CARTESIAN_POINT('',(54.,-0.565685424949));
#1078 = CARTESIAN_POINT('',(54.,0.565685424949));
#1079 = ( GEOMETRIC_REPRESENTATION_CONTEXT(2) 
PARAMETRIC_REPRESENTATION_CONTEXT() REPRESENTATION_CONTEXT('2D SPACE',''
  ) );
#1080 = ORIENTED_EDGE('',*,*,#300,.T.);
#1081 = ORIENTED_EDGE('',*,*,#330,.T.);
#1082 = ORIENTED_EDGE('',*,*,#1083,.F.);
#1083 = EDGE_CURVE('',#1056,#331,#1084,.T.);
#1084 = SURFACE_CURVE('',#1085,(#1090,#1097),.PCURVE_S1.);
#1085 = CIRCLE('',#1086,1.7);
#1086 = AXIS2_PLACEMENT_3D('',#1087,#1088,#1089);
#1087 = CARTESIAN_POINT('',(-27.,-10.75,18.6));
#1088 = DIRECTION('',(-0.,-0.,-1.));
#1089 = DIRECTION('',(0.,-1.,0.));
#1090 = PCURVE('',#315,#1091);
#1091 = DEFINITIONAL_REPRESENTATION('',(#1092),#1096);
#1092 = LINE('',#1093,#1094);
#1093 = CARTESIAN_POINT('',(0.,-0.8));
#1094 = VECTOR('',#1095,1.);
#1095 = DIRECTION('',(1.,-0.));
#1096 = ( GEOMETRIC_REPRESENTATION_CONTEXT(2) 
PARAMETRIC_REPRESENTATION_CONTEXT() REPRESENTATION_CONTEXT('2D SPACE',''
  ) );
#1097 = PCURVE('',#392,#1098);
#1098 = DEFINITIONAL_REPRESENTATION('',(#1099),#1107);
#1099 = ( BOUNDED_CURVE() B_SPLINE_CURVE(2,(#1100,#1101,#1102,#1103,
#1104,#1105,#1106),.UNSPECIFIED.,.T.,.F.) B_SPLINE_CURVE_WITH_KNOTS((1,2
    ,2,2,2,1),(-2.094395102393,0.,2.094395102393,4.188790204786,
6.28318530718,8.377580409573),.UNSPECIFIED.) CURVE() 
GEOMETRIC_REPRESENTATION_ITEM() RATIONAL_B_SPLINE_CURVE((1.,0.5,1.,0.5,
1.,0.5,1.)) REPRESENTATION_ITEM('') );
#1100 = CARTESIAN_POINT('',(2.5,0.8));
#1101 = CARTESIAN_POINT('',(-0.444486372867,0.8));
#1102 = CARTESIAN_POINT('',(1.027756813566,3.35));
#1103 = CARTESIAN_POINT('',(2.5,5.9));
#1104 = CARTESIAN_POINT('',(3.972243186434,3.35));
#1105 = CARTESIAN_POINT('',(5.444486372867,0.8));
#1106 = CARTESIAN_POINT('',(2.5,0.8));
#1107 = ( GEOMETRIC_REPRESENTATION_CONTEXT(2) 
PARAMETRIC_REPRESENTATION_CONTEXT() REPRESENTATION_CONTEXT('2D SPACE',''
  ) );
#1108 = ADVANCED_FACE('',(#1109,#1157),#288,.F.);
#1109 = FACE_BOUND('',#1110,.F.);
#1110 = EDGE_LOOP('',(#1111,#1112,#1135,#1156));
#1111 = ORIENTED_EDGE('',*,*,#272,.T.);
#1112 = ORIENTED_EDGE('',*,*,#1113,.F.);
#1113 = EDGE_CURVE('',#1114,#273,#1116,.T.);
#1114 = VERTEX_POINT('',#1115);
#1115 = CARTESIAN_POINT('',(27.,-13.25,17.8));
#1116 = SURFACE_CURVE('',#1117,(#1121,#1128),.PCURVE_S1.);
#1117 = LINE('',#1118,#1119);
#1118 = CARTESIAN_POINT('',(27.,-13.25,17.8));
#1119 = VECTOR('',#1120,1.);
#1120 = DIRECTION('',(-1.,-0.,-0.));
#1121 = PCURVE('',#288,#1122);
#1122 = DEFINITIONAL_REPRESENTATION('',(#1123),#1127);
#1123 = LINE('',#1124,#1125);
#1124 = CARTESIAN_POINT('',(8.5,56.5));
#1125 = VECTOR('',#1126,1.);
#1126 = DIRECTION('',(-0.,-1.));
#1127 = ( GEOMETRIC_REPRESENTATION_CONTEXT(2) 
PARAMETRIC_REPRESENTATION_CONTEXT() REPRESENTATION_CONTEXT('2D SPACE',''
  ) );
#1128 = PCURVE('',#1070,#1129);
#1129 = DEFINITIONAL_REPRESENTATION('',(#1130),#1134);
#1130 = LINE('',#1131,#1132);
#1131 = CARTESIAN_POINT('',(0.,-0.565685424949));
#1132 = VECTOR('',#1133,1.);
#1133 = DIRECTION('',(1.,0.));
#1134 = ( GEOMETRIC_REPRESENTATION_CONTEXT(2) 
PARAMETRIC_REPRESENTATION_CONTEXT() REPRESENTATION_CONTEXT('2D SPACE',''
  ) );
#1135 = ORIENTED_EDGE('',*,*,#1136,.F.);
#1136 = EDGE_CURVE('',#410,#1114,#1137,.T.);
#1137 = SURFACE_CURVE('',#1138,(#1142,#1149),.PCURVE_S1.);
#1138 = LINE('',#1139,#1140);
#1139 = CARTESIAN_POINT('',(27.,-13.25,9.3));
#1140 = VECTOR('',#1141,1.);
#1141 = DIRECTION('',(0.,0.,1.));
#1142 = PCURVE('',#288,#1143);
#1143 = DEFINITIONAL_REPRESENTATION('',(#1144),#1148);
#1144 = LINE('',#1145,#1146);
#1145 = CARTESIAN_POINT('',(0.,56.5));
#1146 = VECTOR('',#1147,1.);
#1147 = DIRECTION('',(1.,0.));
#1148 = ( GEOMETRIC_REPRESENTATION_CONTEXT(2) 
PARAMETRIC_REPRESENTATION_CONTEXT() REPRESENTATION_CONTEXT('2D SPACE',''
  ) );
#1149 = PCURVE('',#453,#1150);
#1150 = DEFINITIONAL_REPRESENTATION('',(#1151),#1155);
#1151 = LINE('',#1152,#1153);
#1152 = CARTESIAN_POINT('',(-1.570796326795,0.));
#1153 = VECTOR('',#1154,1.);
#1154 = DIRECTION('',(-0.,1.));
#1155 = ( GEOMETRIC_REPRESENTATION_CONTEXT(2) 
PARAMETRIC_REPRESENTATION_CONTEXT() REPRESENTATION_CONTEXT('2D SPACE',''
  ) );
#1156 = ORIENTED_EDGE('',*,*,#409,.F.);
#1157 = FACE_BOUND('',#1158,.F.);
#1158 = EDGE_LOOP('',(#1159,#1189,#1217,#1245,#1273,#1301,#1329,#1357));
#1159 = ORIENTED_EDGE('',*,*,#1160,.F.);
#1160 = EDGE_CURVE('',#1161,#1163,#1165,.T.);
#1161 = VERTEX_POINT('',#1162);
#1162 = CARTESIAN_POINT('',(-19.67114257812,-13.25,12.21904296875));
#1163 = VERTEX_POINT('',#1164);
#1164 = CARTESIAN_POINT('',(-18.27954101562,-13.25,15.8640625));
#1165 = SURFACE_CURVE('',#1166,(#1170,#1177),.PCURVE_S1.);
#1166 = LINE('',#1167,#1168);
#1167 = CARTESIAN_POINT('',(-19.67114257812,-13.25,12.21904296875));
#1168 = VECTOR('',#1169,1.);
#1169 = DIRECTION('',(0.356671776907,0.,0.934229759512));
#1170 = PCURVE('',#288,#1171);
#1171 = DEFINITIONAL_REPRESENTATION('',(#1172),#1176);
#1172 = LINE('',#1173,#1174);
#1173 = CARTESIAN_POINT('',(2.91904296875,9.828857421875));
#1174 = VECTOR('',#1175,1.);
#1175 = DIRECTION('',(0.934229759512,0.356671776907));
#1176 = ( GEOMETRIC_REPRESENTATION_CONTEXT(2) 
PARAMETRIC_REPRESENTATION_CONTEXT() REPRESENTATION_CONTEXT('2D SPACE',''
  ) );
#1177 = PCURVE('',#1178,#1183);
#1178 = PLANE('',#1179);
#1179 = AXIS2_PLACEMENT_3D('',#1180,#1181,#1182);
#1180 = CARTESIAN_POINT('',(-19.67114257812,-13.25,12.21904296875));
#1181 = DIRECTION('',(0.934229759512,0.,-0.356671776907));
#1182 = DIRECTION('',(0.356671776907,0.,0.934229759512));
#1183 = DEFINITIONAL_REPRESENTATION('',(#1184),#1188);
#1184 = LINE('',#1185,#1186);
#1185 = CARTESIAN_POINT('',(0.,0.));
#1186 = VECTOR('',#1187,1.);
#1187 = DIRECTION('',(1.,0.));
#1188 = ( GEOMETRIC_REPRESENTATION_CONTEXT(2) 
PARAMETRIC_REPRESENTATION_CONTEXT() REPRESENTATION_CONTEXT('2D SPACE',''
  ) );
#1189 = ORIENTED_EDGE('',*,*,#1190,.F.);
#1190 = EDGE_CURVE('',#1191,#1161,#1193,.T.);
#1191 = VERTEX_POINT('',#1192);
#1192 = CARTESIAN_POINT('',(-19.15112304687,-13.25,12.21904296875));
#1193 = SURFACE_CURVE('',#1194,(#1198,#1205),.PCURVE_S1.);
#1194 = LINE('',#1195,#1196);
#1195 = CARTESIAN_POINT('',(-19.15112304687,-13.25,12.21904296875));
#1196 = VECTOR('',#1197,1.);
#1197 = DIRECTION('',(-1.,0.,0.));
#1198 = PCURVE('',#288,#1199);
#1199 = DEFINITIONAL_REPRESENTATION('',(#1200),#1204);
#1200 = LINE('',#1201,#1202);
#1201 = CARTESIAN_POINT('',(2.91904296875,10.348876953125));
#1202 = VECTOR('',#1203,1.);
#1203 = DIRECTION('',(0.,-1.));
#1204 = ( GEOMETRIC_REPRESENTATION_CONTEXT(2) 
PARAMETRIC_REPRESENTATION_CONTEXT() REPRESENTATION_CONTEXT('2D SPACE',''
  ) );
#1205 = PCURVE('',#1206,#1211);
#1206 = PLANE('',#1207);
#1207 = AXIS2_PLACEMENT_3D('',#1208,#1209,#1210);
#1208 = CARTESIAN_POINT('',(-19.15112304687,-13.25,12.21904296875));
#1209 = DIRECTION('',(0.,0.,1.));
#1210 = DIRECTION('',(-1.,0.,0.));
#1211 = DEFINITIONAL_REPRESENTATION('',(#1212),#1216);
#1212 = LINE('',#1213,#1214);
#1213 = CARTESIAN_POINT('',(0.,0.));
#1214 = VECTOR('',#1215,1.);
#1215 = DIRECTION('',(1.,0.));
#1216 = ( GEOMETRIC_REPRESENTATION_CONTEXT(2) 
PARAMETRIC_REPRESENTATION_CONTEXT() REPRESENTATION_CONTEXT('2D SPACE',''
  ) );
#1217 = ORIENTED_EDGE('',*,*,#1218,.F.);
#1218 = EDGE_CURVE('',#1219,#1191,#1221,.T.);
#1219 = VERTEX_POINT('',#1220);
#1220 = CARTESIAN_POINT('',(-18.81909179687,-13.25,13.1541015625));
#1221 = SURFACE_CURVE('',#1222,(#1226,#1233),.PCURVE_S1.);
#1222 = LINE('',#1223,#1224);
#1223 = CARTESIAN_POINT('',(-18.81909179687,-13.25,13.1541015625));
#1224 = VECTOR('',#1225,1.);
#1225 = DIRECTION('',(-0.334621317278,-0.,-0.942352680276));
#1226 = PCURVE('',#288,#1227);
#1227 = DEFINITIONAL_REPRESENTATION('',(#1228),#1232);
#1228 = LINE('',#1229,#1230);
#1229 = CARTESIAN_POINT('',(3.8541015625,10.680908203125));
#1230 = VECTOR('',#1231,1.);
#1231 = DIRECTION('',(-0.942352680276,-0.334621317278));
#1232 = ( GEOMETRIC_REPRESENTATION_CONTEXT(2) 
PARAMETRIC_REPRESENTATION_CONTEXT() REPRESENTATION_CONTEXT('2D SPACE',''
  ) );
#1233 = PCURVE('',#1234,#1239);
#1234 = PLANE('',#1235);
#1235 = AXIS2_PLACEMENT_3D('',#1236,#1237,#1238);
#1236 = CARTESIAN_POINT('',(-18.81909179687,-13.25,13.1541015625));
#1237 = DIRECTION('',(-0.942352680276,0.,0.334621317278));
#1238 = DIRECTION('',(-0.334621317278,-0.,-0.942352680276));
#1239 = DEFINITIONAL_REPRESENTATION('',(#1240),#1244);
#1240 = LINE('',#1241,#1242);
#1241 = CARTESIAN_POINT('',(0.,0.));
#1242 = VECTOR('',#1243,1.);
#1243 = DIRECTION('',(1.,0.));
#1244 = ( GEOMETRIC_REPRESENTATION_CONTEXT(2) 
PARAMETRIC_REPRESENTATION_CONTEXT() REPRESENTATION_CONTEXT('2D SPACE',''
  ) );
#1245 = ORIENTED_EDGE('',*,*,#1246,.F.);
#1246 = EDGE_CURVE('',#1247,#1219,#1249,.T.);
#1247 = VERTEX_POINT('',#1248);
#1248 = CARTESIAN_POINT('',(-17.17602539062,-13.25,13.1541015625));
#1249 = SURFACE_CURVE('',#1250,(#1254,#1261),.PCURVE_S1.);
#1250 = LINE('',#1251,#1252);
#1251 = CARTESIAN_POINT('',(-17.17602539062,-13.25,13.1541015625));
#1252 = VECTOR('',#1253,1.);
#1253 = DIRECTION('',(-1.,0.,0.));
#1254 = PCURVE('',#288,#1255);
#1255 = DEFINITIONAL_REPRESENTATION('',(#1256),#1260);
#1256 = LINE('',#1257,#1258);
#1257 = CARTESIAN_POINT('',(3.8541015625,12.323974609375));
#1258 = VECTOR('',#1259,1.);
#1259 = DIRECTION('',(0.,-1.));
#1260 = ( GEOMETRIC_REPRESENTATION_CONTEXT(2) 
PARAMETRIC_REPRESENTATION_CONTEXT() REPRESENTATION_CONTEXT('2D SPACE',''
  ) );
#1261 = PCURVE('',#1262,#1267);
#1262 = PLANE('',#1263);
#1263 = AXIS2_PLACEMENT_3D('',#1264,#1265,#1266);
#1264 = CARTESIAN_POINT('',(-17.17602539062,-13.25,13.1541015625));
#1265 = DIRECTION('',(0.,0.,1.));
#1266 = DIRECTION('',(-1.,0.,0.));
#1267 = DEFINITIONAL_REPRESENTATION('',(#1268),#1272);
#1268 = LINE('',#1269,#1270);
#1269 = CARTESIAN_POINT('',(0.,0.));
#1270 = VECTOR('',#1271,1.);
#1271 = DIRECTION('',(1.,0.));
#1272 = ( GEOMETRIC_REPRESENTATION_CONTEXT(2) 
PARAMETRIC_REPRESENTATION_CONTEXT() REPRESENTATION_CONTEXT('2D SPACE',''
  ) );
#1273 = ORIENTED_EDGE('',*,*,#1274,.F.);
#1274 = EDGE_CURVE('',#1275,#1247,#1277,.T.);
#1275 = VERTEX_POINT('',#1276);
#1276 = CARTESIAN_POINT('',(-16.84399414062,-13.25,12.21904296875));
#1277 = SURFACE_CURVE('',#1278,(#1282,#1289),.PCURVE_S1.);
#1278 = LINE('',#1279,#1280);
#1279 = CARTESIAN_POINT('',(-16.84399414062,-13.25,12.21904296875));
#1280 = VECTOR('',#1281,1.);
#1281 = DIRECTION('',(-0.334621317278,0.,0.942352680276));
#1282 = PCURVE('',#288,#1283);
#1283 = DEFINITIONAL_REPRESENTATION('',(#1284),#1288);
#1284 = LINE('',#1285,#1286);
#1285 = CARTESIAN_POINT('',(2.91904296875,12.656005859375));
#1286 = VECTOR('',#1287,1.);
#1287 = DIRECTION('',(0.942352680276,-0.334621317278));
#1288 = ( GEOMETRIC_REPRESENTATION_CONTEXT(2) 
PARAMETRIC_REPRESENTATION_CONTEXT() REPRESENTATION_CONTEXT('2D SPACE',''
  ) );
#1289 = PCURVE('',#1290,#1295);
#1290 = PLANE('',#1291);
#1291 = AXIS2_PLACEMENT_3D('',#1292,#1293,#1294);
#1292 = CARTESIAN_POINT('',(-16.84399414062,-13.25,12.21904296875));
#1293 = DIRECTION('',(0.942352680276,0.,0.334621317278));
#1294 = DIRECTION('',(-0.334621317278,0.,0.942352680276));
#1295 = DEFINITIONAL_REPRESENTATION('',(#1296),#1300);
#1296 = LINE('',#1297,#1298);
#1297 = CARTESIAN_POINT('',(0.,0.));
#1298 = VECTOR('',#1299,1.);
#1299 = DIRECTION('',(1.,0.));
#1300 = ( GEOMETRIC_REPRESENTATION_CONTEXT(2) 
PARAMETRIC_REPRESENTATION_CONTEXT() REPRESENTATION_CONTEXT('2D SPACE',''
  ) );
#1301 = ORIENTED_EDGE('',*,*,#1302,.F.);
#1302 = EDGE_CURVE('',#1303,#1275,#1305,.T.);
#1303 = VERTEX_POINT('',#1304);
#1304 = CARTESIAN_POINT('',(-16.33129882812,-13.25,12.21904296875));
#1305 = SURFACE_CURVE('',#1306,(#1310,#1317),.PCURVE_S1.);
#1306 = LINE('',#1307,#1308);
#1307 = CARTESIAN_POINT('',(-16.33129882812,-13.25,12.21904296875));
#1308 = VECTOR('',#1309,1.);
#1309 = DIRECTION('',(-1.,0.,0.));
#1310 = PCURVE('',#288,#1311);
#1311 = DEFINITIONAL_REPRESENTATION('',(#1312),#1316);
#1312 = LINE('',#1313,#1314);
#1313 = CARTESIAN_POINT('',(2.91904296875,13.168701171875));
#1314 = VECTOR('',#1315,1.);
#1315 = DIRECTION('',(0.,-1.));
#1316 = ( GEOMETRIC_REPRESENTATION_CONTEXT(2) 
PARAMETRIC_REPRESENTATION_CONTEXT() REPRESENTATION_CONTEXT('2D SPACE',''
  ) );
#1317 = PCURVE('',#1318,#1323);
#1318 = PLANE('',#1319);
#1319 = AXIS2_PLACEMENT_3D('',#1320,#1321,#1322);
#1320 = CARTESIAN_POINT('',(-16.33129882812,-13.25,12.21904296875));
#1321 = DIRECTION('',(0.,0.,1.));
#1322 = DIRECTION('',(-1.,0.,0.));
#1323 = DEFINITIONAL_REPRESENTATION('',(#1324),#1328);
#1324 = LINE('',#1325,#1326);
#1325 = CARTESIAN_POINT('',(0.,0.));
#1326 = VECTOR('',#1327,1.);
#1327 = DIRECTION('',(1.,0.));
#1328 = ( GEOMETRIC_REPRESENTATION_CONTEXT(2) 
PARAMETRIC_REPRESENTATION_CONTEXT() REPRESENTATION_CONTEXT('2D SPACE',''
  ) );
#1329 = ORIENTED_EDGE('',*,*,#1330,.F.);
#1330 = EDGE_CURVE('',#1331,#1303,#1333,.T.);
#1331 = VERTEX_POINT('',#1332);
#1332 = CARTESIAN_POINT('',(-17.72045898437,-13.25,15.8640625));
#1333 = SURFACE_CURVE('',#1334,(#1338,#1345),.PCURVE_S1.);
#1334 = LINE('',#1335,#1336);
#1335 = CARTESIAN_POINT('',(-17.72045898437,-13.25,15.8640625));
#1336 = VECTOR('',#1337,1.);
#1337 = DIRECTION('',(0.35612545751,0.,-0.934438151251));
#1338 = PCURVE('',#288,#1339);
#1339 = DEFINITIONAL_REPRESENTATION('',(#1340),#1344);
#1340 = LINE('',#1341,#1342);
#1341 = CARTESIAN_POINT('',(6.5640625,11.779541015625));
#1342 = VECTOR('',#1343,1.);
#1343 = DIRECTION('',(-0.934438151251,0.35612545751));
#1344 = ( GEOMETRIC_REPRESENTATION_CONTEXT(2) 
PARAMETRIC_REPRESENTATION_CONTEXT() REPRESENTATION_CONTEXT('2D SPACE',''
  ) );
#1345 = PCURVE('',#1346,#1351);
#1346 = PLANE('',#1347);
#1347 = AXIS2_PLACEMENT_3D('',#1348,#1349,#1350);
#1348 = CARTESIAN_POINT('',(-17.72045898437,-13.25,15.8640625));
#1349 = DIRECTION('',(-0.934438151251,-0.,-0.35612545751));
#1350 = DIRECTION('',(0.35612545751,0.,-0.934438151251));
#1351 = DEFINITIONAL_REPRESENTATION('',(#1352),#1356);
#1352 = LINE('',#1353,#1354);
#1353 = CARTESIAN_POINT('',(0.,0.));
#1354 = VECTOR('',#1355,1.);
#1355 = DIRECTION('',(1.,0.));
#1356 = ( GEOMETRIC_REPRESENTATION_CONTEXT(2) 
PARAMETRIC_REPRESENTATION_CONTEXT() REPRESENTATION_CONTEXT('2D SPACE',''
  ) );
#1357 = ORIENTED_EDGE('',*,*,#1358,.F.);
#1358 = EDGE_CURVE('',#1163,#1331,#1359,.T.);
#1359 = SURFACE_CURVE('',#1360,(#1364,#1371),.PCURVE_S1.);
#1360 = LINE('',#1361,#1362);
#1361 = CARTESIAN_POINT('',(-18.27954101562,-13.25,15.8640625));
#1362 = VECTOR('',#1363,1.);
#1363 = DIRECTION('',(1.,0.,0.));
#1364 = PCURVE('',#288,#1365);
#1365 = DEFINITIONAL_REPRESENTATION('',(#1366),#1370);
#1366 = LINE('',#1367,#1368);
#1367 = CARTESIAN_POINT('',(6.5640625,11.220458984375));
#1368 = VECTOR('',#1369,1.);
#1369 = DIRECTION('',(0.,1.));
#1370 = ( GEOMETRIC_REPRESENTATION_CONTEXT(2) 
PARAMETRIC_REPRESENTATION_CONTEXT() REPRESENTATION_CONTEXT('2D SPACE',''
  ) );
#1371 = PCURVE('',#1372,#1377);
#1372 = PLANE('',#1373);
#1373 = AXIS2_PLACEMENT_3D('',#1374,#1375,#1376);
#1374 = CARTESIAN_POINT('',(-18.27954101562,-13.25,15.8640625));
#1375 = DIRECTION('',(0.,0.,-1.));
#1376 = DIRECTION('',(1.,0.,0.));
#1377 = DEFINITIONAL_REPRESENTATION('',(#1378),#1382);
#1378 = LINE('',#1379,#1380);
#1379 = CARTESIAN_POINT('',(0.,0.));
#1380 = VECTOR('',#1381,1.);
#1381 = DIRECTION('',(1.,0.));
#1382 = ( GEOMETRIC_REPRESENTATION_CONTEXT(2) 
PARAMETRIC_REPRESENTATION_CONTEXT() REPRESENTATION_CONTEXT('2D SPACE',''
  ) );
#1383 = ADVANCED_FACE('',(#1384),#392,.T.);
#1384 = FACE_BOUND('',#1385,.T.);
#1385 = EDGE_LOOP('',(#1386,#1387,#1388,#1411,#1444,#1472,#1505,#1533));
#1386 = ORIENTED_EDGE('',*,*,#378,.F.);
#1387 = ORIENTED_EDGE('',*,*,#1083,.F.);
#1388 = ORIENTED_EDGE('',*,*,#1389,.F.);
#1389 = EDGE_CURVE('',#1390,#1056,#1392,.T.);
#1390 = VERTEX_POINT('',#1391);
#1391 = CARTESIAN_POINT('',(27.,-12.45,18.6));
#1392 = SURFACE_CURVE('',#1393,(#1397,#1404),.PCURVE_S1.);
#1393 = LINE('',#1394,#1395);
#1394 = CARTESIAN_POINT('',(27.,-12.45,18.6));
#1395 = VECTOR('',#1396,1.);
#1396 = DIRECTION('',(-1.,-0.,-0.));
#1397 = PCURVE('',#392,#1398);
#1398 = DEFINITIONAL_REPRESENTATION('',(#1399),#1403);
#1399 = LINE('',#1400,#1401);
#1400 = CARTESIAN_POINT('',(56.5,0.8));
#1401 = VECTOR('',#1402,1.);
#1402 = DIRECTION('',(-1.,-0.));
#1403 = ( GEOMETRIC_REPRESENTATION_CONTEXT(2) 
PARAMETRIC_REPRESENTATION_CONTEXT() REPRESENTATION_CONTEXT('2D SPACE',''
  ) );
#1404 = PCURVE('',#1070,#1405);
#1405 = DEFINITIONAL_REPRESENTATION('',(#1406),#1410);
#1406 = LINE('',#1407,#1408);
#1407 = CARTESIAN_POINT('',(0.,0.565685424949));
#1408 = VECTOR('',#1409,1.);
#1409 = DIRECTION('',(1.,0.));
#1410 = ( GEOMETRIC_REPRESENTATION_CONTEXT(2) 
PARAMETRIC_REPRESENTATION_CONTEXT() REPRESENTATION_CONTEXT('2D SPACE',''
  ) );
#1411 = ORIENTED_EDGE('',*,*,#1412,.F.);
#1412 = EDGE_CURVE('',#1413,#1390,#1415,.T.);
#1413 = VERTEX_POINT('',#1414);
#1414 = CARTESIAN_POINT('',(28.7,-10.75,18.6));
#1415 = SURFACE_CURVE('',#1416,(#1421,#1432),.PCURVE_S1.);
#1416 = CIRCLE('',#1417,1.7);
#1417 = AXIS2_PLACEMENT_3D('',#1418,#1419,#1420);
#1418 = CARTESIAN_POINT('',(27.,-10.75,18.6));
#1419 = DIRECTION('',(0.,0.,-1.));
#1420 = DIRECTION('',(1.,0.,0.));
#1421 = PCURVE('',#392,#1422);
#1422 = DEFINITIONAL_REPRESENTATION('',(#1423),#1431);
#1423 = ( BOUNDED_CURVE() B_SPLINE_CURVE(2,(#1424,#1425,#1426,#1427,
#1428,#1429,#1430),.UNSPECIFIED.,.T.,.F.) B_SPLINE_CURVE_WITH_KNOTS((1,2
    ,2,2,2,1),(-2.094395102393,0.,2.094395102393,4.188790204786,
6.28318530718,8.377580409573),.UNSPECIFIED.) CURVE() 
GEOMETRIC_REPRESENTATION_ITEM() RATIONAL_B_SPLINE_CURVE((1.,0.5,1.,0.5,
1.,0.5,1.)) REPRESENTATION_ITEM('') );
#1424 = CARTESIAN_POINT('',(58.2,2.5));
#1425 = CARTESIAN_POINT('',(58.2,-0.444486372867));
#1426 = CARTESIAN_POINT('',(55.65,1.027756813566));
#1427 = CARTESIAN_POINT('',(53.1,2.5));
#1428 = CARTESIAN_POINT('',(55.65,3.972243186434));
#1429 = CARTESIAN_POINT('',(58.2,5.444486372867));
#1430 = CARTESIAN_POINT('',(58.2,2.5));
#1431 = ( GEOMETRIC_REPRESENTATION_CONTEXT(2) 
PARAMETRIC_REPRESENTATION_CONTEXT() REPRESENTATION_CONTEXT('2D SPACE',''
  ) );
#1432 = PCURVE('',#1433,#1438);
#1433 = CONICAL_SURFACE('',#1434,2.5,0.785398163397);
#1434 = AXIS2_PLACEMENT_3D('',#1435,#1436,#1437);
#1435 = CARTESIAN_POINT('',(27.,-10.75,17.8));
#1436 = DIRECTION('',(-0.,-0.,-1.));
#1437 = DIRECTION('',(1.,0.,0.));
#1438 = DEFINITIONAL_REPRESENTATION('',(#1439),#1443);
#1439 = LINE('',#1440,#1441);
#1440 = CARTESIAN_POINT('',(0.,-0.8));
#1441 = VECTOR('',#1442,1.);
#1442 = DIRECTION('',(1.,-0.));
#1443 = ( GEOMETRIC_REPRESENTATION_CONTEXT(2) 
PARAMETRIC_REPRESENTATION_CONTEXT() REPRESENTATION_CONTEXT('2D SPACE',''
  ) );
#1444 = ORIENTED_EDGE('',*,*,#1445,.F.);
#1445 = EDGE_CURVE('',#1446,#1413,#1448,.T.);
#1446 = VERTEX_POINT('',#1447);
#1447 = CARTESIAN_POINT('',(28.7,10.75,18.6));
#1448 = SURFACE_CURVE('',#1449,(#1453,#1460),.PCURVE_S1.);
#1449 = LINE('',#1450,#1451);
#1450 = CARTESIAN_POINT('',(28.7,10.75,18.6));
#1451 = VECTOR('',#1452,1.);
#1452 = DIRECTION('',(-0.,-1.,-0.));
#1453 = PCURVE('',#392,#1454);
#1454 = DEFINITIONAL_REPRESENTATION('',(#1455),#1459);
#1455 = LINE('',#1456,#1457);
#1456 = CARTESIAN_POINT('',(58.2,24.));
#1457 = VECTOR('',#1458,1.);
#1458 = DIRECTION('',(-0.,-1.));
#1459 = ( GEOMETRIC_REPRESENTATION_CONTEXT(2) 
PARAMETRIC_REPRESENTATION_CONTEXT() REPRESENTATION_CONTEXT('2D SPACE',''
  ) );
#1460 = PCURVE('',#1461,#1466);
#1461 = PLANE('',#1462);
#1462 = AXIS2_PLACEMENT_3D('',#1463,#1464,#1465);
#1463 = CARTESIAN_POINT('',(29.1,10.75,18.2));
#1464 = DIRECTION('',(0.707106781187,0.,0.707106781187));
#1465 = DIRECTION('',(-0.,1.,-0.));
#1466 = DEFINITIONAL_REPRESENTATION('',(#1467),#1471);
#1467 = LINE('',#1468,#1469);
#1468 = CARTESIAN_POINT('',(-0.,0.565685424949));
#1469 = VECTOR('',#1470,1.);
#1470 = DIRECTION('',(-1.,0.));
#1471 = ( GEOMETRIC_REPRESENTATION_CONTEXT(2) 
PARAMETRIC_REPRESENTATION_CONTEXT() REPRESENTATION_CONTEXT('2D SPACE',''
  ) );
#1472 = ORIENTED_EDGE('',*,*,#1473,.F.);
#1473 = EDGE_CURVE('',#1474,#1446,#1476,.T.);
#1474 = VERTEX_POINT('',#1475);
#1475 = CARTESIAN_POINT('',(27.,12.45,18.6));
#1476 = SURFACE_CURVE('',#1477,(#1482,#1493),.PCURVE_S1.);
#1477 = CIRCLE('',#1478,1.7);
#1478 = AXIS2_PLACEMENT_3D('',#1479,#1480,#1481);
#1479 = CARTESIAN_POINT('',(27.,10.75,18.6));
#1480 = DIRECTION('',(0.,-0.,-1.));
#1481 = DIRECTION('',(0.,1.,-0.));
#1482 = PCURVE('',#392,#1483);
#1483 = DEFINITIONAL_REPRESENTATION('',(#1484),#1492);
#1484 = ( BOUNDED_CURVE() B_SPLINE_CURVE(2,(#1485,#1486,#1487,#1488,
#1489,#1490,#1491),.UNSPECIFIED.,.T.,.F.) B_SPLINE_CURVE_WITH_KNOTS((1,2
    ,2,2,2,1),(-2.094395102393,0.,2.094395102393,4.188790204786,
6.28318530718,8.377580409573),.UNSPECIFIED.) CURVE() 
GEOMETRIC_REPRESENTATION_ITEM() RATIONAL_B_SPLINE_CURVE((1.,0.5,1.,0.5,
1.,0.5,1.)) REPRESENTATION_ITEM('') );
#1485 = CARTESIAN_POINT('',(56.5,25.7));
#1486 = CARTESIAN_POINT('',(59.444486372867,25.7));
#1487 = CARTESIAN_POINT('',(57.972243186434,23.15));
#1488 = CARTESIAN_POINT('',(56.5,20.6));
#1489 = CARTESIAN_POINT('',(55.027756813566,23.15));
#1490 = CARTESIAN_POINT('',(53.555513627133,25.7));
#1491 = CARTESIAN_POINT('',(56.5,25.7));
#1492 = ( GEOMETRIC_REPRESENTATION_CONTEXT(2) 
PARAMETRIC_REPRESENTATION_CONTEXT() REPRESENTATION_CONTEXT('2D SPACE',''
  ) );
#1493 = PCURVE('',#1494,#1499);
#1494 = CONICAL_SURFACE('',#1495,2.5,0.785398163397);
#1495 = AXIS2_PLACEMENT_3D('',#1496,#1497,#1498);
#1496 = CARTESIAN_POINT('',(27.,10.75,17.8));
#1497 = DIRECTION('',(-0.,-0.,-1.));
#1498 = DIRECTION('',(0.,1.,-0.));
#1499 = DEFINITIONAL_REPRESENTATION('',(#1500),#1504);
#1500 = LINE('',#1501,#1502);
#1501 = CARTESIAN_POINT('',(0.,-0.8));
#1502 = VECTOR('',#1503,1.);
#1503 = DIRECTION('',(1.,-0.));
#1504 = ( GEOMETRIC_REPRESENTATION_CONTEXT(2) 
PARAMETRIC_REPRESENTATION_CONTEXT() REPRESENTATION_CONTEXT('2D SPACE',''
  ) );
#1505 = ORIENTED_EDGE('',*,*,#1506,.F.);
#1506 = EDGE_CURVE('',#1507,#1474,#1509,.T.);
#1507 = VERTEX_POINT('',#1508);
#1508 = CARTESIAN_POINT('',(-27.,12.45,18.6));
#1509 = SURFACE_CURVE('',#1510,(#1514,#1521),.PCURVE_S1.);
#1510 = LINE('',#1511,#1512);
#1511 = CARTESIAN_POINT('',(-27.,12.45,18.6));
#1512 = VECTOR('',#1513,1.);
#1513 = DIRECTION('',(1.,0.,0.));
#1514 = PCURVE('',#392,#1515);
#1515 = DEFINITIONAL_REPRESENTATION('',(#1516),#1520);
#1516 = LINE('',#1517,#1518);
#1517 = CARTESIAN_POINT('',(2.5,25.7));
#1518 = VECTOR('',#1519,1.);
#1519 = DIRECTION('',(1.,0.));
#1520 = ( GEOMETRIC_REPRESENTATION_CONTEXT(2) 
PARAMETRIC_REPRESENTATION_CONTEXT() REPRESENTATION_CONTEXT('2D SPACE',''
  ) );
#1521 = PCURVE('',#1522,#1527);
#1522 = PLANE('',#1523);
#1523 = AXIS2_PLACEMENT_3D('',#1524,#1525,#1526);
#1524 = CARTESIAN_POINT('',(-27.,12.85,18.2));
#1525 = DIRECTION('',(0.,0.707106781187,0.707106781187));
#1526 = DIRECTION('',(-1.,-0.,0.));
#1527 = DEFINITIONAL_REPRESENTATION('',(#1528),#1532);
#1528 = LINE('',#1529,#1530);
#1529 = CARTESIAN_POINT('',(-0.,0.565685424949));
#1530 = VECTOR('',#1531,1.);
#1531 = DIRECTION('',(-1.,0.));
#1532 = ( GEOMETRIC_REPRESENTATION_CONTEXT(2) 
PARAMETRIC_REPRESENTATION_CONTEXT() REPRESENTATION_CONTEXT('2D SPACE',''
  ) );
#1533 = ORIENTED_EDGE('',*,*,#1534,.F.);
#1534 = EDGE_CURVE('',#353,#1507,#1535,.T.);
#1535 = SURFACE_CURVE('',#1536,(#1541,#1552),.PCURVE_S1.);
#1536 = CIRCLE('',#1537,1.7);
#1537 = AXIS2_PLACEMENT_3D('',#1538,#1539,#1540);
#1538 = CARTESIAN_POINT('',(-27.,10.75,18.6));
#1539 = DIRECTION('',(-0.,0.,-1.));
#1540 = DIRECTION('',(-1.,0.,0.));
#1541 = PCURVE('',#392,#1542);
#1542 = DEFINITIONAL_REPRESENTATION('',(#1543),#1551);
#1543 = ( BOUNDED_CURVE() B_SPLINE_CURVE(2,(#1544,#1545,#1546,#1547,
#1548,#1549,#1550),.UNSPECIFIED.,.T.,.F.) B_SPLINE_CURVE_WITH_KNOTS((1,2
    ,2,2,2,1),(-2.094395102393,0.,2.094395102393,4.188790204786,
6.28318530718,8.377580409573),.UNSPECIFIED.) CURVE() 
GEOMETRIC_REPRESENTATION_ITEM() RATIONAL_B_SPLINE_CURVE((1.,0.5,1.,0.5,
1.,0.5,1.)) REPRESENTATION_ITEM('') );
#1544 = CARTESIAN_POINT('',(0.8,24.));
#1545 = CARTESIAN_POINT('',(0.8,26.944486372867));
#1546 = CARTESIAN_POINT('',(3.35,25.472243186434));
#1547 = CARTESIAN_POINT('',(5.9,24.));
#1548 = CARTESIAN_POINT('',(3.35,22.527756813566));
#1549 = CARTESIAN_POINT('',(0.8,21.055513627133));
#1550 = CARTESIAN_POINT('',(0.8,24.));
#1551 = ( GEOMETRIC_REPRESENTATION_CONTEXT(2) 
PARAMETRIC_REPRESENTATION_CONTEXT() REPRESENTATION_CONTEXT('2D SPACE',''
  ) );
#1552 = PCURVE('',#367,#1553);
#1553 = DEFINITIONAL_REPRESENTATION('',(#1554),#1558);
#1554 = LINE('',#1555,#1556);
#1555 = CARTESIAN_POINT('',(0.,-0.8));
#1556 = VECTOR('',#1557,1.);
#1557 = DIRECTION('',(1.,-0.));
#1558 = ( GEOMETRIC_REPRESENTATION_CONTEXT(2) 
PARAMETRIC_REPRESENTATION_CONTEXT() REPRESENTATION_CONTEXT('2D SPACE',''
  ) );
#1559 = ADVANCED_FACE('',(#1560),#367,.T.);
#1560 = FACE_BOUND('',#1561,.F.);
#1561 = EDGE_LOOP('',(#1562,#1563,#1564,#1583));
#1562 = ORIENTED_EDGE('',*,*,#352,.F.);
#1563 = ORIENTED_EDGE('',*,*,#842,.T.);
#1564 = ORIENTED_EDGE('',*,*,#1565,.T.);
#1565 = EDGE_CURVE('',#820,#1507,#1566,.T.);
#1566 = SURFACE_CURVE('',#1567,(#1571,#1577),.PCURVE_S1.);
#1567 = LINE('',#1568,#1569);
#1568 = CARTESIAN_POINT('',(-27.,13.25,17.8));
#1569 = VECTOR('',#1570,1.);
#1570 = DIRECTION('',(4.329780281177E-17,-0.707106781187,0.707106781187)
  );
#1571 = PCURVE('',#367,#1572);
#1572 = DEFINITIONAL_REPRESENTATION('',(#1573),#1576);
#1573 = B_SPLINE_CURVE_WITH_KNOTS('',1,(#1574,#1575),.UNSPECIFIED.,.F.,
  .F.,(2,2),(0.,1.131370849898),.PIECEWISE_BEZIER_KNOTS.);
#1574 = CARTESIAN_POINT('',(1.570796326795,0.));
#1575 = CARTESIAN_POINT('',(1.570796326795,-0.8));
#1576 = ( GEOMETRIC_REPRESENTATION_CONTEXT(2) 
PARAMETRIC_REPRESENTATION_CONTEXT() REPRESENTATION_CONTEXT('2D SPACE',''
  ) );
#1577 = PCURVE('',#1522,#1578);
#1578 = DEFINITIONAL_REPRESENTATION('',(#1579),#1582);
#1579 = B_SPLINE_CURVE_WITH_KNOTS('',1,(#1580,#1581),.UNSPECIFIED.,.F.,
  .F.,(2,2),(0.,1.131370849898),.PIECEWISE_BEZIER_KNOTS.);
#1580 = CARTESIAN_POINT('',(0.,-0.565685424949));
#1581 = CARTESIAN_POINT('',(0.,0.565685424949));
#1582 = ( GEOMETRIC_REPRESENTATION_CONTEXT(2) 
PARAMETRIC_REPRESENTATION_CONTEXT() REPRESENTATION_CONTEXT('2D SPACE',''
  ) );
#1583 = ORIENTED_EDGE('',*,*,#1534,.F.);
#1584 = ADVANCED_FACE('',(#1585),#538,.T.);
#1585 = FACE_BOUND('',#1586,.T.);
#1586 = EDGE_LOOP('',(#1587,#1588,#1611,#1632));
#1587 = ORIENTED_EDGE('',*,*,#819,.T.);
#1588 = ORIENTED_EDGE('',*,*,#1589,.T.);
#1589 = EDGE_CURVE('',#820,#1590,#1592,.T.);
#1590 = VERTEX_POINT('',#1591);
#1591 = CARTESIAN_POINT('',(27.,13.25,17.8));
#1592 = SURFACE_CURVE('',#1593,(#1597,#1604),.PCURVE_S1.);
#1593 = LINE('',#1594,#1595);
#1594 = CARTESIAN_POINT('',(-27.,13.25,17.8));
#1595 = VECTOR('',#1596,1.);
#1596 = DIRECTION('',(1.,0.,0.));
#1597 = PCURVE('',#538,#1598);
#1598 = DEFINITIONAL_REPRESENTATION('',(#1599),#1603);
#1599 = LINE('',#1600,#1601);
#1600 = CARTESIAN_POINT('',(8.5,2.5));
#1601 = VECTOR('',#1602,1.);
#1602 = DIRECTION('',(0.,1.));
#1603 = ( GEOMETRIC_REPRESENTATION_CONTEXT(2) 
PARAMETRIC_REPRESENTATION_CONTEXT() REPRESENTATION_CONTEXT('2D SPACE',''
  ) );
#1604 = PCURVE('',#1522,#1605);
#1605 = DEFINITIONAL_REPRESENTATION('',(#1606),#1610);
#1606 = LINE('',#1607,#1608);
#1607 = CARTESIAN_POINT('',(-0.,-0.565685424949));
#1608 = VECTOR('',#1609,1.);
#1609 = DIRECTION('',(-1.,0.));
#1610 = ( GEOMETRIC_REPRESENTATION_CONTEXT(2) 
PARAMETRIC_REPRESENTATION_CONTEXT() REPRESENTATION_CONTEXT('2D SPACE',''
  ) );
#1611 = ORIENTED_EDGE('',*,*,#1612,.F.);
#1612 = EDGE_CURVE('',#494,#1590,#1613,.T.);
#1613 = SURFACE_CURVE('',#1614,(#1618,#1625),.PCURVE_S1.);
#1614 = LINE('',#1615,#1616);
#1615 = CARTESIAN_POINT('',(27.,13.25,9.3));
#1616 = VECTOR('',#1617,1.);
#1617 = DIRECTION('',(0.,0.,1.));
#1618 = PCURVE('',#538,#1619);
#1619 = DEFINITIONAL_REPRESENTATION('',(#1620),#1624);
#1620 = LINE('',#1621,#1622);
#1621 = CARTESIAN_POINT('',(0.,56.5));
#1622 = VECTOR('',#1623,1.);
#1623 = DIRECTION('',(1.,0.));
#1624 = ( GEOMETRIC_REPRESENTATION_CONTEXT(2) 
PARAMETRIC_REPRESENTATION_CONTEXT() REPRESENTATION_CONTEXT('2D SPACE',''
  ) );
#1625 = PCURVE('',#510,#1626);
#1626 = DEFINITIONAL_REPRESENTATION('',(#1627),#1631);
#1627 = LINE('',#1628,#1629);
#1628 = CARTESIAN_POINT('',(1.570796326795,0.));
#1629 = VECTOR('',#1630,1.);
#1630 = DIRECTION('',(0.,1.));
#1631 = ( GEOMETRIC_REPRESENTATION_CONTEXT(2) 
PARAMETRIC_REPRESENTATION_CONTEXT() REPRESENTATION_CONTEXT('2D SPACE',''
  ) );
#1632 = ORIENTED_EDGE('',*,*,#522,.F.);
#1633 = ADVANCED_FACE('',(#1634),#453,.T.);
#1634 = FACE_BOUND('',#1635,.F.);
#1635 = EDGE_LOOP('',(#1636,#1659,#1660,#1661));
#1636 = ORIENTED_EDGE('',*,*,#1637,.F.);
#1637 = EDGE_CURVE('',#433,#1638,#1640,.T.);
#1638 = VERTEX_POINT('',#1639);
#1639 = CARTESIAN_POINT('',(29.5,-10.75,17.8));
#1640 = SURFACE_CURVE('',#1641,(#1645,#1652),.PCURVE_S1.);
#1641 = LINE('',#1642,#1643);
#1642 = CARTESIAN_POINT('',(29.5,-10.75,9.3));
#1643 = VECTOR('',#1644,1.);
#1644 = DIRECTION('',(0.,0.,1.));
#1645 = PCURVE('',#453,#1646);
#1646 = DEFINITIONAL_REPRESENTATION('',(#1647),#1651);
#1647 = LINE('',#1648,#1649);
#1648 = CARTESIAN_POINT('',(-0.,0.));
#1649 = VECTOR('',#1650,1.);
#1650 = DIRECTION('',(-0.,1.));
#1651 = ( GEOMETRIC_REPRESENTATION_CONTEXT(2) 
PARAMETRIC_REPRESENTATION_CONTEXT() REPRESENTATION_CONTEXT('2D SPACE',''
  ) );
#1652 = PCURVE('',#481,#1653);
#1653 = DEFINITIONAL_REPRESENTATION('',(#1654),#1658);
#1654 = LINE('',#1655,#1656);
#1655 = CARTESIAN_POINT('',(0.,-2.5));
#1656 = VECTOR('',#1657,1.);
#1657 = DIRECTION('',(1.,0.));
#1658 = ( GEOMETRIC_REPRESENTATION_CONTEXT(2) 
PARAMETRIC_REPRESENTATION_CONTEXT() REPRESENTATION_CONTEXT('2D SPACE',''
  ) );
#1659 = ORIENTED_EDGE('',*,*,#432,.T.);
#1660 = ORIENTED_EDGE('',*,*,#1136,.T.);
#1661 = ORIENTED_EDGE('',*,*,#1662,.F.);
#1662 = EDGE_CURVE('',#1638,#1114,#1663,.T.);
#1663 = SURFACE_CURVE('',#1664,(#1669,#1676),.PCURVE_S1.);
#1664 = CIRCLE('',#1665,2.5);
#1665 = AXIS2_PLACEMENT_3D('',#1666,#1667,#1668);
#1666 = CARTESIAN_POINT('',(27.,-10.75,17.8));
#1667 = DIRECTION('',(0.,0.,-1.));
#1668 = DIRECTION('',(1.,0.,0.));
#1669 = PCURVE('',#453,#1670);
#1670 = DEFINITIONAL_REPRESENTATION('',(#1671),#1675);
#1671 = LINE('',#1672,#1673);
#1672 = CARTESIAN_POINT('',(-0.,8.5));
#1673 = VECTOR('',#1674,1.);
#1674 = DIRECTION('',(-1.,0.));
#1675 = ( GEOMETRIC_REPRESENTATION_CONTEXT(2) 
PARAMETRIC_REPRESENTATION_CONTEXT() REPRESENTATION_CONTEXT('2D SPACE',''
  ) );
#1676 = PCURVE('',#1433,#1677);
#1677 = DEFINITIONAL_REPRESENTATION('',(#1678),#1682);
#1678 = LINE('',#1679,#1680);
#1679 = CARTESIAN_POINT('',(0.,-0.));
#1680 = VECTOR('',#1681,1.);
#1681 = DIRECTION('',(1.,-0.));
#1682 = ( GEOMETRIC_REPRESENTATION_CONTEXT(2) 
PARAMETRIC_REPRESENTATION_CONTEXT() REPRESENTATION_CONTEXT('2D SPACE',''
  ) );
#1683 = ADVANCED_FACE('',(#1684),#510,.T.);
#1684 = FACE_BOUND('',#1685,.T.);
#1685 = EDGE_LOOP('',(#1686,#1709,#1710,#1711));
#1686 = ORIENTED_EDGE('',*,*,#1687,.F.);
#1687 = EDGE_CURVE('',#466,#1688,#1690,.T.);
#1688 = VERTEX_POINT('',#1689);
#1689 = CARTESIAN_POINT('',(29.5,10.75,17.8));
#1690 = SURFACE_CURVE('',#1691,(#1695,#1702),.PCURVE_S1.);
#1691 = LINE('',#1692,#1693);
#1692 = CARTESIAN_POINT('',(29.5,10.75,9.3));
#1693 = VECTOR('',#1694,1.);
#1694 = DIRECTION('',(0.,0.,1.));
#1695 = PCURVE('',#510,#1696);
#1696 = DEFINITIONAL_REPRESENTATION('',(#1697),#1701);
#1697 = LINE('',#1698,#1699);
#1698 = CARTESIAN_POINT('',(0.,0.));
#1699 = VECTOR('',#1700,1.);
#1700 = DIRECTION('',(0.,1.));
#1701 = ( GEOMETRIC_REPRESENTATION_CONTEXT(2) 
PARAMETRIC_REPRESENTATION_CONTEXT() REPRESENTATION_CONTEXT('2D SPACE',''
  ) );
#1702 = PCURVE('',#481,#1703);
#1703 = DEFINITIONAL_REPRESENTATION('',(#1704),#1708);
#1704 = LINE('',#1705,#1706);
#1705 = CARTESIAN_POINT('',(0.,-24.));
#1706 = VECTOR('',#1707,1.);
#1707 = DIRECTION('',(1.,0.));
#1708 = ( GEOMETRIC_REPRESENTATION_CONTEXT(2) 
PARAMETRIC_REPRESENTATION_CONTEXT() REPRESENTATION_CONTEXT('2D SPACE',''
  ) );
#1709 = ORIENTED_EDGE('',*,*,#493,.T.);
#1710 = ORIENTED_EDGE('',*,*,#1612,.T.);
#1711 = ORIENTED_EDGE('',*,*,#1712,.T.);
#1712 = EDGE_CURVE('',#1590,#1688,#1713,.T.);
#1713 = SURFACE_CURVE('',#1714,(#1719,#1726),.PCURVE_S1.);
#1714 = CIRCLE('',#1715,2.5);
#1715 = AXIS2_PLACEMENT_3D('',#1716,#1717,#1718);
#1716 = CARTESIAN_POINT('',(27.,10.75,17.8));
#1717 = DIRECTION('',(0.,-0.,-1.));
#1718 = DIRECTION('',(0.,1.,-0.));
#1719 = PCURVE('',#510,#1720);
#1720 = DEFINITIONAL_REPRESENTATION('',(#1721),#1725);
#1721 = LINE('',#1722,#1723);
#1722 = CARTESIAN_POINT('',(1.570796326795,8.5));
#1723 = VECTOR('',#1724,1.);
#1724 = DIRECTION('',(-1.,-0.));
#1725 = ( GEOMETRIC_REPRESENTATION_CONTEXT(2) 
PARAMETRIC_REPRESENTATION_CONTEXT() REPRESENTATION_CONTEXT('2D SPACE',''
  ) );
#1726 = PCURVE('',#1494,#1727);
#1727 = DEFINITIONAL_REPRESENTATION('',(#1728),#1732);
#1728 = LINE('',#1729,#1730);
#1729 = CARTESIAN_POINT('',(0.,-0.));
#1730 = VECTOR('',#1731,1.);
#1731 = DIRECTION('',(1.,-0.));
#1732 = ( GEOMETRIC_REPRESENTATION_CONTEXT(2) 
PARAMETRIC_REPRESENTATION_CONTEXT() REPRESENTATION_CONTEXT('2D SPACE',''
  ) );
#1733 = ADVANCED_FACE('',(#1734),#481,.T.);
#1734 = FACE_BOUND('',#1735,.T.);
#1735 = EDGE_LOOP('',(#1736,#1737,#1738,#1739));
#1736 = ORIENTED_EDGE('',*,*,#1637,.F.);
#1737 = ORIENTED_EDGE('',*,*,#465,.T.);
#1738 = ORIENTED_EDGE('',*,*,#1687,.T.);
#1739 = ORIENTED_EDGE('',*,*,#1740,.T.);
#1740 = EDGE_CURVE('',#1688,#1638,#1741,.T.);
#1741 = SURFACE_CURVE('',#1742,(#1746,#1753),.PCURVE_S1.);
#1742 = LINE('',#1743,#1744);
#1743 = CARTESIAN_POINT('',(29.5,10.75,17.8));
#1744 = VECTOR('',#1745,1.);
#1745 = DIRECTION('',(-0.,-1.,-0.));
#1746 = PCURVE('',#481,#1747);
#1747 = DEFINITIONAL_REPRESENTATION('',(#1748),#1752);
#1748 = LINE('',#1749,#1750);
#1749 = CARTESIAN_POINT('',(8.5,-24.));
#1750 = VECTOR('',#1751,1.);
#1751 = DIRECTION('',(-0.,1.));
#1752 = ( GEOMETRIC_REPRESENTATION_CONTEXT(2) 
PARAMETRIC_REPRESENTATION_CONTEXT() REPRESENTATION_CONTEXT('2D SPACE',''
  ) );
#1753 = PCURVE('',#1461,#1754);
#1754 = DEFINITIONAL_REPRESENTATION('',(#1755),#1759);
#1755 = LINE('',#1756,#1757);
#1756 = CARTESIAN_POINT('',(-0.,-0.565685424949));
#1757 = VECTOR('',#1758,1.);
#1758 = DIRECTION('',(-1.,0.));
#1759 = ( GEOMETRIC_REPRESENTATION_CONTEXT(2) 
PARAMETRIC_REPRESENTATION_CONTEXT() REPRESENTATION_CONTEXT('2D SPACE',''
  ) );
#1760 = ADVANCED_FACE('',(#1761),#597,.F.);
#1761 = FACE_BOUND('',#1762,.F.);
#1762 = EDGE_LOOP('',(#1763,#1764,#1787,#1816));
#1763 = ORIENTED_EDGE('',*,*,#578,.T.);
#1764 = ORIENTED_EDGE('',*,*,#1765,.T.);
#1765 = EDGE_CURVE('',#581,#1766,#1768,.T.);
#1766 = VERTEX_POINT('',#1767);
#1767 = CARTESIAN_POINT('',(-27.,-11.25,16.6));
#1768 = SURFACE_CURVE('',#1769,(#1773,#1780),.PCURVE_S1.);
#1769 = LINE('',#1770,#1771);
#1770 = CARTESIAN_POINT('',(-27.,-11.25,9.3));
#1771 = VECTOR('',#1772,1.);
#1772 = DIRECTION('',(0.,0.,1.));
#1773 = PCURVE('',#597,#1774);
#1774 = DEFINITIONAL_REPRESENTATION('',(#1775),#1779);
#1775 = LINE('',#1776,#1777);
#1776 = CARTESIAN_POINT('',(1.570796326795,0.));
#1777 = VECTOR('',#1778,1.);
#1778 = DIRECTION('',(0.,1.));
#1779 = ( GEOMETRIC_REPRESENTATION_CONTEXT(2) 
PARAMETRIC_REPRESENTATION_CONTEXT() REPRESENTATION_CONTEXT('2D SPACE',''
  ) );
#1780 = PCURVE('',#802,#1781);
#1781 = DEFINITIONAL_REPRESENTATION('',(#1782),#1786);
#1782 = LINE('',#1783,#1784);
#1783 = CARTESIAN_POINT('',(0.,0.5));
#1784 = VECTOR('',#1785,1.);
#1785 = DIRECTION('',(1.,0.));
#1786 = ( GEOMETRIC_REPRESENTATION_CONTEXT(2) 
PARAMETRIC_REPRESENTATION_CONTEXT() REPRESENTATION_CONTEXT('2D SPACE',''
  ) );
#1787 = ORIENTED_EDGE('',*,*,#1788,.F.);
#1788 = EDGE_CURVE('',#1789,#1766,#1791,.T.);
#1789 = VERTEX_POINT('',#1790);
#1790 = CARTESIAN_POINT('',(-27.5,-10.75,16.6));
#1791 = SURFACE_CURVE('',#1792,(#1797,#1804),.PCURVE_S1.);
#1792 = CIRCLE('',#1793,0.5);
#1793 = AXIS2_PLACEMENT_3D('',#1794,#1795,#1796);
#1794 = CARTESIAN_POINT('',(-27.,-10.75,16.6));
#1795 = DIRECTION('',(0.,0.,1.));
#1796 = DIRECTION('',(0.,-1.,0.));
#1797 = PCURVE('',#597,#1798);
#1798 = DEFINITIONAL_REPRESENTATION('',(#1799),#1803);
#1799 = LINE('',#1800,#1801);
#1800 = CARTESIAN_POINT('',(-4.712388980385,7.3));
#1801 = VECTOR('',#1802,1.);
#1802 = DIRECTION('',(1.,0.));
#1803 = ( GEOMETRIC_REPRESENTATION_CONTEXT(2) 
PARAMETRIC_REPRESENTATION_CONTEXT() REPRESENTATION_CONTEXT('2D SPACE',''
  ) );
#1804 = PCURVE('',#1805,#1810);
#1805 = PLANE('',#1806);
#1806 = AXIS2_PLACEMENT_3D('',#1807,#1808,#1809);
#1807 = CARTESIAN_POINT('',(-27.5,-11.25,16.6));
#1808 = DIRECTION('',(0.,0.,1.));
#1809 = DIRECTION('',(1.,0.,0.));
#1810 = DEFINITIONAL_REPRESENTATION('',(#1811),#1815);
#1811 = CIRCLE('',#1812,0.5);
#1812 = AXIS2_PLACEMENT_2D('',#1813,#1814);
#1813 = CARTESIAN_POINT('',(0.5,0.5));
#1814 = DIRECTION('',(0.,-1.));
#1815 = ( GEOMETRIC_REPRESENTATION_CONTEXT(2) 
PARAMETRIC_REPRESENTATION_CONTEXT() REPRESENTATION_CONTEXT('2D SPACE',''
  ) );
#1816 = ORIENTED_EDGE('',*,*,#1817,.F.);
#1817 = EDGE_CURVE('',#579,#1789,#1818,.T.);
#1818 = SURFACE_CURVE('',#1819,(#1823,#1830),.PCURVE_S1.);
#1819 = LINE('',#1820,#1821);
#1820 = CARTESIAN_POINT('',(-27.5,-10.75,9.3));
#1821 = VECTOR('',#1822,1.);
#1822 = DIRECTION('',(0.,0.,1.));
#1823 = PCURVE('',#597,#1824);
#1824 = DEFINITIONAL_REPRESENTATION('',(#1825),#1829);
#1825 = LINE('',#1826,#1827);
#1826 = CARTESIAN_POINT('',(0.,0.));
#1827 = VECTOR('',#1828,1.);
#1828 = DIRECTION('',(0.,1.));
#1829 = ( GEOMETRIC_REPRESENTATION_CONTEXT(2) 
PARAMETRIC_REPRESENTATION_CONTEXT() REPRESENTATION_CONTEXT('2D SPACE',''
  ) );
#1830 = PCURVE('',#625,#1831);
#1831 = DEFINITIONAL_REPRESENTATION('',(#1832),#1836);
#1832 = LINE('',#1833,#1834);
#1833 = CARTESIAN_POINT('',(0.,-0.5));
#1834 = VECTOR('',#1835,1.);
#1835 = DIRECTION('',(1.,0.));
#1836 = ( GEOMETRIC_REPRESENTATION_CONTEXT(2) 
PARAMETRIC_REPRESENTATION_CONTEXT() REPRESENTATION_CONTEXT('2D SPACE',''
  ) );
#1837 = ADVANCED_FACE('',(#1838),#802,.T.);
#1838 = FACE_BOUND('',#1839,.T.);
#1839 = EDGE_LOOP('',(#1840,#1841,#1842,#1865));
#1840 = ORIENTED_EDGE('',*,*,#788,.F.);
#1841 = ORIENTED_EDGE('',*,*,#1765,.T.);
#1842 = ORIENTED_EDGE('',*,*,#1843,.T.);
#1843 = EDGE_CURVE('',#1766,#1844,#1846,.T.);
#1844 = VERTEX_POINT('',#1845);
#1845 = CARTESIAN_POINT('',(27.,-11.25,16.6));
#1846 = SURFACE_CURVE('',#1847,(#1851,#1858),.PCURVE_S1.);
#1847 = LINE('',#1848,#1849);
#1848 = CARTESIAN_POINT('',(-27.5,-11.25,16.6));
#1849 = VECTOR('',#1850,1.);
#1850 = DIRECTION('',(1.,0.,0.));
#1851 = PCURVE('',#802,#1852);
#1852 = DEFINITIONAL_REPRESENTATION('',(#1853),#1857);
#1853 = LINE('',#1854,#1855);
#1854 = CARTESIAN_POINT('',(7.3,0.));
#1855 = VECTOR('',#1856,1.);
#1856 = DIRECTION('',(0.,1.));
#1857 = ( GEOMETRIC_REPRESENTATION_CONTEXT(2) 
PARAMETRIC_REPRESENTATION_CONTEXT() REPRESENTATION_CONTEXT('2D SPACE',''
  ) );
#1858 = PCURVE('',#1805,#1859);
#1859 = DEFINITIONAL_REPRESENTATION('',(#1860),#1864);
#1860 = LINE('',#1861,#1862);
#1861 = CARTESIAN_POINT('',(0.,0.));
#1862 = VECTOR('',#1863,1.);
#1863 = DIRECTION('',(1.,0.));
#1864 = ( GEOMETRIC_REPRESENTATION_CONTEXT(2) 
PARAMETRIC_REPRESENTATION_CONTEXT() REPRESENTATION_CONTEXT('2D SPACE',''
  ) );
#1865 = ORIENTED_EDGE('',*,*,#1866,.F.);
#1866 = EDGE_CURVE('',#756,#1844,#1867,.T.);
#1867 = SURFACE_CURVE('',#1868,(#1872,#1879),.PCURVE_S1.);
#1868 = LINE('',#1869,#1870);
#1869 = CARTESIAN_POINT('',(27.,-11.25,9.3));
#1870 = VECTOR('',#1871,1.);
#1871 = DIRECTION('',(0.,0.,1.));
#1872 = PCURVE('',#802,#1873);
#1873 = DEFINITIONAL_REPRESENTATION('',(#1874),#1878);
#1874 = LINE('',#1875,#1876);
#1875 = CARTESIAN_POINT('',(0.,54.5));
#1876 = VECTOR('',#1877,1.);
#1877 = DIRECTION('',(1.,0.));
#1878 = ( GEOMETRIC_REPRESENTATION_CONTEXT(2) 
PARAMETRIC_REPRESENTATION_CONTEXT() REPRESENTATION_CONTEXT('2D SPACE',''
  ) );
#1879 = PCURVE('',#776,#1880);
#1880 = DEFINITIONAL_REPRESENTATION('',(#1881),#1885);
#1881 = LINE('',#1882,#1883);
#1882 = CARTESIAN_POINT('',(-1.570796326795,0.));
#1883 = VECTOR('',#1884,1.);
#1884 = DIRECTION('',(-0.,1.));
#1885 = ( GEOMETRIC_REPRESENTATION_CONTEXT(2) 
PARAMETRIC_REPRESENTATION_CONTEXT() REPRESENTATION_CONTEXT('2D SPACE',''
  ) );
#1886 = ADVANCED_FACE('',(#1887),#776,.F.);
#1887 = FACE_BOUND('',#1888,.T.);
#1888 = EDGE_LOOP('',(#1889,#1890,#1891,#1919));
#1889 = ORIENTED_EDGE('',*,*,#755,.T.);
#1890 = ORIENTED_EDGE('',*,*,#1866,.T.);
#1891 = ORIENTED_EDGE('',*,*,#1892,.F.);
#1892 = EDGE_CURVE('',#1893,#1844,#1895,.T.);
#1893 = VERTEX_POINT('',#1894);
#1894 = CARTESIAN_POINT('',(27.5,-10.75,16.6));
#1895 = SURFACE_CURVE('',#1896,(#1901,#1908),.PCURVE_S1.);
#1896 = CIRCLE('',#1897,0.5);
#1897 = AXIS2_PLACEMENT_3D('',#1898,#1899,#1900);
#1898 = CARTESIAN_POINT('',(27.,-10.75,16.6));
#1899 = DIRECTION('',(-0.,-0.,-1.));
#1900 = DIRECTION('',(0.,-1.,0.));
#1901 = PCURVE('',#776,#1902);
#1902 = DEFINITIONAL_REPRESENTATION('',(#1903),#1907);
#1903 = LINE('',#1904,#1905);
#1904 = CARTESIAN_POINT('',(4.712388980385,7.3));
#1905 = VECTOR('',#1906,1.);
#1906 = DIRECTION('',(-1.,0.));
#1907 = ( GEOMETRIC_REPRESENTATION_CONTEXT(2) 
PARAMETRIC_REPRESENTATION_CONTEXT() REPRESENTATION_CONTEXT('2D SPACE',''
  ) );
#1908 = PCURVE('',#1805,#1909);
#1909 = DEFINITIONAL_REPRESENTATION('',(#1910),#1918);
#1910 = ( BOUNDED_CURVE() B_SPLINE_CURVE(2,(#1911,#1912,#1913,#1914,
#1915,#1916,#1917),.UNSPECIFIED.,.T.,.F.) B_SPLINE_CURVE_WITH_KNOTS((1,2
    ,2,2,2,1),(-2.094395102393,0.,2.094395102393,4.188790204786,
6.28318530718,8.377580409573),.UNSPECIFIED.) CURVE() 
GEOMETRIC_REPRESENTATION_ITEM() RATIONAL_B_SPLINE_CURVE((1.,0.5,1.,0.5,
1.,0.5,1.)) REPRESENTATION_ITEM('') );
#1911 = CARTESIAN_POINT('',(54.5,0.));
#1912 = CARTESIAN_POINT('',(53.633974596216,0.));
#1913 = CARTESIAN_POINT('',(54.066987298108,0.75));
#1914 = CARTESIAN_POINT('',(54.5,1.5));
#1915 = CARTESIAN_POINT('',(54.933012701892,0.75));
#1916 = CARTESIAN_POINT('',(55.366025403784,7.771561172376E-16));
#1917 = CARTESIAN_POINT('',(54.5,0.));
#1918 = ( GEOMETRIC_REPRESENTATION_CONTEXT(2) 
PARAMETRIC_REPRESENTATION_CONTEXT() REPRESENTATION_CONTEXT('2D SPACE',''
  ) );
#1919 = ORIENTED_EDGE('',*,*,#1920,.F.);
#1920 = EDGE_CURVE('',#728,#1893,#1921,.T.);
#1921 = SURFACE_CURVE('',#1922,(#1926,#1933),.PCURVE_S1.);
#1922 = LINE('',#1923,#1924);
#1923 = CARTESIAN_POINT('',(27.5,-10.75,9.3));
#1924 = VECTOR('',#1925,1.);
#1925 = DIRECTION('',(0.,0.,1.));
#1926 = PCURVE('',#776,#1927);
#1927 = DEFINITIONAL_REPRESENTATION('',(#1928),#1932);
#1928 = LINE('',#1929,#1930);
#1929 = CARTESIAN_POINT('',(-0.,0.));
#1930 = VECTOR('',#1931,1.);
#1931 = DIRECTION('',(-0.,1.));
#1932 = ( GEOMETRIC_REPRESENTATION_CONTEXT(2) 
PARAMETRIC_REPRESENTATION_CONTEXT() REPRESENTATION_CONTEXT('2D SPACE',''
  ) );
#1933 = PCURVE('',#743,#1934);
#1934 = DEFINITIONAL_REPRESENTATION('',(#1935),#1939);
#1935 = LINE('',#1936,#1937);
#1936 = CARTESIAN_POINT('',(0.,-0.5));
#1937 = VECTOR('',#1938,1.);
#1938 = DIRECTION('',(1.,0.));
#1939 = ( GEOMETRIC_REPRESENTATION_CONTEXT(2) 
PARAMETRIC_REPRESENTATION_CONTEXT() REPRESENTATION_CONTEXT('2D SPACE',''
  ) );
#1940 = ADVANCED_FACE('',(#1941),#743,.F.);
#1941 = FACE_BOUND('',#1942,.F.);
#1942 = EDGE_LOOP('',(#1943,#1966,#1967,#1968));
#1943 = ORIENTED_EDGE('',*,*,#1944,.F.);
#1944 = EDGE_CURVE('',#1893,#1945,#1947,.T.);
#1945 = VERTEX_POINT('',#1946);
#1946 = CARTESIAN_POINT('',(27.5,10.75,16.6));
#1947 = SURFACE_CURVE('',#1948,(#1952,#1959),.PCURVE_S1.);
#1948 = LINE('',#1949,#1950);
#1949 = CARTESIAN_POINT('',(27.5,-11.25,16.6));
#1950 = VECTOR('',#1951,1.);
#1951 = DIRECTION('',(0.,1.,0.));
#1952 = PCURVE('',#743,#1953);
#1953 = DEFINITIONAL_REPRESENTATION('',(#1954),#1958);
#1954 = LINE('',#1955,#1956);
#1955 = CARTESIAN_POINT('',(7.3,0.));
#1956 = VECTOR('',#1957,1.);
#1957 = DIRECTION('',(0.,-1.));
#1958 = ( GEOMETRIC_REPRESENTATION_CONTEXT(2) 
PARAMETRIC_REPRESENTATION_CONTEXT() REPRESENTATION_CONTEXT('2D SPACE',''
  ) );
#1959 = PCURVE('',#1805,#1960);
#1960 = DEFINITIONAL_REPRESENTATION('',(#1961),#1965);
#1961 = LINE('',#1962,#1963);
#1962 = CARTESIAN_POINT('',(55.,0.));
#1963 = VECTOR('',#1964,1.);
#1964 = DIRECTION('',(0.,1.));
#1965 = ( GEOMETRIC_REPRESENTATION_CONTEXT(2) 
PARAMETRIC_REPRESENTATION_CONTEXT() REPRESENTATION_CONTEXT('2D SPACE',''
  ) );
#1966 = ORIENTED_EDGE('',*,*,#1920,.F.);
#1967 = ORIENTED_EDGE('',*,*,#727,.T.);
#1968 = ORIENTED_EDGE('',*,*,#1969,.T.);
#1969 = EDGE_CURVE('',#699,#1945,#1970,.T.);
#1970 = SURFACE_CURVE('',#1971,(#1975,#1982),.PCURVE_S1.);
#1971 = LINE('',#1972,#1973);
#1972 = CARTESIAN_POINT('',(27.5,10.75,9.3));
#1973 = VECTOR('',#1974,1.);
#1974 = DIRECTION('',(0.,0.,1.));
#1975 = PCURVE('',#743,#1976);
#1976 = DEFINITIONAL_REPRESENTATION('',(#1977),#1981);
#1977 = LINE('',#1978,#1979);
#1978 = CARTESIAN_POINT('',(0.,-22.));
#1979 = VECTOR('',#1980,1.);
#1980 = DIRECTION('',(1.,0.));
#1981 = ( GEOMETRIC_REPRESENTATION_CONTEXT(2) 
PARAMETRIC_REPRESENTATION_CONTEXT() REPRESENTATION_CONTEXT('2D SPACE',''
  ) );
#1982 = PCURVE('',#715,#1983);
#1983 = DEFINITIONAL_REPRESENTATION('',(#1984),#1988);
#1984 = LINE('',#1985,#1986);
#1985 = CARTESIAN_POINT('',(0.,0.));
#1986 = VECTOR('',#1987,1.);
#1987 = DIRECTION('',(0.,1.));
#1988 = ( GEOMETRIC_REPRESENTATION_CONTEXT(2) 
PARAMETRIC_REPRESENTATION_CONTEXT() REPRESENTATION_CONTEXT('2D SPACE',''
  ) );
#1989 = ADVANCED_FACE('',(#1990),#715,.F.);
#1990 = FACE_BOUND('',#1991,.F.);
#1991 = EDGE_LOOP('',(#1992,#1993,#2016,#2038));
#1992 = ORIENTED_EDGE('',*,*,#698,.T.);
#1993 = ORIENTED_EDGE('',*,*,#1994,.T.);
#1994 = EDGE_CURVE('',#671,#1995,#1997,.T.);
#1995 = VERTEX_POINT('',#1996);
#1996 = CARTESIAN_POINT('',(27.,11.25,16.6));
#1997 = SURFACE_CURVE('',#1998,(#2002,#2009),.PCURVE_S1.);
#1998 = LINE('',#1999,#2000);
#1999 = CARTESIAN_POINT('',(27.,11.25,9.3));
#2000 = VECTOR('',#2001,1.);
#2001 = DIRECTION('',(0.,0.,1.));
#2002 = PCURVE('',#715,#2003);
#2003 = DEFINITIONAL_REPRESENTATION('',(#2004),#2008);
#2004 = LINE('',#2005,#2006);
#2005 = CARTESIAN_POINT('',(1.570796326795,0.));
#2006 = VECTOR('',#2007,1.);
#2007 = DIRECTION('',(0.,1.));
#2008 = ( GEOMETRIC_REPRESENTATION_CONTEXT(2) 
PARAMETRIC_REPRESENTATION_CONTEXT() REPRESENTATION_CONTEXT('2D SPACE',''
  ) );
#2009 = PCURVE('',#686,#2010);
#2010 = DEFINITIONAL_REPRESENTATION('',(#2011),#2015);
#2011 = LINE('',#2012,#2013);
#2012 = CARTESIAN_POINT('',(0.,54.5));
#2013 = VECTOR('',#2014,1.);
#2014 = DIRECTION('',(1.,0.));
#2015 = ( GEOMETRIC_REPRESENTATION_CONTEXT(2) 
PARAMETRIC_REPRESENTATION_CONTEXT() REPRESENTATION_CONTEXT('2D SPACE',''
  ) );
#2016 = ORIENTED_EDGE('',*,*,#2017,.F.);
#2017 = EDGE_CURVE('',#1945,#1995,#2018,.T.);
#2018 = SURFACE_CURVE('',#2019,(#2024,#2031),.PCURVE_S1.);
#2019 = CIRCLE('',#2020,0.5);
#2020 = AXIS2_PLACEMENT_3D('',#2021,#2022,#2023);
#2021 = CARTESIAN_POINT('',(27.,10.75,16.6));
#2022 = DIRECTION('',(0.,0.,1.));
#2023 = DIRECTION('',(0.,-1.,0.));
#2024 = PCURVE('',#715,#2025);
#2025 = DEFINITIONAL_REPRESENTATION('',(#2026),#2030);
#2026 = LINE('',#2027,#2028);
#2027 = CARTESIAN_POINT('',(-1.570796326795,7.3));
#2028 = VECTOR('',#2029,1.);
#2029 = DIRECTION('',(1.,0.));
#2030 = ( GEOMETRIC_REPRESENTATION_CONTEXT(2) 
PARAMETRIC_REPRESENTATION_CONTEXT() REPRESENTATION_CONTEXT('2D SPACE',''
  ) );
#2031 = PCURVE('',#1805,#2032);
#2032 = DEFINITIONAL_REPRESENTATION('',(#2033),#2037);
#2033 = CIRCLE('',#2034,0.5);
#2034 = AXIS2_PLACEMENT_2D('',#2035,#2036);
#2035 = CARTESIAN_POINT('',(54.5,22.));
#2036 = DIRECTION('',(0.,-1.));
#2037 = ( GEOMETRIC_REPRESENTATION_CONTEXT(2) 
PARAMETRIC_REPRESENTATION_CONTEXT() REPRESENTATION_CONTEXT('2D SPACE',''
  ) );
#2038 = ORIENTED_EDGE('',*,*,#1969,.F.);
#2039 = ADVANCED_FACE('',(#2040),#686,.F.);
#2040 = FACE_BOUND('',#2041,.F.);
#2041 = EDGE_LOOP('',(#2042,#2043,#2066,#2087));
#2042 = ORIENTED_EDGE('',*,*,#670,.F.);
#2043 = ORIENTED_EDGE('',*,*,#2044,.T.);
#2044 = EDGE_CURVE('',#638,#2045,#2047,.T.);
#2045 = VERTEX_POINT('',#2046);
#2046 = CARTESIAN_POINT('',(-27.,11.25,16.6));
#2047 = SURFACE_CURVE('',#2048,(#2052,#2059),.PCURVE_S1.);
#2048 = LINE('',#2049,#2050);
#2049 = CARTESIAN_POINT('',(-27.,11.25,9.3));
#2050 = VECTOR('',#2051,1.);
#2051 = DIRECTION('',(0.,0.,1.));
#2052 = PCURVE('',#686,#2053);
#2053 = DEFINITIONAL_REPRESENTATION('',(#2054),#2058);
#2054 = LINE('',#2055,#2056);
#2055 = CARTESIAN_POINT('',(0.,0.5));
#2056 = VECTOR('',#2057,1.);
#2057 = DIRECTION('',(1.,0.));
#2058 = ( GEOMETRIC_REPRESENTATION_CONTEXT(2) 
PARAMETRIC_REPRESENTATION_CONTEXT() REPRESENTATION_CONTEXT('2D SPACE',''
  ) );
#2059 = PCURVE('',#658,#2060);
#2060 = DEFINITIONAL_REPRESENTATION('',(#2061),#2065);
#2061 = LINE('',#2062,#2063);
#2062 = CARTESIAN_POINT('',(-1.570796326795,0.));
#2063 = VECTOR('',#2064,1.);
#2064 = DIRECTION('',(-0.,1.));
#2065 = ( GEOMETRIC_REPRESENTATION_CONTEXT(2) 
PARAMETRIC_REPRESENTATION_CONTEXT() REPRESENTATION_CONTEXT('2D SPACE',''
  ) );
#2066 = ORIENTED_EDGE('',*,*,#2067,.T.);
#2067 = EDGE_CURVE('',#2045,#1995,#2068,.T.);
#2068 = SURFACE_CURVE('',#2069,(#2073,#2080),.PCURVE_S1.);
#2069 = LINE('',#2070,#2071);
#2070 = CARTESIAN_POINT('',(-27.5,11.25,16.6));
#2071 = VECTOR('',#2072,1.);
#2072 = DIRECTION('',(1.,0.,0.));
#2073 = PCURVE('',#686,#2074);
#2074 = DEFINITIONAL_REPRESENTATION('',(#2075),#2079);
#2075 = LINE('',#2076,#2077);
#2076 = CARTESIAN_POINT('',(7.3,0.));
#2077 = VECTOR('',#2078,1.);
#2078 = DIRECTION('',(0.,1.));
#2079 = ( GEOMETRIC_REPRESENTATION_CONTEXT(2) 
PARAMETRIC_REPRESENTATION_CONTEXT() REPRESENTATION_CONTEXT('2D SPACE',''
  ) );
#2080 = PCURVE('',#1805,#2081);
#2081 = DEFINITIONAL_REPRESENTATION('',(#2082),#2086);
#2082 = LINE('',#2083,#2084);
#2083 = CARTESIAN_POINT('',(0.,22.5));
#2084 = VECTOR('',#2085,1.);
#2085 = DIRECTION('',(1.,0.));
#2086 = ( GEOMETRIC_REPRESENTATION_CONTEXT(2) 
PARAMETRIC_REPRESENTATION_CONTEXT() REPRESENTATION_CONTEXT('2D SPACE',''
  ) );
#2087 = ORIENTED_EDGE('',*,*,#1994,.F.);
#2088 = ADVANCED_FACE('',(#2089),#658,.F.);
#2089 = FACE_BOUND('',#2090,.T.);
#2090 = EDGE_LOOP('',(#2091,#2092,#2093,#2121));
#2091 = ORIENTED_EDGE('',*,*,#637,.T.);
#2092 = ORIENTED_EDGE('',*,*,#2044,.T.);
#2093 = ORIENTED_EDGE('',*,*,#2094,.F.);
#2094 = EDGE_CURVE('',#2095,#2045,#2097,.T.);
#2095 = VERTEX_POINT('',#2096);
#2096 = CARTESIAN_POINT('',(-27.5,10.75,16.6));
#2097 = SURFACE_CURVE('',#2098,(#2103,#2110),.PCURVE_S1.);
#2098 = CIRCLE('',#2099,0.5);
#2099 = AXIS2_PLACEMENT_3D('',#2100,#2101,#2102);
#2100 = CARTESIAN_POINT('',(-27.,10.75,16.6));
#2101 = DIRECTION('',(-0.,-0.,-1.));
#2102 = DIRECTION('',(0.,-1.,0.));
#2103 = PCURVE('',#658,#2104);
#2104 = DEFINITIONAL_REPRESENTATION('',(#2105),#2109);
#2105 = LINE('',#2106,#2107);
#2106 = CARTESIAN_POINT('',(1.570796326795,7.3));
#2107 = VECTOR('',#2108,1.);
#2108 = DIRECTION('',(-1.,0.));
#2109 = ( GEOMETRIC_REPRESENTATION_CONTEXT(2) 
PARAMETRIC_REPRESENTATION_CONTEXT() REPRESENTATION_CONTEXT('2D SPACE',''
  ) );
#2110 = PCURVE('',#1805,#2111);
#2111 = DEFINITIONAL_REPRESENTATION('',(#2112),#2120);
#2112 = ( BOUNDED_CURVE() B_SPLINE_CURVE(2,(#2113,#2114,#2115,#2116,
#2117,#2118,#2119),.UNSPECIFIED.,.T.,.F.) B_SPLINE_CURVE_WITH_KNOTS((1,2
    ,2,2,2,1),(-2.094395102393,0.,2.094395102393,4.188790204786,
6.28318530718,8.377580409573),.UNSPECIFIED.) CURVE() 
GEOMETRIC_REPRESENTATION_ITEM() RATIONAL_B_SPLINE_CURVE((1.,0.5,1.,0.5,
1.,0.5,1.)) REPRESENTATION_ITEM('') );
#2113 = CARTESIAN_POINT('',(0.5,21.5));
#2114 = CARTESIAN_POINT('',(-0.366025403784,21.5));
#2115 = CARTESIAN_POINT('',(6.698729810778E-02,22.25));
#2116 = CARTESIAN_POINT('',(0.5,23.));
#2117 = CARTESIAN_POINT('',(0.933012701892,22.25));
#2118 = CARTESIAN_POINT('',(1.366025403784,21.5));
#2119 = CARTESIAN_POINT('',(0.5,21.5));
#2120 = ( GEOMETRIC_REPRESENTATION_CONTEXT(2) 
PARAMETRIC_REPRESENTATION_CONTEXT() REPRESENTATION_CONTEXT('2D SPACE',''
  ) );
#2121 = ORIENTED_EDGE('',*,*,#2122,.F.);
#2122 = EDGE_CURVE('',#610,#2095,#2123,.T.);
#2123 = SURFACE_CURVE('',#2124,(#2128,#2135),.PCURVE_S1.);
#2124 = LINE('',#2125,#2126);
#2125 = CARTESIAN_POINT('',(-27.5,10.75,9.3));
#2126 = VECTOR('',#2127,1.);
#2127 = DIRECTION('',(0.,0.,1.));
#2128 = PCURVE('',#658,#2129);
#2129 = DEFINITIONAL_REPRESENTATION('',(#2130),#2134);
#2130 = LINE('',#2131,#2132);
#2131 = CARTESIAN_POINT('',(-0.,0.));
#2132 = VECTOR('',#2133,1.);
#2133 = DIRECTION('',(-0.,1.));
#2134 = ( GEOMETRIC_REPRESENTATION_CONTEXT(2) 
PARAMETRIC_REPRESENTATION_CONTEXT() REPRESENTATION_CONTEXT('2D SPACE',''
  ) );
#2135 = PCURVE('',#625,#2136);
#2136 = DEFINITIONAL_REPRESENTATION('',(#2137),#2141);
#2137 = LINE('',#2138,#2139);
#2138 = CARTESIAN_POINT('',(0.,-22.));
#2139 = VECTOR('',#2140,1.);
#2140 = DIRECTION('',(1.,0.));
#2141 = ( GEOMETRIC_REPRESENTATION_CONTEXT(2) 
PARAMETRIC_REPRESENTATION_CONTEXT() REPRESENTATION_CONTEXT('2D SPACE',''
  ) );
#2142 = ADVANCED_FACE('',(#2143,#2169),#625,.T.);
#2143 = FACE_BOUND('',#2144,.T.);
#2144 = EDGE_LOOP('',(#2145,#2166,#2167,#2168));
#2145 = ORIENTED_EDGE('',*,*,#2146,.F.);
#2146 = EDGE_CURVE('',#1789,#2095,#2147,.T.);
#2147 = SURFACE_CURVE('',#2148,(#2152,#2159),.PCURVE_S1.);
#2148 = LINE('',#2149,#2150);
#2149 = CARTESIAN_POINT('',(-27.5,-11.25,16.6));
#2150 = VECTOR('',#2151,1.);
#2151 = DIRECTION('',(0.,1.,0.));
#2152 = PCURVE('',#625,#2153);
#2153 = DEFINITIONAL_REPRESENTATION('',(#2154),#2158);
#2154 = LINE('',#2155,#2156);
#2155 = CARTESIAN_POINT('',(7.3,0.));
#2156 = VECTOR('',#2157,1.);
#2157 = DIRECTION('',(0.,-1.));
#2158 = ( GEOMETRIC_REPRESENTATION_CONTEXT(2) 
PARAMETRIC_REPRESENTATION_CONTEXT() REPRESENTATION_CONTEXT('2D SPACE',''
  ) );
#2159 = PCURVE('',#1805,#2160);
#2160 = DEFINITIONAL_REPRESENTATION('',(#2161),#2165);
#2161 = LINE('',#2162,#2163);
#2162 = CARTESIAN_POINT('',(0.,0.));
#2163 = VECTOR('',#2164,1.);
#2164 = DIRECTION('',(0.,1.));
#2165 = ( GEOMETRIC_REPRESENTATION_CONTEXT(2) 
PARAMETRIC_REPRESENTATION_CONTEXT() REPRESENTATION_CONTEXT('2D SPACE',''
  ) );
#2166 = ORIENTED_EDGE('',*,*,#1817,.F.);
#2167 = ORIENTED_EDGE('',*,*,#609,.T.);
#2168 = ORIENTED_EDGE('',*,*,#2122,.T.);
#2169 = FACE_BOUND('',#2170,.T.);
#2170 = EDGE_LOOP('',(#2171,#2172,#2173,#2174));
#2171 = ORIENTED_EDGE('',*,*,#914,.T.);
#2172 = ORIENTED_EDGE('',*,*,#1033,.T.);
#2173 = ORIENTED_EDGE('',*,*,#1008,.F.);
#2174 = ORIENTED_EDGE('',*,*,#961,.F.);
#2175 = ADVANCED_FACE('',(#2176),#1070,.F.);
#2176 = FACE_BOUND('',#2177,.F.);
#2177 = EDGE_LOOP('',(#2178,#2197,#2198,#2199));
#2178 = ORIENTED_EDGE('',*,*,#2179,.F.);
#2179 = EDGE_CURVE('',#1114,#1390,#2180,.T.);
#2180 = SURFACE_CURVE('',#2181,(#2185,#2191),.PCURVE_S1.);
#2181 = LINE('',#2182,#2183);
#2182 = CARTESIAN_POINT('',(27.,-13.25,17.8));
#2183 = VECTOR('',#2184,1.);
#2184 = DIRECTION('',(-4.329780281177E-17,0.707106781187,0.707106781187)
  );
#2185 = PCURVE('',#1070,#2186);
#2186 = DEFINITIONAL_REPRESENTATION('',(#2187),#2190);
#2187 = B_SPLINE_CURVE_WITH_KNOTS('',1,(#2188,#2189),.UNSPECIFIED.,.F.,
  .F.,(2,2),(0.,1.131370849898),.PIECEWISE_BEZIER_KNOTS.);
#2188 = CARTESIAN_POINT('',(0.,-0.565685424949));
#2189 = CARTESIAN_POINT('',(0.,0.565685424949));
#2190 = ( GEOMETRIC_REPRESENTATION_CONTEXT(2) 
PARAMETRIC_REPRESENTATION_CONTEXT() REPRESENTATION_CONTEXT('2D SPACE',''
  ) );
#2191 = PCURVE('',#1433,#2192);
#2192 = DEFINITIONAL_REPRESENTATION('',(#2193),#2196);
#2193 = B_SPLINE_CURVE_WITH_KNOTS('',1,(#2194,#2195),.UNSPECIFIED.,.F.,
  .F.,(2,2),(0.,1.131370849898),.PIECEWISE_BEZIER_KNOTS.);
#2194 = CARTESIAN_POINT('',(1.570796326795,0.));
#2195 = CARTESIAN_POINT('',(1.570796326795,-0.8));
#2196 = ( GEOMETRIC_REPRESENTATION_CONTEXT(2) 
PARAMETRIC_REPRESENTATION_CONTEXT() REPRESENTATION_CONTEXT('2D SPACE',''
  ) );
#2197 = ORIENTED_EDGE('',*,*,#1113,.T.);
#2198 = ORIENTED_EDGE('',*,*,#1055,.T.);
#2199 = ORIENTED_EDGE('',*,*,#1389,.F.);
#2200 = ADVANCED_FACE('',(#2201),#1178,.T.);
#2201 = FACE_BOUND('',#2202,.T.);
#2202 = EDGE_LOOP('',(#2203,#2226,#2254,#2275));
#2203 = ORIENTED_EDGE('',*,*,#2204,.T.);
#2204 = EDGE_CURVE('',#1161,#2205,#2207,.T.);
#2205 = VERTEX_POINT('',#2206);
#2206 = CARTESIAN_POINT('',(-19.67114257812,-12.55,12.21904296875));
#2207 = SURFACE_CURVE('',#2208,(#2212,#2219),.PCURVE_S1.);
#2208 = LINE('',#2209,#2210);
#2209 = CARTESIAN_POINT('',(-19.67114257812,-13.25,12.21904296875));
#2210 = VECTOR('',#2211,1.);
#2211 = DIRECTION('',(-0.,1.,-0.));
#2212 = PCURVE('',#1178,#2213);
#2213 = DEFINITIONAL_REPRESENTATION('',(#2214),#2218);
#2214 = LINE('',#2215,#2216);
#2215 = CARTESIAN_POINT('',(0.,0.));
#2216 = VECTOR('',#2217,1.);
#2217 = DIRECTION('',(0.,-1.));
#2218 = ( GEOMETRIC_REPRESENTATION_CONTEXT(2) 
PARAMETRIC_REPRESENTATION_CONTEXT() REPRESENTATION_CONTEXT('2D SPACE',''
  ) );
#2219 = PCURVE('',#1206,#2220);
#2220 = DEFINITIONAL_REPRESENTATION('',(#2221),#2225);
#2221 = LINE('',#2222,#2223);
#2222 = CARTESIAN_POINT('',(0.52001953125,0.));
#2223 = VECTOR('',#2224,1.);
#2224 = DIRECTION('',(0.,-1.));
#2225 = ( GEOMETRIC_REPRESENTATION_CONTEXT(2) 
PARAMETRIC_REPRESENTATION_CONTEXT() REPRESENTATION_CONTEXT('2D SPACE',''
  ) );
#2226 = ORIENTED_EDGE('',*,*,#2227,.T.);
#2227 = EDGE_CURVE('',#2205,#2228,#2230,.T.);
#2228 = VERTEX_POINT('',#2229);
#2229 = CARTESIAN_POINT('',(-18.27954101562,-12.55,15.8640625));
#2230 = SURFACE_CURVE('',#2231,(#2235,#2242),.PCURVE_S1.);
#2231 = LINE('',#2232,#2233);
#2232 = CARTESIAN_POINT('',(-19.67114257812,-12.55,12.21904296875));
#2233 = VECTOR('',#2234,1.);
#2234 = DIRECTION('',(0.356671776907,0.,0.934229759512));
#2235 = PCURVE('',#1178,#2236);
#2236 = DEFINITIONAL_REPRESENTATION('',(#2237),#2241);
#2237 = LINE('',#2238,#2239);
#2238 = CARTESIAN_POINT('',(0.,-0.7));
#2239 = VECTOR('',#2240,1.);
#2240 = DIRECTION('',(1.,0.));
#2241 = ( GEOMETRIC_REPRESENTATION_CONTEXT(2) 
PARAMETRIC_REPRESENTATION_CONTEXT() REPRESENTATION_CONTEXT('2D SPACE',''
  ) );
#2242 = PCURVE('',#2243,#2248);
#2243 = PLANE('',#2244);
#2244 = AXIS2_PLACEMENT_3D('',#2245,#2246,#2247);
#2245 = CARTESIAN_POINT('',(-19.71020507812,-12.55,12.21904296875));
#2246 = DIRECTION('',(0.,-1.,0.));
#2247 = DIRECTION('',(1.,0.,0.));
#2248 = DEFINITIONAL_REPRESENTATION('',(#2249),#2253);
#2249 = LINE('',#2250,#2251);
#2250 = CARTESIAN_POINT('',(3.90625E-02,0.));
#2251 = VECTOR('',#2252,1.);
#2252 = DIRECTION('',(0.356671776907,0.934229759512));
#2253 = ( GEOMETRIC_REPRESENTATION_CONTEXT(2) 
PARAMETRIC_REPRESENTATION_CONTEXT() REPRESENTATION_CONTEXT('2D SPACE',''
  ) );
#2254 = ORIENTED_EDGE('',*,*,#2255,.F.);
#2255 = EDGE_CURVE('',#1163,#2228,#2256,.T.);
#2256 = SURFACE_CURVE('',#2257,(#2261,#2268),.PCURVE_S1.);
#2257 = LINE('',#2258,#2259);
#2258 = CARTESIAN_POINT('',(-18.27954101562,-13.25,15.8640625));
#2259 = VECTOR('',#2260,1.);
#2260 = DIRECTION('',(-0.,1.,-0.));
#2261 = PCURVE('',#1178,#2262);
#2262 = DEFINITIONAL_REPRESENTATION('',(#2263),#2267);
#2263 = LINE('',#2264,#2265);
#2264 = CARTESIAN_POINT('',(3.90163072214,0.));
#2265 = VECTOR('',#2266,1.);
#2266 = DIRECTION('',(0.,-1.));
#2267 = ( GEOMETRIC_REPRESENTATION_CONTEXT(2) 
PARAMETRIC_REPRESENTATION_CONTEXT() REPRESENTATION_CONTEXT('2D SPACE',''
  ) );
#2268 = PCURVE('',#1372,#2269);
#2269 = DEFINITIONAL_REPRESENTATION('',(#2270),#2274);
#2270 = LINE('',#2271,#2272);
#2271 = CARTESIAN_POINT('',(0.,0.));
#2272 = VECTOR('',#2273,1.);
#2273 = DIRECTION('',(0.,-1.));
#2274 = ( GEOMETRIC_REPRESENTATION_CONTEXT(2) 
PARAMETRIC_REPRESENTATION_CONTEXT() REPRESENTATION_CONTEXT('2D SPACE',''
  ) );
#2275 = ORIENTED_EDGE('',*,*,#1160,.F.);
#2276 = ADVANCED_FACE('',(#2277),#1372,.T.);
#2277 = FACE_BOUND('',#2278,.T.);
#2278 = EDGE_LOOP('',(#2279,#2280,#2303,#2324));
#2279 = ORIENTED_EDGE('',*,*,#2255,.T.);
#2280 = ORIENTED_EDGE('',*,*,#2281,.T.);
#2281 = EDGE_CURVE('',#2228,#2282,#2284,.T.);
#2282 = VERTEX_POINT('',#2283);
#2283 = CARTESIAN_POINT('',(-17.72045898437,-12.55,15.8640625));
#2284 = SURFACE_CURVE('',#2285,(#2289,#2296),.PCURVE_S1.);
#2285 = LINE('',#2286,#2287);
#2286 = CARTESIAN_POINT('',(-18.27954101562,-12.55,15.8640625));
#2287 = VECTOR('',#2288,1.);
#2288 = DIRECTION('',(1.,0.,0.));
#2289 = PCURVE('',#1372,#2290);
#2290 = DEFINITIONAL_REPRESENTATION('',(#2291),#2295);
#2291 = LINE('',#2292,#2293);
#2292 = CARTESIAN_POINT('',(0.,-0.7));
#2293 = VECTOR('',#2294,1.);
#2294 = DIRECTION('',(1.,0.));
#2295 = ( GEOMETRIC_REPRESENTATION_CONTEXT(2) 
PARAMETRIC_REPRESENTATION_CONTEXT() REPRESENTATION_CONTEXT('2D SPACE',''
  ) );
#2296 = PCURVE('',#2243,#2297);
#2297 = DEFINITIONAL_REPRESENTATION('',(#2298),#2302);
#2298 = LINE('',#2299,#2300);
#2299 = CARTESIAN_POINT('',(1.4306640625,3.64501953125));
#2300 = VECTOR('',#2301,1.);
#2301 = DIRECTION('',(1.,0.));
#2302 = ( GEOMETRIC_REPRESENTATION_CONTEXT(2) 
PARAMETRIC_REPRESENTATION_CONTEXT() REPRESENTATION_CONTEXT('2D SPACE',''
  ) );
#2303 = ORIENTED_EDGE('',*,*,#2304,.F.);
#2304 = EDGE_CURVE('',#1331,#2282,#2305,.T.);
#2305 = SURFACE_CURVE('',#2306,(#2310,#2317),.PCURVE_S1.);
#2306 = LINE('',#2307,#2308);
#2307 = CARTESIAN_POINT('',(-17.72045898437,-13.25,15.8640625));
#2308 = VECTOR('',#2309,1.);
#2309 = DIRECTION('',(-0.,1.,-0.));
#2310 = PCURVE('',#1372,#2311);
#2311 = DEFINITIONAL_REPRESENTATION('',(#2312),#2316);
#2312 = LINE('',#2313,#2314);
#2313 = CARTESIAN_POINT('',(0.55908203125,0.));
#2314 = VECTOR('',#2315,1.);
#2315 = DIRECTION('',(0.,-1.));
#2316 = ( GEOMETRIC_REPRESENTATION_CONTEXT(2) 
PARAMETRIC_REPRESENTATION_CONTEXT() REPRESENTATION_CONTEXT('2D SPACE',''
  ) );
#2317 = PCURVE('',#1346,#2318);
#2318 = DEFINITIONAL_REPRESENTATION('',(#2319),#2323);
#2319 = LINE('',#2320,#2321);
#2320 = CARTESIAN_POINT('',(0.,0.));
#2321 = VECTOR('',#2322,1.);
#2322 = DIRECTION('',(0.,-1.));
#2323 = ( GEOMETRIC_REPRESENTATION_CONTEXT(2) 
PARAMETRIC_REPRESENTATION_CONTEXT() REPRESENTATION_CONTEXT('2D SPACE',''
  ) );
#2324 = ORIENTED_EDGE('',*,*,#1358,.F.);
#2325 = ADVANCED_FACE('',(#2326),#1346,.T.);
#2326 = FACE_BOUND('',#2327,.T.);
#2327 = EDGE_LOOP('',(#2328,#2329,#2352,#2373));
#2328 = ORIENTED_EDGE('',*,*,#2304,.T.);
#2329 = ORIENTED_EDGE('',*,*,#2330,.T.);
#2330 = EDGE_CURVE('',#2282,#2331,#2333,.T.);
#2331 = VERTEX_POINT('',#2332);
#2332 = CARTESIAN_POINT('',(-16.33129882812,-12.55,12.21904296875));
#2333 = SURFACE_CURVE('',#2334,(#2338,#2345),.PCURVE_S1.);
#2334 = LINE('',#2335,#2336);
#2335 = CARTESIAN_POINT('',(-17.72045898437,-12.55,15.8640625));
#2336 = VECTOR('',#2337,1.);
#2337 = DIRECTION('',(0.35612545751,0.,-0.934438151251));
#2338 = PCURVE('',#1346,#2339);
#2339 = DEFINITIONAL_REPRESENTATION('',(#2340),#2344);
#2340 = LINE('',#2341,#2342);
#2341 = CARTESIAN_POINT('',(0.,-0.7));
#2342 = VECTOR('',#2343,1.);
#2343 = DIRECTION('',(1.,0.));
#2344 = ( GEOMETRIC_REPRESENTATION_CONTEXT(2) 
PARAMETRIC_REPRESENTATION_CONTEXT() REPRESENTATION_CONTEXT('2D SPACE',''
  ) );
#2345 = PCURVE('',#2243,#2346);
#2346 = DEFINITIONAL_REPRESENTATION('',(#2347),#2351);
#2347 = LINE('',#2348,#2349);
#2348 = CARTESIAN_POINT('',(1.98974609375,3.64501953125));
#2349 = VECTOR('',#2350,1.);
#2350 = DIRECTION('',(0.35612545751,-0.934438151251));
#2351 = ( GEOMETRIC_REPRESENTATION_CONTEXT(2) 
PARAMETRIC_REPRESENTATION_CONTEXT() REPRESENTATION_CONTEXT('2D SPACE',''
  ) );
#2352 = ORIENTED_EDGE('',*,*,#2353,.F.);
#2353 = EDGE_CURVE('',#1303,#2331,#2354,.T.);
#2354 = SURFACE_CURVE('',#2355,(#2359,#2366),.PCURVE_S1.);
#2355 = LINE('',#2356,#2357);
#2356 = CARTESIAN_POINT('',(-16.33129882812,-13.25,12.21904296875));
#2357 = VECTOR('',#2358,1.);
#2358 = DIRECTION('',(-0.,1.,-0.));
#2359 = PCURVE('',#1346,#2360);
#2360 = DEFINITIONAL_REPRESENTATION('',(#2361),#2365);
#2361 = LINE('',#2362,#2363);
#2362 = CARTESIAN_POINT('',(3.900760608254,0.));
#2363 = VECTOR('',#2364,1.);
#2364 = DIRECTION('',(0.,-1.));
#2365 = ( GEOMETRIC_REPRESENTATION_CONTEXT(2) 
PARAMETRIC_REPRESENTATION_CONTEXT() REPRESENTATION_CONTEXT('2D SPACE',''
  ) );
#2366 = PCURVE('',#1318,#2367);
#2367 = DEFINITIONAL_REPRESENTATION('',(#2368),#2372);
#2368 = LINE('',#2369,#2370);
#2369 = CARTESIAN_POINT('',(0.,0.));
#2370 = VECTOR('',#2371,1.);
#2371 = DIRECTION('',(0.,-1.));
#2372 = ( GEOMETRIC_REPRESENTATION_CONTEXT(2) 
PARAMETRIC_REPRESENTATION_CONTEXT() REPRESENTATION_CONTEXT('2D SPACE',''
  ) );
#2373 = ORIENTED_EDGE('',*,*,#1330,.F.);
#2374 = ADVANCED_FACE('',(#2375),#1318,.T.);
#2375 = FACE_BOUND('',#2376,.T.);
#2376 = EDGE_LOOP('',(#2377,#2378,#2401,#2422));
#2377 = ORIENTED_EDGE('',*,*,#2353,.T.);
#2378 = ORIENTED_EDGE('',*,*,#2379,.T.);
#2379 = EDGE_CURVE('',#2331,#2380,#2382,.T.);
#2380 = VERTEX_POINT('',#2381);
#2381 = CARTESIAN_POINT('',(-16.84399414062,-12.55,12.21904296875));
#2382 = SURFACE_CURVE('',#2383,(#2387,#2394),.PCURVE_S1.);
#2383 = LINE('',#2384,#2385);
#2384 = CARTESIAN_POINT('',(-16.33129882812,-12.55,12.21904296875));
#2385 = VECTOR('',#2386,1.);
#2386 = DIRECTION('',(-1.,0.,0.));
#2387 = PCURVE('',#1318,#2388);
#2388 = DEFINITIONAL_REPRESENTATION('',(#2389),#2393);
#2389 = LINE('',#2390,#2391);
#2390 = CARTESIAN_POINT('',(0.,-0.7));
#2391 = VECTOR('',#2392,1.);
#2392 = DIRECTION('',(1.,0.));
#2393 = ( GEOMETRIC_REPRESENTATION_CONTEXT(2) 
PARAMETRIC_REPRESENTATION_CONTEXT() REPRESENTATION_CONTEXT('2D SPACE',''
  ) );
#2394 = PCURVE('',#2243,#2395);
#2395 = DEFINITIONAL_REPRESENTATION('',(#2396),#2400);
#2396 = LINE('',#2397,#2398);
#2397 = CARTESIAN_POINT('',(3.37890625,0.));
#2398 = VECTOR('',#2399,1.);
#2399 = DIRECTION('',(-1.,0.));
#2400 = ( GEOMETRIC_REPRESENTATION_CONTEXT(2) 
PARAMETRIC_REPRESENTATION_CONTEXT() REPRESENTATION_CONTEXT('2D SPACE',''
  ) );
#2401 = ORIENTED_EDGE('',*,*,#2402,.F.);
#2402 = EDGE_CURVE('',#1275,#2380,#2403,.T.);
#2403 = SURFACE_CURVE('',#2404,(#2408,#2415),.PCURVE_S1.);
#2404 = LINE('',#2405,#2406);
#2405 = CARTESIAN_POINT('',(-16.84399414062,-13.25,12.21904296875));
#2406 = VECTOR('',#2407,1.);
#2407 = DIRECTION('',(-0.,1.,-0.));
#2408 = PCURVE('',#1318,#2409);
#2409 = DEFINITIONAL_REPRESENTATION('',(#2410),#2414);
#2410 = LINE('',#2411,#2412);
#2411 = CARTESIAN_POINT('',(0.5126953125,0.));
#2412 = VECTOR('',#2413,1.);
#2413 = DIRECTION('',(0.,-1.));
#2414 = ( GEOMETRIC_REPRESENTATION_CONTEXT(2) 
PARAMETRIC_REPRESENTATION_CONTEXT() REPRESENTATION_CONTEXT('2D SPACE',''
  ) );
#2415 = PCURVE('',#1290,#2416);
#2416 = DEFINITIONAL_REPRESENTATION('',(#2417),#2421);
#2417 = LINE('',#2418,#2419);
#2418 = CARTESIAN_POINT('',(0.,0.));
#2419 = VECTOR('',#2420,1.);
#2420 = DIRECTION('',(0.,-1.));
#2421 = ( GEOMETRIC_REPRESENTATION_CONTEXT(2) 
PARAMETRIC_REPRESENTATION_CONTEXT() REPRESENTATION_CONTEXT('2D SPACE',''
  ) );
#2422 = ORIENTED_EDGE('',*,*,#1302,.F.);
#2423 = ADVANCED_FACE('',(#2424),#1290,.T.);
#2424 = FACE_BOUND('',#2425,.T.);
#2425 = EDGE_LOOP('',(#2426,#2427,#2450,#2471));
#2426 = ORIENTED_EDGE('',*,*,#2402,.T.);
#2427 = ORIENTED_EDGE('',*,*,#2428,.T.);
#2428 = EDGE_CURVE('',#2380,#2429,#2431,.T.);
#2429 = VERTEX_POINT('',#2430);
#2430 = CARTESIAN_POINT('',(-17.17602539062,-12.55,13.1541015625));
#2431 = SURFACE_CURVE('',#2432,(#2436,#2443),.PCURVE_S1.);
#2432 = LINE('',#2433,#2434);
#2433 = CARTESIAN_POINT('',(-16.84399414062,-12.55,12.21904296875));
#2434 = VECTOR('',#2435,1.);
#2435 = DIRECTION('',(-0.334621317278,0.,0.942352680276));
#2436 = PCURVE('',#1290,#2437);
#2437 = DEFINITIONAL_REPRESENTATION('',(#2438),#2442);
#2438 = LINE('',#2439,#2440);
#2439 = CARTESIAN_POINT('',(0.,-0.7));
#2440 = VECTOR('',#2441,1.);
#2441 = DIRECTION('',(1.,0.));
#2442 = ( GEOMETRIC_REPRESENTATION_CONTEXT(2) 
PARAMETRIC_REPRESENTATION_CONTEXT() REPRESENTATION_CONTEXT('2D SPACE',''
  ) );
#2443 = PCURVE('',#2243,#2444);
#2444 = DEFINITIONAL_REPRESENTATION('',(#2445),#2449);
#2445 = LINE('',#2446,#2447);
#2446 = CARTESIAN_POINT('',(2.8662109375,0.));
#2447 = VECTOR('',#2448,1.);
#2448 = DIRECTION('',(-0.334621317278,0.942352680276));
#2449 = ( GEOMETRIC_REPRESENTATION_CONTEXT(2) 
PARAMETRIC_REPRESENTATION_CONTEXT() REPRESENTATION_CONTEXT('2D SPACE',''
  ) );
#2450 = ORIENTED_EDGE('',*,*,#2451,.F.);
#2451 = EDGE_CURVE('',#1247,#2429,#2452,.T.);
#2452 = SURFACE_CURVE('',#2453,(#2457,#2464),.PCURVE_S1.);
#2453 = LINE('',#2454,#2455);
#2454 = CARTESIAN_POINT('',(-17.17602539062,-13.25,13.1541015625));
#2455 = VECTOR('',#2456,1.);
#2456 = DIRECTION('',(-0.,1.,-0.));
#2457 = PCURVE('',#1290,#2458);
#2458 = DEFINITIONAL_REPRESENTATION('',(#2459),#2463);
#2459 = LINE('',#2460,#2461);
#2460 = CARTESIAN_POINT('',(0.992259706288,0.));
#2461 = VECTOR('',#2462,1.);
#2462 = DIRECTION('',(0.,-1.));
#2463 = ( GEOMETRIC_REPRESENTATION_CONTEXT(2) 
PARAMETRIC_REPRESENTATION_CONTEXT() REPRESENTATION_CONTEXT('2D SPACE',''
  ) );
#2464 = PCURVE('',#1262,#2465);
#2465 = DEFINITIONAL_REPRESENTATION('',(#2466),#2470);
#2466 = LINE('',#2467,#2468);
#2467 = CARTESIAN_POINT('',(0.,0.));
#2468 = VECTOR('',#2469,1.);
#2469 = DIRECTION('',(0.,-1.));
#2470 = ( GEOMETRIC_REPRESENTATION_CONTEXT(2) 
PARAMETRIC_REPRESENTATION_CONTEXT() REPRESENTATION_CONTEXT('2D SPACE',''
  ) );
#2471 = ORIENTED_EDGE('',*,*,#1274,.F.);
#2472 = ADVANCED_FACE('',(#2473),#1262,.T.);
#2473 = FACE_BOUND('',#2474,.T.);
#2474 = EDGE_LOOP('',(#2475,#2476,#2499,#2520));
#2475 = ORIENTED_EDGE('',*,*,#2451,.T.);
#2476 = ORIENTED_EDGE('',*,*,#2477,.T.);
#2477 = EDGE_CURVE('',#2429,#2478,#2480,.T.);
#2478 = VERTEX_POINT('',#2479);
#2479 = CARTESIAN_POINT('',(-18.81909179687,-12.55,13.1541015625));
#2480 = SURFACE_CURVE('',#2481,(#2485,#2492),.PCURVE_S1.);
#2481 = LINE('',#2482,#2483);
#2482 = CARTESIAN_POINT('',(-17.17602539062,-12.55,13.1541015625));
#2483 = VECTOR('',#2484,1.);
#2484 = DIRECTION('',(-1.,0.,0.));
#2485 = PCURVE('',#1262,#2486);
#2486 = DEFINITIONAL_REPRESENTATION('',(#2487),#2491);
#2487 = LINE('',#2488,#2489);
#2488 = CARTESIAN_POINT('',(0.,-0.7));
#2489 = VECTOR('',#2490,1.);
#2490 = DIRECTION('',(1.,0.));
#2491 = ( GEOMETRIC_REPRESENTATION_CONTEXT(2) 
PARAMETRIC_REPRESENTATION_CONTEXT() REPRESENTATION_CONTEXT('2D SPACE',''
  ) );
#2492 = PCURVE('',#2243,#2493);
#2493 = DEFINITIONAL_REPRESENTATION('',(#2494),#2498);
#2494 = LINE('',#2495,#2496);
#2495 = CARTESIAN_POINT('',(2.5341796875,0.93505859375));
#2496 = VECTOR('',#2497,1.);
#2497 = DIRECTION('',(-1.,0.));
#2498 = ( GEOMETRIC_REPRESENTATION_CONTEXT(2) 
PARAMETRIC_REPRESENTATION_CONTEXT() REPRESENTATION_CONTEXT('2D SPACE',''
  ) );
#2499 = ORIENTED_EDGE('',*,*,#2500,.F.);
#2500 = EDGE_CURVE('',#1219,#2478,#2501,.T.);
#2501 = SURFACE_CURVE('',#2502,(#2506,#2513),.PCURVE_S1.);
#2502 = LINE('',#2503,#2504);
#2503 = CARTESIAN_POINT('',(-18.81909179687,-13.25,13.1541015625));
#2504 = VECTOR('',#2505,1.);
#2505 = DIRECTION('',(-0.,1.,-0.));
#2506 = PCURVE('',#1262,#2507);
#2507 = DEFINITIONAL_REPRESENTATION('',(#2508),#2512);
#2508 = LINE('',#2509,#2510);
#2509 = CARTESIAN_POINT('',(1.64306640625,0.));
#2510 = VECTOR('',#2511,1.);
#2511 = DIRECTION('',(0.,-1.));
#2512 = ( GEOMETRIC_REPRESENTATION_CONTEXT(2) 
PARAMETRIC_REPRESENTATION_CONTEXT() REPRESENTATION_CONTEXT('2D SPACE',''
  ) );
#2513 = PCURVE('',#1234,#2514);
#2514 = DEFINITIONAL_REPRESENTATION('',(#2515),#2519);
#2515 = LINE('',#2516,#2517);
#2516 = CARTESIAN_POINT('',(0.,0.));
#2517 = VECTOR('',#2518,1.);
#2518 = DIRECTION('',(0.,-1.));
#2519 = ( GEOMETRIC_REPRESENTATION_CONTEXT(2) 
PARAMETRIC_REPRESENTATION_CONTEXT() REPRESENTATION_CONTEXT('2D SPACE',''
  ) );
#2520 = ORIENTED_EDGE('',*,*,#1246,.F.);
#2521 = ADVANCED_FACE('',(#2522),#1234,.T.);
#2522 = FACE_BOUND('',#2523,.T.);
#2523 = EDGE_LOOP('',(#2524,#2525,#2548,#2569));
#2524 = ORIENTED_EDGE('',*,*,#2500,.T.);
#2525 = ORIENTED_EDGE('',*,*,#2526,.T.);
#2526 = EDGE_CURVE('',#2478,#2527,#2529,.T.);
#2527 = VERTEX_POINT('',#2528);
#2528 = CARTESIAN_POINT('',(-19.15112304687,-12.55,12.21904296875));
#2529 = SURFACE_CURVE('',#2530,(#2534,#2541),.PCURVE_S1.);
#2530 = LINE('',#2531,#2532);
#2531 = CARTESIAN_POINT('',(-18.81909179687,-12.55,13.1541015625));
#2532 = VECTOR('',#2533,1.);
#2533 = DIRECTION('',(-0.334621317278,-0.,-0.942352680276));
#2534 = PCURVE('',#1234,#2535);
#2535 = DEFINITIONAL_REPRESENTATION('',(#2536),#2540);
#2536 = LINE('',#2537,#2538);
#2537 = CARTESIAN_POINT('',(-0.,-0.7));
#2538 = VECTOR('',#2539,1.);
#2539 = DIRECTION('',(1.,0.));
#2540 = ( GEOMETRIC_REPRESENTATION_CONTEXT(2) 
PARAMETRIC_REPRESENTATION_CONTEXT() REPRESENTATION_CONTEXT('2D SPACE',''
  ) );
#2541 = PCURVE('',#2243,#2542);
#2542 = DEFINITIONAL_REPRESENTATION('',(#2543),#2547);
#2543 = LINE('',#2544,#2545);
#2544 = CARTESIAN_POINT('',(0.89111328125,0.93505859375));
#2545 = VECTOR('',#2546,1.);
#2546 = DIRECTION('',(-0.334621317278,-0.942352680276));
#2547 = ( GEOMETRIC_REPRESENTATION_CONTEXT(2) 
PARAMETRIC_REPRESENTATION_CONTEXT() REPRESENTATION_CONTEXT('2D SPACE',''
  ) );
#2548 = ORIENTED_EDGE('',*,*,#2549,.F.);
#2549 = EDGE_CURVE('',#1191,#2527,#2550,.T.);
#2550 = SURFACE_CURVE('',#2551,(#2555,#2562),.PCURVE_S1.);
#2551 = LINE('',#2552,#2553);
#2552 = CARTESIAN_POINT('',(-19.15112304687,-13.25,12.21904296875));
#2553 = VECTOR('',#2554,1.);
#2554 = DIRECTION('',(-0.,1.,-0.));
#2555 = PCURVE('',#1234,#2556);
#2556 = DEFINITIONAL_REPRESENTATION('',(#2557),#2561);
#2557 = LINE('',#2558,#2559);
#2558 = CARTESIAN_POINT('',(0.992259706288,0.));
#2559 = VECTOR('',#2560,1.);
#2560 = DIRECTION('',(0.,-1.));
#2561 = ( GEOMETRIC_REPRESENTATION_CONTEXT(2) 
PARAMETRIC_REPRESENTATION_CONTEXT() REPRESENTATION_CONTEXT('2D SPACE',''
  ) );
#2562 = PCURVE('',#1206,#2563);
#2563 = DEFINITIONAL_REPRESENTATION('',(#2564),#2568);
#2564 = LINE('',#2565,#2566);
#2565 = CARTESIAN_POINT('',(0.,0.));
#2566 = VECTOR('',#2567,1.);
#2567 = DIRECTION('',(0.,-1.));
#2568 = ( GEOMETRIC_REPRESENTATION_CONTEXT(2) 
PARAMETRIC_REPRESENTATION_CONTEXT() REPRESENTATION_CONTEXT('2D SPACE',''
  ) );
#2569 = ORIENTED_EDGE('',*,*,#1218,.F.);
#2570 = ADVANCED_FACE('',(#2571),#1206,.T.);
#2571 = FACE_BOUND('',#2572,.T.);
#2572 = EDGE_LOOP('',(#2573,#2574,#2595,#2596));
#2573 = ORIENTED_EDGE('',*,*,#2549,.T.);
#2574 = ORIENTED_EDGE('',*,*,#2575,.T.);
#2575 = EDGE_CURVE('',#2527,#2205,#2576,.T.);
#2576 = SURFACE_CURVE('',#2577,(#2581,#2588),.PCURVE_S1.);
#2577 = LINE('',#2578,#2579);
#2578 = CARTESIAN_POINT('',(-19.15112304687,-12.55,12.21904296875));
#2579 = VECTOR('',#2580,1.);
#2580 = DIRECTION('',(-1.,0.,0.));
#2581 = PCURVE('',#1206,#2582);
#2582 = DEFINITIONAL_REPRESENTATION('',(#2583),#2587);
#2583 = LINE('',#2584,#2585);
#2584 = CARTESIAN_POINT('',(0.,-0.7));
#2585 = VECTOR('',#2586,1.);
#2586 = DIRECTION('',(1.,0.));
#2587 = ( GEOMETRIC_REPRESENTATION_CONTEXT(2) 
PARAMETRIC_REPRESENTATION_CONTEXT() REPRESENTATION_CONTEXT('2D SPACE',''
  ) );
#2588 = PCURVE('',#2243,#2589);
#2589 = DEFINITIONAL_REPRESENTATION('',(#2590),#2594);
#2590 = LINE('',#2591,#2592);
#2591 = CARTESIAN_POINT('',(0.55908203125,0.));
#2592 = VECTOR('',#2593,1.);
#2593 = DIRECTION('',(-1.,0.));
#2594 = ( GEOMETRIC_REPRESENTATION_CONTEXT(2) 
PARAMETRIC_REPRESENTATION_CONTEXT() REPRESENTATION_CONTEXT('2D SPACE',''
  ) );
#2595 = ORIENTED_EDGE('',*,*,#2204,.F.);
#2596 = ORIENTED_EDGE('',*,*,#1190,.F.);
#2597 = ADVANCED_FACE('',(#2598),#1522,.T.);
#2598 = FACE_BOUND('',#2599,.F.);
#2599 = EDGE_LOOP('',(#2600,#2601,#2602,#2621));
#2600 = ORIENTED_EDGE('',*,*,#1565,.F.);
#2601 = ORIENTED_EDGE('',*,*,#1589,.T.);
#2602 = ORIENTED_EDGE('',*,*,#2603,.T.);
#2603 = EDGE_CURVE('',#1590,#1474,#2604,.T.);
#2604 = SURFACE_CURVE('',#2605,(#2609,#2615),.PCURVE_S1.);
#2605 = LINE('',#2606,#2607);
#2606 = CARTESIAN_POINT('',(27.,12.85,18.2));
#2607 = VECTOR('',#2608,1.);
#2608 = DIRECTION('',(0.,-0.707106781187,0.707106781187));
#2609 = PCURVE('',#1522,#2610);
#2610 = DEFINITIONAL_REPRESENTATION('',(#2611),#2614);
#2611 = B_SPLINE_CURVE_WITH_KNOTS('',1,(#2612,#2613),.UNSPECIFIED.,.F.,
  .F.,(2,2),(-0.565685424949,0.565685424949),.PIECEWISE_BEZIER_KNOTS.);
#2612 = CARTESIAN_POINT('',(-54.,-0.565685424949));
#2613 = CARTESIAN_POINT('',(-54.,0.565685424949));
#2614 = ( GEOMETRIC_REPRESENTATION_CONTEXT(2) 
PARAMETRIC_REPRESENTATION_CONTEXT() REPRESENTATION_CONTEXT('2D SPACE',''
  ) );
#2615 = PCURVE('',#1494,#2616);
#2616 = DEFINITIONAL_REPRESENTATION('',(#2617),#2620);
#2617 = B_SPLINE_CURVE_WITH_KNOTS('',1,(#2618,#2619),.UNSPECIFIED.,.F.,
  .F.,(2,2),(-0.565685424949,0.565685424949),.PIECEWISE_BEZIER_KNOTS.);
#2618 = CARTESIAN_POINT('',(0.,0.));
#2619 = CARTESIAN_POINT('',(0.,-0.8));
#2620 = ( GEOMETRIC_REPRESENTATION_CONTEXT(2) 
PARAMETRIC_REPRESENTATION_CONTEXT() REPRESENTATION_CONTEXT('2D SPACE',''
  ) );
#2621 = ORIENTED_EDGE('',*,*,#1506,.F.);
#2622 = ADVANCED_FACE('',(#2623),#1433,.T.);
#2623 = FACE_BOUND('',#2624,.F.);
#2624 = EDGE_LOOP('',(#2625,#2644,#2645,#2646));
#2625 = ORIENTED_EDGE('',*,*,#2626,.F.);
#2626 = EDGE_CURVE('',#1638,#1413,#2627,.T.);
#2627 = SURFACE_CURVE('',#2628,(#2632,#2638),.PCURVE_S1.);
#2628 = LINE('',#2629,#2630);
#2629 = CARTESIAN_POINT('',(29.1,-10.75,18.2));
#2630 = VECTOR('',#2631,1.);
#2631 = DIRECTION('',(-0.707106781187,-0.,0.707106781187));
#2632 = PCURVE('',#1433,#2633);
#2633 = DEFINITIONAL_REPRESENTATION('',(#2634),#2637);
#2634 = B_SPLINE_CURVE_WITH_KNOTS('',1,(#2635,#2636),.UNSPECIFIED.,.F.,
  .F.,(2,2),(-0.565685424949,0.565685424949),.PIECEWISE_BEZIER_KNOTS.);
#2635 = CARTESIAN_POINT('',(0.,0.));
#2636 = CARTESIAN_POINT('',(0.,-0.8));
#2637 = ( GEOMETRIC_REPRESENTATION_CONTEXT(2) 
PARAMETRIC_REPRESENTATION_CONTEXT() REPRESENTATION_CONTEXT('2D SPACE',''
  ) );
#2638 = PCURVE('',#1461,#2639);
#2639 = DEFINITIONAL_REPRESENTATION('',(#2640),#2643);
#2640 = B_SPLINE_CURVE_WITH_KNOTS('',1,(#2641,#2642),.UNSPECIFIED.,.F.,
  .F.,(2,2),(-0.565685424949,0.565685424949),.PIECEWISE_BEZIER_KNOTS.);
#2641 = CARTESIAN_POINT('',(-21.5,-0.565685424949));
#2642 = CARTESIAN_POINT('',(-21.5,0.565685424949));
#2643 = ( GEOMETRIC_REPRESENTATION_CONTEXT(2) 
PARAMETRIC_REPRESENTATION_CONTEXT() REPRESENTATION_CONTEXT('2D SPACE',''
  ) );
#2644 = ORIENTED_EDGE('',*,*,#1662,.T.);
#2645 = ORIENTED_EDGE('',*,*,#2179,.T.);
#2646 = ORIENTED_EDGE('',*,*,#1412,.F.);
#2647 = ADVANCED_FACE('',(#2648),#1494,.T.);
#2648 = FACE_BOUND('',#2649,.F.);
#2649 = EDGE_LOOP('',(#2650,#2651,#2652,#2671));
#2650 = ORIENTED_EDGE('',*,*,#2603,.F.);
#2651 = ORIENTED_EDGE('',*,*,#1712,.T.);
#2652 = ORIENTED_EDGE('',*,*,#2653,.T.);
#2653 = EDGE_CURVE('',#1688,#1446,#2654,.T.);
#2654 = SURFACE_CURVE('',#2655,(#2659,#2665),.PCURVE_S1.);
#2655 = LINE('',#2656,#2657);
#2656 = CARTESIAN_POINT('',(29.5,10.75,17.8));
#2657 = VECTOR('',#2658,1.);
#2658 = DIRECTION('',(-0.707106781187,-4.329780281177E-17,0.707106781187
    ));
#2659 = PCURVE('',#1494,#2660);
#2660 = DEFINITIONAL_REPRESENTATION('',(#2661),#2664);
#2661 = B_SPLINE_CURVE_WITH_KNOTS('',1,(#2662,#2663),.UNSPECIFIED.,.F.,
  .F.,(2,2),(0.,1.131370849898),.PIECEWISE_BEZIER_KNOTS.);
#2662 = CARTESIAN_POINT('',(1.570796326795,0.));
#2663 = CARTESIAN_POINT('',(1.570796326795,-0.8));
#2664 = ( GEOMETRIC_REPRESENTATION_CONTEXT(2) 
PARAMETRIC_REPRESENTATION_CONTEXT() REPRESENTATION_CONTEXT('2D SPACE',''
  ) );
#2665 = PCURVE('',#1461,#2666);
#2666 = DEFINITIONAL_REPRESENTATION('',(#2667),#2670);
#2667 = B_SPLINE_CURVE_WITH_KNOTS('',1,(#2668,#2669),.UNSPECIFIED.,.F.,
  .F.,(2,2),(0.,1.131370849898),.PIECEWISE_BEZIER_KNOTS.);
#2668 = CARTESIAN_POINT('',(0.,-0.565685424949));
#2669 = CARTESIAN_POINT('',(0.,0.565685424949));
#2670 = ( GEOMETRIC_REPRESENTATION_CONTEXT(2) 
PARAMETRIC_REPRESENTATION_CONTEXT() REPRESENTATION_CONTEXT('2D SPACE',''
  ) );
#2671 = ORIENTED_EDGE('',*,*,#1473,.F.);
#2672 = ADVANCED_FACE('',(#2673),#1461,.T.);
#2673 = FACE_BOUND('',#2674,.F.);
#2674 = EDGE_LOOP('',(#2675,#2676,#2677,#2678));
#2675 = ORIENTED_EDGE('',*,*,#2653,.F.);
#2676 = ORIENTED_EDGE('',*,*,#1740,.T.);
#2677 = ORIENTED_EDGE('',*,*,#2626,.T.);
#2678 = ORIENTED_EDGE('',*,*,#1445,.F.);
#2679 = ADVANCED_FACE('',(#2680,#2690,#2721,#2752,#2783),#1805,.F.);
#2680 = FACE_BOUND('',#2681,.F.);
#2681 = EDGE_LOOP('',(#2682,#2683,#2684,#2685,#2686,#2687,#2688,#2689));
#2682 = ORIENTED_EDGE('',*,*,#2146,.F.);
#2683 = ORIENTED_EDGE('',*,*,#1788,.T.);
#2684 = ORIENTED_EDGE('',*,*,#1843,.T.);
#2685 = ORIENTED_EDGE('',*,*,#1892,.F.);
#2686 = ORIENTED_EDGE('',*,*,#1944,.T.);
#2687 = ORIENTED_EDGE('',*,*,#2017,.T.);
#2688 = ORIENTED_EDGE('',*,*,#2067,.F.);
#2689 = ORIENTED_EDGE('',*,*,#2094,.F.);
#2690 = FACE_BOUND('',#2691,.F.);
#2691 = EDGE_LOOP('',(#2692));
#2692 = ORIENTED_EDGE('',*,*,#2693,.F.);
#2693 = EDGE_CURVE('',#2694,#2694,#2696,.T.);
#2694 = VERTEX_POINT('',#2695);
#2695 = CARTESIAN_POINT('',(-21.5,-5.7,16.6));
#2696 = SURFACE_CURVE('',#2697,(#2702,#2709),.PCURVE_S1.);
#2697 = CIRCLE('',#2698,2.);
#2698 = AXIS2_PLACEMENT_3D('',#2699,#2700,#2701);
#2699 = CARTESIAN_POINT('',(-23.5,-5.7,16.6));
#2700 = DIRECTION('',(0.,0.,1.));
#2701 = DIRECTION('',(1.,0.,0.));
#2702 = PCURVE('',#1805,#2703);
#2703 = DEFINITIONAL_REPRESENTATION('',(#2704),#2708);
#2704 = CIRCLE('',#2705,2.);
#2705 = AXIS2_PLACEMENT_2D('',#2706,#2707);
#2706 = CARTESIAN_POINT('',(4.,5.55));
#2707 = DIRECTION('',(1.,0.));
#2708 = ( GEOMETRIC_REPRESENTATION_CONTEXT(2) 
PARAMETRIC_REPRESENTATION_CONTEXT() REPRESENTATION_CONTEXT('2D SPACE',''
  ) );
#2709 = PCURVE('',#2710,#2715);
#2710 = CYLINDRICAL_SURFACE('',#2711,2.);
#2711 = AXIS2_PLACEMENT_3D('',#2712,#2713,#2714);
#2712 = CARTESIAN_POINT('',(-23.5,-5.7,14.6));
#2713 = DIRECTION('',(-0.,-0.,-1.));
#2714 = DIRECTION('',(1.,0.,0.));
#2715 = DEFINITIONAL_REPRESENTATION('',(#2716),#2720);
#2716 = LINE('',#2717,#2718);
#2717 = CARTESIAN_POINT('',(-0.,-2.));
#2718 = VECTOR('',#2719,1.);
#2719 = DIRECTION('',(-1.,0.));
#2720 = ( GEOMETRIC_REPRESENTATION_CONTEXT(2) 
PARAMETRIC_REPRESENTATION_CONTEXT() REPRESENTATION_CONTEXT('2D SPACE',''
  ) );
#2721 = FACE_BOUND('',#2722,.F.);
#2722 = EDGE_LOOP('',(#2723));
#2723 = ORIENTED_EDGE('',*,*,#2724,.F.);
#2724 = EDGE_CURVE('',#2725,#2725,#2727,.T.);
#2725 = VERTEX_POINT('',#2726);
#2726 = CARTESIAN_POINT('',(25.5,-5.7,16.6));
#2727 = SURFACE_CURVE('',#2728,(#2733,#2740),.PCURVE_S1.);
#2728 = CIRCLE('',#2729,2.);
#2729 = AXIS2_PLACEMENT_3D('',#2730,#2731,#2732);
#2730 = CARTESIAN_POINT('',(23.5,-5.7,16.6));
#2731 = DIRECTION('',(0.,0.,1.));
#2732 = DIRECTION('',(1.,0.,0.));
#2733 = PCURVE('',#1805,#2734);
#2734 = DEFINITIONAL_REPRESENTATION('',(#2735),#2739);
#2735 = CIRCLE('',#2736,2.);
#2736 = AXIS2_PLACEMENT_2D('',#2737,#2738);
#2737 = CARTESIAN_POINT('',(51.,5.55));
#2738 = DIRECTION('',(1.,0.));
#2739 = ( GEOMETRIC_REPRESENTATION_CONTEXT(2) 
PARAMETRIC_REPRESENTATION_CONTEXT() REPRESENTATION_CONTEXT('2D SPACE',''
  ) );
#2740 = PCURVE('',#2741,#2746);
#2741 = CYLINDRICAL_SURFACE('',#2742,2.);
#2742 = AXIS2_PLACEMENT_3D('',#2743,#2744,#2745);
#2743 = CARTESIAN_POINT('',(23.5,-5.7,14.6));
#2744 = DIRECTION('',(-0.,-0.,-1.));
#2745 = DIRECTION('',(1.,0.,0.));
#2746 = DEFINITIONAL_REPRESENTATION('',(#2747),#2751);
#2747 = LINE('',#2748,#2749);
#2748 = CARTESIAN_POINT('',(-0.,-2.));
#2749 = VECTOR('',#2750,1.);
#2750 = DIRECTION('',(-1.,0.));
#2751 = ( GEOMETRIC_REPRESENTATION_CONTEXT(2) 
PARAMETRIC_REPRESENTATION_CONTEXT() REPRESENTATION_CONTEXT('2D SPACE',''
  ) );
#2752 = FACE_BOUND('',#2753,.F.);
#2753 = EDGE_LOOP('',(#2754));
#2754 = ORIENTED_EDGE('',*,*,#2755,.F.);
#2755 = EDGE_CURVE('',#2756,#2756,#2758,.T.);
#2756 = VERTEX_POINT('',#2757);
#2757 = CARTESIAN_POINT('',(-21.5,5.7,16.6));
#2758 = SURFACE_CURVE('',#2759,(#2764,#2771),.PCURVE_S1.);
#2759 = CIRCLE('',#2760,2.);
#2760 = AXIS2_PLACEMENT_3D('',#2761,#2762,#2763);
#2761 = CARTESIAN_POINT('',(-23.5,5.7,16.6));
#2762 = DIRECTION('',(0.,0.,1.));
#2763 = DIRECTION('',(1.,0.,0.));
#2764 = PCURVE('',#1805,#2765);
#2765 = DEFINITIONAL_REPRESENTATION('',(#2766),#2770);
#2766 = CIRCLE('',#2767,2.);
#2767 = AXIS2_PLACEMENT_2D('',#2768,#2769);
#2768 = CARTESIAN_POINT('',(4.,16.95));
#2769 = DIRECTION('',(1.,0.));
#2770 = ( GEOMETRIC_REPRESENTATION_CONTEXT(2) 
PARAMETRIC_REPRESENTATION_CONTEXT() REPRESENTATION_CONTEXT('2D SPACE',''
  ) );
#2771 = PCURVE('',#2772,#2777);
#2772 = CYLINDRICAL_SURFACE('',#2773,2.);
#2773 = AXIS2_PLACEMENT_3D('',#2774,#2775,#2776);
#2774 = CARTESIAN_POINT('',(-23.5,5.7,14.6));
#2775 = DIRECTION('',(-0.,-0.,-1.));
#2776 = DIRECTION('',(1.,0.,0.));
#2777 = DEFINITIONAL_REPRESENTATION('',(#2778),#2782);
#2778 = LINE('',#2779,#2780);
#2779 = CARTESIAN_POINT('',(-0.,-2.));
#2780 = VECTOR('',#2781,1.);
#2781 = DIRECTION('',(-1.,0.));
#2782 = ( GEOMETRIC_REPRESENTATION_CONTEXT(2) 
PARAMETRIC_REPRESENTATION_CONTEXT() REPRESENTATION_CONTEXT('2D SPACE',''
  ) );
#2783 = FACE_BOUND('',#2784,.F.);
#2784 = EDGE_LOOP('',(#2785));
#2785 = ORIENTED_EDGE('',*,*,#2786,.F.);
#2786 = EDGE_CURVE('',#2787,#2787,#2789,.T.);
#2787 = VERTEX_POINT('',#2788);
#2788 = CARTESIAN_POINT('',(25.5,5.7,16.6));
#2789 = SURFACE_CURVE('',#2790,(#2795,#2802),.PCURVE_S1.);
#2790 = CIRCLE('',#2791,2.);
#2791 = AXIS2_PLACEMENT_3D('',#2792,#2793,#2794);
#2792 = CARTESIAN_POINT('',(23.5,5.7,16.6));
#2793 = DIRECTION('',(0.,0.,1.));
#2794 = DIRECTION('',(1.,0.,0.));
#2795 = PCURVE('',#1805,#2796);
#2796 = DEFINITIONAL_REPRESENTATION('',(#2797),#2801);
#2797 = CIRCLE('',#2798,2.);
#2798 = AXIS2_PLACEMENT_2D('',#2799,#2800);
#2799 = CARTESIAN_POINT('',(51.,16.95));
#2800 = DIRECTION('',(1.,0.));
#2801 = ( GEOMETRIC_REPRESENTATION_CONTEXT(2) 
PARAMETRIC_REPRESENTATION_CONTEXT() REPRESENTATION_CONTEXT('2D SPACE',''
  ) );
#2802 = PCURVE('',#2803,#2808);
#2803 = CYLINDRICAL_SURFACE('',#2804,2.);
#2804 = AXIS2_PLACEMENT_3D('',#2805,#2806,#2807);
#2805 = CARTESIAN_POINT('',(23.5,5.7,14.6));
#2806 = DIRECTION('',(-0.,-0.,-1.));
#2807 = DIRECTION('',(1.,0.,0.));
#2808 = DEFINITIONAL_REPRESENTATION('',(#2809),#2813);
#2809 = LINE('',#2810,#2811);
#2810 = CARTESIAN_POINT('',(-0.,-2.));
#2811 = VECTOR('',#2812,1.);
#2812 = DIRECTION('',(-1.,0.));
#2813 = ( GEOMETRIC_REPRESENTATION_CONTEXT(2) 
PARAMETRIC_REPRESENTATION_CONTEXT() REPRESENTATION_CONTEXT('2D SPACE',''
  ) );
#2814 = ADVANCED_FACE('',(#2815,#2825),#2243,.T.);
#2815 = FACE_BOUND('',#2816,.F.);
#2816 = EDGE_LOOP('',(#2817,#2818,#2819,#2820,#2821,#2822,#2823,#2824));
#2817 = ORIENTED_EDGE('',*,*,#2227,.T.);
#2818 = ORIENTED_EDGE('',*,*,#2281,.T.);
#2819 = ORIENTED_EDGE('',*,*,#2330,.T.);
#2820 = ORIENTED_EDGE('',*,*,#2379,.T.);
#2821 = ORIENTED_EDGE('',*,*,#2428,.T.);
#2822 = ORIENTED_EDGE('',*,*,#2477,.T.);
#2823 = ORIENTED_EDGE('',*,*,#2526,.T.);
#2824 = ORIENTED_EDGE('',*,*,#2575,.T.);
#2825 = FACE_BOUND('',#2826,.F.);
#2826 = EDGE_LOOP('',(#2827,#2857,#2885));
#2827 = ORIENTED_EDGE('',*,*,#2828,.T.);
#2828 = EDGE_CURVE('',#2829,#2831,#2833,.T.);
#2829 = VERTEX_POINT('',#2830);
#2830 = CARTESIAN_POINT('',(-17.32983398437,-12.55,13.5642578125));
#2831 = VERTEX_POINT('',#2832);
#2832 = CARTESIAN_POINT('',(-18.00122070312,-12.55,15.37822265625));
#2833 = SURFACE_CURVE('',#2834,(#2838,#2845),.PCURVE_S1.);
#2834 = LINE('',#2835,#2836);
#2835 = CARTESIAN_POINT('',(-17.32983398437,-12.55,13.5642578125));
#2836 = VECTOR('',#2837,1.);
#2837 = DIRECTION('',(-0.347108799995,0.,0.937824866895));
#2838 = PCURVE('',#2243,#2839);
#2839 = DEFINITIONAL_REPRESENTATION('',(#2840),#2844);
#2840 = LINE('',#2841,#2842);
#2841 = CARTESIAN_POINT('',(2.38037109375,1.34521484375));
#2842 = VECTOR('',#2843,1.);
#2843 = DIRECTION('',(-0.347108799995,0.937824866895));
#2844 = ( GEOMETRIC_REPRESENTATION_CONTEXT(2) 
PARAMETRIC_REPRESENTATION_CONTEXT() REPRESENTATION_CONTEXT('2D SPACE',''
  ) );
#2845 = PCURVE('',#2846,#2851);
#2846 = PLANE('',#2847);
#2847 = AXIS2_PLACEMENT_3D('',#2848,#2849,#2850);
#2848 = CARTESIAN_POINT('',(-17.32983398437,-13.25,13.5642578125));
#2849 = DIRECTION('',(0.937824866895,0.,0.347108799995));
#2850 = DIRECTION('',(-0.347108799995,0.,0.937824866895));
#2851 = DEFINITIONAL_REPRESENTATION('',(#2852),#2856);
#2852 = LINE('',#2853,#2854);
#2853 = CARTESIAN_POINT('',(0.,-0.7));
#2854 = VECTOR('',#2855,1.);
#2855 = DIRECTION('',(1.,0.));
#2856 = ( GEOMETRIC_REPRESENTATION_CONTEXT(2) 
PARAMETRIC_REPRESENTATION_CONTEXT() REPRESENTATION_CONTEXT('2D SPACE',''
  ) );
#2857 = ORIENTED_EDGE('',*,*,#2858,.T.);
#2858 = EDGE_CURVE('',#2831,#2859,#2861,.T.);
#2859 = VERTEX_POINT('',#2860);
#2860 = CARTESIAN_POINT('',(-18.67016601562,-12.55,13.5642578125));
#2861 = SURFACE_CURVE('',#2862,(#2866,#2873),.PCURVE_S1.);
#2862 = LINE('',#2863,#2864);
#2863 = CARTESIAN_POINT('',(-18.00122070312,-12.55,15.37822265625));
#2864 = VECTOR('',#2865,1.);
#2865 = DIRECTION('',(-0.345997934185,-0.,-0.938235274086));
#2866 = PCURVE('',#2243,#2867);
#2867 = DEFINITIONAL_REPRESENTATION('',(#2868),#2872);
#2868 = LINE('',#2869,#2870);
#2869 = CARTESIAN_POINT('',(1.708984375,3.1591796875));
#2870 = VECTOR('',#2871,1.);
#2871 = DIRECTION('',(-0.345997934185,-0.938235274086));
#2872 = ( GEOMETRIC_REPRESENTATION_CONTEXT(2) 
PARAMETRIC_REPRESENTATION_CONTEXT() REPRESENTATION_CONTEXT('2D SPACE',''
  ) );
#2873 = PCURVE('',#2874,#2879);
#2874 = PLANE('',#2875);
#2875 = AXIS2_PLACEMENT_3D('',#2876,#2877,#2878);
#2876 = CARTESIAN_POINT('',(-18.00122070312,-13.25,15.37822265625));
#2877 = DIRECTION('',(-0.938235274086,0.,0.345997934185));
#2878 = DIRECTION('',(-0.345997934185,-0.,-0.938235274086));
#2879 = DEFINITIONAL_REPRESENTATION('',(#2880),#2884);
#2880 = LINE('',#2881,#2882);
#2881 = CARTESIAN_POINT('',(-0.,-0.7));
#2882 = VECTOR('',#2883,1.);
#2883 = DIRECTION('',(1.,0.));
#2884 = ( GEOMETRIC_REPRESENTATION_CONTEXT(2) 
PARAMETRIC_REPRESENTATION_CONTEXT() REPRESENTATION_CONTEXT('2D SPACE',''
  ) );
#2885 = ORIENTED_EDGE('',*,*,#2886,.T.);
#2886 = EDGE_CURVE('',#2859,#2829,#2887,.T.);
#2887 = SURFACE_CURVE('',#2888,(#2892,#2899),.PCURVE_S1.);
#2888 = LINE('',#2889,#2890);
#2889 = CARTESIAN_POINT('',(-18.67016601562,-12.55,13.5642578125));
#2890 = VECTOR('',#2891,1.);
#2891 = DIRECTION('',(1.,0.,0.));
#2892 = PCURVE('',#2243,#2893);
#2893 = DEFINITIONAL_REPRESENTATION('',(#2894),#2898);
#2894 = LINE('',#2895,#2896);
#2895 = CARTESIAN_POINT('',(1.0400390625,1.34521484375));
#2896 = VECTOR('',#2897,1.);
#2897 = DIRECTION('',(1.,0.));
#2898 = ( GEOMETRIC_REPRESENTATION_CONTEXT(2) 
PARAMETRIC_REPRESENTATION_CONTEXT() REPRESENTATION_CONTEXT('2D SPACE',''
  ) );
#2899 = PCURVE('',#2900,#2905);
#2900 = PLANE('',#2901);
#2901 = AXIS2_PLACEMENT_3D('',#2902,#2903,#2904);
#2902 = CARTESIAN_POINT('',(-18.67016601562,-13.25,13.5642578125));
#2903 = DIRECTION('',(0.,0.,-1.));
#2904 = DIRECTION('',(1.,0.,0.));
#2905 = DEFINITIONAL_REPRESENTATION('',(#2906),#2910);
#2906 = LINE('',#2907,#2908);
#2907 = CARTESIAN_POINT('',(0.,-0.7));
#2908 = VECTOR('',#2909,1.);
#2909 = DIRECTION('',(1.,0.));
#2910 = ( GEOMETRIC_REPRESENTATION_CONTEXT(2) 
PARAMETRIC_REPRESENTATION_CONTEXT() REPRESENTATION_CONTEXT('2D SPACE',''
  ) );
#2911 = ADVANCED_FACE('',(#2912),#2710,.T.);
#2912 = FACE_BOUND('',#2913,.F.);
#2913 = EDGE_LOOP('',(#2914,#2937,#2938,#2939));
#2914 = ORIENTED_EDGE('',*,*,#2915,.T.);
#2915 = EDGE_CURVE('',#2916,#2694,#2918,.T.);
#2916 = VERTEX_POINT('',#2917);
#2917 = CARTESIAN_POINT('',(-21.5,-5.7,14.6));
#2918 = SEAM_CURVE('',#2919,(#2923,#2930),.PCURVE_S1.);
#2919 = LINE('',#2920,#2921);
#2920 = CARTESIAN_POINT('',(-21.5,-5.7,14.6));
#2921 = VECTOR('',#2922,1.);
#2922 = DIRECTION('',(0.,0.,1.));
#2923 = PCURVE('',#2710,#2924);
#2924 = DEFINITIONAL_REPRESENTATION('',(#2925),#2929);
#2925 = LINE('',#2926,#2927);
#2926 = CARTESIAN_POINT('',(-0.,0.));
#2927 = VECTOR('',#2928,1.);
#2928 = DIRECTION('',(-0.,-1.));
#2929 = ( GEOMETRIC_REPRESENTATION_CONTEXT(2) 
PARAMETRIC_REPRESENTATION_CONTEXT() REPRESENTATION_CONTEXT('2D SPACE',''
  ) );
#2930 = PCURVE('',#2710,#2931);
#2931 = DEFINITIONAL_REPRESENTATION('',(#2932),#2936);
#2932 = LINE('',#2933,#2934);
#2933 = CARTESIAN_POINT('',(-6.28318530718,0.));
#2934 = VECTOR('',#2935,1.);
#2935 = DIRECTION('',(-0.,-1.));
#2936 = ( GEOMETRIC_REPRESENTATION_CONTEXT(2) 
PARAMETRIC_REPRESENTATION_CONTEXT() REPRESENTATION_CONTEXT('2D SPACE',''
  ) );
#2937 = ORIENTED_EDGE('',*,*,#2693,.T.);
#2938 = ORIENTED_EDGE('',*,*,#2915,.F.);
#2939 = ORIENTED_EDGE('',*,*,#2940,.F.);
#2940 = EDGE_CURVE('',#2916,#2916,#2941,.T.);
#2941 = SURFACE_CURVE('',#2942,(#2947,#2954),.PCURVE_S1.);
#2942 = CIRCLE('',#2943,2.);
#2943 = AXIS2_PLACEMENT_3D('',#2944,#2945,#2946);
#2944 = CARTESIAN_POINT('',(-23.5,-5.7,14.6));
#2945 = DIRECTION('',(0.,0.,1.));
#2946 = DIRECTION('',(1.,0.,0.));
#2947 = PCURVE('',#2710,#2948);
#2948 = DEFINITIONAL_REPRESENTATION('',(#2949),#2953);
#2949 = LINE('',#2950,#2951);
#2950 = CARTESIAN_POINT('',(-0.,0.));
#2951 = VECTOR('',#2952,1.);
#2952 = DIRECTION('',(-1.,0.));
#2953 = ( GEOMETRIC_REPRESENTATION_CONTEXT(2) 
PARAMETRIC_REPRESENTATION_CONTEXT() REPRESENTATION_CONTEXT('2D SPACE',''
  ) );
#2954 = PCURVE('',#2955,#2960);
#2955 = PLANE('',#2956);
#2956 = AXIS2_PLACEMENT_3D('',#2957,#2958,#2959);
#2957 = CARTESIAN_POINT('',(-23.5,-5.7,14.6));
#2958 = DIRECTION('',(0.,0.,1.));
#2959 = DIRECTION('',(1.,0.,-0.));
#2960 = DEFINITIONAL_REPRESENTATION('',(#2961),#2965);
#2961 = CIRCLE('',#2962,2.);
#2962 = AXIS2_PLACEMENT_2D('',#2963,#2964);
#2963 = CARTESIAN_POINT('',(3.552713678801E-15,8.881784197001E-16));
#2964 = DIRECTION('',(1.,0.));
#2965 = ( GEOMETRIC_REPRESENTATION_CONTEXT(2) 
PARAMETRIC_REPRESENTATION_CONTEXT() REPRESENTATION_CONTEXT('2D SPACE',''
  ) );
#2966 = ADVANCED_FACE('',(#2967),#2741,.T.);
#2967 = FACE_BOUND('',#2968,.F.);
#2968 = EDGE_LOOP('',(#2969,#2992,#2993,#2994));
#2969 = ORIENTED_EDGE('',*,*,#2970,.T.);
#2970 = EDGE_CURVE('',#2971,#2725,#2973,.T.);
#2971 = VERTEX_POINT('',#2972);
#2972 = CARTESIAN_POINT('',(25.5,-5.7,14.6));
#2973 = SEAM_CURVE('',#2974,(#2978,#2985),.PCURVE_S1.);
#2974 = LINE('',#2975,#2976);
#2975 = CARTESIAN_POINT('',(25.5,-5.7,14.6));
#2976 = VECTOR('',#2977,1.);
#2977 = DIRECTION('',(0.,0.,1.));
#2978 = PCURVE('',#2741,#2979);
#2979 = DEFINITIONAL_REPRESENTATION('',(#2980),#2984);
#2980 = LINE('',#2981,#2982);
#2981 = CARTESIAN_POINT('',(-0.,0.));
#2982 = VECTOR('',#2983,1.);
#2983 = DIRECTION('',(-0.,-1.));
#2984 = ( GEOMETRIC_REPRESENTATION_CONTEXT(2) 
PARAMETRIC_REPRESENTATION_CONTEXT() REPRESENTATION_CONTEXT('2D SPACE',''
  ) );
#2985 = PCURVE('',#2741,#2986);
#2986 = DEFINITIONAL_REPRESENTATION('',(#2987),#2991);
#2987 = LINE('',#2988,#2989);
#2988 = CARTESIAN_POINT('',(-6.28318530718,0.));
#2989 = VECTOR('',#2990,1.);
#2990 = DIRECTION('',(-0.,-1.));
#2991 = ( GEOMETRIC_REPRESENTATION_CONTEXT(2) 
PARAMETRIC_REPRESENTATION_CONTEXT() REPRESENTATION_CONTEXT('2D SPACE',''
  ) );
#2992 = ORIENTED_EDGE('',*,*,#2724,.T.);
#2993 = ORIENTED_EDGE('',*,*,#2970,.F.);
#2994 = ORIENTED_EDGE('',*,*,#2995,.F.);
#2995 = EDGE_CURVE('',#2971,#2971,#2996,.T.);
#2996 = SURFACE_CURVE('',#2997,(#3002,#3009),.PCURVE_S1.);
#2997 = CIRCLE('',#2998,2.);
#2998 = AXIS2_PLACEMENT_3D('',#2999,#3000,#3001);
#2999 = CARTESIAN_POINT('',(23.5,-5.7,14.6));
#3000 = DIRECTION('',(0.,0.,1.));
#3001 = DIRECTION('',(1.,0.,0.));
#3002 = PCURVE('',#2741,#3003);
#3003 = DEFINITIONAL_REPRESENTATION('',(#3004),#3008);
#3004 = LINE('',#3005,#3006);
#3005 = CARTESIAN_POINT('',(-0.,0.));
#3006 = VECTOR('',#3007,1.);
#3007 = DIRECTION('',(-1.,0.));
#3008 = ( GEOMETRIC_REPRESENTATION_CONTEXT(2) 
PARAMETRIC_REPRESENTATION_CONTEXT() REPRESENTATION_CONTEXT('2D SPACE',''
  ) );
#3009 = PCURVE('',#3010,#3015);
#3010 = PLANE('',#3011);
#3011 = AXIS2_PLACEMENT_3D('',#3012,#3013,#3014);
#3012 = CARTESIAN_POINT('',(23.5,-5.7,14.6));
#3013 = DIRECTION('',(0.,0.,1.));
#3014 = DIRECTION('',(1.,0.,-0.));
#3015 = DEFINITIONAL_REPRESENTATION('',(#3016),#3020);
#3016 = CIRCLE('',#3017,2.);
#3017 = AXIS2_PLACEMENT_2D('',#3018,#3019);
#3018 = CARTESIAN_POINT('',(-3.552713678801E-15,8.881784197001E-16));
#3019 = DIRECTION('',(1.,0.));
#3020 = ( GEOMETRIC_REPRESENTATION_CONTEXT(2) 
PARAMETRIC_REPRESENTATION_CONTEXT() REPRESENTATION_CONTEXT('2D SPACE',''
  ) );
#3021 = ADVANCED_FACE('',(#3022),#2772,.T.);
#3022 = FACE_BOUND('',#3023,.F.);
#3023 = EDGE_LOOP('',(#3024,#3047,#3048,#3049));
#3024 = ORIENTED_EDGE('',*,*,#3025,.T.);
#3025 = EDGE_CURVE('',#3026,#2756,#3028,.T.);
#3026 = VERTEX_POINT('',#3027);
#3027 = CARTESIAN_POINT('',(-21.5,5.7,14.6));
#3028 = SEAM_CURVE('',#3029,(#3033,#3040),.PCURVE_S1.);
#3029 = LINE('',#3030,#3031);
#3030 = CARTESIAN_POINT('',(-21.5,5.7,14.6));
#3031 = VECTOR('',#3032,1.);
#3032 = DIRECTION('',(0.,0.,1.));
#3033 = PCURVE('',#2772,#3034);
#3034 = DEFINITIONAL_REPRESENTATION('',(#3035),#3039);
#3035 = LINE('',#3036,#3037);
#3036 = CARTESIAN_POINT('',(-0.,0.));
#3037 = VECTOR('',#3038,1.);
#3038 = DIRECTION('',(-0.,-1.));
#3039 = ( GEOMETRIC_REPRESENTATION_CONTEXT(2) 
PARAMETRIC_REPRESENTATION_CONTEXT() REPRESENTATION_CONTEXT('2D SPACE',''
  ) );
#3040 = PCURVE('',#2772,#3041);
#3041 = DEFINITIONAL_REPRESENTATION('',(#3042),#3046);
#3042 = LINE('',#3043,#3044);
#3043 = CARTESIAN_POINT('',(-6.28318530718,0.));
#3044 = VECTOR('',#3045,1.);
#3045 = DIRECTION('',(-0.,-1.));
#3046 = ( GEOMETRIC_REPRESENTATION_CONTEXT(2) 
PARAMETRIC_REPRESENTATION_CONTEXT() REPRESENTATION_CONTEXT('2D SPACE',''
  ) );
#3047 = ORIENTED_EDGE('',*,*,#2755,.T.);
#3048 = ORIENTED_EDGE('',*,*,#3025,.F.);
#3049 = ORIENTED_EDGE('',*,*,#3050,.F.);
#3050 = EDGE_CURVE('',#3026,#3026,#3051,.T.);
#3051 = SURFACE_CURVE('',#3052,(#3057,#3064),.PCURVE_S1.);
#3052 = CIRCLE('',#3053,2.);
#3053 = AXIS2_PLACEMENT_3D('',#3054,#3055,#3056);
#3054 = CARTESIAN_POINT('',(-23.5,5.7,14.6));
#3055 = DIRECTION('',(0.,0.,1.));
#3056 = DIRECTION('',(1.,0.,0.));
#3057 = PCURVE('',#2772,#3058);
#3058 = DEFINITIONAL_REPRESENTATION('',(#3059),#3063);
#3059 = LINE('',#3060,#3061);
#3060 = CARTESIAN_POINT('',(-0.,0.));
#3061 = VECTOR('',#3062,1.);
#3062 = DIRECTION('',(-1.,0.));
#3063 = ( GEOMETRIC_REPRESENTATION_CONTEXT(2) 
PARAMETRIC_REPRESENTATION_CONTEXT() REPRESENTATION_CONTEXT('2D SPACE',''
  ) );
#3064 = PCURVE('',#3065,#3070);
#3065 = PLANE('',#3066);
#3066 = AXIS2_PLACEMENT_3D('',#3067,#3068,#3069);
#3067 = CARTESIAN_POINT('',(-23.5,5.7,14.6));
#3068 = DIRECTION('',(0.,0.,1.));
#3069 = DIRECTION('',(1.,0.,-0.));
#3070 = DEFINITIONAL_REPRESENTATION('',(#3071),#3075);
#3071 = CIRCLE('',#3072,2.);
#3072 = AXIS2_PLACEMENT_2D('',#3073,#3074);
#3073 = CARTESIAN_POINT('',(3.552713678801E-15,0.));
#3074 = DIRECTION('',(1.,0.));
#3075 = ( GEOMETRIC_REPRESENTATION_CONTEXT(2) 
PARAMETRIC_REPRESENTATION_CONTEXT() REPRESENTATION_CONTEXT('2D SPACE',''
  ) );
#3076 = ADVANCED_FACE('',(#3077),#2803,.T.);
#3077 = FACE_BOUND('',#3078,.F.);
#3078 = EDGE_LOOP('',(#3079,#3102,#3103,#3104));
#3079 = ORIENTED_EDGE('',*,*,#3080,.T.);
#3080 = EDGE_CURVE('',#3081,#2787,#3083,.T.);
#3081 = VERTEX_POINT('',#3082);
#3082 = CARTESIAN_POINT('',(25.5,5.7,14.6));
#3083 = SEAM_CURVE('',#3084,(#3088,#3095),.PCURVE_S1.);
#3084 = LINE('',#3085,#3086);
#3085 = CARTESIAN_POINT('',(25.5,5.7,14.6));
#3086 = VECTOR('',#3087,1.);
#3087 = DIRECTION('',(0.,0.,1.));
#3088 = PCURVE('',#2803,#3089);
#3089 = DEFINITIONAL_REPRESENTATION('',(#3090),#3094);
#3090 = LINE('',#3091,#3092);
#3091 = CARTESIAN_POINT('',(-0.,0.));
#3092 = VECTOR('',#3093,1.);
#3093 = DIRECTION('',(-0.,-1.));
#3094 = ( GEOMETRIC_REPRESENTATION_CONTEXT(2) 
PARAMETRIC_REPRESENTATION_CONTEXT() REPRESENTATION_CONTEXT('2D SPACE',''
  ) );
#3095 = PCURVE('',#2803,#3096);
#3096 = DEFINITIONAL_REPRESENTATION('',(#3097),#3101);
#3097 = LINE('',#3098,#3099);
#3098 = CARTESIAN_POINT('',(-6.28318530718,0.));
#3099 = VECTOR('',#3100,1.);
#3100 = DIRECTION('',(-0.,-1.));
#3101 = ( GEOMETRIC_REPRESENTATION_CONTEXT(2) 
PARAMETRIC_REPRESENTATION_CONTEXT() REPRESENTATION_CONTEXT('2D SPACE',''
  ) );
#3102 = ORIENTED_EDGE('',*,*,#2786,.T.);
#3103 = ORIENTED_EDGE('',*,*,#3080,.F.);
#3104 = ORIENTED_EDGE('',*,*,#3105,.F.);
#3105 = EDGE_CURVE('',#3081,#3081,#3106,.T.);
#3106 = SURFACE_CURVE('',#3107,(#3112,#3119),.PCURVE_S1.);
#3107 = CIRCLE('',#3108,2.);
#3108 = AXIS2_PLACEMENT_3D('',#3109,#3110,#3111);
#3109 = CARTESIAN_POINT('',(23.5,5.7,14.6));
#3110 = DIRECTION('',(0.,0.,1.));
#3111 = DIRECTION('',(1.,0.,0.));
#3112 = PCURVE('',#2803,#3113);
#3113 = DEFINITIONAL_REPRESENTATION('',(#3114),#3118);
#3114 = LINE('',#3115,#3116);
#3115 = CARTESIAN_POINT('',(-0.,0.));
#3116 = VECTOR('',#3117,1.);
#3117 = DIRECTION('',(-1.,0.));
#3118 = ( GEOMETRIC_REPRESENTATION_CONTEXT(2) 
PARAMETRIC_REPRESENTATION_CONTEXT() REPRESENTATION_CONTEXT('2D SPACE',''
  ) );
#3119 = PCURVE('',#3120,#3125);
#3120 = PLANE('',#3121);
#3121 = AXIS2_PLACEMENT_3D('',#3122,#3123,#3124);
#3122 = CARTESIAN_POINT('',(23.5,5.7,14.6));
#3123 = DIRECTION('',(0.,0.,1.));
#3124 = DIRECTION('',(1.,0.,-0.));
#3125 = DEFINITIONAL_REPRESENTATION('',(#3126),#3130);
#3126 = CIRCLE('',#3127,2.);
#3127 = AXIS2_PLACEMENT_2D('',#3128,#3129);
#3128 = CARTESIAN_POINT('',(-3.552713678801E-15,0.));
#3129 = DIRECTION('',(1.,0.));
#3130 = ( GEOMETRIC_REPRESENTATION_CONTEXT(2) 
PARAMETRIC_REPRESENTATION_CONTEXT() REPRESENTATION_CONTEXT('2D SPACE',''
  ) );
#3131 = ADVANCED_FACE('',(#3132),#2846,.T.);
#3132 = FACE_BOUND('',#3133,.T.);
#3133 = EDGE_LOOP('',(#3134,#3157,#3158,#3181));
#3134 = ORIENTED_EDGE('',*,*,#3135,.T.);
#3135 = EDGE_CURVE('',#3136,#2829,#3138,.T.);
#3136 = VERTEX_POINT('',#3137);
#3137 = CARTESIAN_POINT('',(-17.32983398437,-13.25,13.5642578125));
#3138 = SURFACE_CURVE('',#3139,(#3143,#3150),.PCURVE_S1.);
#3139 = LINE('',#3140,#3141);
#3140 = CARTESIAN_POINT('',(-17.32983398437,-13.25,13.5642578125));
#3141 = VECTOR('',#3142,1.);
#3142 = DIRECTION('',(-0.,1.,-0.));
#3143 = PCURVE('',#2846,#3144);
#3144 = DEFINITIONAL_REPRESENTATION('',(#3145),#3149);
#3145 = LINE('',#3146,#3147);
#3146 = CARTESIAN_POINT('',(0.,0.));
#3147 = VECTOR('',#3148,1.);
#3148 = DIRECTION('',(0.,-1.));
#3149 = ( GEOMETRIC_REPRESENTATION_CONTEXT(2) 
PARAMETRIC_REPRESENTATION_CONTEXT() REPRESENTATION_CONTEXT('2D SPACE',''
  ) );
#3150 = PCURVE('',#2900,#3151);
#3151 = DEFINITIONAL_REPRESENTATION('',(#3152),#3156);
#3152 = LINE('',#3153,#3154);
#3153 = CARTESIAN_POINT('',(1.34033203125,0.));
#3154 = VECTOR('',#3155,1.);
#3155 = DIRECTION('',(0.,-1.));
#3156 = ( GEOMETRIC_REPRESENTATION_CONTEXT(2) 
PARAMETRIC_REPRESENTATION_CONTEXT() REPRESENTATION_CONTEXT('2D SPACE',''
  ) );
#3157 = ORIENTED_EDGE('',*,*,#2828,.T.);
#3158 = ORIENTED_EDGE('',*,*,#3159,.F.);
#3159 = EDGE_CURVE('',#3160,#2831,#3162,.T.);
#3160 = VERTEX_POINT('',#3161);
#3161 = CARTESIAN_POINT('',(-18.00122070312,-13.25,15.37822265625));
#3162 = SURFACE_CURVE('',#3163,(#3167,#3174),.PCURVE_S1.);
#3163 = LINE('',#3164,#3165);
#3164 = CARTESIAN_POINT('',(-18.00122070312,-13.25,15.37822265625));
#3165 = VECTOR('',#3166,1.);
#3166 = DIRECTION('',(-0.,1.,-0.));
#3167 = PCURVE('',#2846,#3168);
#3168 = DEFINITIONAL_REPRESENTATION('',(#3169),#3173);
#3169 = LINE('',#3170,#3171);
#3170 = CARTESIAN_POINT('',(1.934225576419,0.));
#3171 = VECTOR('',#3172,1.);
#3172 = DIRECTION('',(0.,-1.));
#3173 = ( GEOMETRIC_REPRESENTATION_CONTEXT(2) 
PARAMETRIC_REPRESENTATION_CONTEXT() REPRESENTATION_CONTEXT('2D SPACE',''
  ) );
#3174 = PCURVE('',#2874,#3175);
#3175 = DEFINITIONAL_REPRESENTATION('',(#3176),#3180);
#3176 = LINE('',#3177,#3178);
#3177 = CARTESIAN_POINT('',(0.,0.));
#3178 = VECTOR('',#3179,1.);
#3179 = DIRECTION('',(0.,-1.));
#3180 = ( GEOMETRIC_REPRESENTATION_CONTEXT(2) 
PARAMETRIC_REPRESENTATION_CONTEXT() REPRESENTATION_CONTEXT('2D SPACE',''
  ) );
#3181 = ORIENTED_EDGE('',*,*,#3182,.F.);
#3182 = EDGE_CURVE('',#3136,#3160,#3183,.T.);
#3183 = SURFACE_CURVE('',#3184,(#3188,#3195),.PCURVE_S1.);
#3184 = LINE('',#3185,#3186);
#3185 = CARTESIAN_POINT('',(-17.32983398437,-13.25,13.5642578125));
#3186 = VECTOR('',#3187,1.);
#3187 = DIRECTION('',(-0.347108799995,0.,0.937824866895));
#3188 = PCURVE('',#2846,#3189);
#3189 = DEFINITIONAL_REPRESENTATION('',(#3190),#3194);
#3190 = LINE('',#3191,#3192);
#3191 = CARTESIAN_POINT('',(0.,0.));
#3192 = VECTOR('',#3193,1.);
#3193 = DIRECTION('',(1.,0.));
#3194 = ( GEOMETRIC_REPRESENTATION_CONTEXT(2) 
PARAMETRIC_REPRESENTATION_CONTEXT() REPRESENTATION_CONTEXT('2D SPACE',''
  ) );
#3195 = PCURVE('',#3196,#3201);
#3196 = PLANE('',#3197);
#3197 = AXIS2_PLACEMENT_3D('',#3198,#3199,#3200);
#3198 = CARTESIAN_POINT('',(-29.5,-13.25,9.3));
#3199 = DIRECTION('',(0.,1.,0.));
#3200 = DIRECTION('',(0.,0.,1.));
#3201 = DEFINITIONAL_REPRESENTATION('',(#3202),#3206);
#3202 = LINE('',#3203,#3204);
#3203 = CARTESIAN_POINT('',(4.2642578125,12.170166015625));
#3204 = VECTOR('',#3205,1.);
#3205 = DIRECTION('',(0.937824866895,-0.347108799995));
#3206 = ( GEOMETRIC_REPRESENTATION_CONTEXT(2) 
PARAMETRIC_REPRESENTATION_CONTEXT() REPRESENTATION_CONTEXT('2D SPACE',''
  ) );
#3207 = ADVANCED_FACE('',(#3208),#2874,.T.);
#3208 = FACE_BOUND('',#3209,.T.);
#3209 = EDGE_LOOP('',(#3210,#3211,#3212,#3235));
#3210 = ORIENTED_EDGE('',*,*,#3159,.T.);
#3211 = ORIENTED_EDGE('',*,*,#2858,.T.);
#3212 = ORIENTED_EDGE('',*,*,#3213,.F.);
#3213 = EDGE_CURVE('',#3214,#2859,#3216,.T.);
#3214 = VERTEX_POINT('',#3215);
#3215 = CARTESIAN_POINT('',(-18.67016601562,-13.25,13.5642578125));
#3216 = SURFACE_CURVE('',#3217,(#3221,#3228),.PCURVE_S1.);
#3217 = LINE('',#3218,#3219);
#3218 = CARTESIAN_POINT('',(-18.67016601562,-13.25,13.5642578125));
#3219 = VECTOR('',#3220,1.);
#3220 = DIRECTION('',(-0.,1.,-0.));
#3221 = PCURVE('',#2874,#3222);
#3222 = DEFINITIONAL_REPRESENTATION('',(#3223),#3227);
#3223 = LINE('',#3224,#3225);
#3224 = CARTESIAN_POINT('',(1.933379498566,0.));
#3225 = VECTOR('',#3226,1.);
#3226 = DIRECTION('',(0.,-1.));
#3227 = ( GEOMETRIC_REPRESENTATION_CONTEXT(2) 
PARAMETRIC_REPRESENTATION_CONTEXT() REPRESENTATION_CONTEXT('2D SPACE',''
  ) );
#3228 = PCURVE('',#2900,#3229);
#3229 = DEFINITIONAL_REPRESENTATION('',(#3230),#3234);
#3230 = LINE('',#3231,#3232);
#3231 = CARTESIAN_POINT('',(0.,0.));
#3232 = VECTOR('',#3233,1.);
#3233 = DIRECTION('',(0.,-1.));
#3234 = ( GEOMETRIC_REPRESENTATION_CONTEXT(2) 
PARAMETRIC_REPRESENTATION_CONTEXT() REPRESENTATION_CONTEXT('2D SPACE',''
  ) );
#3235 = ORIENTED_EDGE('',*,*,#3236,.F.);
#3236 = EDGE_CURVE('',#3160,#3214,#3237,.T.);
#3237 = SURFACE_CURVE('',#3238,(#3242,#3249),.PCURVE_S1.);
#3238 = LINE('',#3239,#3240);
#3239 = CARTESIAN_POINT('',(-18.00122070312,-13.25,15.37822265625));
#3240 = VECTOR('',#3241,1.);
#3241 = DIRECTION('',(-0.345997934185,-0.,-0.938235274086));
#3242 = PCURVE('',#2874,#3243);
#3243 = DEFINITIONAL_REPRESENTATION('',(#3244),#3248);
#3244 = LINE('',#3245,#3246);
#3245 = CARTESIAN_POINT('',(0.,0.));
#3246 = VECTOR('',#3247,1.);
#3247 = DIRECTION('',(1.,0.));
#3248 = ( GEOMETRIC_REPRESENTATION_CONTEXT(2) 
PARAMETRIC_REPRESENTATION_CONTEXT() REPRESENTATION_CONTEXT('2D SPACE',''
  ) );
#3249 = PCURVE('',#3196,#3250);
#3250 = DEFINITIONAL_REPRESENTATION('',(#3251),#3255);
#3251 = LINE('',#3252,#3253);
#3252 = CARTESIAN_POINT('',(6.07822265625,11.498779296875));
#3253 = VECTOR('',#3254,1.);
#3254 = DIRECTION('',(-0.938235274086,-0.345997934185));
#3255 = ( GEOMETRIC_REPRESENTATION_CONTEXT(2) 
PARAMETRIC_REPRESENTATION_CONTEXT() REPRESENTATION_CONTEXT('2D SPACE',''
  ) );
#3256 = ADVANCED_FACE('',(#3257),#2900,.T.);
#3257 = FACE_BOUND('',#3258,.T.);
#3258 = EDGE_LOOP('',(#3259,#3260,#3261,#3262));
#3259 = ORIENTED_EDGE('',*,*,#3213,.T.);
#3260 = ORIENTED_EDGE('',*,*,#2886,.T.);
#3261 = ORIENTED_EDGE('',*,*,#3135,.F.);
#3262 = ORIENTED_EDGE('',*,*,#3263,.F.);
#3263 = EDGE_CURVE('',#3214,#3136,#3264,.T.);
#3264 = SURFACE_CURVE('',#3265,(#3269,#3276),.PCURVE_S1.);
#3265 = LINE('',#3266,#3267);
#3266 = CARTESIAN_POINT('',(-18.67016601562,-13.25,13.5642578125));
#3267 = VECTOR('',#3268,1.);
#3268 = DIRECTION('',(1.,0.,0.));
#3269 = PCURVE('',#2900,#3270);
#3270 = DEFINITIONAL_REPRESENTATION('',(#3271),#3275);
#3271 = LINE('',#3272,#3273);
#3272 = CARTESIAN_POINT('',(0.,0.));
#3273 = VECTOR('',#3274,1.);
#3274 = DIRECTION('',(1.,0.));
#3275 = ( GEOMETRIC_REPRESENTATION_CONTEXT(2) 
PARAMETRIC_REPRESENTATION_CONTEXT() REPRESENTATION_CONTEXT('2D SPACE',''
  ) );
#3276 = PCURVE('',#3196,#3277);
#3277 = DEFINITIONAL_REPRESENTATION('',(#3278),#3282);
#3278 = LINE('',#3279,#3280);
#3279 = CARTESIAN_POINT('',(4.2642578125,10.829833984375));
#3280 = VECTOR('',#3281,1.);
#3281 = DIRECTION('',(0.,1.));
#3282 = ( GEOMETRIC_REPRESENTATION_CONTEXT(2) 
PARAMETRIC_REPRESENTATION_CONTEXT() REPRESENTATION_CONTEXT('2D SPACE',''
  ) );
#3283 = ADVANCED_FACE('',(#3284,#3287),#2955,.F.);
#3284 = FACE_BOUND('',#3285,.F.);
#3285 = EDGE_LOOP('',(#3286));
#3286 = ORIENTED_EDGE('',*,*,#2940,.T.);
#3287 = FACE_BOUND('',#3288,.F.);
#3288 = EDGE_LOOP('',(#3289));
#3289 = ORIENTED_EDGE('',*,*,#3290,.F.);
#3290 = EDGE_CURVE('',#3291,#3291,#3293,.T.);
#3291 = VERTEX_POINT('',#3292);
#3292 = CARTESIAN_POINT('',(-22.575,-5.7,14.6));
#3293 = SURFACE_CURVE('',#3294,(#3299,#3306),.PCURVE_S1.);
#3294 = CIRCLE('',#3295,0.925);
#3295 = AXIS2_PLACEMENT_3D('',#3296,#3297,#3298);
#3296 = CARTESIAN_POINT('',(-23.5,-5.7,14.6));
#3297 = DIRECTION('',(0.,0.,1.));
#3298 = DIRECTION('',(1.,0.,0.));
#3299 = PCURVE('',#2955,#3300);
#3300 = DEFINITIONAL_REPRESENTATION('',(#3301),#3305);
#3301 = CIRCLE('',#3302,0.925);
#3302 = AXIS2_PLACEMENT_2D('',#3303,#3304);
#3303 = CARTESIAN_POINT('',(3.552713678801E-15,8.881784197001E-16));
#3304 = DIRECTION('',(1.,0.));
#3305 = ( GEOMETRIC_REPRESENTATION_CONTEXT(2) 
PARAMETRIC_REPRESENTATION_CONTEXT() REPRESENTATION_CONTEXT('2D SPACE',''
  ) );
#3306 = PCURVE('',#3307,#3312);
#3307 = CYLINDRICAL_SURFACE('',#3308,0.925);
#3308 = AXIS2_PLACEMENT_3D('',#3309,#3310,#3311);
#3309 = CARTESIAN_POINT('',(-23.5,-5.7,12.6));
#3310 = DIRECTION('',(-0.,-0.,-1.));
#3311 = DIRECTION('',(1.,0.,0.));
#3312 = DEFINITIONAL_REPRESENTATION('',(#3313),#3317);
#3313 = LINE('',#3314,#3315);
#3314 = CARTESIAN_POINT('',(-0.,-2.));
#3315 = VECTOR('',#3316,1.);
#3316 = DIRECTION('',(-1.,0.));
#3317 = ( GEOMETRIC_REPRESENTATION_CONTEXT(2) 
PARAMETRIC_REPRESENTATION_CONTEXT() REPRESENTATION_CONTEXT('2D SPACE',''
  ) );
#3318 = ADVANCED_FACE('',(#3319,#3322),#3010,.F.);
#3319 = FACE_BOUND('',#3320,.F.);
#3320 = EDGE_LOOP('',(#3321));
#3321 = ORIENTED_EDGE('',*,*,#2995,.T.);
#3322 = FACE_BOUND('',#3323,.F.);
#3323 = EDGE_LOOP('',(#3324));
#3324 = ORIENTED_EDGE('',*,*,#3325,.F.);
#3325 = EDGE_CURVE('',#3326,#3326,#3328,.T.);
#3326 = VERTEX_POINT('',#3327);
#3327 = CARTESIAN_POINT('',(24.425,-5.7,14.6));
#3328 = SURFACE_CURVE('',#3329,(#3334,#3341),.PCURVE_S1.);
#3329 = CIRCLE('',#3330,0.925);
#3330 = AXIS2_PLACEMENT_3D('',#3331,#3332,#3333);
#3331 = CARTESIAN_POINT('',(23.5,-5.7,14.6));
#3332 = DIRECTION('',(0.,0.,1.));
#3333 = DIRECTION('',(1.,0.,0.));
#3334 = PCURVE('',#3010,#3335);
#3335 = DEFINITIONAL_REPRESENTATION('',(#3336),#3340);
#3336 = CIRCLE('',#3337,0.925);
#3337 = AXIS2_PLACEMENT_2D('',#3338,#3339);
#3338 = CARTESIAN_POINT('',(-3.552713678801E-15,8.881784197001E-16));
#3339 = DIRECTION('',(1.,0.));
#3340 = ( GEOMETRIC_REPRESENTATION_CONTEXT(2) 
PARAMETRIC_REPRESENTATION_CONTEXT() REPRESENTATION_CONTEXT('2D SPACE',''
  ) );
#3341 = PCURVE('',#3342,#3347);
#3342 = CYLINDRICAL_SURFACE('',#3343,0.925);
#3343 = AXIS2_PLACEMENT_3D('',#3344,#3345,#3346);
#3344 = CARTESIAN_POINT('',(23.5,-5.7,12.6));
#3345 = DIRECTION('',(-0.,-0.,-1.));
#3346 = DIRECTION('',(1.,0.,0.));
#3347 = DEFINITIONAL_REPRESENTATION('',(#3348),#3352);
#3348 = LINE('',#3349,#3350);
#3349 = CARTESIAN_POINT('',(-0.,-2.));
#3350 = VECTOR('',#3351,1.);
#3351 = DIRECTION('',(-1.,0.));
#3352 = ( GEOMETRIC_REPRESENTATION_CONTEXT(2) 
PARAMETRIC_REPRESENTATION_CONTEXT() REPRESENTATION_CONTEXT('2D SPACE',''
  ) );
#3353 = ADVANCED_FACE('',(#3354,#3357),#3065,.F.);
#3354 = FACE_BOUND('',#3355,.F.);
#3355 = EDGE_LOOP('',(#3356));
#3356 = ORIENTED_EDGE('',*,*,#3050,.T.);
#3357 = FACE_BOUND('',#3358,.F.);
#3358 = EDGE_LOOP('',(#3359));
#3359 = ORIENTED_EDGE('',*,*,#3360,.F.);
#3360 = EDGE_CURVE('',#3361,#3361,#3363,.T.);
#3361 = VERTEX_POINT('',#3362);
#3362 = CARTESIAN_POINT('',(-22.575,5.7,14.6));
#3363 = SURFACE_CURVE('',#3364,(#3369,#3376),.PCURVE_S1.);
#3364 = CIRCLE('',#3365,0.925);
#3365 = AXIS2_PLACEMENT_3D('',#3366,#3367,#3368);
#3366 = CARTESIAN_POINT('',(-23.5,5.7,14.6));
#3367 = DIRECTION('',(0.,0.,1.));
#3368 = DIRECTION('',(1.,0.,0.));
#3369 = PCURVE('',#3065,#3370);
#3370 = DEFINITIONAL_REPRESENTATION('',(#3371),#3375);
#3371 = CIRCLE('',#3372,0.925);
#3372 = AXIS2_PLACEMENT_2D('',#3373,#3374);
#3373 = CARTESIAN_POINT('',(3.552713678801E-15,0.));
#3374 = DIRECTION('',(1.,0.));
#3375 = ( GEOMETRIC_REPRESENTATION_CONTEXT(2) 
PARAMETRIC_REPRESENTATION_CONTEXT() REPRESENTATION_CONTEXT('2D SPACE',''
  ) );
#3376 = PCURVE('',#3377,#3382);
#3377 = CYLINDRICAL_SURFACE('',#3378,0.925);
#3378 = AXIS2_PLACEMENT_3D('',#3379,#3380,#3381);
#3379 = CARTESIAN_POINT('',(-23.5,5.7,12.6));
#3380 = DIRECTION('',(-0.,-0.,-1.));
#3381 = DIRECTION('',(1.,0.,0.));
#3382 = DEFINITIONAL_REPRESENTATION('',(#3383),#3387);
#3383 = LINE('',#3384,#3385);
#3384 = CARTESIAN_POINT('',(-0.,-2.));
#3385 = VECTOR('',#3386,1.);
#3386 = DIRECTION('',(-1.,0.));
#3387 = ( GEOMETRIC_REPRESENTATION_CONTEXT(2) 
PARAMETRIC_REPRESENTATION_CONTEXT() REPRESENTATION_CONTEXT('2D SPACE',''
  ) );
#3388 = ADVANCED_FACE('',(#3389,#3392),#3120,.F.);
#3389 = FACE_BOUND('',#3390,.F.);
#3390 = EDGE_LOOP('',(#3391));
#3391 = ORIENTED_EDGE('',*,*,#3105,.T.);
#3392 = FACE_BOUND('',#3393,.F.);
#3393 = EDGE_LOOP('',(#3394));
#3394 = ORIENTED_EDGE('',*,*,#3395,.F.);
#3395 = EDGE_CURVE('',#3396,#3396,#3398,.T.);
#3396 = VERTEX_POINT('',#3397);
#3397 = CARTESIAN_POINT('',(24.425,5.7,14.6));
#3398 = SURFACE_CURVE('',#3399,(#3404,#3411),.PCURVE_S1.);
#3399 = CIRCLE('',#3400,0.925);
#3400 = AXIS2_PLACEMENT_3D('',#3401,#3402,#3403);
#3401 = CARTESIAN_POINT('',(23.5,5.7,14.6));
#3402 = DIRECTION('',(0.,0.,1.));
#3403 = DIRECTION('',(1.,0.,0.));
#3404 = PCURVE('',#3120,#3405);
#3405 = DEFINITIONAL_REPRESENTATION('',(#3406),#3410);
#3406 = CIRCLE('',#3407,0.925);
#3407 = AXIS2_PLACEMENT_2D('',#3408,#3409);
#3408 = CARTESIAN_POINT('',(-3.552713678801E-15,0.));
#3409 = DIRECTION('',(1.,0.));
#3410 = ( GEOMETRIC_REPRESENTATION_CONTEXT(2) 
PARAMETRIC_REPRESENTATION_CONTEXT() REPRESENTATION_CONTEXT('2D SPACE',''
  ) );
#3411 = PCURVE('',#3412,#3417);
#3412 = CYLINDRICAL_SURFACE('',#3413,0.925);
#3413 = AXIS2_PLACEMENT_3D('',#3414,#3415,#3416);
#3414 = CARTESIAN_POINT('',(23.5,5.7,12.6));
#3415 = DIRECTION('',(-0.,-0.,-1.));
#3416 = DIRECTION('',(1.,0.,0.));
#3417 = DEFINITIONAL_REPRESENTATION('',(#3418),#3422);
#3418 = LINE('',#3419,#3420);
#3419 = CARTESIAN_POINT('',(-0.,-2.));
#3420 = VECTOR('',#3421,1.);
#3421 = DIRECTION('',(-1.,0.));
#3422 = ( GEOMETRIC_REPRESENTATION_CONTEXT(2) 
PARAMETRIC_REPRESENTATION_CONTEXT() REPRESENTATION_CONTEXT('2D SPACE',''
  ) );
#3423 = ADVANCED_FACE('',(#3424),#3196,.F.);
#3424 = FACE_BOUND('',#3425,.F.);
#3425 = EDGE_LOOP('',(#3426,#3427,#3428));
#3426 = ORIENTED_EDGE('',*,*,#3182,.F.);
#3427 = ORIENTED_EDGE('',*,*,#3263,.F.);
#3428 = ORIENTED_EDGE('',*,*,#3236,.F.);
#3429 = ADVANCED_FACE('',(#3430),#3307,.T.);
#3430 = FACE_BOUND('',#3431,.F.);
#3431 = EDGE_LOOP('',(#3432,#3455,#3456,#3457));
#3432 = ORIENTED_EDGE('',*,*,#3433,.T.);
#3433 = EDGE_CURVE('',#3434,#3291,#3436,.T.);
#3434 = VERTEX_POINT('',#3435);
#3435 = CARTESIAN_POINT('',(-22.575,-5.7,12.6));
#3436 = SEAM_CURVE('',#3437,(#3441,#3448),.PCURVE_S1.);
#3437 = LINE('',#3438,#3439);
#3438 = CARTESIAN_POINT('',(-22.575,-5.7,12.6));
#3439 = VECTOR('',#3440,1.);
#3440 = DIRECTION('',(0.,0.,1.));
#3441 = PCURVE('',#3307,#3442);
#3442 = DEFINITIONAL_REPRESENTATION('',(#3443),#3447);
#3443 = LINE('',#3444,#3445);
#3444 = CARTESIAN_POINT('',(-0.,0.));
#3445 = VECTOR('',#3446,1.);
#3446 = DIRECTION('',(-0.,-1.));
#3447 = ( GEOMETRIC_REPRESENTATION_CONTEXT(2) 
PARAMETRIC_REPRESENTATION_CONTEXT() REPRESENTATION_CONTEXT('2D SPACE',''
  ) );
#3448 = PCURVE('',#3307,#3449);
#3449 = DEFINITIONAL_REPRESENTATION('',(#3450),#3454);
#3450 = LINE('',#3451,#3452);
#3451 = CARTESIAN_POINT('',(-6.28318530718,0.));
#3452 = VECTOR('',#3453,1.);
#3453 = DIRECTION('',(-0.,-1.));
#3454 = ( GEOMETRIC_REPRESENTATION_CONTEXT(2) 
PARAMETRIC_REPRESENTATION_CONTEXT() REPRESENTATION_CONTEXT('2D SPACE',''
  ) );
#3455 = ORIENTED_EDGE('',*,*,#3290,.T.);
#3456 = ORIENTED_EDGE('',*,*,#3433,.F.);
#3457 = ORIENTED_EDGE('',*,*,#3458,.F.);
#3458 = EDGE_CURVE('',#3434,#3434,#3459,.T.);
#3459 = SURFACE_CURVE('',#3460,(#3465,#3472),.PCURVE_S1.);
#3460 = CIRCLE('',#3461,0.925);
#3461 = AXIS2_PLACEMENT_3D('',#3462,#3463,#3464);
#3462 = CARTESIAN_POINT('',(-23.5,-5.7,12.6));
#3463 = DIRECTION('',(0.,0.,1.));
#3464 = DIRECTION('',(1.,0.,0.));
#3465 = PCURVE('',#3307,#3466);
#3466 = DEFINITIONAL_REPRESENTATION('',(#3467),#3471);
#3467 = LINE('',#3468,#3469);
#3468 = CARTESIAN_POINT('',(-0.,0.));
#3469 = VECTOR('',#3470,1.);
#3470 = DIRECTION('',(-1.,0.));
#3471 = ( GEOMETRIC_REPRESENTATION_CONTEXT(2) 
PARAMETRIC_REPRESENTATION_CONTEXT() REPRESENTATION_CONTEXT('2D SPACE',''
  ) );
#3472 = PCURVE('',#3473,#3478);
#3473 = PLANE('',#3474);
#3474 = AXIS2_PLACEMENT_3D('',#3475,#3476,#3477);
#3475 = CARTESIAN_POINT('',(-23.5,-5.7,12.6));
#3476 = DIRECTION('',(0.,0.,1.));
#3477 = DIRECTION('',(1.,0.,-0.));
#3478 = DEFINITIONAL_REPRESENTATION('',(#3479),#3483);
#3479 = CIRCLE('',#3480,0.925);
#3480 = AXIS2_PLACEMENT_2D('',#3481,#3482);
#3481 = CARTESIAN_POINT('',(0.,0.));
#3482 = DIRECTION('',(1.,0.));
#3483 = ( GEOMETRIC_REPRESENTATION_CONTEXT(2) 
PARAMETRIC_REPRESENTATION_CONTEXT() REPRESENTATION_CONTEXT('2D SPACE',''
  ) );
#3484 = ADVANCED_FACE('',(#3485),#3342,.T.);
#3485 = FACE_BOUND('',#3486,.F.);
#3486 = EDGE_LOOP('',(#3487,#3510,#3511,#3512));
#3487 = ORIENTED_EDGE('',*,*,#3488,.T.);
#3488 = EDGE_CURVE('',#3489,#3326,#3491,.T.);
#3489 = VERTEX_POINT('',#3490);
#3490 = CARTESIAN_POINT('',(24.425,-5.7,12.6));
#3491 = SEAM_CURVE('',#3492,(#3496,#3503),.PCURVE_S1.);
#3492 = LINE('',#3493,#3494);
#3493 = CARTESIAN_POINT('',(24.425,-5.7,12.6));
#3494 = VECTOR('',#3495,1.);
#3495 = DIRECTION('',(0.,0.,1.));
#3496 = PCURVE('',#3342,#3497);
#3497 = DEFINITIONAL_REPRESENTATION('',(#3498),#3502);
#3498 = LINE('',#3499,#3500);
#3499 = CARTESIAN_POINT('',(-0.,0.));
#3500 = VECTOR('',#3501,1.);
#3501 = DIRECTION('',(-0.,-1.));
#3502 = ( GEOMETRIC_REPRESENTATION_CONTEXT(2) 
PARAMETRIC_REPRESENTATION_CONTEXT() REPRESENTATION_CONTEXT('2D SPACE',''
  ) );
#3503 = PCURVE('',#3342,#3504);
#3504 = DEFINITIONAL_REPRESENTATION('',(#3505),#3509);
#3505 = LINE('',#3506,#3507);
#3506 = CARTESIAN_POINT('',(-6.28318530718,0.));
#3507 = VECTOR('',#3508,1.);
#3508 = DIRECTION('',(-0.,-1.));
#3509 = ( GEOMETRIC_REPRESENTATION_CONTEXT(2) 
PARAMETRIC_REPRESENTATION_CONTEXT() REPRESENTATION_CONTEXT('2D SPACE',''
  ) );
#3510 = ORIENTED_EDGE('',*,*,#3325,.T.);
#3511 = ORIENTED_EDGE('',*,*,#3488,.F.);
#3512 = ORIENTED_EDGE('',*,*,#3513,.F.);
#3513 = EDGE_CURVE('',#3489,#3489,#3514,.T.);
#3514 = SURFACE_CURVE('',#3515,(#3520,#3527),.PCURVE_S1.);
#3515 = CIRCLE('',#3516,0.925);
#3516 = AXIS2_PLACEMENT_3D('',#3517,#3518,#3519);
#3517 = CARTESIAN_POINT('',(23.5,-5.7,12.6));
#3518 = DIRECTION('',(0.,0.,1.));
#3519 = DIRECTION('',(1.,0.,0.));
#3520 = PCURVE('',#3342,#3521);
#3521 = DEFINITIONAL_REPRESENTATION('',(#3522),#3526);
#3522 = LINE('',#3523,#3524);
#3523 = CARTESIAN_POINT('',(-0.,0.));
#3524 = VECTOR('',#3525,1.);
#3525 = DIRECTION('',(-1.,0.));
#3526 = ( GEOMETRIC_REPRESENTATION_CONTEXT(2) 
PARAMETRIC_REPRESENTATION_CONTEXT() REPRESENTATION_CONTEXT('2D SPACE',''
  ) );
#3527 = PCURVE('',#3528,#3533);
#3528 = PLANE('',#3529);
#3529 = AXIS2_PLACEMENT_3D('',#3530,#3531,#3532);
#3530 = CARTESIAN_POINT('',(23.5,-5.7,12.6));
#3531 = DIRECTION('',(0.,0.,1.));
#3532 = DIRECTION('',(1.,0.,-0.));
#3533 = DEFINITIONAL_REPRESENTATION('',(#3534),#3538);
#3534 = CIRCLE('',#3535,0.925);
#3535 = AXIS2_PLACEMENT_2D('',#3536,#3537);
#3536 = CARTESIAN_POINT('',(3.552713678801E-15,0.));
#3537 = DIRECTION('',(1.,0.));
#3538 = ( GEOMETRIC_REPRESENTATION_CONTEXT(2) 
PARAMETRIC_REPRESENTATION_CONTEXT() REPRESENTATION_CONTEXT('2D SPACE',''
  ) );
#3539 = ADVANCED_FACE('',(#3540),#3377,.T.);
#3540 = FACE_BOUND('',#3541,.F.);
#3541 = EDGE_LOOP('',(#3542,#3565,#3566,#3567));
#3542 = ORIENTED_EDGE('',*,*,#3543,.T.);
#3543 = EDGE_CURVE('',#3544,#3361,#3546,.T.);
#3544 = VERTEX_POINT('',#3545);
#3545 = CARTESIAN_POINT('',(-22.575,5.7,12.6));
#3546 = SEAM_CURVE('',#3547,(#3551,#3558),.PCURVE_S1.);
#3547 = LINE('',#3548,#3549);
#3548 = CARTESIAN_POINT('',(-22.575,5.7,12.6));
#3549 = VECTOR('',#3550,1.);
#3550 = DIRECTION('',(0.,0.,1.));
#3551 = PCURVE('',#3377,#3552);
#3552 = DEFINITIONAL_REPRESENTATION('',(#3553),#3557);
#3553 = LINE('',#3554,#3555);
#3554 = CARTESIAN_POINT('',(-0.,0.));
#3555 = VECTOR('',#3556,1.);
#3556 = DIRECTION('',(-0.,-1.));
#3557 = ( GEOMETRIC_REPRESENTATION_CONTEXT(2) 
PARAMETRIC_REPRESENTATION_CONTEXT() REPRESENTATION_CONTEXT('2D SPACE',''
  ) );
#3558 = PCURVE('',#3377,#3559);
#3559 = DEFINITIONAL_REPRESENTATION('',(#3560),#3564);
#3560 = LINE('',#3561,#3562);
#3561 = CARTESIAN_POINT('',(-6.28318530718,0.));
#3562 = VECTOR('',#3563,1.);
#3563 = DIRECTION('',(-0.,-1.));
#3564 = ( GEOMETRIC_REPRESENTATION_CONTEXT(2) 
PARAMETRIC_REPRESENTATION_CONTEXT() REPRESENTATION_CONTEXT('2D SPACE',''
  ) );
#3565 = ORIENTED_EDGE('',*,*,#3360,.T.);
#3566 = ORIENTED_EDGE('',*,*,#3543,.F.);
#3567 = ORIENTED_EDGE('',*,*,#3568,.F.);
#3568 = EDGE_CURVE('',#3544,#3544,#3569,.T.);
#3569 = SURFACE_CURVE('',#3570,(#3575,#3582),.PCURVE_S1.);
#3570 = CIRCLE('',#3571,0.925);
#3571 = AXIS2_PLACEMENT_3D('',#3572,#3573,#3574);
#3572 = CARTESIAN_POINT('',(-23.5,5.7,12.6));
#3573 = DIRECTION('',(0.,0.,1.));
#3574 = DIRECTION('',(1.,0.,0.));
#3575 = PCURVE('',#3377,#3576);
#3576 = DEFINITIONAL_REPRESENTATION('',(#3577),#3581);
#3577 = LINE('',#3578,#3579);
#3578 = CARTESIAN_POINT('',(-0.,0.));
#3579 = VECTOR('',#3580,1.);
#3580 = DIRECTION('',(-1.,0.));
#3581 = ( GEOMETRIC_REPRESENTATION_CONTEXT(2) 
PARAMETRIC_REPRESENTATION_CONTEXT() REPRESENTATION_CONTEXT('2D SPACE',''
  ) );
#3582 = PCURVE('',#3583,#3588);
#3583 = PLANE('',#3584);
#3584 = AXIS2_PLACEMENT_3D('',#3585,#3586,#3587);
#3585 = CARTESIAN_POINT('',(-23.5,5.7,12.6));
#3586 = DIRECTION('',(0.,0.,1.));
#3587 = DIRECTION('',(1.,0.,-0.));
#3588 = DEFINITIONAL_REPRESENTATION('',(#3589),#3593);
#3589 = CIRCLE('',#3590,0.925);
#3590 = AXIS2_PLACEMENT_2D('',#3591,#3592);
#3591 = CARTESIAN_POINT('',(0.,0.));
#3592 = DIRECTION('',(1.,0.));
#3593 = ( GEOMETRIC_REPRESENTATION_CONTEXT(2) 
PARAMETRIC_REPRESENTATION_CONTEXT() REPRESENTATION_CONTEXT('2D SPACE',''
  ) );
#3594 = ADVANCED_FACE('',(#3595),#3412,.T.);
#3595 = FACE_BOUND('',#3596,.F.);
#3596 = EDGE_LOOP('',(#3597,#3620,#3621,#3622));
#3597 = ORIENTED_EDGE('',*,*,#3598,.T.);
#3598 = EDGE_CURVE('',#3599,#3396,#3601,.T.);
#3599 = VERTEX_POINT('',#3600);
#3600 = CARTESIAN_POINT('',(24.425,5.7,12.6));
#3601 = SEAM_CURVE('',#3602,(#3606,#3613),.PCURVE_S1.);
#3602 = LINE('',#3603,#3604);
#3603 = CARTESIAN_POINT('',(24.425,5.7,12.6));
#3604 = VECTOR('',#3605,1.);
#3605 = DIRECTION('',(0.,0.,1.));
#3606 = PCURVE('',#3412,#3607);
#3607 = DEFINITIONAL_REPRESENTATION('',(#3608),#3612);
#3608 = LINE('',#3609,#3610);
#3609 = CARTESIAN_POINT('',(-0.,0.));
#3610 = VECTOR('',#3611,1.);
#3611 = DIRECTION('',(-0.,-1.));
#3612 = ( GEOMETRIC_REPRESENTATION_CONTEXT(2) 
PARAMETRIC_REPRESENTATION_CONTEXT() REPRESENTATION_CONTEXT('2D SPACE',''
  ) );
#3613 = PCURVE('',#3412,#3614);
#3614 = DEFINITIONAL_REPRESENTATION('',(#3615),#3619);
#3615 = LINE('',#3616,#3617);
#3616 = CARTESIAN_POINT('',(-6.28318530718,0.));
#3617 = VECTOR('',#3618,1.);
#3618 = DIRECTION('',(-0.,-1.));
#3619 = ( GEOMETRIC_REPRESENTATION_CONTEXT(2) 
PARAMETRIC_REPRESENTATION_CONTEXT() REPRESENTATION_CONTEXT('2D SPACE',''
  ) );
#3620 = ORIENTED_EDGE('',*,*,#3395,.T.);
#3621 = ORIENTED_EDGE('',*,*,#3598,.F.);
#3622 = ORIENTED_EDGE('',*,*,#3623,.F.);
#3623 = EDGE_CURVE('',#3599,#3599,#3624,.T.);
#3624 = SURFACE_CURVE('',#3625,(#3630,#3637),.PCURVE_S1.);
#3625 = CIRCLE('',#3626,0.925);
#3626 = AXIS2_PLACEMENT_3D('',#3627,#3628,#3629);
#3627 = CARTESIAN_POINT('',(23.5,5.7,12.6));
#3628 = DIRECTION('',(0.,0.,1.));
#3629 = DIRECTION('',(1.,0.,0.));
#3630 = PCURVE('',#3412,#3631);
#3631 = DEFINITIONAL_REPRESENTATION('',(#3632),#3636);
#3632 = LINE('',#3633,#3634);
#3633 = CARTESIAN_POINT('',(-0.,0.));
#3634 = VECTOR('',#3635,1.);
#3635 = DIRECTION('',(-1.,0.));
#3636 = ( GEOMETRIC_REPRESENTATION_CONTEXT(2) 
PARAMETRIC_REPRESENTATION_CONTEXT() REPRESENTATION_CONTEXT('2D SPACE',''
  ) );
#3637 = PCURVE('',#3638,#3643);
#3638 = PLANE('',#3639);
#3639 = AXIS2_PLACEMENT_3D('',#3640,#3641,#3642);
#3640 = CARTESIAN_POINT('',(23.5,5.7,12.6));
#3641 = DIRECTION('',(0.,0.,1.));
#3642 = DIRECTION('',(1.,0.,-0.));
#3643 = DEFINITIONAL_REPRESENTATION('',(#3644),#3648);
#3644 = CIRCLE('',#3645,0.925);
#3645 = AXIS2_PLACEMENT_2D('',#3646,#3647);
#3646 = CARTESIAN_POINT('',(3.552713678801E-15,0.));
#3647 = DIRECTION('',(1.,0.));
#3648 = ( GEOMETRIC_REPRESENTATION_CONTEXT(2) 
PARAMETRIC_REPRESENTATION_CONTEXT() REPRESENTATION_CONTEXT('2D SPACE',''
  ) );
#3649 = ADVANCED_FACE('',(#3650),#3473,.F.);
#3650 = FACE_BOUND('',#3651,.F.);
#3651 = EDGE_LOOP('',(#3652));
#3652 = ORIENTED_EDGE('',*,*,#3458,.T.);
#3653 = ADVANCED_FACE('',(#3654),#3528,.F.);
#3654 = FACE_BOUND('',#3655,.F.);
#3655 = EDGE_LOOP('',(#3656));
#3656 = ORIENTED_EDGE('',*,*,#3513,.T.);
#3657 = ADVANCED_FACE('',(#3658),#3583,.F.);
#3658 = FACE_BOUND('',#3659,.F.);
#3659 = EDGE_LOOP('',(#3660));
#3660 = ORIENTED_EDGE('',*,*,#3568,.T.);
#3661 = ADVANCED_FACE('',(#3662),#3638,.F.);
#3662 = FACE_BOUND('',#3663,.F.);
#3663 = EDGE_LOOP('',(#3664));
#3664 = ORIENTED_EDGE('',*,*,#3623,.T.);
#3665 = ( GEOMETRIC_REPRESENTATION_CONTEXT(3) 
GLOBAL_UNCERTAINTY_ASSIGNED_CONTEXT((#3669)) 
GLOBAL_UNIT_ASSIGNED_CONTEXT((#3666,#3667,#3668)) REPRESENTATION_CONTEXT
('Context #1','3D Context with UNIT and UNCERTAINTY') );
#3666 = ( LENGTH_UNIT() NAMED_UNIT(*) SI_UNIT(.MILLI.,.METRE.) );
#3667 = ( NAMED_UNIT(*) PLANE_ANGLE_UNIT() SI_UNIT($,.RADIAN.) );
#3668 = ( NAMED_UNIT(*) SI_UNIT($,.STERADIAN.) SOLID_ANGLE_UNIT() );
#3669 = UNCERTAINTY_MEASURE_WITH_UNIT(LENGTH_MEASURE(1.E-07),#3666,
  'distance_accuracy_value','confusion accuracy');
#3670 = PRODUCT_RELATED_PRODUCT_CATEGORY('part',$,(#7));
ENDSEC;
END-ISO-10303-21;
