ISO-10303-21;
HEADER;
FILE_DESCRIPTION(('Open CASCADE Model'),'2;1');
FILE_NAME('Open CASCADE Shape Model','2026-06-30T22:47:38',('Author'),(
    'Open CASCADE'),'Open CASCADE STEP processor 7.9','Open CASCADE 7.9'
  ,'Unknown');
FILE_SCHEMA(('AUTOMOTIVE_DESIGN { 1 0 10303 214 1 1 1 1 }'));
ENDSEC;
DATA;
#1 = APPLICATION_PROTOCOL_DEFINITION('international standard',
  'automotive_design',2000,#2);
#2 = APPLICATION_CONTEXT(
  'core data for automotive mechanical design processes');
#3 = SHAPE_DEFINITION_REPRESENTATION(#4,#10);
#4 = PRODUCT_DEFINITION_SHAPE('','',#5);
#5 = PRODUCT_DEFINITION('design','',#6,#9);
#6 = PRODUCT_DEFINITION_FORMATION('','',#7);
#7 = PRODUCT('Open CASCADE STEP translator 7.9 1',
  'Open CASCADE STEP translator 7.9 1','',(#8));
#8 = PRODUCT_CONTEXT('',#2,'mechanical');
#9 = PRODUCT_DEFINITION_CONTEXT('part definition',#2,'design');
#10 = ADVANCED_BREP_SHAPE_REPRESENTATION('',(#11,#15),#5283);
#11 = AXIS2_PLACEMENT_3D('',#12,#13,#14);
#12 = CARTESIAN_POINT('',(0.,0.,0.));
#13 = DIRECTION('',(0.,0.,1.));
#14 = DIRECTION('',(1.,0.,-0.));
#15 = MANIFOLD_SOLID_BREP('',#16);
#16 = CLOSED_SHELL('',(#17,#114,#468,#546,#762,#815,#888,#935,#985,#1032
    ,#1082,#1107,#1161,#1242,#1318,#1497,#1581,#1635,#1689,#1876,#1923,
    #2092,#2119,#2145,#2176,#2282,#2331,#2358,#2385,#2417,#2630,#2657,
    #2683,#2710,#2737,#2764,#2771,#2798,#2825,#2831,#3197,#3271,#3330,
    #3732,#3806,#3865,#3914,#3968,#4069,#4309,#4362,#4411,#4446,#4526,
    #4720,#4816,#4866,#4893,#4942,#4977,#5036,#5067,#5126,#5209,#5216,
    #5275,#5279));
#17 = ADVANCED_FACE('',(#18),#32,.T.);
#18 = FACE_BOUND('',#19,.T.);
#19 = EDGE_LOOP('',(#20,#55,#83));
#20 = ORIENTED_EDGE('',*,*,#21,.T.);
#21 = EDGE_CURVE('',#22,#24,#26,.T.);
#22 = VERTEX_POINT('',#23);
#23 = CARTESIAN_POINT('',(29.1,-5.4,1.251087470693));
#24 = VERTEX_POINT('',#25);
#25 = CARTESIAN_POINT('',(29.1,-5.4,1.));
#26 = SURFACE_CURVE('',#27,(#31,#43),.PCURVE_S1.);
#27 = LINE('',#28,#29);
#28 = CARTESIAN_POINT('',(29.1,-5.4,6.065));
#29 = VECTOR('',#30,1.);
#30 = DIRECTION('',(0.,0.,-1.));
#31 = PCURVE('',#32,#37);
#32 = PLANE('',#33);
#33 = AXIS2_PLACEMENT_3D('',#34,#35,#36);
#34 = CARTESIAN_POINT('',(28.6,-4.9,6.065));
#35 = DIRECTION('',(0.707106781187,0.707106781187,0.));
#36 = DIRECTION('',(0.,0.,-1.));
#37 = DEFINITIONAL_REPRESENTATION('',(#38),#42);
#38 = LINE('',#39,#40);
#39 = CARTESIAN_POINT('',(0.,-0.707106781187));
#40 = VECTOR('',#41,1.);
#41 = DIRECTION('',(1.,0.));
#42 = ( GEOMETRIC_REPRESENTATION_CONTEXT(2) 
PARAMETRIC_REPRESENTATION_CONTEXT() REPRESENTATION_CONTEXT('2D SPACE',''
  ) );
#43 = PCURVE('',#44,#49);
#44 = PLANE('',#45);
#45 = AXIS2_PLACEMENT_3D('',#46,#47,#48);
#46 = CARTESIAN_POINT('',(29.1,11.5,8.));
#47 = DIRECTION('',(1.,0.,0.));
#48 = DIRECTION('',(0.,-1.,0.));
#49 = DEFINITIONAL_REPRESENTATION('',(#50),#54);
#50 = LINE('',#51,#52);
#51 = CARTESIAN_POINT('',(16.9,1.935));
#52 = VECTOR('',#53,1.);
#53 = DIRECTION('',(0.,1.));
#54 = ( GEOMETRIC_REPRESENTATION_CONTEXT(2) 
PARAMETRIC_REPRESENTATION_CONTEXT() REPRESENTATION_CONTEXT('2D SPACE',''
  ) );
#55 = ORIENTED_EDGE('',*,*,#56,.T.);
#56 = EDGE_CURVE('',#24,#57,#59,.T.);
#57 = VERTEX_POINT('',#58);
#58 = CARTESIAN_POINT('',(28.3,-4.6,1.));
#59 = SURFACE_CURVE('',#60,(#64,#71),.PCURVE_S1.);
#60 = LINE('',#61,#62);
#61 = CARTESIAN_POINT('',(20.425,3.275,1.));
#62 = VECTOR('',#63,1.);
#63 = DIRECTION('',(-0.707106781187,0.707106781187,0.));
#64 = PCURVE('',#32,#65);
#65 = DEFINITIONAL_REPRESENTATION('',(#66),#70);
#66 = LINE('',#67,#68);
#67 = CARTESIAN_POINT('',(5.065,11.5611958724));
#68 = VECTOR('',#69,1.);
#69 = DIRECTION('',(0.,1.));
#70 = ( GEOMETRIC_REPRESENTATION_CONTEXT(2) 
PARAMETRIC_REPRESENTATION_CONTEXT() REPRESENTATION_CONTEXT('2D SPACE',''
  ) );
#71 = PCURVE('',#72,#77);
#72 = PLANE('',#73);
#73 = AXIS2_PLACEMENT_3D('',#74,#75,#76);
#74 = CARTESIAN_POINT('',(0.8,-3.774758283726E-14,1.));
#75 = DIRECTION('',(0.,0.,1.));
#76 = DIRECTION('',(1.,0.,-0.));
#77 = DEFINITIONAL_REPRESENTATION('',(#78),#82);
#78 = LINE('',#79,#80);
#79 = CARTESIAN_POINT('',(19.625,3.275));
#80 = VECTOR('',#81,1.);
#81 = DIRECTION('',(-0.707106781187,0.707106781187));
#82 = ( GEOMETRIC_REPRESENTATION_CONTEXT(2) 
PARAMETRIC_REPRESENTATION_CONTEXT() REPRESENTATION_CONTEXT('2D SPACE',''
  ) );
#83 = ORIENTED_EDGE('',*,*,#84,.F.);
#84 = EDGE_CURVE('',#22,#57,#85,.T.);
#85 = SURFACE_CURVE('',#86,(#91,#98),.PCURVE_S1.);
#86 = ELLIPSE('',#87,1.979898987322,1.4);
#87 = AXIS2_PLACEMENT_3D('',#88,#89,#90);
#88 = CARTESIAN_POINT('',(28.3,-4.6,2.4));
#89 = DIRECTION('',(0.707106781187,0.707106781187,0.));
#90 = DIRECTION('',(0.707106781187,-0.707106781187,0.));
#91 = PCURVE('',#32,#92);
#92 = DEFINITIONAL_REPRESENTATION('',(#93),#97);
#93 = ELLIPSE('',#94,1.979898987322,1.4);
#94 = AXIS2_PLACEMENT_2D('',#95,#96);
#95 = CARTESIAN_POINT('',(3.665,0.424264068712));
#96 = DIRECTION('',(0.,-1.));
#97 = ( GEOMETRIC_REPRESENTATION_CONTEXT(2) 
PARAMETRIC_REPRESENTATION_CONTEXT() REPRESENTATION_CONTEXT('2D SPACE',''
  ) );
#98 = PCURVE('',#99,#104);
#99 = CYLINDRICAL_SURFACE('',#100,1.4);
#100 = AXIS2_PLACEMENT_3D('',#101,#102,#103);
#101 = CARTESIAN_POINT('',(25.,-4.6,2.4));
#102 = DIRECTION('',(1.,0.,0.));
#103 = DIRECTION('',(0.,-1.,0.));
#104 = DEFINITIONAL_REPRESENTATION('',(#105),#113);
#105 = B_SPLINE_CURVE_WITH_KNOTS('',6,(#106,#107,#108,#109,#110,#111,
    #112),.UNSPECIFIED.,.F.,.F.,(7,7),(0.872573853432,1.570796326795),
  .PIECEWISE_BEZIER_KNOTS.);
#106 = CARTESIAN_POINT('',(0.872573853432,4.2));
#107 = CARTESIAN_POINT('',(0.988944265659,4.075206635721));
#108 = CARTESIAN_POINT('',(1.105314677886,3.935787953087));
#109 = CARTESIAN_POINT('',(1.221685090114,3.784785006509));
#110 = CARTESIAN_POINT('',(1.338055502341,3.625837031106));
#111 = CARTESIAN_POINT('',(1.454425914568,3.462918577118));
#112 = CARTESIAN_POINT('',(1.570796326795,3.3));
#113 = ( GEOMETRIC_REPRESENTATION_CONTEXT(2) 
PARAMETRIC_REPRESENTATION_CONTEXT() REPRESENTATION_CONTEXT('2D SPACE',''
  ) );
#114 = ADVANCED_FACE('',(#115),#44,.T.);
#115 = FACE_BOUND('',#116,.T.);
#116 = EDGE_LOOP('',(#117,#147,#175,#203,#231,#259,#280,#281,#305,#331,
    #360,#386,#415,#441));
#117 = ORIENTED_EDGE('',*,*,#118,.F.);
#118 = EDGE_CURVE('',#119,#121,#123,.T.);
#119 = VERTEX_POINT('',#120);
#120 = CARTESIAN_POINT('',(29.1,5.4,1.));
#121 = VERTEX_POINT('',#122);
#122 = CARTESIAN_POINT('',(29.1,5.4,1.251087470692));
#123 = SURFACE_CURVE('',#124,(#128,#135),.PCURVE_S1.);
#124 = LINE('',#125,#126);
#125 = CARTESIAN_POINT('',(29.1,5.4,4.195));
#126 = VECTOR('',#127,1.);
#127 = DIRECTION('',(0.,0.,1.));
#128 = PCURVE('',#44,#129);
#129 = DEFINITIONAL_REPRESENTATION('',(#130),#134);
#130 = LINE('',#131,#132);
#131 = CARTESIAN_POINT('',(6.1,3.805));
#132 = VECTOR('',#133,1.);
#133 = DIRECTION('',(0.,-1.));
#134 = ( GEOMETRIC_REPRESENTATION_CONTEXT(2) 
PARAMETRIC_REPRESENTATION_CONTEXT() REPRESENTATION_CONTEXT('2D SPACE',''
  ) );
#135 = PCURVE('',#136,#141);
#136 = PLANE('',#137);
#137 = AXIS2_PLACEMENT_3D('',#138,#139,#140);
#138 = CARTESIAN_POINT('',(28.6,4.9,4.195));
#139 = DIRECTION('',(0.707106781187,-0.707106781187,0.));
#140 = DIRECTION('',(0.,0.,-1.));
#141 = DEFINITIONAL_REPRESENTATION('',(#142),#146);
#142 = LINE('',#143,#144);
#143 = CARTESIAN_POINT('',(0.,0.707106781187));
#144 = VECTOR('',#145,1.);
#145 = DIRECTION('',(-1.,0.));
#146 = ( GEOMETRIC_REPRESENTATION_CONTEXT(2) 
PARAMETRIC_REPRESENTATION_CONTEXT() REPRESENTATION_CONTEXT('2D SPACE',''
  ) );
#147 = ORIENTED_EDGE('',*,*,#148,.T.);
#148 = EDGE_CURVE('',#119,#149,#151,.T.);
#149 = VERTEX_POINT('',#150);
#150 = CARTESIAN_POINT('',(29.1,12.7,1.));
#151 = SURFACE_CURVE('',#152,(#156,#163),.PCURVE_S1.);
#152 = LINE('',#153,#154);
#153 = CARTESIAN_POINT('',(29.1,5.75,1.));
#154 = VECTOR('',#155,1.);
#155 = DIRECTION('',(0.,1.,0.));
#156 = PCURVE('',#44,#157);
#157 = DEFINITIONAL_REPRESENTATION('',(#158),#162);
#158 = LINE('',#159,#160);
#159 = CARTESIAN_POINT('',(5.75,7.));
#160 = VECTOR('',#161,1.);
#161 = DIRECTION('',(-1.,0.));
#162 = ( GEOMETRIC_REPRESENTATION_CONTEXT(2) 
PARAMETRIC_REPRESENTATION_CONTEXT() REPRESENTATION_CONTEXT('2D SPACE',''
  ) );
#163 = PCURVE('',#164,#169);
#164 = PLANE('',#165);
#165 = AXIS2_PLACEMENT_3D('',#166,#167,#168);
#166 = CARTESIAN_POINT('',(0.8,-3.774758283726E-14,1.));
#167 = DIRECTION('',(0.,0.,1.));
#168 = DIRECTION('',(1.,0.,-0.));
#169 = DEFINITIONAL_REPRESENTATION('',(#170),#174);
#170 = LINE('',#171,#172);
#171 = CARTESIAN_POINT('',(28.3,5.75));
#172 = VECTOR('',#173,1.);
#173 = DIRECTION('',(0.,1.));
#174 = ( GEOMETRIC_REPRESENTATION_CONTEXT(2) 
PARAMETRIC_REPRESENTATION_CONTEXT() REPRESENTATION_CONTEXT('2D SPACE',''
  ) );
#175 = ORIENTED_EDGE('',*,*,#176,.F.);
#176 = EDGE_CURVE('',#177,#149,#179,.T.);
#177 = VERTEX_POINT('',#178);
#178 = CARTESIAN_POINT('',(29.1,12.7,9.2));
#179 = SURFACE_CURVE('',#180,(#184,#191),.PCURVE_S1.);
#180 = LINE('',#181,#182);
#181 = CARTESIAN_POINT('',(29.1,12.7,8.));
#182 = VECTOR('',#183,1.);
#183 = DIRECTION('',(0.,0.,-1.));
#184 = PCURVE('',#44,#185);
#185 = DEFINITIONAL_REPRESENTATION('',(#186),#190);
#186 = LINE('',#187,#188);
#187 = CARTESIAN_POINT('',(-1.2,0.));
#188 = VECTOR('',#189,1.);
#189 = DIRECTION('',(0.,1.));
#190 = ( GEOMETRIC_REPRESENTATION_CONTEXT(2) 
PARAMETRIC_REPRESENTATION_CONTEXT() REPRESENTATION_CONTEXT('2D SPACE',''
  ) );
#191 = PCURVE('',#192,#197);
#192 = PLANE('',#193);
#193 = AXIS2_PLACEMENT_3D('',#194,#195,#196);
#194 = CARTESIAN_POINT('',(28.7,13.1,8.));
#195 = DIRECTION('',(0.707106781187,0.707106781187,0.));
#196 = DIRECTION('',(0.,0.,-1.));
#197 = DEFINITIONAL_REPRESENTATION('',(#198),#202);
#198 = LINE('',#199,#200);
#199 = CARTESIAN_POINT('',(0.,-0.565685424949));
#200 = VECTOR('',#201,1.);
#201 = DIRECTION('',(1.,0.));
#202 = ( GEOMETRIC_REPRESENTATION_CONTEXT(2) 
PARAMETRIC_REPRESENTATION_CONTEXT() REPRESENTATION_CONTEXT('2D SPACE',''
  ) );
#203 = ORIENTED_EDGE('',*,*,#204,.F.);
#204 = EDGE_CURVE('',#205,#177,#207,.T.);
#205 = VERTEX_POINT('',#206);
#206 = CARTESIAN_POINT('',(29.1,-12.7,9.2));
#207 = SURFACE_CURVE('',#208,(#212,#219),.PCURVE_S1.);
#208 = LINE('',#209,#210);
#209 = CARTESIAN_POINT('',(29.1,5.75,9.2));
#210 = VECTOR('',#211,1.);
#211 = DIRECTION('',(0.,1.,0.));
#212 = PCURVE('',#44,#213);
#213 = DEFINITIONAL_REPRESENTATION('',(#214),#218);
#214 = LINE('',#215,#216);
#215 = CARTESIAN_POINT('',(5.75,-1.2));
#216 = VECTOR('',#217,1.);
#217 = DIRECTION('',(-1.,0.));
#218 = ( GEOMETRIC_REPRESENTATION_CONTEXT(2) 
PARAMETRIC_REPRESENTATION_CONTEXT() REPRESENTATION_CONTEXT('2D SPACE',''
  ) );
#219 = PCURVE('',#220,#225);
#220 = PLANE('',#221);
#221 = AXIS2_PLACEMENT_3D('',#222,#223,#224);
#222 = CARTESIAN_POINT('',(28.7,5.75,9.6));
#223 = DIRECTION('',(0.707106781187,0.,0.707106781187));
#224 = DIRECTION('',(0.707106781187,0.,-0.707106781187));
#225 = DEFINITIONAL_REPRESENTATION('',(#226),#230);
#226 = LINE('',#227,#228);
#227 = CARTESIAN_POINT('',(0.565685424949,0.));
#228 = VECTOR('',#229,1.);
#229 = DIRECTION('',(0.,1.));
#230 = ( GEOMETRIC_REPRESENTATION_CONTEXT(2) 
PARAMETRIC_REPRESENTATION_CONTEXT() REPRESENTATION_CONTEXT('2D SPACE',''
  ) );
#231 = ORIENTED_EDGE('',*,*,#232,.F.);
#232 = EDGE_CURVE('',#233,#205,#235,.T.);
#233 = VERTEX_POINT('',#234);
#234 = CARTESIAN_POINT('',(29.1,-12.7,1.));
#235 = SURFACE_CURVE('',#236,(#240,#247),.PCURVE_S1.);
#236 = LINE('',#237,#238);
#237 = CARTESIAN_POINT('',(29.1,-12.7,8.));
#238 = VECTOR('',#239,1.);
#239 = DIRECTION('',(0.,0.,1.));
#240 = PCURVE('',#44,#241);
#241 = DEFINITIONAL_REPRESENTATION('',(#242),#246);
#242 = LINE('',#243,#244);
#243 = CARTESIAN_POINT('',(24.2,0.));
#244 = VECTOR('',#245,1.);
#245 = DIRECTION('',(0.,-1.));
#246 = ( GEOMETRIC_REPRESENTATION_CONTEXT(2) 
PARAMETRIC_REPRESENTATION_CONTEXT() REPRESENTATION_CONTEXT('2D SPACE',''
  ) );
#247 = PCURVE('',#248,#253);
#248 = PLANE('',#249);
#249 = AXIS2_PLACEMENT_3D('',#250,#251,#252);
#250 = CARTESIAN_POINT('',(28.7,-13.1,8.));
#251 = DIRECTION('',(0.707106781187,-0.707106781187,0.));
#252 = DIRECTION('',(0.,0.,-1.));
#253 = DEFINITIONAL_REPRESENTATION('',(#254),#258);
#254 = LINE('',#255,#256);
#255 = CARTESIAN_POINT('',(0.,0.565685424949));
#256 = VECTOR('',#257,1.);
#257 = DIRECTION('',(-1.,0.));
#258 = ( GEOMETRIC_REPRESENTATION_CONTEXT(2) 
PARAMETRIC_REPRESENTATION_CONTEXT() REPRESENTATION_CONTEXT('2D SPACE',''
  ) );
#259 = ORIENTED_EDGE('',*,*,#260,.T.);
#260 = EDGE_CURVE('',#233,#24,#261,.T.);
#261 = SURFACE_CURVE('',#262,(#266,#273),.PCURVE_S1.);
#262 = LINE('',#263,#264);
#263 = CARTESIAN_POINT('',(29.1,5.75,1.));
#264 = VECTOR('',#265,1.);
#265 = DIRECTION('',(0.,1.,0.));
#266 = PCURVE('',#44,#267);
#267 = DEFINITIONAL_REPRESENTATION('',(#268),#272);
#268 = LINE('',#269,#270);
#269 = CARTESIAN_POINT('',(5.75,7.));
#270 = VECTOR('',#271,1.);
#271 = DIRECTION('',(-1.,0.));
#272 = ( GEOMETRIC_REPRESENTATION_CONTEXT(2) 
PARAMETRIC_REPRESENTATION_CONTEXT() REPRESENTATION_CONTEXT('2D SPACE',''
  ) );
#273 = PCURVE('',#72,#274);
#274 = DEFINITIONAL_REPRESENTATION('',(#275),#279);
#275 = LINE('',#276,#277);
#276 = CARTESIAN_POINT('',(28.3,5.75));
#277 = VECTOR('',#278,1.);
#278 = DIRECTION('',(0.,1.));
#279 = ( GEOMETRIC_REPRESENTATION_CONTEXT(2) 
PARAMETRIC_REPRESENTATION_CONTEXT() REPRESENTATION_CONTEXT('2D SPACE',''
  ) );
#280 = ORIENTED_EDGE('',*,*,#21,.F.);
#281 = ORIENTED_EDGE('',*,*,#282,.F.);
#282 = EDGE_CURVE('',#283,#22,#285,.T.);
#283 = VERTEX_POINT('',#284);
#284 = CARTESIAN_POINT('',(29.1,-6.,2.4));
#285 = SURFACE_CURVE('',#286,(#291,#298),.PCURVE_S1.);
#286 = CIRCLE('',#287,1.4);
#287 = AXIS2_PLACEMENT_3D('',#288,#289,#290);
#288 = CARTESIAN_POINT('',(29.1,-4.6,2.4));
#289 = DIRECTION('',(1.,0.,0.));
#290 = DIRECTION('',(0.,-1.,0.));
#291 = PCURVE('',#44,#292);
#292 = DEFINITIONAL_REPRESENTATION('',(#293),#297);
#293 = CIRCLE('',#294,1.4);
#294 = AXIS2_PLACEMENT_2D('',#295,#296);
#295 = CARTESIAN_POINT('',(16.1,5.6));
#296 = DIRECTION('',(1.,0.));
#297 = ( GEOMETRIC_REPRESENTATION_CONTEXT(2) 
PARAMETRIC_REPRESENTATION_CONTEXT() REPRESENTATION_CONTEXT('2D SPACE',''
  ) );
#298 = PCURVE('',#99,#299);
#299 = DEFINITIONAL_REPRESENTATION('',(#300),#304);
#300 = LINE('',#301,#302);
#301 = CARTESIAN_POINT('',(0.,4.1));
#302 = VECTOR('',#303,1.);
#303 = DIRECTION('',(1.,0.));
#304 = ( GEOMETRIC_REPRESENTATION_CONTEXT(2) 
PARAMETRIC_REPRESENTATION_CONTEXT() REPRESENTATION_CONTEXT('2D SPACE',''
  ) );
#305 = ORIENTED_EDGE('',*,*,#306,.T.);
#306 = EDGE_CURVE('',#283,#307,#309,.T.);
#307 = VERTEX_POINT('',#308);
#308 = CARTESIAN_POINT('',(29.1,-6.,5.1));
#309 = SURFACE_CURVE('',#310,(#314,#320),.PCURVE_S1.);
#310 = LINE('',#311,#312);
#311 = CARTESIAN_POINT('',(29.1,-6.,4.5));
#312 = VECTOR('',#313,1.);
#313 = DIRECTION('',(0.,0.,1.));
#314 = PCURVE('',#44,#315);
#315 = DEFINITIONAL_REPRESENTATION('',(#316),#319);
#316 = B_SPLINE_CURVE_WITH_KNOTS('',1,(#317,#318),.UNSPECIFIED.,.F.,.F.,
  (2,2),(-2.1,0.6),.PIECEWISE_BEZIER_KNOTS.);
#317 = CARTESIAN_POINT('',(17.5,5.6));
#318 = CARTESIAN_POINT('',(17.5,2.9));
#319 = ( GEOMETRIC_REPRESENTATION_CONTEXT(2) 
PARAMETRIC_REPRESENTATION_CONTEXT() REPRESENTATION_CONTEXT('2D SPACE',''
  ) );
#320 = PCURVE('',#321,#326);
#321 = PLANE('',#322);
#322 = AXIS2_PLACEMENT_3D('',#323,#324,#325);
#323 = CARTESIAN_POINT('',(25.,-6.,1.));
#324 = DIRECTION('',(0.,1.,0.));
#325 = DIRECTION('',(0.,0.,1.));
#326 = DEFINITIONAL_REPRESENTATION('',(#327),#330);
#327 = B_SPLINE_CURVE_WITH_KNOTS('',1,(#328,#329),.UNSPECIFIED.,.F.,.F.,
  (2,2),(-2.1,0.6),.PIECEWISE_BEZIER_KNOTS.);
#328 = CARTESIAN_POINT('',(1.4,4.1));
#329 = CARTESIAN_POINT('',(4.1,4.1));
#330 = ( GEOMETRIC_REPRESENTATION_CONTEXT(2) 
PARAMETRIC_REPRESENTATION_CONTEXT() REPRESENTATION_CONTEXT('2D SPACE',''
  ) );
#331 = ORIENTED_EDGE('',*,*,#332,.F.);
#332 = EDGE_CURVE('',#333,#307,#335,.T.);
#333 = VERTEX_POINT('',#334);
#334 = CARTESIAN_POINT('',(29.1,-4.6,6.5));
#335 = SURFACE_CURVE('',#336,(#341,#348),.PCURVE_S1.);
#336 = CIRCLE('',#337,1.4);
#337 = AXIS2_PLACEMENT_3D('',#338,#339,#340);
#338 = CARTESIAN_POINT('',(29.1,-4.6,5.1));
#339 = DIRECTION('',(1.,0.,0.));
#340 = DIRECTION('',(0.,-1.,0.));
#341 = PCURVE('',#44,#342);
#342 = DEFINITIONAL_REPRESENTATION('',(#343),#347);
#343 = CIRCLE('',#344,1.4);
#344 = AXIS2_PLACEMENT_2D('',#345,#346);
#345 = CARTESIAN_POINT('',(16.1,2.9));
#346 = DIRECTION('',(1.,0.));
#347 = ( GEOMETRIC_REPRESENTATION_CONTEXT(2) 
PARAMETRIC_REPRESENTATION_CONTEXT() REPRESENTATION_CONTEXT('2D SPACE',''
  ) );
#348 = PCURVE('',#349,#354);
#349 = CYLINDRICAL_SURFACE('',#350,1.4);
#350 = AXIS2_PLACEMENT_3D('',#351,#352,#353);
#351 = CARTESIAN_POINT('',(25.,-4.6,5.1));
#352 = DIRECTION('',(1.,0.,0.));
#353 = DIRECTION('',(0.,-1.,0.));
#354 = DEFINITIONAL_REPRESENTATION('',(#355),#359);
#355 = LINE('',#356,#357);
#356 = CARTESIAN_POINT('',(-6.28318530718,4.1));
#357 = VECTOR('',#358,1.);
#358 = DIRECTION('',(1.,-0.));
#359 = ( GEOMETRIC_REPRESENTATION_CONTEXT(2) 
PARAMETRIC_REPRESENTATION_CONTEXT() REPRESENTATION_CONTEXT('2D SPACE',''
  ) );
#360 = ORIENTED_EDGE('',*,*,#361,.F.);
#361 = EDGE_CURVE('',#362,#333,#364,.T.);
#362 = VERTEX_POINT('',#363);
#363 = CARTESIAN_POINT('',(29.1,4.6,6.5));
#364 = SURFACE_CURVE('',#365,(#369,#375),.PCURVE_S1.);
#365 = LINE('',#366,#367);
#366 = CARTESIAN_POINT('',(29.1,2.75,6.5));
#367 = VECTOR('',#368,1.);
#368 = DIRECTION('',(0.,-1.,0.));
#369 = PCURVE('',#44,#370);
#370 = DEFINITIONAL_REPRESENTATION('',(#371),#374);
#371 = B_SPLINE_CURVE_WITH_KNOTS('',1,(#372,#373),.UNSPECIFIED.,.F.,.F.,
  (2,2),(-1.85,7.35),.PIECEWISE_BEZIER_KNOTS.);
#372 = CARTESIAN_POINT('',(6.9,1.5));
#373 = CARTESIAN_POINT('',(16.1,1.5));
#374 = ( GEOMETRIC_REPRESENTATION_CONTEXT(2) 
PARAMETRIC_REPRESENTATION_CONTEXT() REPRESENTATION_CONTEXT('2D SPACE',''
  ) );
#375 = PCURVE('',#376,#381);
#376 = PLANE('',#377);
#377 = AXIS2_PLACEMENT_3D('',#378,#379,#380);
#378 = CARTESIAN_POINT('',(25.,-6.,6.5));
#379 = DIRECTION('',(0.,0.,1.));
#380 = DIRECTION('',(1.,0.,0.));
#381 = DEFINITIONAL_REPRESENTATION('',(#382),#385);
#382 = B_SPLINE_CURVE_WITH_KNOTS('',1,(#383,#384),.UNSPECIFIED.,.F.,.F.,
  (2,2),(-1.85,7.35),.PIECEWISE_BEZIER_KNOTS.);
#383 = CARTESIAN_POINT('',(4.1,10.6));
#384 = CARTESIAN_POINT('',(4.1,1.4));
#385 = ( GEOMETRIC_REPRESENTATION_CONTEXT(2) 
PARAMETRIC_REPRESENTATION_CONTEXT() REPRESENTATION_CONTEXT('2D SPACE',''
  ) );
#386 = ORIENTED_EDGE('',*,*,#387,.F.);
#387 = EDGE_CURVE('',#388,#362,#390,.T.);
#388 = VERTEX_POINT('',#389);
#389 = CARTESIAN_POINT('',(29.1,6.,5.1));
#390 = SURFACE_CURVE('',#391,(#396,#403),.PCURVE_S1.);
#391 = CIRCLE('',#392,1.4);
#392 = AXIS2_PLACEMENT_3D('',#393,#394,#395);
#393 = CARTESIAN_POINT('',(29.1,4.6,5.1));
#394 = DIRECTION('',(1.,0.,0.));
#395 = DIRECTION('',(-0.,1.,0.));
#396 = PCURVE('',#44,#397);
#397 = DEFINITIONAL_REPRESENTATION('',(#398),#402);
#398 = CIRCLE('',#399,1.4);
#399 = AXIS2_PLACEMENT_2D('',#400,#401);
#400 = CARTESIAN_POINT('',(6.9,2.9));
#401 = DIRECTION('',(-1.,0.));
#402 = ( GEOMETRIC_REPRESENTATION_CONTEXT(2) 
PARAMETRIC_REPRESENTATION_CONTEXT() REPRESENTATION_CONTEXT('2D SPACE',''
  ) );
#403 = PCURVE('',#404,#409);
#404 = CYLINDRICAL_SURFACE('',#405,1.4);
#405 = AXIS2_PLACEMENT_3D('',#406,#407,#408);
#406 = CARTESIAN_POINT('',(25.,4.6,5.1));
#407 = DIRECTION('',(1.,0.,0.));
#408 = DIRECTION('',(-0.,1.,0.));
#409 = DEFINITIONAL_REPRESENTATION('',(#410),#414);
#410 = LINE('',#411,#412);
#411 = CARTESIAN_POINT('',(0.,4.1));
#412 = VECTOR('',#413,1.);
#413 = DIRECTION('',(1.,0.));
#414 = ( GEOMETRIC_REPRESENTATION_CONTEXT(2) 
PARAMETRIC_REPRESENTATION_CONTEXT() REPRESENTATION_CONTEXT('2D SPACE',''
  ) );
#415 = ORIENTED_EDGE('',*,*,#416,.F.);
#416 = EDGE_CURVE('',#417,#388,#419,.T.);
#417 = VERTEX_POINT('',#418);
#418 = CARTESIAN_POINT('',(29.1,6.,2.4));
#419 = SURFACE_CURVE('',#420,(#424,#430),.PCURVE_S1.);
#420 = LINE('',#421,#422);
#421 = CARTESIAN_POINT('',(29.1,6.,4.5));
#422 = VECTOR('',#423,1.);
#423 = DIRECTION('',(0.,0.,1.));
#424 = PCURVE('',#44,#425);
#425 = DEFINITIONAL_REPRESENTATION('',(#426),#429);
#426 = B_SPLINE_CURVE_WITH_KNOTS('',1,(#427,#428),.UNSPECIFIED.,.F.,.F.,
  (2,2),(-2.1,0.6),.PIECEWISE_BEZIER_KNOTS.);
#427 = CARTESIAN_POINT('',(5.5,5.6));
#428 = CARTESIAN_POINT('',(5.5,2.9));
#429 = ( GEOMETRIC_REPRESENTATION_CONTEXT(2) 
PARAMETRIC_REPRESENTATION_CONTEXT() REPRESENTATION_CONTEXT('2D SPACE',''
  ) );
#430 = PCURVE('',#431,#436);
#431 = PLANE('',#432);
#432 = AXIS2_PLACEMENT_3D('',#433,#434,#435);
#433 = CARTESIAN_POINT('',(25.,6.,1.));
#434 = DIRECTION('',(0.,1.,0.));
#435 = DIRECTION('',(0.,0.,1.));
#436 = DEFINITIONAL_REPRESENTATION('',(#437),#440);
#437 = B_SPLINE_CURVE_WITH_KNOTS('',1,(#438,#439),.UNSPECIFIED.,.F.,.F.,
  (2,2),(-2.1,0.6),.PIECEWISE_BEZIER_KNOTS.);
#438 = CARTESIAN_POINT('',(1.4,4.1));
#439 = CARTESIAN_POINT('',(4.1,4.1));
#440 = ( GEOMETRIC_REPRESENTATION_CONTEXT(2) 
PARAMETRIC_REPRESENTATION_CONTEXT() REPRESENTATION_CONTEXT('2D SPACE',''
  ) );
#441 = ORIENTED_EDGE('',*,*,#442,.F.);
#442 = EDGE_CURVE('',#121,#417,#443,.T.);
#443 = SURFACE_CURVE('',#444,(#449,#456),.PCURVE_S1.);
#444 = CIRCLE('',#445,1.4);
#445 = AXIS2_PLACEMENT_3D('',#446,#447,#448);
#446 = CARTESIAN_POINT('',(29.1,4.6,2.4));
#447 = DIRECTION('',(1.,0.,0.));
#448 = DIRECTION('',(-0.,1.,0.));
#449 = PCURVE('',#44,#450);
#450 = DEFINITIONAL_REPRESENTATION('',(#451),#455);
#451 = CIRCLE('',#452,1.4);
#452 = AXIS2_PLACEMENT_2D('',#453,#454);
#453 = CARTESIAN_POINT('',(6.9,5.6));
#454 = DIRECTION('',(-1.,0.));
#455 = ( GEOMETRIC_REPRESENTATION_CONTEXT(2) 
PARAMETRIC_REPRESENTATION_CONTEXT() REPRESENTATION_CONTEXT('2D SPACE',''
  ) );
#456 = PCURVE('',#457,#462);
#457 = CYLINDRICAL_SURFACE('',#458,1.4);
#458 = AXIS2_PLACEMENT_3D('',#459,#460,#461);
#459 = CARTESIAN_POINT('',(25.,4.6,2.4));
#460 = DIRECTION('',(1.,0.,0.));
#461 = DIRECTION('',(-0.,1.,0.));
#462 = DEFINITIONAL_REPRESENTATION('',(#463),#467);
#463 = LINE('',#464,#465);
#464 = CARTESIAN_POINT('',(-6.28318530718,4.1));
#465 = VECTOR('',#466,1.);
#466 = DIRECTION('',(1.,-0.));
#467 = ( GEOMETRIC_REPRESENTATION_CONTEXT(2) 
PARAMETRIC_REPRESENTATION_CONTEXT() REPRESENTATION_CONTEXT('2D SPACE',''
  ) );
#468 = ADVANCED_FACE('',(#469),#99,.F.);
#469 = FACE_BOUND('',#470,.F.);
#470 = EDGE_LOOP('',(#471,#494,#523,#544,#545));
#471 = ORIENTED_EDGE('',*,*,#472,.F.);
#472 = EDGE_CURVE('',#473,#283,#475,.T.);
#473 = VERTEX_POINT('',#474);
#474 = CARTESIAN_POINT('',(27.1,-6.,2.4));
#475 = SURFACE_CURVE('',#476,(#480,#487),.PCURVE_S1.);
#476 = LINE('',#477,#478);
#477 = CARTESIAN_POINT('',(25.,-6.,2.4));
#478 = VECTOR('',#479,1.);
#479 = DIRECTION('',(1.,0.,0.));
#480 = PCURVE('',#99,#481);
#481 = DEFINITIONAL_REPRESENTATION('',(#482),#486);
#482 = LINE('',#483,#484);
#483 = CARTESIAN_POINT('',(0.,0.));
#484 = VECTOR('',#485,1.);
#485 = DIRECTION('',(0.,1.));
#486 = ( GEOMETRIC_REPRESENTATION_CONTEXT(2) 
PARAMETRIC_REPRESENTATION_CONTEXT() REPRESENTATION_CONTEXT('2D SPACE',''
  ) );
#487 = PCURVE('',#321,#488);
#488 = DEFINITIONAL_REPRESENTATION('',(#489),#493);
#489 = LINE('',#490,#491);
#490 = CARTESIAN_POINT('',(1.4,0.));
#491 = VECTOR('',#492,1.);
#492 = DIRECTION('',(0.,1.));
#493 = ( GEOMETRIC_REPRESENTATION_CONTEXT(2) 
PARAMETRIC_REPRESENTATION_CONTEXT() REPRESENTATION_CONTEXT('2D SPACE',''
  ) );
#494 = ORIENTED_EDGE('',*,*,#495,.T.);
#495 = EDGE_CURVE('',#473,#496,#498,.T.);
#496 = VERTEX_POINT('',#497);
#497 = CARTESIAN_POINT('',(27.1,-4.6,1.));
#498 = SURFACE_CURVE('',#499,(#504,#511),.PCURVE_S1.);
#499 = CIRCLE('',#500,1.4);
#500 = AXIS2_PLACEMENT_3D('',#501,#502,#503);
#501 = CARTESIAN_POINT('',(27.1,-4.6,2.4));
#502 = DIRECTION('',(1.,0.,0.));
#503 = DIRECTION('',(0.,-1.,0.));
#504 = PCURVE('',#99,#505);
#505 = DEFINITIONAL_REPRESENTATION('',(#506),#510);
#506 = LINE('',#507,#508);
#507 = CARTESIAN_POINT('',(0.,2.1));
#508 = VECTOR('',#509,1.);
#509 = DIRECTION('',(1.,0.));
#510 = ( GEOMETRIC_REPRESENTATION_CONTEXT(2) 
PARAMETRIC_REPRESENTATION_CONTEXT() REPRESENTATION_CONTEXT('2D SPACE',''
  ) );
#511 = PCURVE('',#512,#517);
#512 = PLANE('',#513);
#513 = AXIS2_PLACEMENT_3D('',#514,#515,#516);
#514 = CARTESIAN_POINT('',(27.1,11.5,8.));
#515 = DIRECTION('',(1.,0.,0.));
#516 = DIRECTION('',(0.,-1.,0.));
#517 = DEFINITIONAL_REPRESENTATION('',(#518),#522);
#518 = CIRCLE('',#519,1.4);
#519 = AXIS2_PLACEMENT_2D('',#520,#521);
#520 = CARTESIAN_POINT('',(16.1,5.6));
#521 = DIRECTION('',(1.,0.));
#522 = ( GEOMETRIC_REPRESENTATION_CONTEXT(2) 
PARAMETRIC_REPRESENTATION_CONTEXT() REPRESENTATION_CONTEXT('2D SPACE',''
  ) );
#523 = ORIENTED_EDGE('',*,*,#524,.T.);
#524 = EDGE_CURVE('',#496,#57,#525,.T.);
#525 = SURFACE_CURVE('',#526,(#530,#537),.PCURVE_S1.);
#526 = LINE('',#527,#528);
#527 = CARTESIAN_POINT('',(25.,-4.6,1.));
#528 = VECTOR('',#529,1.);
#529 = DIRECTION('',(1.,0.,0.));
#530 = PCURVE('',#99,#531);
#531 = DEFINITIONAL_REPRESENTATION('',(#532),#536);
#532 = LINE('',#533,#534);
#533 = CARTESIAN_POINT('',(1.570796326795,0.));
#534 = VECTOR('',#535,1.);
#535 = DIRECTION('',(0.,1.));
#536 = ( GEOMETRIC_REPRESENTATION_CONTEXT(2) 
PARAMETRIC_REPRESENTATION_CONTEXT() REPRESENTATION_CONTEXT('2D SPACE',''
  ) );
#537 = PCURVE('',#72,#538);
#538 = DEFINITIONAL_REPRESENTATION('',(#539),#543);
#539 = LINE('',#540,#541);
#540 = CARTESIAN_POINT('',(24.2,-4.6));
#541 = VECTOR('',#542,1.);
#542 = DIRECTION('',(1.,0.));
#543 = ( GEOMETRIC_REPRESENTATION_CONTEXT(2) 
PARAMETRIC_REPRESENTATION_CONTEXT() REPRESENTATION_CONTEXT('2D SPACE',''
  ) );
#544 = ORIENTED_EDGE('',*,*,#84,.F.);
#545 = ORIENTED_EDGE('',*,*,#282,.F.);
#546 = ADVANCED_FACE('',(#547),#72,.F.);
#547 = FACE_BOUND('',#548,.F.);
#548 = EDGE_LOOP('',(#549,#572,#573,#574,#575,#598,#626,#654,#680,#708,
    #736));
#549 = ORIENTED_EDGE('',*,*,#550,.T.);
#550 = EDGE_CURVE('',#551,#233,#553,.T.);
#551 = VERTEX_POINT('',#552);
#552 = CARTESIAN_POINT('',(28.3,-13.5,1.));
#553 = SURFACE_CURVE('',#554,(#558,#565),.PCURVE_S1.);
#554 = LINE('',#555,#556);
#555 = CARTESIAN_POINT('',(25.,-16.8,1.));
#556 = VECTOR('',#557,1.);
#557 = DIRECTION('',(0.707106781187,0.707106781187,0.));
#558 = PCURVE('',#72,#559);
#559 = DEFINITIONAL_REPRESENTATION('',(#560),#564);
#560 = LINE('',#561,#562);
#561 = CARTESIAN_POINT('',(24.2,-16.8));
#562 = VECTOR('',#563,1.);
#563 = DIRECTION('',(0.707106781187,0.707106781187));
#564 = ( GEOMETRIC_REPRESENTATION_CONTEXT(2) 
PARAMETRIC_REPRESENTATION_CONTEXT() REPRESENTATION_CONTEXT('2D SPACE',''
  ) );
#565 = PCURVE('',#248,#566);
#566 = DEFINITIONAL_REPRESENTATION('',(#567),#571);
#567 = LINE('',#568,#569);
#568 = CARTESIAN_POINT('',(7.,-5.232590180781));
#569 = VECTOR('',#570,1.);
#570 = DIRECTION('',(0.,1.));
#571 = ( GEOMETRIC_REPRESENTATION_CONTEXT(2) 
PARAMETRIC_REPRESENTATION_CONTEXT() REPRESENTATION_CONTEXT('2D SPACE',''
  ) );
#572 = ORIENTED_EDGE('',*,*,#260,.T.);
#573 = ORIENTED_EDGE('',*,*,#56,.T.);
#574 = ORIENTED_EDGE('',*,*,#524,.F.);
#575 = ORIENTED_EDGE('',*,*,#576,.T.);
#576 = EDGE_CURVE('',#496,#577,#579,.T.);
#577 = VERTEX_POINT('',#578);
#578 = CARTESIAN_POINT('',(27.1,-11.5,1.));
#579 = SURFACE_CURVE('',#580,(#584,#591),.PCURVE_S1.);
#580 = LINE('',#581,#582);
#581 = CARTESIAN_POINT('',(27.1,5.75,1.));
#582 = VECTOR('',#583,1.);
#583 = DIRECTION('',(0.,-1.,0.));
#584 = PCURVE('',#72,#585);
#585 = DEFINITIONAL_REPRESENTATION('',(#586),#590);
#586 = LINE('',#587,#588);
#587 = CARTESIAN_POINT('',(26.3,5.75));
#588 = VECTOR('',#589,1.);
#589 = DIRECTION('',(0.,-1.));
#590 = ( GEOMETRIC_REPRESENTATION_CONTEXT(2) 
PARAMETRIC_REPRESENTATION_CONTEXT() REPRESENTATION_CONTEXT('2D SPACE',''
  ) );
#591 = PCURVE('',#512,#592);
#592 = DEFINITIONAL_REPRESENTATION('',(#593),#597);
#593 = LINE('',#594,#595);
#594 = CARTESIAN_POINT('',(5.75,7.));
#595 = VECTOR('',#596,1.);
#596 = DIRECTION('',(1.,0.));
#597 = ( GEOMETRIC_REPRESENTATION_CONTEXT(2) 
PARAMETRIC_REPRESENTATION_CONTEXT() REPRESENTATION_CONTEXT('2D SPACE',''
  ) );
#598 = ORIENTED_EDGE('',*,*,#599,.T.);
#599 = EDGE_CURVE('',#577,#600,#602,.T.);
#600 = VERTEX_POINT('',#601);
#601 = CARTESIAN_POINT('',(-25.5,-11.5,1.));
#602 = SURFACE_CURVE('',#603,(#607,#614),.PCURVE_S1.);
#603 = LINE('',#604,#605);
#604 = CARTESIAN_POINT('',(13.95,-11.5,1.));
#605 = VECTOR('',#606,1.);
#606 = DIRECTION('',(-1.,0.,0.));
#607 = PCURVE('',#72,#608);
#608 = DEFINITIONAL_REPRESENTATION('',(#609),#613);
#609 = LINE('',#610,#611);
#610 = CARTESIAN_POINT('',(13.15,-11.5));
#611 = VECTOR('',#612,1.);
#612 = DIRECTION('',(-1.,0.));
#613 = ( GEOMETRIC_REPRESENTATION_CONTEXT(2) 
PARAMETRIC_REPRESENTATION_CONTEXT() REPRESENTATION_CONTEXT('2D SPACE',''
  ) );
#614 = PCURVE('',#615,#620);
#615 = PLANE('',#616);
#616 = AXIS2_PLACEMENT_3D('',#617,#618,#619);
#617 = CARTESIAN_POINT('',(27.1,-11.5,8.));
#618 = DIRECTION('',(0.,-1.,0.));
#619 = DIRECTION('',(-1.,0.,0.));
#620 = DEFINITIONAL_REPRESENTATION('',(#621),#625);
#621 = LINE('',#622,#623);
#622 = CARTESIAN_POINT('',(13.15,7.));
#623 = VECTOR('',#624,1.);
#624 = DIRECTION('',(1.,0.));
#625 = ( GEOMETRIC_REPRESENTATION_CONTEXT(2) 
PARAMETRIC_REPRESENTATION_CONTEXT() REPRESENTATION_CONTEXT('2D SPACE',''
  ) );
#626 = ORIENTED_EDGE('',*,*,#627,.T.);
#627 = EDGE_CURVE('',#600,#628,#630,.T.);
#628 = VERTEX_POINT('',#629);
#629 = CARTESIAN_POINT('',(-25.5,-9.5,1.));
#630 = SURFACE_CURVE('',#631,(#635,#642),.PCURVE_S1.);
#631 = LINE('',#632,#633);
#632 = CARTESIAN_POINT('',(-25.5,-5.75,1.));
#633 = VECTOR('',#634,1.);
#634 = DIRECTION('',(0.,1.,0.));
#635 = PCURVE('',#72,#636);
#636 = DEFINITIONAL_REPRESENTATION('',(#637),#641);
#637 = LINE('',#638,#639);
#638 = CARTESIAN_POINT('',(-26.3,-5.75));
#639 = VECTOR('',#640,1.);
#640 = DIRECTION('',(0.,1.));
#641 = ( GEOMETRIC_REPRESENTATION_CONTEXT(2) 
PARAMETRIC_REPRESENTATION_CONTEXT() REPRESENTATION_CONTEXT('2D SPACE',''
  ) );
#642 = PCURVE('',#643,#648);
#643 = PLANE('',#644);
#644 = AXIS2_PLACEMENT_3D('',#645,#646,#647);
#645 = CARTESIAN_POINT('',(-25.5,-11.5,8.));
#646 = DIRECTION('',(-1.,0.,0.));
#647 = DIRECTION('',(0.,1.,0.));
#648 = DEFINITIONAL_REPRESENTATION('',(#649),#653);
#649 = LINE('',#650,#651);
#650 = CARTESIAN_POINT('',(5.75,7.));
#651 = VECTOR('',#652,1.);
#652 = DIRECTION('',(1.,0.));
#653 = ( GEOMETRIC_REPRESENTATION_CONTEXT(2) 
PARAMETRIC_REPRESENTATION_CONTEXT() REPRESENTATION_CONTEXT('2D SPACE',''
  ) );
#654 = ORIENTED_EDGE('',*,*,#655,.T.);
#655 = EDGE_CURVE('',#628,#656,#658,.T.);
#656 = VERTEX_POINT('',#657);
#657 = CARTESIAN_POINT('',(-27.5,-9.5,1.));
#658 = SURFACE_CURVE('',#659,(#663,#669),.PCURVE_S1.);
#659 = LINE('',#660,#661);
#660 = CARTESIAN_POINT('',(-14.6,-9.5,1.));
#661 = VECTOR('',#662,1.);
#662 = DIRECTION('',(-1.,0.,0.));
#663 = PCURVE('',#72,#664);
#664 = DEFINITIONAL_REPRESENTATION('',(#665),#668);
#665 = B_SPLINE_CURVE_WITH_KNOTS('',1,(#666,#667),.UNSPECIFIED.,.F.,.F.,
  (2,2),(10.4,12.9),.PIECEWISE_BEZIER_KNOTS.);
#666 = CARTESIAN_POINT('',(-25.8,-9.5));
#667 = CARTESIAN_POINT('',(-28.3,-9.5));
#668 = ( GEOMETRIC_REPRESENTATION_CONTEXT(2) 
PARAMETRIC_REPRESENTATION_CONTEXT() REPRESENTATION_CONTEXT('2D SPACE',''
  ) );
#669 = PCURVE('',#670,#675);
#670 = PLANE('',#671);
#671 = AXIS2_PLACEMENT_3D('',#672,#673,#674);
#672 = CARTESIAN_POINT('',(-30.,-9.5,-2.5));
#673 = DIRECTION('',(0.,1.,0.));
#674 = DIRECTION('',(0.,0.,1.));
#675 = DEFINITIONAL_REPRESENTATION('',(#676),#679);
#676 = B_SPLINE_CURVE_WITH_KNOTS('',1,(#677,#678),.UNSPECIFIED.,.F.,.F.,
  (2,2),(10.4,12.9),.PIECEWISE_BEZIER_KNOTS.);
#677 = CARTESIAN_POINT('',(3.5,5.));
#678 = CARTESIAN_POINT('',(3.5,2.5));
#679 = ( GEOMETRIC_REPRESENTATION_CONTEXT(2) 
PARAMETRIC_REPRESENTATION_CONTEXT() REPRESENTATION_CONTEXT('2D SPACE',''
  ) );
#680 = ORIENTED_EDGE('',*,*,#681,.T.);
#681 = EDGE_CURVE('',#656,#682,#684,.T.);
#682 = VERTEX_POINT('',#683);
#683 = CARTESIAN_POINT('',(-27.5,-12.7,1.));
#684 = SURFACE_CURVE('',#685,(#689,#696),.PCURVE_S1.);
#685 = LINE('',#686,#687);
#686 = CARTESIAN_POINT('',(-27.5,-5.75,1.));
#687 = VECTOR('',#688,1.);
#688 = DIRECTION('',(0.,-1.,0.));
#689 = PCURVE('',#72,#690);
#690 = DEFINITIONAL_REPRESENTATION('',(#691),#695);
#691 = LINE('',#692,#693);
#692 = CARTESIAN_POINT('',(-28.3,-5.75));
#693 = VECTOR('',#694,1.);
#694 = DIRECTION('',(0.,-1.));
#695 = ( GEOMETRIC_REPRESENTATION_CONTEXT(2) 
PARAMETRIC_REPRESENTATION_CONTEXT() REPRESENTATION_CONTEXT('2D SPACE',''
  ) );
#696 = PCURVE('',#697,#702);
#697 = PLANE('',#698);
#698 = AXIS2_PLACEMENT_3D('',#699,#700,#701);
#699 = CARTESIAN_POINT('',(-27.5,-11.5,8.));
#700 = DIRECTION('',(-1.,0.,0.));
#701 = DIRECTION('',(0.,1.,0.));
#702 = DEFINITIONAL_REPRESENTATION('',(#703),#707);
#703 = LINE('',#704,#705);
#704 = CARTESIAN_POINT('',(5.75,7.));
#705 = VECTOR('',#706,1.);
#706 = DIRECTION('',(-1.,0.));
#707 = ( GEOMETRIC_REPRESENTATION_CONTEXT(2) 
PARAMETRIC_REPRESENTATION_CONTEXT() REPRESENTATION_CONTEXT('2D SPACE',''
  ) );
#708 = ORIENTED_EDGE('',*,*,#709,.T.);
#709 = EDGE_CURVE('',#682,#710,#712,.T.);
#710 = VERTEX_POINT('',#711);
#711 = CARTESIAN_POINT('',(-26.7,-13.5,1.));
#712 = SURFACE_CURVE('',#713,(#717,#724),.PCURVE_S1.);
#713 = LINE('',#714,#715);
#714 = CARTESIAN_POINT('',(-23.4,-16.8,1.));
#715 = VECTOR('',#716,1.);
#716 = DIRECTION('',(0.707106781187,-0.707106781187,0.));
#717 = PCURVE('',#72,#718);
#718 = DEFINITIONAL_REPRESENTATION('',(#719),#723);
#719 = LINE('',#720,#721);
#720 = CARTESIAN_POINT('',(-24.2,-16.8));
#721 = VECTOR('',#722,1.);
#722 = DIRECTION('',(0.707106781187,-0.707106781187));
#723 = ( GEOMETRIC_REPRESENTATION_CONTEXT(2) 
PARAMETRIC_REPRESENTATION_CONTEXT() REPRESENTATION_CONTEXT('2D SPACE',''
  ) );
#724 = PCURVE('',#725,#730);
#725 = PLANE('',#726);
#726 = AXIS2_PLACEMENT_3D('',#727,#728,#729);
#727 = CARTESIAN_POINT('',(-27.1,-13.1,8.));
#728 = DIRECTION('',(-0.707106781187,-0.707106781187,0.));
#729 = DIRECTION('',(0.,0.,1.));
#730 = DEFINITIONAL_REPRESENTATION('',(#731),#735);
#731 = LINE('',#732,#733);
#732 = CARTESIAN_POINT('',(-7.,-5.232590180781));
#733 = VECTOR('',#734,1.);
#734 = DIRECTION('',(0.,-1.));
#735 = ( GEOMETRIC_REPRESENTATION_CONTEXT(2) 
PARAMETRIC_REPRESENTATION_CONTEXT() REPRESENTATION_CONTEXT('2D SPACE',''
  ) );
#736 = ORIENTED_EDGE('',*,*,#737,.T.);
#737 = EDGE_CURVE('',#710,#551,#738,.T.);
#738 = SURFACE_CURVE('',#739,(#743,#750),.PCURVE_S1.);
#739 = LINE('',#740,#741);
#740 = CARTESIAN_POINT('',(13.95,-13.5,1.));
#741 = VECTOR('',#742,1.);
#742 = DIRECTION('',(1.,0.,0.));
#743 = PCURVE('',#72,#744);
#744 = DEFINITIONAL_REPRESENTATION('',(#745),#749);
#745 = LINE('',#746,#747);
#746 = CARTESIAN_POINT('',(13.15,-13.5));
#747 = VECTOR('',#748,1.);
#748 = DIRECTION('',(1.,0.));
#749 = ( GEOMETRIC_REPRESENTATION_CONTEXT(2) 
PARAMETRIC_REPRESENTATION_CONTEXT() REPRESENTATION_CONTEXT('2D SPACE',''
  ) );
#750 = PCURVE('',#751,#756);
#751 = PLANE('',#752);
#752 = AXIS2_PLACEMENT_3D('',#753,#754,#755);
#753 = CARTESIAN_POINT('',(27.1,-13.5,8.));
#754 = DIRECTION('',(0.,-1.,0.));
#755 = DIRECTION('',(-1.,0.,0.));
#756 = DEFINITIONAL_REPRESENTATION('',(#757),#761);
#757 = LINE('',#758,#759);
#758 = CARTESIAN_POINT('',(13.15,7.));
#759 = VECTOR('',#760,1.);
#760 = DIRECTION('',(-1.,-0.));
#761 = ( GEOMETRIC_REPRESENTATION_CONTEXT(2) 
PARAMETRIC_REPRESENTATION_CONTEXT() REPRESENTATION_CONTEXT('2D SPACE',''
  ) );
#762 = ADVANCED_FACE('',(#763),#136,.T.);
#763 = FACE_BOUND('',#764,.T.);
#764 = EDGE_LOOP('',(#765,#793,#814));
#765 = ORIENTED_EDGE('',*,*,#766,.F.);
#766 = EDGE_CURVE('',#767,#121,#769,.T.);
#767 = VERTEX_POINT('',#768);
#768 = CARTESIAN_POINT('',(28.3,4.6,1.));
#769 = SURFACE_CURVE('',#770,(#775,#782),.PCURVE_S1.);
#770 = ELLIPSE('',#771,1.979898987322,1.4);
#771 = AXIS2_PLACEMENT_3D('',#772,#773,#774);
#772 = CARTESIAN_POINT('',(28.3,4.6,2.4));
#773 = DIRECTION('',(0.707106781187,-0.707106781187,0.));
#774 = DIRECTION('',(0.707106781187,0.707106781187,0.));
#775 = PCURVE('',#136,#776);
#776 = DEFINITIONAL_REPRESENTATION('',(#777),#781);
#777 = ELLIPSE('',#778,1.979898987322,1.4);
#778 = AXIS2_PLACEMENT_2D('',#779,#780);
#779 = CARTESIAN_POINT('',(1.795,-0.424264068712));
#780 = DIRECTION('',(0.,1.));
#781 = ( GEOMETRIC_REPRESENTATION_CONTEXT(2) 
PARAMETRIC_REPRESENTATION_CONTEXT() REPRESENTATION_CONTEXT('2D SPACE',''
  ) );
#782 = PCURVE('',#457,#783);
#783 = DEFINITIONAL_REPRESENTATION('',(#784),#792);
#784 = B_SPLINE_CURVE_WITH_KNOTS('',6,(#785,#786,#787,#788,#789,#790,
    #791),.UNSPECIFIED.,.F.,.F.,(7,7),(4.712388980385,5.410611453747),
  .PIECEWISE_BEZIER_KNOTS.);
#785 = CARTESIAN_POINT('',(-1.570796326795,3.3));
#786 = CARTESIAN_POINT('',(-1.454425914568,3.462918577118));
#787 = CARTESIAN_POINT('',(-1.338055502341,3.625837031106));
#788 = CARTESIAN_POINT('',(-1.221685090114,3.78478500651));
#789 = CARTESIAN_POINT('',(-1.105314677887,3.935787953087));
#790 = CARTESIAN_POINT('',(-0.98894426566,4.075206635721));
#791 = CARTESIAN_POINT('',(-0.872573853433,4.2));
#792 = ( GEOMETRIC_REPRESENTATION_CONTEXT(2) 
PARAMETRIC_REPRESENTATION_CONTEXT() REPRESENTATION_CONTEXT('2D SPACE',''
  ) );
#793 = ORIENTED_EDGE('',*,*,#794,.T.);
#794 = EDGE_CURVE('',#767,#119,#795,.T.);
#795 = SURFACE_CURVE('',#796,(#800,#807),.PCURVE_S1.);
#796 = LINE('',#797,#798);
#797 = CARTESIAN_POINT('',(20.425,-3.275,1.));
#798 = VECTOR('',#799,1.);
#799 = DIRECTION('',(0.707106781187,0.707106781187,0.));
#800 = PCURVE('',#136,#801);
#801 = DEFINITIONAL_REPRESENTATION('',(#802),#806);
#802 = LINE('',#803,#804);
#803 = CARTESIAN_POINT('',(3.195,-11.5611958724));
#804 = VECTOR('',#805,1.);
#805 = DIRECTION('',(0.,1.));
#806 = ( GEOMETRIC_REPRESENTATION_CONTEXT(2) 
PARAMETRIC_REPRESENTATION_CONTEXT() REPRESENTATION_CONTEXT('2D SPACE',''
  ) );
#807 = PCURVE('',#164,#808);
#808 = DEFINITIONAL_REPRESENTATION('',(#809),#813);
#809 = LINE('',#810,#811);
#810 = CARTESIAN_POINT('',(19.625,-3.275));
#811 = VECTOR('',#812,1.);
#812 = DIRECTION('',(0.707106781187,0.707106781187));
#813 = ( GEOMETRIC_REPRESENTATION_CONTEXT(2) 
PARAMETRIC_REPRESENTATION_CONTEXT() REPRESENTATION_CONTEXT('2D SPACE',''
  ) );
#814 = ORIENTED_EDGE('',*,*,#118,.T.);
#815 = ADVANCED_FACE('',(#816),#457,.F.);
#816 = FACE_BOUND('',#817,.T.);
#817 = EDGE_LOOP('',(#818,#841,#865,#886,#887));
#818 = ORIENTED_EDGE('',*,*,#819,.F.);
#819 = EDGE_CURVE('',#820,#417,#822,.T.);
#820 = VERTEX_POINT('',#821);
#821 = CARTESIAN_POINT('',(27.1,6.,2.4));
#822 = SURFACE_CURVE('',#823,(#827,#834),.PCURVE_S1.);
#823 = LINE('',#824,#825);
#824 = CARTESIAN_POINT('',(25.,6.,2.4));
#825 = VECTOR('',#826,1.);
#826 = DIRECTION('',(1.,0.,0.));
#827 = PCURVE('',#457,#828);
#828 = DEFINITIONAL_REPRESENTATION('',(#829),#833);
#829 = LINE('',#830,#831);
#830 = CARTESIAN_POINT('',(-0.,0.));
#831 = VECTOR('',#832,1.);
#832 = DIRECTION('',(-0.,1.));
#833 = ( GEOMETRIC_REPRESENTATION_CONTEXT(2) 
PARAMETRIC_REPRESENTATION_CONTEXT() REPRESENTATION_CONTEXT('2D SPACE',''
  ) );
#834 = PCURVE('',#431,#835);
#835 = DEFINITIONAL_REPRESENTATION('',(#836),#840);
#836 = LINE('',#837,#838);
#837 = CARTESIAN_POINT('',(1.4,0.));
#838 = VECTOR('',#839,1.);
#839 = DIRECTION('',(0.,1.));
#840 = ( GEOMETRIC_REPRESENTATION_CONTEXT(2) 
PARAMETRIC_REPRESENTATION_CONTEXT() REPRESENTATION_CONTEXT('2D SPACE',''
  ) );
#841 = ORIENTED_EDGE('',*,*,#842,.F.);
#842 = EDGE_CURVE('',#843,#820,#845,.T.);
#843 = VERTEX_POINT('',#844);
#844 = CARTESIAN_POINT('',(27.1,4.6,1.));
#845 = SURFACE_CURVE('',#846,(#851,#858),.PCURVE_S1.);
#846 = CIRCLE('',#847,1.4);
#847 = AXIS2_PLACEMENT_3D('',#848,#849,#850);
#848 = CARTESIAN_POINT('',(27.1,4.6,2.4));
#849 = DIRECTION('',(1.,0.,0.));
#850 = DIRECTION('',(-0.,1.,0.));
#851 = PCURVE('',#457,#852);
#852 = DEFINITIONAL_REPRESENTATION('',(#853),#857);
#853 = LINE('',#854,#855);
#854 = CARTESIAN_POINT('',(-6.28318530718,2.1));
#855 = VECTOR('',#856,1.);
#856 = DIRECTION('',(1.,-0.));
#857 = ( GEOMETRIC_REPRESENTATION_CONTEXT(2) 
PARAMETRIC_REPRESENTATION_CONTEXT() REPRESENTATION_CONTEXT('2D SPACE',''
  ) );
#858 = PCURVE('',#512,#859);
#859 = DEFINITIONAL_REPRESENTATION('',(#860),#864);
#860 = CIRCLE('',#861,1.4);
#861 = AXIS2_PLACEMENT_2D('',#862,#863);
#862 = CARTESIAN_POINT('',(6.9,5.6));
#863 = DIRECTION('',(-1.,0.));
#864 = ( GEOMETRIC_REPRESENTATION_CONTEXT(2) 
PARAMETRIC_REPRESENTATION_CONTEXT() REPRESENTATION_CONTEXT('2D SPACE',''
  ) );
#865 = ORIENTED_EDGE('',*,*,#866,.T.);
#866 = EDGE_CURVE('',#843,#767,#867,.T.);
#867 = SURFACE_CURVE('',#868,(#872,#879),.PCURVE_S1.);
#868 = LINE('',#869,#870);
#869 = CARTESIAN_POINT('',(25.,4.6,1.));
#870 = VECTOR('',#871,1.);
#871 = DIRECTION('',(1.,0.,0.));
#872 = PCURVE('',#457,#873);
#873 = DEFINITIONAL_REPRESENTATION('',(#874),#878);
#874 = LINE('',#875,#876);
#875 = CARTESIAN_POINT('',(-1.570796326795,0.));
#876 = VECTOR('',#877,1.);
#877 = DIRECTION('',(-0.,1.));
#878 = ( GEOMETRIC_REPRESENTATION_CONTEXT(2) 
PARAMETRIC_REPRESENTATION_CONTEXT() REPRESENTATION_CONTEXT('2D SPACE',''
  ) );
#879 = PCURVE('',#164,#880);
#880 = DEFINITIONAL_REPRESENTATION('',(#881),#885);
#881 = LINE('',#882,#883);
#882 = CARTESIAN_POINT('',(24.2,4.6));
#883 = VECTOR('',#884,1.);
#884 = DIRECTION('',(1.,0.));
#885 = ( GEOMETRIC_REPRESENTATION_CONTEXT(2) 
PARAMETRIC_REPRESENTATION_CONTEXT() REPRESENTATION_CONTEXT('2D SPACE',''
  ) );
#886 = ORIENTED_EDGE('',*,*,#766,.T.);
#887 = ORIENTED_EDGE('',*,*,#442,.T.);
#888 = ADVANCED_FACE('',(#889),#431,.F.);
#889 = FACE_BOUND('',#890,.F.);
#890 = EDGE_LOOP('',(#891,#892,#893,#914));
#891 = ORIENTED_EDGE('',*,*,#416,.F.);
#892 = ORIENTED_EDGE('',*,*,#819,.F.);
#893 = ORIENTED_EDGE('',*,*,#894,.T.);
#894 = EDGE_CURVE('',#820,#895,#897,.T.);
#895 = VERTEX_POINT('',#896);
#896 = CARTESIAN_POINT('',(27.1,6.,5.1));
#897 = SURFACE_CURVE('',#898,(#902,#908),.PCURVE_S1.);
#898 = LINE('',#899,#900);
#899 = CARTESIAN_POINT('',(27.1,6.,4.5));
#900 = VECTOR('',#901,1.);
#901 = DIRECTION('',(0.,0.,1.));
#902 = PCURVE('',#431,#903);
#903 = DEFINITIONAL_REPRESENTATION('',(#904),#907);
#904 = B_SPLINE_CURVE_WITH_KNOTS('',1,(#905,#906),.UNSPECIFIED.,.F.,.F.,
  (2,2),(-2.1,0.6),.PIECEWISE_BEZIER_KNOTS.);
#905 = CARTESIAN_POINT('',(1.4,2.1));
#906 = CARTESIAN_POINT('',(4.1,2.1));
#907 = ( GEOMETRIC_REPRESENTATION_CONTEXT(2) 
PARAMETRIC_REPRESENTATION_CONTEXT() REPRESENTATION_CONTEXT('2D SPACE',''
  ) );
#908 = PCURVE('',#512,#909);
#909 = DEFINITIONAL_REPRESENTATION('',(#910),#913);
#910 = B_SPLINE_CURVE_WITH_KNOTS('',1,(#911,#912),.UNSPECIFIED.,.F.,.F.,
  (2,2),(-2.1,0.6),.PIECEWISE_BEZIER_KNOTS.);
#911 = CARTESIAN_POINT('',(5.5,5.6));
#912 = CARTESIAN_POINT('',(5.5,2.9));
#913 = ( GEOMETRIC_REPRESENTATION_CONTEXT(2) 
PARAMETRIC_REPRESENTATION_CONTEXT() REPRESENTATION_CONTEXT('2D SPACE',''
  ) );
#914 = ORIENTED_EDGE('',*,*,#915,.T.);
#915 = EDGE_CURVE('',#895,#388,#916,.T.);
#916 = SURFACE_CURVE('',#917,(#921,#928),.PCURVE_S1.);
#917 = LINE('',#918,#919);
#918 = CARTESIAN_POINT('',(25.,6.,5.1));
#919 = VECTOR('',#920,1.);
#920 = DIRECTION('',(1.,0.,0.));
#921 = PCURVE('',#431,#922);
#922 = DEFINITIONAL_REPRESENTATION('',(#923),#927);
#923 = LINE('',#924,#925);
#924 = CARTESIAN_POINT('',(4.1,0.));
#925 = VECTOR('',#926,1.);
#926 = DIRECTION('',(0.,1.));
#927 = ( GEOMETRIC_REPRESENTATION_CONTEXT(2) 
PARAMETRIC_REPRESENTATION_CONTEXT() REPRESENTATION_CONTEXT('2D SPACE',''
  ) );
#928 = PCURVE('',#404,#929);
#929 = DEFINITIONAL_REPRESENTATION('',(#930),#934);
#930 = LINE('',#931,#932);
#931 = CARTESIAN_POINT('',(0.,0.));
#932 = VECTOR('',#933,1.);
#933 = DIRECTION('',(0.,1.));
#934 = ( GEOMETRIC_REPRESENTATION_CONTEXT(2) 
PARAMETRIC_REPRESENTATION_CONTEXT() REPRESENTATION_CONTEXT('2D SPACE',''
  ) );
#935 = ADVANCED_FACE('',(#936),#404,.F.);
#936 = FACE_BOUND('',#937,.F.);
#937 = EDGE_LOOP('',(#938,#939,#963,#984));
#938 = ORIENTED_EDGE('',*,*,#915,.F.);
#939 = ORIENTED_EDGE('',*,*,#940,.T.);
#940 = EDGE_CURVE('',#895,#941,#943,.T.);
#941 = VERTEX_POINT('',#942);
#942 = CARTESIAN_POINT('',(27.1,4.6,6.5));
#943 = SURFACE_CURVE('',#944,(#949,#956),.PCURVE_S1.);
#944 = CIRCLE('',#945,1.4);
#945 = AXIS2_PLACEMENT_3D('',#946,#947,#948);
#946 = CARTESIAN_POINT('',(27.1,4.6,5.1));
#947 = DIRECTION('',(1.,0.,0.));
#948 = DIRECTION('',(-0.,1.,0.));
#949 = PCURVE('',#404,#950);
#950 = DEFINITIONAL_REPRESENTATION('',(#951),#955);
#951 = LINE('',#952,#953);
#952 = CARTESIAN_POINT('',(0.,2.1));
#953 = VECTOR('',#954,1.);
#954 = DIRECTION('',(1.,0.));
#955 = ( GEOMETRIC_REPRESENTATION_CONTEXT(2) 
PARAMETRIC_REPRESENTATION_CONTEXT() REPRESENTATION_CONTEXT('2D SPACE',''
  ) );
#956 = PCURVE('',#512,#957);
#957 = DEFINITIONAL_REPRESENTATION('',(#958),#962);
#958 = CIRCLE('',#959,1.4);
#959 = AXIS2_PLACEMENT_2D('',#960,#961);
#960 = CARTESIAN_POINT('',(6.9,2.9));
#961 = DIRECTION('',(-1.,0.));
#962 = ( GEOMETRIC_REPRESENTATION_CONTEXT(2) 
PARAMETRIC_REPRESENTATION_CONTEXT() REPRESENTATION_CONTEXT('2D SPACE',''
  ) );
#963 = ORIENTED_EDGE('',*,*,#964,.T.);
#964 = EDGE_CURVE('',#941,#362,#965,.T.);
#965 = SURFACE_CURVE('',#966,(#970,#977),.PCURVE_S1.);
#966 = LINE('',#967,#968);
#967 = CARTESIAN_POINT('',(25.,4.6,6.5));
#968 = VECTOR('',#969,1.);
#969 = DIRECTION('',(1.,0.,0.));
#970 = PCURVE('',#404,#971);
#971 = DEFINITIONAL_REPRESENTATION('',(#972),#976);
#972 = LINE('',#973,#974);
#973 = CARTESIAN_POINT('',(1.570796326795,0.));
#974 = VECTOR('',#975,1.);
#975 = DIRECTION('',(0.,1.));
#976 = ( GEOMETRIC_REPRESENTATION_CONTEXT(2) 
PARAMETRIC_REPRESENTATION_CONTEXT() REPRESENTATION_CONTEXT('2D SPACE',''
  ) );
#977 = PCURVE('',#376,#978);
#978 = DEFINITIONAL_REPRESENTATION('',(#979),#983);
#979 = LINE('',#980,#981);
#980 = CARTESIAN_POINT('',(0.,10.6));
#981 = VECTOR('',#982,1.);
#982 = DIRECTION('',(1.,0.));
#983 = ( GEOMETRIC_REPRESENTATION_CONTEXT(2) 
PARAMETRIC_REPRESENTATION_CONTEXT() REPRESENTATION_CONTEXT('2D SPACE',''
  ) );
#984 = ORIENTED_EDGE('',*,*,#387,.F.);
#985 = ADVANCED_FACE('',(#986),#376,.F.);
#986 = FACE_BOUND('',#987,.F.);
#987 = EDGE_LOOP('',(#988,#1009,#1030,#1031));
#988 = ORIENTED_EDGE('',*,*,#989,.T.);
#989 = EDGE_CURVE('',#941,#990,#992,.T.);
#990 = VERTEX_POINT('',#991);
#991 = CARTESIAN_POINT('',(27.1,-4.6,6.5));
#992 = SURFACE_CURVE('',#993,(#997,#1003),.PCURVE_S1.);
#993 = LINE('',#994,#995);
#994 = CARTESIAN_POINT('',(27.1,2.75,6.5));
#995 = VECTOR('',#996,1.);
#996 = DIRECTION('',(0.,-1.,0.));
#997 = PCURVE('',#376,#998);
#998 = DEFINITIONAL_REPRESENTATION('',(#999),#1002);
#999 = B_SPLINE_CURVE_WITH_KNOTS('',1,(#1000,#1001),.UNSPECIFIED.,.F.,
  .F.,(2,2),(-1.85,7.35),.PIECEWISE_BEZIER_KNOTS.);
#1000 = CARTESIAN_POINT('',(2.1,10.6));
#1001 = CARTESIAN_POINT('',(2.1,1.4));
#1002 = ( GEOMETRIC_REPRESENTATION_CONTEXT(2) 
PARAMETRIC_REPRESENTATION_CONTEXT() REPRESENTATION_CONTEXT('2D SPACE',''
  ) );
#1003 = PCURVE('',#512,#1004);
#1004 = DEFINITIONAL_REPRESENTATION('',(#1005),#1008);
#1005 = B_SPLINE_CURVE_WITH_KNOTS('',1,(#1006,#1007),.UNSPECIFIED.,.F.,
  .F.,(2,2),(-1.85,7.35),.PIECEWISE_BEZIER_KNOTS.);
#1006 = CARTESIAN_POINT('',(6.9,1.5));
#1007 = CARTESIAN_POINT('',(16.1,1.5));
#1008 = ( GEOMETRIC_REPRESENTATION_CONTEXT(2) 
PARAMETRIC_REPRESENTATION_CONTEXT() REPRESENTATION_CONTEXT('2D SPACE',''
  ) );
#1009 = ORIENTED_EDGE('',*,*,#1010,.T.);
#1010 = EDGE_CURVE('',#990,#333,#1011,.T.);
#1011 = SURFACE_CURVE('',#1012,(#1016,#1023),.PCURVE_S1.);
#1012 = LINE('',#1013,#1014);
#1013 = CARTESIAN_POINT('',(25.,-4.6,6.5));
#1014 = VECTOR('',#1015,1.);
#1015 = DIRECTION('',(1.,0.,0.));
#1016 = PCURVE('',#376,#1017);
#1017 = DEFINITIONAL_REPRESENTATION('',(#1018),#1022);
#1018 = LINE('',#1019,#1020);
#1019 = CARTESIAN_POINT('',(0.,1.4));
#1020 = VECTOR('',#1021,1.);
#1021 = DIRECTION('',(1.,0.));
#1022 = ( GEOMETRIC_REPRESENTATION_CONTEXT(2) 
PARAMETRIC_REPRESENTATION_CONTEXT() REPRESENTATION_CONTEXT('2D SPACE',''
  ) );
#1023 = PCURVE('',#349,#1024);
#1024 = DEFINITIONAL_REPRESENTATION('',(#1025),#1029);
#1025 = LINE('',#1026,#1027);
#1026 = CARTESIAN_POINT('',(-1.570796326795,0.));
#1027 = VECTOR('',#1028,1.);
#1028 = DIRECTION('',(-0.,1.));
#1029 = ( GEOMETRIC_REPRESENTATION_CONTEXT(2) 
PARAMETRIC_REPRESENTATION_CONTEXT() REPRESENTATION_CONTEXT('2D SPACE',''
  ) );
#1030 = ORIENTED_EDGE('',*,*,#361,.F.);
#1031 = ORIENTED_EDGE('',*,*,#964,.F.);
#1032 = ADVANCED_FACE('',(#1033),#349,.F.);
#1033 = FACE_BOUND('',#1034,.T.);
#1034 = EDGE_LOOP('',(#1035,#1058,#1080,#1081));
#1035 = ORIENTED_EDGE('',*,*,#1036,.F.);
#1036 = EDGE_CURVE('',#1037,#307,#1039,.T.);
#1037 = VERTEX_POINT('',#1038);
#1038 = CARTESIAN_POINT('',(27.1,-6.,5.1));
#1039 = SURFACE_CURVE('',#1040,(#1044,#1051),.PCURVE_S1.);
#1040 = LINE('',#1041,#1042);
#1041 = CARTESIAN_POINT('',(25.,-6.,5.1));
#1042 = VECTOR('',#1043,1.);
#1043 = DIRECTION('',(1.,0.,0.));
#1044 = PCURVE('',#349,#1045);
#1045 = DEFINITIONAL_REPRESENTATION('',(#1046),#1050);
#1046 = LINE('',#1047,#1048);
#1047 = CARTESIAN_POINT('',(-0.,0.));
#1048 = VECTOR('',#1049,1.);
#1049 = DIRECTION('',(-0.,1.));
#1050 = ( GEOMETRIC_REPRESENTATION_CONTEXT(2) 
PARAMETRIC_REPRESENTATION_CONTEXT() REPRESENTATION_CONTEXT('2D SPACE',''
  ) );
#1051 = PCURVE('',#321,#1052);
#1052 = DEFINITIONAL_REPRESENTATION('',(#1053),#1057);
#1053 = LINE('',#1054,#1055);
#1054 = CARTESIAN_POINT('',(4.1,0.));
#1055 = VECTOR('',#1056,1.);
#1056 = DIRECTION('',(0.,1.));
#1057 = ( GEOMETRIC_REPRESENTATION_CONTEXT(2) 
PARAMETRIC_REPRESENTATION_CONTEXT() REPRESENTATION_CONTEXT('2D SPACE',''
  ) );
#1058 = ORIENTED_EDGE('',*,*,#1059,.F.);
#1059 = EDGE_CURVE('',#990,#1037,#1060,.T.);
#1060 = SURFACE_CURVE('',#1061,(#1066,#1073),.PCURVE_S1.);
#1061 = CIRCLE('',#1062,1.4);
#1062 = AXIS2_PLACEMENT_3D('',#1063,#1064,#1065);
#1063 = CARTESIAN_POINT('',(27.1,-4.6,5.1));
#1064 = DIRECTION('',(1.,0.,0.));
#1065 = DIRECTION('',(0.,-1.,0.));
#1066 = PCURVE('',#349,#1067);
#1067 = DEFINITIONAL_REPRESENTATION('',(#1068),#1072);
#1068 = LINE('',#1069,#1070);
#1069 = CARTESIAN_POINT('',(-6.28318530718,2.1));
#1070 = VECTOR('',#1071,1.);
#1071 = DIRECTION('',(1.,-0.));
#1072 = ( GEOMETRIC_REPRESENTATION_CONTEXT(2) 
PARAMETRIC_REPRESENTATION_CONTEXT() REPRESENTATION_CONTEXT('2D SPACE',''
  ) );
#1073 = PCURVE('',#512,#1074);
#1074 = DEFINITIONAL_REPRESENTATION('',(#1075),#1079);
#1075 = CIRCLE('',#1076,1.4);
#1076 = AXIS2_PLACEMENT_2D('',#1077,#1078);
#1077 = CARTESIAN_POINT('',(16.1,2.9));
#1078 = DIRECTION('',(1.,0.));
#1079 = ( GEOMETRIC_REPRESENTATION_CONTEXT(2) 
PARAMETRIC_REPRESENTATION_CONTEXT() REPRESENTATION_CONTEXT('2D SPACE',''
  ) );
#1080 = ORIENTED_EDGE('',*,*,#1010,.T.);
#1081 = ORIENTED_EDGE('',*,*,#332,.T.);
#1082 = ADVANCED_FACE('',(#1083),#321,.T.);
#1083 = FACE_BOUND('',#1084,.T.);
#1084 = EDGE_LOOP('',(#1085,#1086,#1087,#1106));
#1085 = ORIENTED_EDGE('',*,*,#306,.F.);
#1086 = ORIENTED_EDGE('',*,*,#472,.F.);
#1087 = ORIENTED_EDGE('',*,*,#1088,.T.);
#1088 = EDGE_CURVE('',#473,#1037,#1089,.T.);
#1089 = SURFACE_CURVE('',#1090,(#1094,#1100),.PCURVE_S1.);
#1090 = LINE('',#1091,#1092);
#1091 = CARTESIAN_POINT('',(27.1,-6.,4.5));
#1092 = VECTOR('',#1093,1.);
#1093 = DIRECTION('',(0.,0.,1.));
#1094 = PCURVE('',#321,#1095);
#1095 = DEFINITIONAL_REPRESENTATION('',(#1096),#1099);
#1096 = B_SPLINE_CURVE_WITH_KNOTS('',1,(#1097,#1098),.UNSPECIFIED.,.F.,
  .F.,(2,2),(-2.1,0.6),.PIECEWISE_BEZIER_KNOTS.);
#1097 = CARTESIAN_POINT('',(1.4,2.1));
#1098 = CARTESIAN_POINT('',(4.1,2.1));
#1099 = ( GEOMETRIC_REPRESENTATION_CONTEXT(2) 
PARAMETRIC_REPRESENTATION_CONTEXT() REPRESENTATION_CONTEXT('2D SPACE',''
  ) );
#1100 = PCURVE('',#512,#1101);
#1101 = DEFINITIONAL_REPRESENTATION('',(#1102),#1105);
#1102 = B_SPLINE_CURVE_WITH_KNOTS('',1,(#1103,#1104),.UNSPECIFIED.,.F.,
  .F.,(2,2),(-2.1,0.6),.PIECEWISE_BEZIER_KNOTS.);
#1103 = CARTESIAN_POINT('',(17.5,5.6));
#1104 = CARTESIAN_POINT('',(17.5,2.9));
#1105 = ( GEOMETRIC_REPRESENTATION_CONTEXT(2) 
PARAMETRIC_REPRESENTATION_CONTEXT() REPRESENTATION_CONTEXT('2D SPACE',''
  ) );
#1106 = ORIENTED_EDGE('',*,*,#1036,.T.);
#1107 = ADVANCED_FACE('',(#1108),#248,.T.);
#1108 = FACE_BOUND('',#1109,.T.);
#1109 = EDGE_LOOP('',(#1110,#1111,#1112,#1140));
#1110 = ORIENTED_EDGE('',*,*,#550,.T.);
#1111 = ORIENTED_EDGE('',*,*,#232,.T.);
#1112 = ORIENTED_EDGE('',*,*,#1113,.T.);
#1113 = EDGE_CURVE('',#205,#1114,#1116,.T.);
#1114 = VERTEX_POINT('',#1115);
#1115 = CARTESIAN_POINT('',(28.3,-13.5,9.2));
#1116 = SURFACE_CURVE('',#1117,(#1121,#1128),.PCURVE_S1.);
#1117 = LINE('',#1118,#1119);
#1118 = CARTESIAN_POINT('',(29.1,-12.7,9.2));
#1119 = VECTOR('',#1120,1.);
#1120 = DIRECTION('',(-0.707106781187,-0.707106781187,0.));
#1121 = PCURVE('',#248,#1122);
#1122 = DEFINITIONAL_REPRESENTATION('',(#1123),#1127);
#1123 = LINE('',#1124,#1125);
#1124 = CARTESIAN_POINT('',(-1.2,0.565685424949));
#1125 = VECTOR('',#1126,1.);
#1126 = DIRECTION('',(-0.,-1.));
#1127 = ( GEOMETRIC_REPRESENTATION_CONTEXT(2) 
PARAMETRIC_REPRESENTATION_CONTEXT() REPRESENTATION_CONTEXT('2D SPACE',''
  ) );
#1128 = PCURVE('',#1129,#1134);
#1129 = PLANE('',#1130);
#1130 = AXIS2_PLACEMENT_3D('',#1131,#1132,#1133);
#1131 = CARTESIAN_POINT('',(28.3,-13.5,9.2));
#1132 = DIRECTION('',(0.57735026919,-0.57735026919,0.57735026919));
#1133 = DIRECTION('',(0.707106781187,0.,-0.707106781187));
#1134 = DEFINITIONAL_REPRESENTATION('',(#1135),#1139);
#1135 = LINE('',#1136,#1137);
#1136 = CARTESIAN_POINT('',(0.565685424949,0.979795897113));
#1137 = VECTOR('',#1138,1.);
#1138 = DIRECTION('',(-0.5,-0.866025403784));
#1139 = ( GEOMETRIC_REPRESENTATION_CONTEXT(2) 
PARAMETRIC_REPRESENTATION_CONTEXT() REPRESENTATION_CONTEXT('2D SPACE',''
  ) );
#1140 = ORIENTED_EDGE('',*,*,#1141,.T.);
#1141 = EDGE_CURVE('',#1114,#551,#1142,.T.);
#1142 = SURFACE_CURVE('',#1143,(#1147,#1154),.PCURVE_S1.);
#1143 = LINE('',#1144,#1145);
#1144 = CARTESIAN_POINT('',(28.3,-13.5,8.));
#1145 = VECTOR('',#1146,1.);
#1146 = DIRECTION('',(0.,0.,-1.));
#1147 = PCURVE('',#248,#1148);
#1148 = DEFINITIONAL_REPRESENTATION('',(#1149),#1153);
#1149 = LINE('',#1150,#1151);
#1150 = CARTESIAN_POINT('',(-0.,-0.565685424949));
#1151 = VECTOR('',#1152,1.);
#1152 = DIRECTION('',(1.,0.));
#1153 = ( GEOMETRIC_REPRESENTATION_CONTEXT(2) 
PARAMETRIC_REPRESENTATION_CONTEXT() REPRESENTATION_CONTEXT('2D SPACE',''
  ) );
#1154 = PCURVE('',#751,#1155);
#1155 = DEFINITIONAL_REPRESENTATION('',(#1156),#1160);
#1156 = LINE('',#1157,#1158);
#1157 = CARTESIAN_POINT('',(-1.2,-0.));
#1158 = VECTOR('',#1159,1.);
#1159 = DIRECTION('',(0.,1.));
#1160 = ( GEOMETRIC_REPRESENTATION_CONTEXT(2) 
PARAMETRIC_REPRESENTATION_CONTEXT() REPRESENTATION_CONTEXT('2D SPACE',''
  ) );
#1161 = ADVANCED_FACE('',(#1162),#220,.T.);
#1162 = FACE_BOUND('',#1163,.T.);
#1163 = EDGE_LOOP('',(#1164,#1187,#1188,#1216));
#1164 = ORIENTED_EDGE('',*,*,#1165,.T.);
#1165 = EDGE_CURVE('',#1166,#205,#1168,.T.);
#1166 = VERTEX_POINT('',#1167);
#1167 = CARTESIAN_POINT('',(28.3,-12.7,10.));
#1168 = SURFACE_CURVE('',#1169,(#1173,#1180),.PCURVE_S1.);
#1169 = LINE('',#1170,#1171);
#1170 = CARTESIAN_POINT('',(28.3,-12.7,10.));
#1171 = VECTOR('',#1172,1.);
#1172 = DIRECTION('',(0.707106781187,0.,-0.707106781187));
#1173 = PCURVE('',#220,#1174);
#1174 = DEFINITIONAL_REPRESENTATION('',(#1175),#1179);
#1175 = LINE('',#1176,#1177);
#1176 = CARTESIAN_POINT('',(-0.565685424949,-18.45));
#1177 = VECTOR('',#1178,1.);
#1178 = DIRECTION('',(1.,0.));
#1179 = ( GEOMETRIC_REPRESENTATION_CONTEXT(2) 
PARAMETRIC_REPRESENTATION_CONTEXT() REPRESENTATION_CONTEXT('2D SPACE',''
  ) );
#1180 = PCURVE('',#1129,#1181);
#1181 = DEFINITIONAL_REPRESENTATION('',(#1182),#1186);
#1182 = LINE('',#1183,#1184);
#1183 = CARTESIAN_POINT('',(-0.565685424949,0.979795897113));
#1184 = VECTOR('',#1185,1.);
#1185 = DIRECTION('',(1.,0.));
#1186 = ( GEOMETRIC_REPRESENTATION_CONTEXT(2) 
PARAMETRIC_REPRESENTATION_CONTEXT() REPRESENTATION_CONTEXT('2D SPACE',''
  ) );
#1187 = ORIENTED_EDGE('',*,*,#204,.T.);
#1188 = ORIENTED_EDGE('',*,*,#1189,.T.);
#1189 = EDGE_CURVE('',#177,#1190,#1192,.T.);
#1190 = VERTEX_POINT('',#1191);
#1191 = CARTESIAN_POINT('',(28.3,12.7,10.));
#1192 = SURFACE_CURVE('',#1193,(#1197,#1204),.PCURVE_S1.);
#1193 = LINE('',#1194,#1195);
#1194 = CARTESIAN_POINT('',(29.1,12.7,9.2));
#1195 = VECTOR('',#1196,1.);
#1196 = DIRECTION('',(-0.707106781187,0.,0.707106781187));
#1197 = PCURVE('',#220,#1198);
#1198 = DEFINITIONAL_REPRESENTATION('',(#1199),#1203);
#1199 = LINE('',#1200,#1201);
#1200 = CARTESIAN_POINT('',(0.565685424949,6.95));
#1201 = VECTOR('',#1202,1.);
#1202 = DIRECTION('',(-1.,0.));
#1203 = ( GEOMETRIC_REPRESENTATION_CONTEXT(2) 
PARAMETRIC_REPRESENTATION_CONTEXT() REPRESENTATION_CONTEXT('2D SPACE',''
  ) );
#1204 = PCURVE('',#1205,#1210);
#1205 = PLANE('',#1206);
#1206 = AXIS2_PLACEMENT_3D('',#1207,#1208,#1209);
#1207 = CARTESIAN_POINT('',(29.1,12.7,9.2));
#1208 = DIRECTION('',(0.57735026919,0.57735026919,0.57735026919));
#1209 = DIRECTION('',(0.707106781187,0.,-0.707106781187));
#1210 = DEFINITIONAL_REPRESENTATION('',(#1211),#1215);
#1211 = LINE('',#1212,#1213);
#1212 = CARTESIAN_POINT('',(0.,0.));
#1213 = VECTOR('',#1214,1.);
#1214 = DIRECTION('',(-1.,0.));
#1215 = ( GEOMETRIC_REPRESENTATION_CONTEXT(2) 
PARAMETRIC_REPRESENTATION_CONTEXT() REPRESENTATION_CONTEXT('2D SPACE',''
  ) );
#1216 = ORIENTED_EDGE('',*,*,#1217,.T.);
#1217 = EDGE_CURVE('',#1190,#1166,#1218,.T.);
#1218 = SURFACE_CURVE('',#1219,(#1223,#1230),.PCURVE_S1.);
#1219 = LINE('',#1220,#1221);
#1220 = CARTESIAN_POINT('',(28.3,5.75,10.));
#1221 = VECTOR('',#1222,1.);
#1222 = DIRECTION('',(0.,-1.,0.));
#1223 = PCURVE('',#220,#1224);
#1224 = DEFINITIONAL_REPRESENTATION('',(#1225),#1229);
#1225 = LINE('',#1226,#1227);
#1226 = CARTESIAN_POINT('',(-0.565685424949,0.));
#1227 = VECTOR('',#1228,1.);
#1228 = DIRECTION('',(0.,-1.));
#1229 = ( GEOMETRIC_REPRESENTATION_CONTEXT(2) 
PARAMETRIC_REPRESENTATION_CONTEXT() REPRESENTATION_CONTEXT('2D SPACE',''
  ) );
#1230 = PCURVE('',#1231,#1236);
#1231 = PLANE('',#1232);
#1232 = AXIS2_PLACEMENT_3D('',#1233,#1234,#1235);
#1233 = CARTESIAN_POINT('',(0.8,-3.774758283726E-14,10.));
#1234 = DIRECTION('',(0.,0.,1.));
#1235 = DIRECTION('',(1.,0.,-0.));
#1236 = DEFINITIONAL_REPRESENTATION('',(#1237),#1241);
#1237 = LINE('',#1238,#1239);
#1238 = CARTESIAN_POINT('',(27.5,5.75));
#1239 = VECTOR('',#1240,1.);
#1240 = DIRECTION('',(0.,-1.));
#1241 = ( GEOMETRIC_REPRESENTATION_CONTEXT(2) 
PARAMETRIC_REPRESENTATION_CONTEXT() REPRESENTATION_CONTEXT('2D SPACE',''
  ) );
#1242 = ADVANCED_FACE('',(#1243),#192,.T.);
#1243 = FACE_BOUND('',#1244,.T.);
#1244 = EDGE_LOOP('',(#1245,#1268,#1296,#1317));
#1245 = ORIENTED_EDGE('',*,*,#1246,.T.);
#1246 = EDGE_CURVE('',#149,#1247,#1249,.T.);
#1247 = VERTEX_POINT('',#1248);
#1248 = CARTESIAN_POINT('',(28.3,13.5,1.));
#1249 = SURFACE_CURVE('',#1250,(#1254,#1261),.PCURVE_S1.);
#1250 = LINE('',#1251,#1252);
#1251 = CARTESIAN_POINT('',(25.,16.8,1.));
#1252 = VECTOR('',#1253,1.);
#1253 = DIRECTION('',(-0.707106781187,0.707106781187,0.));
#1254 = PCURVE('',#192,#1255);
#1255 = DEFINITIONAL_REPRESENTATION('',(#1256),#1260);
#1256 = LINE('',#1257,#1258);
#1257 = CARTESIAN_POINT('',(7.,5.23259018078));
#1258 = VECTOR('',#1259,1.);
#1259 = DIRECTION('',(0.,1.));
#1260 = ( GEOMETRIC_REPRESENTATION_CONTEXT(2) 
PARAMETRIC_REPRESENTATION_CONTEXT() REPRESENTATION_CONTEXT('2D SPACE',''
  ) );
#1261 = PCURVE('',#164,#1262);
#1262 = DEFINITIONAL_REPRESENTATION('',(#1263),#1267);
#1263 = LINE('',#1264,#1265);
#1264 = CARTESIAN_POINT('',(24.2,16.8));
#1265 = VECTOR('',#1266,1.);
#1266 = DIRECTION('',(-0.707106781187,0.707106781187));
#1267 = ( GEOMETRIC_REPRESENTATION_CONTEXT(2) 
PARAMETRIC_REPRESENTATION_CONTEXT() REPRESENTATION_CONTEXT('2D SPACE',''
  ) );
#1268 = ORIENTED_EDGE('',*,*,#1269,.T.);
#1269 = EDGE_CURVE('',#1247,#1270,#1272,.T.);
#1270 = VERTEX_POINT('',#1271);
#1271 = CARTESIAN_POINT('',(28.3,13.5,9.2));
#1272 = SURFACE_CURVE('',#1273,(#1277,#1284),.PCURVE_S1.);
#1273 = LINE('',#1274,#1275);
#1274 = CARTESIAN_POINT('',(28.3,13.5,8.));
#1275 = VECTOR('',#1276,1.);
#1276 = DIRECTION('',(0.,0.,1.));
#1277 = PCURVE('',#192,#1278);
#1278 = DEFINITIONAL_REPRESENTATION('',(#1279),#1283);
#1279 = LINE('',#1280,#1281);
#1280 = CARTESIAN_POINT('',(0.,0.565685424949));
#1281 = VECTOR('',#1282,1.);
#1282 = DIRECTION('',(-1.,0.));
#1283 = ( GEOMETRIC_REPRESENTATION_CONTEXT(2) 
PARAMETRIC_REPRESENTATION_CONTEXT() REPRESENTATION_CONTEXT('2D SPACE',''
  ) );
#1284 = PCURVE('',#1285,#1290);
#1285 = PLANE('',#1286);
#1286 = AXIS2_PLACEMENT_3D('',#1287,#1288,#1289);
#1287 = CARTESIAN_POINT('',(-25.5,13.5,8.));
#1288 = DIRECTION('',(0.,1.,0.));
#1289 = DIRECTION('',(1.,0.,0.));
#1290 = DEFINITIONAL_REPRESENTATION('',(#1291),#1295);
#1291 = LINE('',#1292,#1293);
#1292 = CARTESIAN_POINT('',(53.8,0.));
#1293 = VECTOR('',#1294,1.);
#1294 = DIRECTION('',(0.,-1.));
#1295 = ( GEOMETRIC_REPRESENTATION_CONTEXT(2) 
PARAMETRIC_REPRESENTATION_CONTEXT() REPRESENTATION_CONTEXT('2D SPACE',''
  ) );
#1296 = ORIENTED_EDGE('',*,*,#1297,.T.);
#1297 = EDGE_CURVE('',#1270,#177,#1298,.T.);
#1298 = SURFACE_CURVE('',#1299,(#1303,#1310),.PCURVE_S1.);
#1299 = LINE('',#1300,#1301);
#1300 = CARTESIAN_POINT('',(28.3,13.5,9.2));
#1301 = VECTOR('',#1302,1.);
#1302 = DIRECTION('',(0.707106781187,-0.707106781187,0.));
#1303 = PCURVE('',#192,#1304);
#1304 = DEFINITIONAL_REPRESENTATION('',(#1305),#1309);
#1305 = LINE('',#1306,#1307);
#1306 = CARTESIAN_POINT('',(-1.2,0.565685424949));
#1307 = VECTOR('',#1308,1.);
#1308 = DIRECTION('',(0.,-1.));
#1309 = ( GEOMETRIC_REPRESENTATION_CONTEXT(2) 
PARAMETRIC_REPRESENTATION_CONTEXT() REPRESENTATION_CONTEXT('2D SPACE',''
  ) );
#1310 = PCURVE('',#1205,#1311);
#1311 = DEFINITIONAL_REPRESENTATION('',(#1312),#1316);
#1312 = LINE('',#1313,#1314);
#1313 = CARTESIAN_POINT('',(-0.565685424949,0.979795897113));
#1314 = VECTOR('',#1315,1.);
#1315 = DIRECTION('',(0.5,-0.866025403784));
#1316 = ( GEOMETRIC_REPRESENTATION_CONTEXT(2) 
PARAMETRIC_REPRESENTATION_CONTEXT() REPRESENTATION_CONTEXT('2D SPACE',''
  ) );
#1317 = ORIENTED_EDGE('',*,*,#176,.T.);
#1318 = ADVANCED_FACE('',(#1319),#164,.F.);
#1319 = FACE_BOUND('',#1320,.F.);
#1320 = EDGE_LOOP('',(#1321,#1344,#1345,#1346,#1347,#1348,#1371,#1399,
    #1422,#1448,#1471));
#1321 = ORIENTED_EDGE('',*,*,#1322,.T.);
#1322 = EDGE_CURVE('',#1323,#843,#1325,.T.);
#1323 = VERTEX_POINT('',#1324);
#1324 = CARTESIAN_POINT('',(27.1,11.5,1.));
#1325 = SURFACE_CURVE('',#1326,(#1330,#1337),.PCURVE_S1.);
#1326 = LINE('',#1327,#1328);
#1327 = CARTESIAN_POINT('',(27.1,5.75,1.));
#1328 = VECTOR('',#1329,1.);
#1329 = DIRECTION('',(0.,-1.,0.));
#1330 = PCURVE('',#164,#1331);
#1331 = DEFINITIONAL_REPRESENTATION('',(#1332),#1336);
#1332 = LINE('',#1333,#1334);
#1333 = CARTESIAN_POINT('',(26.3,5.75));
#1334 = VECTOR('',#1335,1.);
#1335 = DIRECTION('',(0.,-1.));
#1336 = ( GEOMETRIC_REPRESENTATION_CONTEXT(2) 
PARAMETRIC_REPRESENTATION_CONTEXT() REPRESENTATION_CONTEXT('2D SPACE',''
  ) );
#1337 = PCURVE('',#512,#1338);
#1338 = DEFINITIONAL_REPRESENTATION('',(#1339),#1343);
#1339 = LINE('',#1340,#1341);
#1340 = CARTESIAN_POINT('',(5.75,7.));
#1341 = VECTOR('',#1342,1.);
#1342 = DIRECTION('',(1.,0.));
#1343 = ( GEOMETRIC_REPRESENTATION_CONTEXT(2) 
PARAMETRIC_REPRESENTATION_CONTEXT() REPRESENTATION_CONTEXT('2D SPACE',''
  ) );
#1344 = ORIENTED_EDGE('',*,*,#866,.T.);
#1345 = ORIENTED_EDGE('',*,*,#794,.T.);
#1346 = ORIENTED_EDGE('',*,*,#148,.T.);
#1347 = ORIENTED_EDGE('',*,*,#1246,.T.);
#1348 = ORIENTED_EDGE('',*,*,#1349,.T.);
#1349 = EDGE_CURVE('',#1247,#1350,#1352,.T.);
#1350 = VERTEX_POINT('',#1351);
#1351 = CARTESIAN_POINT('',(-26.7,13.5,1.));
#1352 = SURFACE_CURVE('',#1353,(#1357,#1364),.PCURVE_S1.);
#1353 = LINE('',#1354,#1355);
#1354 = CARTESIAN_POINT('',(-12.35,13.5,1.));
#1355 = VECTOR('',#1356,1.);
#1356 = DIRECTION('',(-1.,0.,0.));
#1357 = PCURVE('',#164,#1358);
#1358 = DEFINITIONAL_REPRESENTATION('',(#1359),#1363);
#1359 = LINE('',#1360,#1361);
#1360 = CARTESIAN_POINT('',(-13.15,13.5));
#1361 = VECTOR('',#1362,1.);
#1362 = DIRECTION('',(-1.,0.));
#1363 = ( GEOMETRIC_REPRESENTATION_CONTEXT(2) 
PARAMETRIC_REPRESENTATION_CONTEXT() REPRESENTATION_CONTEXT('2D SPACE',''
  ) );
#1364 = PCURVE('',#1285,#1365);
#1365 = DEFINITIONAL_REPRESENTATION('',(#1366),#1370);
#1366 = LINE('',#1367,#1368);
#1367 = CARTESIAN_POINT('',(13.15,7.));
#1368 = VECTOR('',#1369,1.);
#1369 = DIRECTION('',(-1.,0.));
#1370 = ( GEOMETRIC_REPRESENTATION_CONTEXT(2) 
PARAMETRIC_REPRESENTATION_CONTEXT() REPRESENTATION_CONTEXT('2D SPACE',''
  ) );
#1371 = ORIENTED_EDGE('',*,*,#1372,.T.);
#1372 = EDGE_CURVE('',#1350,#1373,#1375,.T.);
#1373 = VERTEX_POINT('',#1374);
#1374 = CARTESIAN_POINT('',(-27.5,12.7,1.));
#1375 = SURFACE_CURVE('',#1376,(#1380,#1387),.PCURVE_S1.);
#1376 = LINE('',#1377,#1378);
#1377 = CARTESIAN_POINT('',(-23.4,16.8,1.));
#1378 = VECTOR('',#1379,1.);
#1379 = DIRECTION('',(-0.707106781187,-0.707106781187,0.));
#1380 = PCURVE('',#164,#1381);
#1381 = DEFINITIONAL_REPRESENTATION('',(#1382),#1386);
#1382 = LINE('',#1383,#1384);
#1383 = CARTESIAN_POINT('',(-24.2,16.8));
#1384 = VECTOR('',#1385,1.);
#1385 = DIRECTION('',(-0.707106781187,-0.707106781187));
#1386 = ( GEOMETRIC_REPRESENTATION_CONTEXT(2) 
PARAMETRIC_REPRESENTATION_CONTEXT() REPRESENTATION_CONTEXT('2D SPACE',''
  ) );
#1387 = PCURVE('',#1388,#1393);
#1388 = PLANE('',#1389);
#1389 = AXIS2_PLACEMENT_3D('',#1390,#1391,#1392);
#1390 = CARTESIAN_POINT('',(-27.1,13.1,8.));
#1391 = DIRECTION('',(-0.707106781187,0.707106781187,0.));
#1392 = DIRECTION('',(0.,0.,1.));
#1393 = DEFINITIONAL_REPRESENTATION('',(#1394),#1398);
#1394 = LINE('',#1395,#1396);
#1395 = CARTESIAN_POINT('',(-7.,5.23259018078));
#1396 = VECTOR('',#1397,1.);
#1397 = DIRECTION('',(0.,-1.));
#1398 = ( GEOMETRIC_REPRESENTATION_CONTEXT(2) 
PARAMETRIC_REPRESENTATION_CONTEXT() REPRESENTATION_CONTEXT('2D SPACE',''
  ) );
#1399 = ORIENTED_EDGE('',*,*,#1400,.T.);
#1400 = EDGE_CURVE('',#1373,#1401,#1403,.T.);
#1401 = VERTEX_POINT('',#1402);
#1402 = CARTESIAN_POINT('',(-27.5,9.5,1.));
#1403 = SURFACE_CURVE('',#1404,(#1408,#1415),.PCURVE_S1.);
#1404 = LINE('',#1405,#1406);
#1405 = CARTESIAN_POINT('',(-27.5,-5.75,1.));
#1406 = VECTOR('',#1407,1.);
#1407 = DIRECTION('',(0.,-1.,0.));
#1408 = PCURVE('',#164,#1409);
#1409 = DEFINITIONAL_REPRESENTATION('',(#1410),#1414);
#1410 = LINE('',#1411,#1412);
#1411 = CARTESIAN_POINT('',(-28.3,-5.75));
#1412 = VECTOR('',#1413,1.);
#1413 = DIRECTION('',(0.,-1.));
#1414 = ( GEOMETRIC_REPRESENTATION_CONTEXT(2) 
PARAMETRIC_REPRESENTATION_CONTEXT() REPRESENTATION_CONTEXT('2D SPACE',''
  ) );
#1415 = PCURVE('',#697,#1416);
#1416 = DEFINITIONAL_REPRESENTATION('',(#1417),#1421);
#1417 = LINE('',#1418,#1419);
#1418 = CARTESIAN_POINT('',(5.75,7.));
#1419 = VECTOR('',#1420,1.);
#1420 = DIRECTION('',(-1.,0.));
#1421 = ( GEOMETRIC_REPRESENTATION_CONTEXT(2) 
PARAMETRIC_REPRESENTATION_CONTEXT() REPRESENTATION_CONTEXT('2D SPACE',''
  ) );
#1422 = ORIENTED_EDGE('',*,*,#1423,.F.);
#1423 = EDGE_CURVE('',#1424,#1401,#1426,.T.);
#1424 = VERTEX_POINT('',#1425);
#1425 = CARTESIAN_POINT('',(-25.5,9.5,1.));
#1426 = SURFACE_CURVE('',#1427,(#1431,#1437),.PCURVE_S1.);
#1427 = LINE('',#1428,#1429);
#1428 = CARTESIAN_POINT('',(-14.6,9.5,1.));
#1429 = VECTOR('',#1430,1.);
#1430 = DIRECTION('',(-1.,0.,0.));
#1431 = PCURVE('',#164,#1432);
#1432 = DEFINITIONAL_REPRESENTATION('',(#1433),#1436);
#1433 = B_SPLINE_CURVE_WITH_KNOTS('',1,(#1434,#1435),.UNSPECIFIED.,.F.,
  .F.,(2,2),(10.4,12.9),.PIECEWISE_BEZIER_KNOTS.);
#1434 = CARTESIAN_POINT('',(-25.8,9.5));
#1435 = CARTESIAN_POINT('',(-28.3,9.5));
#1436 = ( GEOMETRIC_REPRESENTATION_CONTEXT(2) 
PARAMETRIC_REPRESENTATION_CONTEXT() REPRESENTATION_CONTEXT('2D SPACE',''
  ) );
#1437 = PCURVE('',#1438,#1443);
#1438 = PLANE('',#1439);
#1439 = AXIS2_PLACEMENT_3D('',#1440,#1441,#1442);
#1440 = CARTESIAN_POINT('',(-30.,9.5,-2.5));
#1441 = DIRECTION('',(0.,1.,0.));
#1442 = DIRECTION('',(0.,0.,1.));
#1443 = DEFINITIONAL_REPRESENTATION('',(#1444),#1447);
#1444 = B_SPLINE_CURVE_WITH_KNOTS('',1,(#1445,#1446),.UNSPECIFIED.,.F.,
  .F.,(2,2),(10.4,12.9),.PIECEWISE_BEZIER_KNOTS.);
#1445 = CARTESIAN_POINT('',(3.5,5.));
#1446 = CARTESIAN_POINT('',(3.5,2.5));
#1447 = ( GEOMETRIC_REPRESENTATION_CONTEXT(2) 
PARAMETRIC_REPRESENTATION_CONTEXT() REPRESENTATION_CONTEXT('2D SPACE',''
  ) );
#1448 = ORIENTED_EDGE('',*,*,#1449,.T.);
#1449 = EDGE_CURVE('',#1424,#1450,#1452,.T.);
#1450 = VERTEX_POINT('',#1451);
#1451 = CARTESIAN_POINT('',(-25.5,11.5,1.));
#1452 = SURFACE_CURVE('',#1453,(#1457,#1464),.PCURVE_S1.);
#1453 = LINE('',#1454,#1455);
#1454 = CARTESIAN_POINT('',(-25.5,-5.75,1.));
#1455 = VECTOR('',#1456,1.);
#1456 = DIRECTION('',(0.,1.,0.));
#1457 = PCURVE('',#164,#1458);
#1458 = DEFINITIONAL_REPRESENTATION('',(#1459),#1463);
#1459 = LINE('',#1460,#1461);
#1460 = CARTESIAN_POINT('',(-26.3,-5.75));
#1461 = VECTOR('',#1462,1.);
#1462 = DIRECTION('',(0.,1.));
#1463 = ( GEOMETRIC_REPRESENTATION_CONTEXT(2) 
PARAMETRIC_REPRESENTATION_CONTEXT() REPRESENTATION_CONTEXT('2D SPACE',''
  ) );
#1464 = PCURVE('',#643,#1465);
#1465 = DEFINITIONAL_REPRESENTATION('',(#1466),#1470);
#1466 = LINE('',#1467,#1468);
#1467 = CARTESIAN_POINT('',(5.75,7.));
#1468 = VECTOR('',#1469,1.);
#1469 = DIRECTION('',(1.,0.));
#1470 = ( GEOMETRIC_REPRESENTATION_CONTEXT(2) 
PARAMETRIC_REPRESENTATION_CONTEXT() REPRESENTATION_CONTEXT('2D SPACE',''
  ) );
#1471 = ORIENTED_EDGE('',*,*,#1472,.T.);
#1472 = EDGE_CURVE('',#1450,#1323,#1473,.T.);
#1473 = SURFACE_CURVE('',#1474,(#1478,#1485),.PCURVE_S1.);
#1474 = LINE('',#1475,#1476);
#1475 = CARTESIAN_POINT('',(-12.35,11.5,1.));
#1476 = VECTOR('',#1477,1.);
#1477 = DIRECTION('',(1.,0.,0.));
#1478 = PCURVE('',#164,#1479);
#1479 = DEFINITIONAL_REPRESENTATION('',(#1480),#1484);
#1480 = LINE('',#1481,#1482);
#1481 = CARTESIAN_POINT('',(-13.15,11.5));
#1482 = VECTOR('',#1483,1.);
#1483 = DIRECTION('',(1.,0.));
#1484 = ( GEOMETRIC_REPRESENTATION_CONTEXT(2) 
PARAMETRIC_REPRESENTATION_CONTEXT() REPRESENTATION_CONTEXT('2D SPACE',''
  ) );
#1485 = PCURVE('',#1486,#1491);
#1486 = PLANE('',#1487);
#1487 = AXIS2_PLACEMENT_3D('',#1488,#1489,#1490);
#1488 = CARTESIAN_POINT('',(-25.5,11.5,8.));
#1489 = DIRECTION('',(0.,1.,0.));
#1490 = DIRECTION('',(1.,0.,0.));
#1491 = DEFINITIONAL_REPRESENTATION('',(#1492),#1496);
#1492 = LINE('',#1493,#1494);
#1493 = CARTESIAN_POINT('',(13.15,7.));
#1494 = VECTOR('',#1495,1.);
#1495 = DIRECTION('',(1.,0.));
#1496 = ( GEOMETRIC_REPRESENTATION_CONTEXT(2) 
PARAMETRIC_REPRESENTATION_CONTEXT() REPRESENTATION_CONTEXT('2D SPACE',''
  ) );
#1497 = ADVANCED_FACE('',(#1498),#512,.F.);
#1498 = FACE_BOUND('',#1499,.F.);
#1499 = EDGE_LOOP('',(#1500,#1501,#1502,#1503,#1504,#1505,#1506,#1507,
    #1508,#1509,#1532,#1560));
#1500 = ORIENTED_EDGE('',*,*,#576,.F.);
#1501 = ORIENTED_EDGE('',*,*,#495,.F.);
#1502 = ORIENTED_EDGE('',*,*,#1088,.T.);
#1503 = ORIENTED_EDGE('',*,*,#1059,.F.);
#1504 = ORIENTED_EDGE('',*,*,#989,.F.);
#1505 = ORIENTED_EDGE('',*,*,#940,.F.);
#1506 = ORIENTED_EDGE('',*,*,#894,.F.);
#1507 = ORIENTED_EDGE('',*,*,#842,.F.);
#1508 = ORIENTED_EDGE('',*,*,#1322,.F.);
#1509 = ORIENTED_EDGE('',*,*,#1510,.F.);
#1510 = EDGE_CURVE('',#1511,#1323,#1513,.T.);
#1511 = VERTEX_POINT('',#1512);
#1512 = CARTESIAN_POINT('',(27.1,11.5,8.));
#1513 = SURFACE_CURVE('',#1514,(#1518,#1525),.PCURVE_S1.);
#1514 = LINE('',#1515,#1516);
#1515 = CARTESIAN_POINT('',(27.1,11.5,8.));
#1516 = VECTOR('',#1517,1.);
#1517 = DIRECTION('',(0.,0.,-1.));
#1518 = PCURVE('',#512,#1519);
#1519 = DEFINITIONAL_REPRESENTATION('',(#1520),#1524);
#1520 = LINE('',#1521,#1522);
#1521 = CARTESIAN_POINT('',(0.,0.));
#1522 = VECTOR('',#1523,1.);
#1523 = DIRECTION('',(0.,1.));
#1524 = ( GEOMETRIC_REPRESENTATION_CONTEXT(2) 
PARAMETRIC_REPRESENTATION_CONTEXT() REPRESENTATION_CONTEXT('2D SPACE',''
  ) );
#1525 = PCURVE('',#1486,#1526);
#1526 = DEFINITIONAL_REPRESENTATION('',(#1527),#1531);
#1527 = LINE('',#1528,#1529);
#1528 = CARTESIAN_POINT('',(52.6,0.));
#1529 = VECTOR('',#1530,1.);
#1530 = DIRECTION('',(0.,1.));
#1531 = ( GEOMETRIC_REPRESENTATION_CONTEXT(2) 
PARAMETRIC_REPRESENTATION_CONTEXT() REPRESENTATION_CONTEXT('2D SPACE',''
  ) );
#1532 = ORIENTED_EDGE('',*,*,#1533,.T.);
#1533 = EDGE_CURVE('',#1511,#1534,#1536,.T.);
#1534 = VERTEX_POINT('',#1535);
#1535 = CARTESIAN_POINT('',(27.1,-11.5,8.));
#1536 = SURFACE_CURVE('',#1537,(#1541,#1548),.PCURVE_S1.);
#1537 = LINE('',#1538,#1539);
#1538 = CARTESIAN_POINT('',(27.1,11.5,8.));
#1539 = VECTOR('',#1540,1.);
#1540 = DIRECTION('',(0.,-1.,0.));
#1541 = PCURVE('',#512,#1542);
#1542 = DEFINITIONAL_REPRESENTATION('',(#1543),#1547);
#1543 = LINE('',#1544,#1545);
#1544 = CARTESIAN_POINT('',(0.,0.));
#1545 = VECTOR('',#1546,1.);
#1546 = DIRECTION('',(1.,0.));
#1547 = ( GEOMETRIC_REPRESENTATION_CONTEXT(2) 
PARAMETRIC_REPRESENTATION_CONTEXT() REPRESENTATION_CONTEXT('2D SPACE',''
  ) );
#1548 = PCURVE('',#1549,#1554);
#1549 = PLANE('',#1550);
#1550 = AXIS2_PLACEMENT_3D('',#1551,#1552,#1553);
#1551 = CARTESIAN_POINT('',(0.8,-3.774758283726E-14,8.));
#1552 = DIRECTION('',(0.,0.,1.));
#1553 = DIRECTION('',(1.,0.,-0.));
#1554 = DEFINITIONAL_REPRESENTATION('',(#1555),#1559);
#1555 = LINE('',#1556,#1557);
#1556 = CARTESIAN_POINT('',(26.3,11.5));
#1557 = VECTOR('',#1558,1.);
#1558 = DIRECTION('',(0.,-1.));
#1559 = ( GEOMETRIC_REPRESENTATION_CONTEXT(2) 
PARAMETRIC_REPRESENTATION_CONTEXT() REPRESENTATION_CONTEXT('2D SPACE',''
  ) );
#1560 = ORIENTED_EDGE('',*,*,#1561,.T.);
#1561 = EDGE_CURVE('',#1534,#577,#1562,.T.);
#1562 = SURFACE_CURVE('',#1563,(#1567,#1574),.PCURVE_S1.);
#1563 = LINE('',#1564,#1565);
#1564 = CARTESIAN_POINT('',(27.1,-11.5,8.));
#1565 = VECTOR('',#1566,1.);
#1566 = DIRECTION('',(0.,0.,-1.));
#1567 = PCURVE('',#512,#1568);
#1568 = DEFINITIONAL_REPRESENTATION('',(#1569),#1573);
#1569 = LINE('',#1570,#1571);
#1570 = CARTESIAN_POINT('',(23.,0.));
#1571 = VECTOR('',#1572,1.);
#1572 = DIRECTION('',(0.,1.));
#1573 = ( GEOMETRIC_REPRESENTATION_CONTEXT(2) 
PARAMETRIC_REPRESENTATION_CONTEXT() REPRESENTATION_CONTEXT('2D SPACE',''
  ) );
#1574 = PCURVE('',#615,#1575);
#1575 = DEFINITIONAL_REPRESENTATION('',(#1576),#1580);
#1576 = LINE('',#1577,#1578);
#1577 = CARTESIAN_POINT('',(0.,-0.));
#1578 = VECTOR('',#1579,1.);
#1579 = DIRECTION('',(0.,1.));
#1580 = ( GEOMETRIC_REPRESENTATION_CONTEXT(2) 
PARAMETRIC_REPRESENTATION_CONTEXT() REPRESENTATION_CONTEXT('2D SPACE',''
  ) );
#1581 = ADVANCED_FACE('',(#1582),#751,.T.);
#1582 = FACE_BOUND('',#1583,.T.);
#1583 = EDGE_LOOP('',(#1584,#1585,#1586,#1614));
#1584 = ORIENTED_EDGE('',*,*,#737,.T.);
#1585 = ORIENTED_EDGE('',*,*,#1141,.F.);
#1586 = ORIENTED_EDGE('',*,*,#1587,.F.);
#1587 = EDGE_CURVE('',#1588,#1114,#1590,.T.);
#1588 = VERTEX_POINT('',#1589);
#1589 = CARTESIAN_POINT('',(-26.7,-13.5,9.2));
#1590 = SURFACE_CURVE('',#1591,(#1595,#1602),.PCURVE_S1.);
#1591 = LINE('',#1592,#1593);
#1592 = CARTESIAN_POINT('',(13.95,-13.5,9.2));
#1593 = VECTOR('',#1594,1.);
#1594 = DIRECTION('',(1.,0.,0.));
#1595 = PCURVE('',#751,#1596);
#1596 = DEFINITIONAL_REPRESENTATION('',(#1597),#1601);
#1597 = LINE('',#1598,#1599);
#1598 = CARTESIAN_POINT('',(13.15,-1.2));
#1599 = VECTOR('',#1600,1.);
#1600 = DIRECTION('',(-1.,-0.));
#1601 = ( GEOMETRIC_REPRESENTATION_CONTEXT(2) 
PARAMETRIC_REPRESENTATION_CONTEXT() REPRESENTATION_CONTEXT('2D SPACE',''
  ) );
#1602 = PCURVE('',#1603,#1608);
#1603 = PLANE('',#1604);
#1604 = AXIS2_PLACEMENT_3D('',#1605,#1606,#1607);
#1605 = CARTESIAN_POINT('',(13.95,-13.1,9.6));
#1606 = DIRECTION('',(0.,-0.707106781187,0.707106781187));
#1607 = DIRECTION('',(1.,0.,0.));
#1608 = DEFINITIONAL_REPRESENTATION('',(#1609),#1613);
#1609 = LINE('',#1610,#1611);
#1610 = CARTESIAN_POINT('',(0.,-0.565685424949));
#1611 = VECTOR('',#1612,1.);
#1612 = DIRECTION('',(1.,0.));
#1613 = ( GEOMETRIC_REPRESENTATION_CONTEXT(2) 
PARAMETRIC_REPRESENTATION_CONTEXT() REPRESENTATION_CONTEXT('2D SPACE',''
  ) );
#1614 = ORIENTED_EDGE('',*,*,#1615,.F.);
#1615 = EDGE_CURVE('',#710,#1588,#1616,.T.);
#1616 = SURFACE_CURVE('',#1617,(#1621,#1628),.PCURVE_S1.);
#1617 = LINE('',#1618,#1619);
#1618 = CARTESIAN_POINT('',(-26.7,-13.5,8.));
#1619 = VECTOR('',#1620,1.);
#1620 = DIRECTION('',(0.,0.,1.));
#1621 = PCURVE('',#751,#1622);
#1622 = DEFINITIONAL_REPRESENTATION('',(#1623),#1627);
#1623 = LINE('',#1624,#1625);
#1624 = CARTESIAN_POINT('',(53.8,0.));
#1625 = VECTOR('',#1626,1.);
#1626 = DIRECTION('',(0.,-1.));
#1627 = ( GEOMETRIC_REPRESENTATION_CONTEXT(2) 
PARAMETRIC_REPRESENTATION_CONTEXT() REPRESENTATION_CONTEXT('2D SPACE',''
  ) );
#1628 = PCURVE('',#725,#1629);
#1629 = DEFINITIONAL_REPRESENTATION('',(#1630),#1634);
#1630 = LINE('',#1631,#1632);
#1631 = CARTESIAN_POINT('',(0.,-0.565685424949));
#1632 = VECTOR('',#1633,1.);
#1633 = DIRECTION('',(1.,0.));
#1634 = ( GEOMETRIC_REPRESENTATION_CONTEXT(2) 
PARAMETRIC_REPRESENTATION_CONTEXT() REPRESENTATION_CONTEXT('2D SPACE',''
  ) );
#1635 = ADVANCED_FACE('',(#1636),#725,.T.);
#1636 = FACE_BOUND('',#1637,.T.);
#1637 = EDGE_LOOP('',(#1638,#1639,#1640,#1668));
#1638 = ORIENTED_EDGE('',*,*,#709,.T.);
#1639 = ORIENTED_EDGE('',*,*,#1615,.T.);
#1640 = ORIENTED_EDGE('',*,*,#1641,.T.);
#1641 = EDGE_CURVE('',#1588,#1642,#1644,.T.);
#1642 = VERTEX_POINT('',#1643);
#1643 = CARTESIAN_POINT('',(-27.5,-12.7,9.2));
#1644 = SURFACE_CURVE('',#1645,(#1649,#1656),.PCURVE_S1.);
#1645 = LINE('',#1646,#1647);
#1646 = CARTESIAN_POINT('',(-26.7,-13.5,9.2));
#1647 = VECTOR('',#1648,1.);
#1648 = DIRECTION('',(-0.707106781187,0.707106781187,0.));
#1649 = PCURVE('',#725,#1650);
#1650 = DEFINITIONAL_REPRESENTATION('',(#1651),#1655);
#1651 = LINE('',#1652,#1653);
#1652 = CARTESIAN_POINT('',(1.2,-0.565685424949));
#1653 = VECTOR('',#1654,1.);
#1654 = DIRECTION('',(0.,1.));
#1655 = ( GEOMETRIC_REPRESENTATION_CONTEXT(2) 
PARAMETRIC_REPRESENTATION_CONTEXT() REPRESENTATION_CONTEXT('2D SPACE',''
  ) );
#1656 = PCURVE('',#1657,#1662);
#1657 = PLANE('',#1658);
#1658 = AXIS2_PLACEMENT_3D('',#1659,#1660,#1661);
#1659 = CARTESIAN_POINT('',(-26.7,-12.7,10.));
#1660 = DIRECTION('',(-0.57735026919,-0.57735026919,0.57735026919));
#1661 = DIRECTION('',(0.707106781187,0.,0.707106781187));
#1662 = DEFINITIONAL_REPRESENTATION('',(#1663),#1667);
#1663 = LINE('',#1664,#1665);
#1664 = CARTESIAN_POINT('',(-0.565685424949,-0.979795897113));
#1665 = VECTOR('',#1666,1.);
#1666 = DIRECTION('',(-0.5,0.866025403784));
#1667 = ( GEOMETRIC_REPRESENTATION_CONTEXT(2) 
PARAMETRIC_REPRESENTATION_CONTEXT() REPRESENTATION_CONTEXT('2D SPACE',''
  ) );
#1668 = ORIENTED_EDGE('',*,*,#1669,.T.);
#1669 = EDGE_CURVE('',#1642,#682,#1670,.T.);
#1670 = SURFACE_CURVE('',#1671,(#1675,#1682),.PCURVE_S1.);
#1671 = LINE('',#1672,#1673);
#1672 = CARTESIAN_POINT('',(-27.5,-12.7,8.));
#1673 = VECTOR('',#1674,1.);
#1674 = DIRECTION('',(0.,0.,-1.));
#1675 = PCURVE('',#725,#1676);
#1676 = DEFINITIONAL_REPRESENTATION('',(#1677),#1681);
#1677 = LINE('',#1678,#1679);
#1678 = CARTESIAN_POINT('',(0.,0.565685424949));
#1679 = VECTOR('',#1680,1.);
#1680 = DIRECTION('',(-1.,0.));
#1681 = ( GEOMETRIC_REPRESENTATION_CONTEXT(2) 
PARAMETRIC_REPRESENTATION_CONTEXT() REPRESENTATION_CONTEXT('2D SPACE',''
  ) );
#1682 = PCURVE('',#697,#1683);
#1683 = DEFINITIONAL_REPRESENTATION('',(#1684),#1688);
#1684 = LINE('',#1685,#1686);
#1685 = CARTESIAN_POINT('',(-1.2,0.));
#1686 = VECTOR('',#1687,1.);
#1687 = DIRECTION('',(0.,1.));
#1688 = ( GEOMETRIC_REPRESENTATION_CONTEXT(2) 
PARAMETRIC_REPRESENTATION_CONTEXT() REPRESENTATION_CONTEXT('2D SPACE',''
  ) );
#1689 = ADVANCED_FACE('',(#1690),#697,.T.);
#1690 = FACE_BOUND('',#1691,.T.);
#1691 = EDGE_LOOP('',(#1692,#1693,#1714,#1747,#1773,#1806,#1825,#1826,
    #1827,#1855));
#1692 = ORIENTED_EDGE('',*,*,#1400,.T.);
#1693 = ORIENTED_EDGE('',*,*,#1694,.F.);
#1694 = EDGE_CURVE('',#1695,#1401,#1697,.T.);
#1695 = VERTEX_POINT('',#1696);
#1696 = CARTESIAN_POINT('',(-27.5,9.5,5.5));
#1697 = SURFACE_CURVE('',#1698,(#1702,#1708),.PCURVE_S1.);
#1698 = LINE('',#1699,#1700);
#1699 = CARTESIAN_POINT('',(-27.5,9.5,2.75));
#1700 = VECTOR('',#1701,1.);
#1701 = DIRECTION('',(0.,0.,-1.));
#1702 = PCURVE('',#697,#1703);
#1703 = DEFINITIONAL_REPRESENTATION('',(#1704),#1707);
#1704 = B_SPLINE_CURVE_WITH_KNOTS('',1,(#1705,#1706),.UNSPECIFIED.,.F.,
  .F.,(2,2),(-2.75,1.75),.PIECEWISE_BEZIER_KNOTS.);
#1705 = CARTESIAN_POINT('',(21.,2.5));
#1706 = CARTESIAN_POINT('',(21.,7.));
#1707 = ( GEOMETRIC_REPRESENTATION_CONTEXT(2) 
PARAMETRIC_REPRESENTATION_CONTEXT() REPRESENTATION_CONTEXT('2D SPACE',''
  ) );
#1708 = PCURVE('',#1438,#1709);
#1709 = DEFINITIONAL_REPRESENTATION('',(#1710),#1713);
#1710 = B_SPLINE_CURVE_WITH_KNOTS('',1,(#1711,#1712),.UNSPECIFIED.,.F.,
  .F.,(2,2),(-2.75,1.75),.PIECEWISE_BEZIER_KNOTS.);
#1711 = CARTESIAN_POINT('',(8.,2.5));
#1712 = CARTESIAN_POINT('',(3.5,2.5));
#1713 = ( GEOMETRIC_REPRESENTATION_CONTEXT(2) 
PARAMETRIC_REPRESENTATION_CONTEXT() REPRESENTATION_CONTEXT('2D SPACE',''
  ) );
#1714 = ORIENTED_EDGE('',*,*,#1715,.T.);
#1715 = EDGE_CURVE('',#1695,#1716,#1718,.T.);
#1716 = VERTEX_POINT('',#1717);
#1717 = CARTESIAN_POINT('',(-27.5,7.5,7.5));
#1718 = SURFACE_CURVE('',#1719,(#1724,#1735),.PCURVE_S1.);
#1719 = CIRCLE('',#1720,2.);
#1720 = AXIS2_PLACEMENT_3D('',#1721,#1722,#1723);
#1721 = CARTESIAN_POINT('',(-27.5,7.5,5.5));
#1722 = DIRECTION('',(1.,0.,0.));
#1723 = DIRECTION('',(-0.,1.,0.));
#1724 = PCURVE('',#697,#1725);
#1725 = DEFINITIONAL_REPRESENTATION('',(#1726),#1734);
#1726 = ( BOUNDED_CURVE() B_SPLINE_CURVE(2,(#1727,#1728,#1729,#1730,
#1731,#1732,#1733),.UNSPECIFIED.,.T.,.F.) B_SPLINE_CURVE_WITH_KNOTS((1,2
    ,2,2,2,1),(-2.094395102393,0.,2.094395102393,4.188790204786,
6.28318530718,8.377580409573),.UNSPECIFIED.) CURVE() 
GEOMETRIC_REPRESENTATION_ITEM() RATIONAL_B_SPLINE_CURVE((1.,0.5,1.,0.5,
1.,0.5,1.)) REPRESENTATION_ITEM('') );
#1727 = CARTESIAN_POINT('',(21.,2.5));
#1728 = CARTESIAN_POINT('',(21.,-0.964101615138));
#1729 = CARTESIAN_POINT('',(18.,0.767949192431));
#1730 = CARTESIAN_POINT('',(15.,2.5));
#1731 = CARTESIAN_POINT('',(18.,4.232050807569));
#1732 = CARTESIAN_POINT('',(21.,5.964101615138));
#1733 = CARTESIAN_POINT('',(21.,2.5));
#1734 = ( GEOMETRIC_REPRESENTATION_CONTEXT(2) 
PARAMETRIC_REPRESENTATION_CONTEXT() REPRESENTATION_CONTEXT('2D SPACE',''
  ) );
#1735 = PCURVE('',#1736,#1741);
#1736 = CYLINDRICAL_SURFACE('',#1737,2.);
#1737 = AXIS2_PLACEMENT_3D('',#1738,#1739,#1740);
#1738 = CARTESIAN_POINT('',(-30.,7.5,5.5));
#1739 = DIRECTION('',(1.,0.,0.));
#1740 = DIRECTION('',(-0.,1.,0.));
#1741 = DEFINITIONAL_REPRESENTATION('',(#1742),#1746);
#1742 = LINE('',#1743,#1744);
#1743 = CARTESIAN_POINT('',(0.,2.5));
#1744 = VECTOR('',#1745,1.);
#1745 = DIRECTION('',(1.,0.));
#1746 = ( GEOMETRIC_REPRESENTATION_CONTEXT(2) 
PARAMETRIC_REPRESENTATION_CONTEXT() REPRESENTATION_CONTEXT('2D SPACE',''
  ) );
#1747 = ORIENTED_EDGE('',*,*,#1748,.F.);
#1748 = EDGE_CURVE('',#1749,#1716,#1751,.T.);
#1749 = VERTEX_POINT('',#1750);
#1750 = CARTESIAN_POINT('',(-27.5,-7.5,7.5));
#1751 = SURFACE_CURVE('',#1752,(#1756,#1762),.PCURVE_S1.);
#1752 = LINE('',#1753,#1754);
#1753 = CARTESIAN_POINT('',(-27.5,-10.5,7.5));
#1754 = VECTOR('',#1755,1.);
#1755 = DIRECTION('',(0.,1.,-0.));
#1756 = PCURVE('',#697,#1757);
#1757 = DEFINITIONAL_REPRESENTATION('',(#1758),#1761);
#1758 = B_SPLINE_CURVE_WITH_KNOTS('',1,(#1759,#1760),.UNSPECIFIED.,.F.,
  .F.,(2,2),(3.,18.),.PIECEWISE_BEZIER_KNOTS.);
#1759 = CARTESIAN_POINT('',(4.,0.5));
#1760 = CARTESIAN_POINT('',(19.,0.5));
#1761 = ( GEOMETRIC_REPRESENTATION_CONTEXT(2) 
PARAMETRIC_REPRESENTATION_CONTEXT() REPRESENTATION_CONTEXT('2D SPACE',''
  ) );
#1762 = PCURVE('',#1763,#1768);
#1763 = PLANE('',#1764);
#1764 = AXIS2_PLACEMENT_3D('',#1765,#1766,#1767);
#1765 = CARTESIAN_POINT('',(-30.,-9.5,7.5));
#1766 = DIRECTION('',(0.,0.,1.));
#1767 = DIRECTION('',(1.,0.,0.));
#1768 = DEFINITIONAL_REPRESENTATION('',(#1769),#1772);
#1769 = B_SPLINE_CURVE_WITH_KNOTS('',1,(#1770,#1771),.UNSPECIFIED.,.F.,
  .F.,(2,2),(3.,18.),.PIECEWISE_BEZIER_KNOTS.);
#1770 = CARTESIAN_POINT('',(2.5,2.));
#1771 = CARTESIAN_POINT('',(2.5,17.));
#1772 = ( GEOMETRIC_REPRESENTATION_CONTEXT(2) 
PARAMETRIC_REPRESENTATION_CONTEXT() REPRESENTATION_CONTEXT('2D SPACE',''
  ) );
#1773 = ORIENTED_EDGE('',*,*,#1774,.T.);
#1774 = EDGE_CURVE('',#1749,#1775,#1777,.T.);
#1775 = VERTEX_POINT('',#1776);
#1776 = CARTESIAN_POINT('',(-27.5,-9.5,5.5));
#1777 = SURFACE_CURVE('',#1778,(#1783,#1794),.PCURVE_S1.);
#1778 = CIRCLE('',#1779,2.);
#1779 = AXIS2_PLACEMENT_3D('',#1780,#1781,#1782);
#1780 = CARTESIAN_POINT('',(-27.5,-7.5,5.5));
#1781 = DIRECTION('',(1.,0.,0.));
#1782 = DIRECTION('',(0.,-1.,0.));
#1783 = PCURVE('',#697,#1784);
#1784 = DEFINITIONAL_REPRESENTATION('',(#1785),#1793);
#1785 = ( BOUNDED_CURVE() B_SPLINE_CURVE(2,(#1786,#1787,#1788,#1789,
#1790,#1791,#1792),.UNSPECIFIED.,.T.,.F.) B_SPLINE_CURVE_WITH_KNOTS((1,2
    ,2,2,2,1),(-2.094395102393,0.,2.094395102393,4.188790204786,
6.28318530718,8.377580409573),.UNSPECIFIED.) CURVE() 
GEOMETRIC_REPRESENTATION_ITEM() RATIONAL_B_SPLINE_CURVE((1.,0.5,1.,0.5,
1.,0.5,1.)) REPRESENTATION_ITEM('') );
#1786 = CARTESIAN_POINT('',(2.,2.5));
#1787 = CARTESIAN_POINT('',(2.,5.964101615138));
#1788 = CARTESIAN_POINT('',(5.,4.232050807569));
#1789 = CARTESIAN_POINT('',(8.,2.5));
#1790 = CARTESIAN_POINT('',(5.,0.767949192431));
#1791 = CARTESIAN_POINT('',(2.,-0.964101615138));
#1792 = CARTESIAN_POINT('',(2.,2.5));
#1793 = ( GEOMETRIC_REPRESENTATION_CONTEXT(2) 
PARAMETRIC_REPRESENTATION_CONTEXT() REPRESENTATION_CONTEXT('2D SPACE',''
  ) );
#1794 = PCURVE('',#1795,#1800);
#1795 = CYLINDRICAL_SURFACE('',#1796,2.);
#1796 = AXIS2_PLACEMENT_3D('',#1797,#1798,#1799);
#1797 = CARTESIAN_POINT('',(-30.,-7.5,5.5));
#1798 = DIRECTION('',(1.,0.,0.));
#1799 = DIRECTION('',(0.,-1.,0.));
#1800 = DEFINITIONAL_REPRESENTATION('',(#1801),#1805);
#1801 = LINE('',#1802,#1803);
#1802 = CARTESIAN_POINT('',(-6.28318530718,2.5));
#1803 = VECTOR('',#1804,1.);
#1804 = DIRECTION('',(1.,-0.));
#1805 = ( GEOMETRIC_REPRESENTATION_CONTEXT(2) 
PARAMETRIC_REPRESENTATION_CONTEXT() REPRESENTATION_CONTEXT('2D SPACE',''
  ) );
#1806 = ORIENTED_EDGE('',*,*,#1807,.T.);
#1807 = EDGE_CURVE('',#1775,#656,#1808,.T.);
#1808 = SURFACE_CURVE('',#1809,(#1813,#1819),.PCURVE_S1.);
#1809 = LINE('',#1810,#1811);
#1810 = CARTESIAN_POINT('',(-27.5,-9.5,2.75));
#1811 = VECTOR('',#1812,1.);
#1812 = DIRECTION('',(0.,0.,-1.));
#1813 = PCURVE('',#697,#1814);
#1814 = DEFINITIONAL_REPRESENTATION('',(#1815),#1818);
#1815 = B_SPLINE_CURVE_WITH_KNOTS('',1,(#1816,#1817),.UNSPECIFIED.,.F.,
  .F.,(2,2),(-2.75,1.75),.PIECEWISE_BEZIER_KNOTS.);
#1816 = CARTESIAN_POINT('',(2.,2.5));
#1817 = CARTESIAN_POINT('',(2.,7.));
#1818 = ( GEOMETRIC_REPRESENTATION_CONTEXT(2) 
PARAMETRIC_REPRESENTATION_CONTEXT() REPRESENTATION_CONTEXT('2D SPACE',''
  ) );
#1819 = PCURVE('',#670,#1820);
#1820 = DEFINITIONAL_REPRESENTATION('',(#1821),#1824);
#1821 = B_SPLINE_CURVE_WITH_KNOTS('',1,(#1822,#1823),.UNSPECIFIED.,.F.,
  .F.,(2,2),(-2.75,1.75),.PIECEWISE_BEZIER_KNOTS.);
#1822 = CARTESIAN_POINT('',(8.,2.5));
#1823 = CARTESIAN_POINT('',(3.5,2.5));
#1824 = ( GEOMETRIC_REPRESENTATION_CONTEXT(2) 
PARAMETRIC_REPRESENTATION_CONTEXT() REPRESENTATION_CONTEXT('2D SPACE',''
  ) );
#1825 = ORIENTED_EDGE('',*,*,#681,.T.);
#1826 = ORIENTED_EDGE('',*,*,#1669,.F.);
#1827 = ORIENTED_EDGE('',*,*,#1828,.F.);
#1828 = EDGE_CURVE('',#1829,#1642,#1831,.T.);
#1829 = VERTEX_POINT('',#1830);
#1830 = CARTESIAN_POINT('',(-27.5,12.7,9.2));
#1831 = SURFACE_CURVE('',#1832,(#1836,#1843),.PCURVE_S1.);
#1832 = LINE('',#1833,#1834);
#1833 = CARTESIAN_POINT('',(-27.5,-5.75,9.2));
#1834 = VECTOR('',#1835,1.);
#1835 = DIRECTION('',(0.,-1.,0.));
#1836 = PCURVE('',#697,#1837);
#1837 = DEFINITIONAL_REPRESENTATION('',(#1838),#1842);
#1838 = LINE('',#1839,#1840);
#1839 = CARTESIAN_POINT('',(5.75,-1.2));
#1840 = VECTOR('',#1841,1.);
#1841 = DIRECTION('',(-1.,0.));
#1842 = ( GEOMETRIC_REPRESENTATION_CONTEXT(2) 
PARAMETRIC_REPRESENTATION_CONTEXT() REPRESENTATION_CONTEXT('2D SPACE',''
  ) );
#1843 = PCURVE('',#1844,#1849);
#1844 = PLANE('',#1845);
#1845 = AXIS2_PLACEMENT_3D('',#1846,#1847,#1848);
#1846 = CARTESIAN_POINT('',(-27.1,-5.75,9.6));
#1847 = DIRECTION('',(-0.707106781187,0.,0.707106781187));
#1848 = DIRECTION('',(0.707106781187,0.,0.707106781187));
#1849 = DEFINITIONAL_REPRESENTATION('',(#1850),#1854);
#1850 = LINE('',#1851,#1852);
#1851 = CARTESIAN_POINT('',(-0.565685424949,0.));
#1852 = VECTOR('',#1853,1.);
#1853 = DIRECTION('',(0.,-1.));
#1854 = ( GEOMETRIC_REPRESENTATION_CONTEXT(2) 
PARAMETRIC_REPRESENTATION_CONTEXT() REPRESENTATION_CONTEXT('2D SPACE',''
  ) );
#1855 = ORIENTED_EDGE('',*,*,#1856,.F.);
#1856 = EDGE_CURVE('',#1373,#1829,#1857,.T.);
#1857 = SURFACE_CURVE('',#1858,(#1862,#1869),.PCURVE_S1.);
#1858 = LINE('',#1859,#1860);
#1859 = CARTESIAN_POINT('',(-27.5,12.7,8.));
#1860 = VECTOR('',#1861,1.);
#1861 = DIRECTION('',(0.,0.,1.));
#1862 = PCURVE('',#697,#1863);
#1863 = DEFINITIONAL_REPRESENTATION('',(#1864),#1868);
#1864 = LINE('',#1865,#1866);
#1865 = CARTESIAN_POINT('',(24.2,0.));
#1866 = VECTOR('',#1867,1.);
#1867 = DIRECTION('',(0.,-1.));
#1868 = ( GEOMETRIC_REPRESENTATION_CONTEXT(2) 
PARAMETRIC_REPRESENTATION_CONTEXT() REPRESENTATION_CONTEXT('2D SPACE',''
  ) );
#1869 = PCURVE('',#1388,#1870);
#1870 = DEFINITIONAL_REPRESENTATION('',(#1871),#1875);
#1871 = LINE('',#1872,#1873);
#1872 = CARTESIAN_POINT('',(0.,-0.565685424949));
#1873 = VECTOR('',#1874,1.);
#1874 = DIRECTION('',(1.,0.));
#1875 = ( GEOMETRIC_REPRESENTATION_CONTEXT(2) 
PARAMETRIC_REPRESENTATION_CONTEXT() REPRESENTATION_CONTEXT('2D SPACE',''
  ) );
#1876 = ADVANCED_FACE('',(#1877),#670,.T.);
#1877 = FACE_BOUND('',#1878,.T.);
#1878 = EDGE_LOOP('',(#1879,#1902,#1921,#1922));
#1879 = ORIENTED_EDGE('',*,*,#1880,.T.);
#1880 = EDGE_CURVE('',#1775,#1881,#1883,.T.);
#1881 = VERTEX_POINT('',#1882);
#1882 = CARTESIAN_POINT('',(-25.5,-9.5,5.5));
#1883 = SURFACE_CURVE('',#1884,(#1888,#1895),.PCURVE_S1.);
#1884 = LINE('',#1885,#1886);
#1885 = CARTESIAN_POINT('',(-30.,-9.5,5.5));
#1886 = VECTOR('',#1887,1.);
#1887 = DIRECTION('',(1.,0.,0.));
#1888 = PCURVE('',#670,#1889);
#1889 = DEFINITIONAL_REPRESENTATION('',(#1890),#1894);
#1890 = LINE('',#1891,#1892);
#1891 = CARTESIAN_POINT('',(8.,0.));
#1892 = VECTOR('',#1893,1.);
#1893 = DIRECTION('',(0.,1.));
#1894 = ( GEOMETRIC_REPRESENTATION_CONTEXT(2) 
PARAMETRIC_REPRESENTATION_CONTEXT() REPRESENTATION_CONTEXT('2D SPACE',''
  ) );
#1895 = PCURVE('',#1795,#1896);
#1896 = DEFINITIONAL_REPRESENTATION('',(#1897),#1901);
#1897 = LINE('',#1898,#1899);
#1898 = CARTESIAN_POINT('',(-0.,0.));
#1899 = VECTOR('',#1900,1.);
#1900 = DIRECTION('',(-0.,1.));
#1901 = ( GEOMETRIC_REPRESENTATION_CONTEXT(2) 
PARAMETRIC_REPRESENTATION_CONTEXT() REPRESENTATION_CONTEXT('2D SPACE',''
  ) );
#1902 = ORIENTED_EDGE('',*,*,#1903,.T.);
#1903 = EDGE_CURVE('',#1881,#628,#1904,.T.);
#1904 = SURFACE_CURVE('',#1905,(#1909,#1915),.PCURVE_S1.);
#1905 = LINE('',#1906,#1907);
#1906 = CARTESIAN_POINT('',(-25.5,-9.5,2.75));
#1907 = VECTOR('',#1908,1.);
#1908 = DIRECTION('',(0.,0.,-1.));
#1909 = PCURVE('',#670,#1910);
#1910 = DEFINITIONAL_REPRESENTATION('',(#1911),#1914);
#1911 = B_SPLINE_CURVE_WITH_KNOTS('',1,(#1912,#1913),.UNSPECIFIED.,.F.,
  .F.,(2,2),(-2.75,1.75),.PIECEWISE_BEZIER_KNOTS.);
#1912 = CARTESIAN_POINT('',(8.,4.5));
#1913 = CARTESIAN_POINT('',(3.5,4.5));
#1914 = ( GEOMETRIC_REPRESENTATION_CONTEXT(2) 
PARAMETRIC_REPRESENTATION_CONTEXT() REPRESENTATION_CONTEXT('2D SPACE',''
  ) );
#1915 = PCURVE('',#643,#1916);
#1916 = DEFINITIONAL_REPRESENTATION('',(#1917),#1920);
#1917 = B_SPLINE_CURVE_WITH_KNOTS('',1,(#1918,#1919),.UNSPECIFIED.,.F.,
  .F.,(2,2),(-2.75,1.75),.PIECEWISE_BEZIER_KNOTS.);
#1918 = CARTESIAN_POINT('',(2.,2.5));
#1919 = CARTESIAN_POINT('',(2.,7.));
#1920 = ( GEOMETRIC_REPRESENTATION_CONTEXT(2) 
PARAMETRIC_REPRESENTATION_CONTEXT() REPRESENTATION_CONTEXT('2D SPACE',''
  ) );
#1921 = ORIENTED_EDGE('',*,*,#655,.T.);
#1922 = ORIENTED_EDGE('',*,*,#1807,.F.);
#1923 = ADVANCED_FACE('',(#1924),#643,.F.);
#1924 = FACE_BOUND('',#1925,.F.);
#1925 = EDGE_LOOP('',(#1926,#1927,#1948,#1976,#1997,#2023,#2024,#2025,
    #2048,#2071));
#1926 = ORIENTED_EDGE('',*,*,#1449,.F.);
#1927 = ORIENTED_EDGE('',*,*,#1928,.F.);
#1928 = EDGE_CURVE('',#1929,#1424,#1931,.T.);
#1929 = VERTEX_POINT('',#1930);
#1930 = CARTESIAN_POINT('',(-25.5,9.5,5.5));
#1931 = SURFACE_CURVE('',#1932,(#1936,#1942),.PCURVE_S1.);
#1932 = LINE('',#1933,#1934);
#1933 = CARTESIAN_POINT('',(-25.5,9.5,2.75));
#1934 = VECTOR('',#1935,1.);
#1935 = DIRECTION('',(0.,0.,-1.));
#1936 = PCURVE('',#643,#1937);
#1937 = DEFINITIONAL_REPRESENTATION('',(#1938),#1941);
#1938 = B_SPLINE_CURVE_WITH_KNOTS('',1,(#1939,#1940),.UNSPECIFIED.,.F.,
  .F.,(2,2),(-2.75,1.75),.PIECEWISE_BEZIER_KNOTS.);
#1939 = CARTESIAN_POINT('',(21.,2.5));
#1940 = CARTESIAN_POINT('',(21.,7.));
#1941 = ( GEOMETRIC_REPRESENTATION_CONTEXT(2) 
PARAMETRIC_REPRESENTATION_CONTEXT() REPRESENTATION_CONTEXT('2D SPACE',''
  ) );
#1942 = PCURVE('',#1438,#1943);
#1943 = DEFINITIONAL_REPRESENTATION('',(#1944),#1947);
#1944 = B_SPLINE_CURVE_WITH_KNOTS('',1,(#1945,#1946),.UNSPECIFIED.,.F.,
  .F.,(2,2),(-2.75,1.75),.PIECEWISE_BEZIER_KNOTS.);
#1945 = CARTESIAN_POINT('',(8.,4.5));
#1946 = CARTESIAN_POINT('',(3.5,4.5));
#1947 = ( GEOMETRIC_REPRESENTATION_CONTEXT(2) 
PARAMETRIC_REPRESENTATION_CONTEXT() REPRESENTATION_CONTEXT('2D SPACE',''
  ) );
#1948 = ORIENTED_EDGE('',*,*,#1949,.T.);
#1949 = EDGE_CURVE('',#1929,#1950,#1952,.T.);
#1950 = VERTEX_POINT('',#1951);
#1951 = CARTESIAN_POINT('',(-25.5,7.5,7.5));
#1952 = SURFACE_CURVE('',#1953,(#1958,#1969),.PCURVE_S1.);
#1953 = CIRCLE('',#1954,2.);
#1954 = AXIS2_PLACEMENT_3D('',#1955,#1956,#1957);
#1955 = CARTESIAN_POINT('',(-25.5,7.5,5.5));
#1956 = DIRECTION('',(1.,0.,0.));
#1957 = DIRECTION('',(-0.,1.,0.));
#1958 = PCURVE('',#643,#1959);
#1959 = DEFINITIONAL_REPRESENTATION('',(#1960),#1968);
#1960 = ( BOUNDED_CURVE() B_SPLINE_CURVE(2,(#1961,#1962,#1963,#1964,
#1965,#1966,#1967),.UNSPECIFIED.,.T.,.F.) B_SPLINE_CURVE_WITH_KNOTS((1,2
    ,2,2,2,1),(-2.094395102393,0.,2.094395102393,4.188790204786,
6.28318530718,8.377580409573),.UNSPECIFIED.) CURVE() 
GEOMETRIC_REPRESENTATION_ITEM() RATIONAL_B_SPLINE_CURVE((1.,0.5,1.,0.5,
1.,0.5,1.)) REPRESENTATION_ITEM('') );
#1961 = CARTESIAN_POINT('',(21.,2.5));
#1962 = CARTESIAN_POINT('',(21.,-0.964101615138));
#1963 = CARTESIAN_POINT('',(18.,0.767949192431));
#1964 = CARTESIAN_POINT('',(15.,2.5));
#1965 = CARTESIAN_POINT('',(18.,4.232050807569));
#1966 = CARTESIAN_POINT('',(21.,5.964101615138));
#1967 = CARTESIAN_POINT('',(21.,2.5));
#1968 = ( GEOMETRIC_REPRESENTATION_CONTEXT(2) 
PARAMETRIC_REPRESENTATION_CONTEXT() REPRESENTATION_CONTEXT('2D SPACE',''
  ) );
#1969 = PCURVE('',#1736,#1970);
#1970 = DEFINITIONAL_REPRESENTATION('',(#1971),#1975);
#1971 = LINE('',#1972,#1973);
#1972 = CARTESIAN_POINT('',(0.,4.5));
#1973 = VECTOR('',#1974,1.);
#1974 = DIRECTION('',(1.,0.));
#1975 = ( GEOMETRIC_REPRESENTATION_CONTEXT(2) 
PARAMETRIC_REPRESENTATION_CONTEXT() REPRESENTATION_CONTEXT('2D SPACE',''
  ) );
#1976 = ORIENTED_EDGE('',*,*,#1977,.F.);
#1977 = EDGE_CURVE('',#1978,#1950,#1980,.T.);
#1978 = VERTEX_POINT('',#1979);
#1979 = CARTESIAN_POINT('',(-25.5,-7.5,7.5));
#1980 = SURFACE_CURVE('',#1981,(#1985,#1991),.PCURVE_S1.);
#1981 = LINE('',#1982,#1983);
#1982 = CARTESIAN_POINT('',(-25.5,-10.5,7.5));
#1983 = VECTOR('',#1984,1.);
#1984 = DIRECTION('',(0.,1.,-0.));
#1985 = PCURVE('',#643,#1986);
#1986 = DEFINITIONAL_REPRESENTATION('',(#1987),#1990);
#1987 = B_SPLINE_CURVE_WITH_KNOTS('',1,(#1988,#1989),.UNSPECIFIED.,.F.,
  .F.,(2,2),(3.,18.),.PIECEWISE_BEZIER_KNOTS.);
#1988 = CARTESIAN_POINT('',(4.,0.5));
#1989 = CARTESIAN_POINT('',(19.,0.5));
#1990 = ( GEOMETRIC_REPRESENTATION_CONTEXT(2) 
PARAMETRIC_REPRESENTATION_CONTEXT() REPRESENTATION_CONTEXT('2D SPACE',''
  ) );
#1991 = PCURVE('',#1763,#1992);
#1992 = DEFINITIONAL_REPRESENTATION('',(#1993),#1996);
#1993 = B_SPLINE_CURVE_WITH_KNOTS('',1,(#1994,#1995),.UNSPECIFIED.,.F.,
  .F.,(2,2),(3.,18.),.PIECEWISE_BEZIER_KNOTS.);
#1994 = CARTESIAN_POINT('',(4.5,2.));
#1995 = CARTESIAN_POINT('',(4.5,17.));
#1996 = ( GEOMETRIC_REPRESENTATION_CONTEXT(2) 
PARAMETRIC_REPRESENTATION_CONTEXT() REPRESENTATION_CONTEXT('2D SPACE',''
  ) );
#1997 = ORIENTED_EDGE('',*,*,#1998,.T.);
#1998 = EDGE_CURVE('',#1978,#1881,#1999,.T.);
#1999 = SURFACE_CURVE('',#2000,(#2005,#2016),.PCURVE_S1.);
#2000 = CIRCLE('',#2001,2.);
#2001 = AXIS2_PLACEMENT_3D('',#2002,#2003,#2004);
#2002 = CARTESIAN_POINT('',(-25.5,-7.5,5.5));
#2003 = DIRECTION('',(1.,0.,0.));
#2004 = DIRECTION('',(0.,-1.,0.));
#2005 = PCURVE('',#643,#2006);
#2006 = DEFINITIONAL_REPRESENTATION('',(#2007),#2015);
#2007 = ( BOUNDED_CURVE() B_SPLINE_CURVE(2,(#2008,#2009,#2010,#2011,
#2012,#2013,#2014),.UNSPECIFIED.,.T.,.F.) B_SPLINE_CURVE_WITH_KNOTS((1,2
    ,2,2,2,1),(-2.094395102393,0.,2.094395102393,4.188790204786,
6.28318530718,8.377580409573),.UNSPECIFIED.) CURVE() 
GEOMETRIC_REPRESENTATION_ITEM() RATIONAL_B_SPLINE_CURVE((1.,0.5,1.,0.5,
1.,0.5,1.)) REPRESENTATION_ITEM('') );
#2008 = CARTESIAN_POINT('',(2.,2.5));
#2009 = CARTESIAN_POINT('',(2.,5.964101615138));
#2010 = CARTESIAN_POINT('',(5.,4.232050807569));
#2011 = CARTESIAN_POINT('',(8.,2.5));
#2012 = CARTESIAN_POINT('',(5.,0.767949192431));
#2013 = CARTESIAN_POINT('',(2.,-0.964101615138));
#2014 = CARTESIAN_POINT('',(2.,2.5));
#2015 = ( GEOMETRIC_REPRESENTATION_CONTEXT(2) 
PARAMETRIC_REPRESENTATION_CONTEXT() REPRESENTATION_CONTEXT('2D SPACE',''
  ) );
#2016 = PCURVE('',#1795,#2017);
#2017 = DEFINITIONAL_REPRESENTATION('',(#2018),#2022);
#2018 = LINE('',#2019,#2020);
#2019 = CARTESIAN_POINT('',(-6.28318530718,4.5));
#2020 = VECTOR('',#2021,1.);
#2021 = DIRECTION('',(1.,-0.));
#2022 = ( GEOMETRIC_REPRESENTATION_CONTEXT(2) 
PARAMETRIC_REPRESENTATION_CONTEXT() REPRESENTATION_CONTEXT('2D SPACE',''
  ) );
#2023 = ORIENTED_EDGE('',*,*,#1903,.T.);
#2024 = ORIENTED_EDGE('',*,*,#627,.F.);
#2025 = ORIENTED_EDGE('',*,*,#2026,.F.);
#2026 = EDGE_CURVE('',#2027,#600,#2029,.T.);
#2027 = VERTEX_POINT('',#2028);
#2028 = CARTESIAN_POINT('',(-25.5,-11.5,8.));
#2029 = SURFACE_CURVE('',#2030,(#2034,#2041),.PCURVE_S1.);
#2030 = LINE('',#2031,#2032);
#2031 = CARTESIAN_POINT('',(-25.5,-11.5,8.));
#2032 = VECTOR('',#2033,1.);
#2033 = DIRECTION('',(0.,0.,-1.));
#2034 = PCURVE('',#643,#2035);
#2035 = DEFINITIONAL_REPRESENTATION('',(#2036),#2040);
#2036 = LINE('',#2037,#2038);
#2037 = CARTESIAN_POINT('',(0.,0.));
#2038 = VECTOR('',#2039,1.);
#2039 = DIRECTION('',(0.,1.));
#2040 = ( GEOMETRIC_REPRESENTATION_CONTEXT(2) 
PARAMETRIC_REPRESENTATION_CONTEXT() REPRESENTATION_CONTEXT('2D SPACE',''
  ) );
#2041 = PCURVE('',#615,#2042);
#2042 = DEFINITIONAL_REPRESENTATION('',(#2043),#2047);
#2043 = LINE('',#2044,#2045);
#2044 = CARTESIAN_POINT('',(52.6,0.));
#2045 = VECTOR('',#2046,1.);
#2046 = DIRECTION('',(0.,1.));
#2047 = ( GEOMETRIC_REPRESENTATION_CONTEXT(2) 
PARAMETRIC_REPRESENTATION_CONTEXT() REPRESENTATION_CONTEXT('2D SPACE',''
  ) );
#2048 = ORIENTED_EDGE('',*,*,#2049,.T.);
#2049 = EDGE_CURVE('',#2027,#2050,#2052,.T.);
#2050 = VERTEX_POINT('',#2051);
#2051 = CARTESIAN_POINT('',(-25.5,11.5,8.));
#2052 = SURFACE_CURVE('',#2053,(#2057,#2064),.PCURVE_S1.);
#2053 = LINE('',#2054,#2055);
#2054 = CARTESIAN_POINT('',(-25.5,-11.5,8.));
#2055 = VECTOR('',#2056,1.);
#2056 = DIRECTION('',(0.,1.,0.));
#2057 = PCURVE('',#643,#2058);
#2058 = DEFINITIONAL_REPRESENTATION('',(#2059),#2063);
#2059 = LINE('',#2060,#2061);
#2060 = CARTESIAN_POINT('',(0.,0.));
#2061 = VECTOR('',#2062,1.);
#2062 = DIRECTION('',(1.,0.));
#2063 = ( GEOMETRIC_REPRESENTATION_CONTEXT(2) 
PARAMETRIC_REPRESENTATION_CONTEXT() REPRESENTATION_CONTEXT('2D SPACE',''
  ) );
#2064 = PCURVE('',#1549,#2065);
#2065 = DEFINITIONAL_REPRESENTATION('',(#2066),#2070);
#2066 = LINE('',#2067,#2068);
#2067 = CARTESIAN_POINT('',(-26.3,-11.5));
#2068 = VECTOR('',#2069,1.);
#2069 = DIRECTION('',(0.,1.));
#2070 = ( GEOMETRIC_REPRESENTATION_CONTEXT(2) 
PARAMETRIC_REPRESENTATION_CONTEXT() REPRESENTATION_CONTEXT('2D SPACE',''
  ) );
#2071 = ORIENTED_EDGE('',*,*,#2072,.T.);
#2072 = EDGE_CURVE('',#2050,#1450,#2073,.T.);
#2073 = SURFACE_CURVE('',#2074,(#2078,#2085),.PCURVE_S1.);
#2074 = LINE('',#2075,#2076);
#2075 = CARTESIAN_POINT('',(-25.5,11.5,8.));
#2076 = VECTOR('',#2077,1.);
#2077 = DIRECTION('',(0.,0.,-1.));
#2078 = PCURVE('',#643,#2079);
#2079 = DEFINITIONAL_REPRESENTATION('',(#2080),#2084);
#2080 = LINE('',#2081,#2082);
#2081 = CARTESIAN_POINT('',(23.,0.));
#2082 = VECTOR('',#2083,1.);
#2083 = DIRECTION('',(0.,1.));
#2084 = ( GEOMETRIC_REPRESENTATION_CONTEXT(2) 
PARAMETRIC_REPRESENTATION_CONTEXT() REPRESENTATION_CONTEXT('2D SPACE',''
  ) );
#2085 = PCURVE('',#1486,#2086);
#2086 = DEFINITIONAL_REPRESENTATION('',(#2087),#2091);
#2087 = LINE('',#2088,#2089);
#2088 = CARTESIAN_POINT('',(0.,0.));
#2089 = VECTOR('',#2090,1.);
#2090 = DIRECTION('',(0.,1.));
#2091 = ( GEOMETRIC_REPRESENTATION_CONTEXT(2) 
PARAMETRIC_REPRESENTATION_CONTEXT() REPRESENTATION_CONTEXT('2D SPACE',''
  ) );
#2092 = ADVANCED_FACE('',(#2093),#615,.F.);
#2093 = FACE_BOUND('',#2094,.T.);
#2094 = EDGE_LOOP('',(#2095,#2096,#2097,#2118));
#2095 = ORIENTED_EDGE('',*,*,#599,.T.);
#2096 = ORIENTED_EDGE('',*,*,#2026,.F.);
#2097 = ORIENTED_EDGE('',*,*,#2098,.F.);
#2098 = EDGE_CURVE('',#1534,#2027,#2099,.T.);
#2099 = SURFACE_CURVE('',#2100,(#2104,#2111),.PCURVE_S1.);
#2100 = LINE('',#2101,#2102);
#2101 = CARTESIAN_POINT('',(27.1,-11.5,8.));
#2102 = VECTOR('',#2103,1.);
#2103 = DIRECTION('',(-1.,0.,0.));
#2104 = PCURVE('',#615,#2105);
#2105 = DEFINITIONAL_REPRESENTATION('',(#2106),#2110);
#2106 = LINE('',#2107,#2108);
#2107 = CARTESIAN_POINT('',(0.,-0.));
#2108 = VECTOR('',#2109,1.);
#2109 = DIRECTION('',(1.,0.));
#2110 = ( GEOMETRIC_REPRESENTATION_CONTEXT(2) 
PARAMETRIC_REPRESENTATION_CONTEXT() REPRESENTATION_CONTEXT('2D SPACE',''
  ) );
#2111 = PCURVE('',#1549,#2112);
#2112 = DEFINITIONAL_REPRESENTATION('',(#2113),#2117);
#2113 = LINE('',#2114,#2115);
#2114 = CARTESIAN_POINT('',(26.3,-11.5));
#2115 = VECTOR('',#2116,1.);
#2116 = DIRECTION('',(-1.,0.));
#2117 = ( GEOMETRIC_REPRESENTATION_CONTEXT(2) 
PARAMETRIC_REPRESENTATION_CONTEXT() REPRESENTATION_CONTEXT('2D SPACE',''
  ) );
#2118 = ORIENTED_EDGE('',*,*,#1561,.T.);
#2119 = ADVANCED_FACE('',(#2120),#1129,.T.);
#2120 = FACE_BOUND('',#2121,.T.);
#2121 = EDGE_LOOP('',(#2122,#2123,#2144));
#2122 = ORIENTED_EDGE('',*,*,#1165,.F.);
#2123 = ORIENTED_EDGE('',*,*,#2124,.F.);
#2124 = EDGE_CURVE('',#1114,#1166,#2125,.T.);
#2125 = SURFACE_CURVE('',#2126,(#2130,#2137),.PCURVE_S1.);
#2126 = LINE('',#2127,#2128);
#2127 = CARTESIAN_POINT('',(28.3,-13.5,9.2));
#2128 = VECTOR('',#2129,1.);
#2129 = DIRECTION('',(0.,0.707106781187,0.707106781187));
#2130 = PCURVE('',#1129,#2131);
#2131 = DEFINITIONAL_REPRESENTATION('',(#2132),#2136);
#2132 = LINE('',#2133,#2134);
#2133 = CARTESIAN_POINT('',(0.,0.));
#2134 = VECTOR('',#2135,1.);
#2135 = DIRECTION('',(-0.5,0.866025403784));
#2136 = ( GEOMETRIC_REPRESENTATION_CONTEXT(2) 
PARAMETRIC_REPRESENTATION_CONTEXT() REPRESENTATION_CONTEXT('2D SPACE',''
  ) );
#2137 = PCURVE('',#1603,#2138);
#2138 = DEFINITIONAL_REPRESENTATION('',(#2139),#2143);
#2139 = LINE('',#2140,#2141);
#2140 = CARTESIAN_POINT('',(14.35,-0.565685424949));
#2141 = VECTOR('',#2142,1.);
#2142 = DIRECTION('',(0.,1.));
#2143 = ( GEOMETRIC_REPRESENTATION_CONTEXT(2) 
PARAMETRIC_REPRESENTATION_CONTEXT() REPRESENTATION_CONTEXT('2D SPACE',''
  ) );
#2144 = ORIENTED_EDGE('',*,*,#1113,.F.);
#2145 = ADVANCED_FACE('',(#2146),#1205,.T.);
#2146 = FACE_BOUND('',#2147,.T.);
#2147 = EDGE_LOOP('',(#2148,#2174,#2175));
#2148 = ORIENTED_EDGE('',*,*,#2149,.F.);
#2149 = EDGE_CURVE('',#1190,#1270,#2150,.T.);
#2150 = SURFACE_CURVE('',#2151,(#2155,#2162),.PCURVE_S1.);
#2151 = LINE('',#2152,#2153);
#2152 = CARTESIAN_POINT('',(28.3,12.7,10.));
#2153 = VECTOR('',#2154,1.);
#2154 = DIRECTION('',(0.,0.707106781187,-0.707106781187));
#2155 = PCURVE('',#1205,#2156);
#2156 = DEFINITIONAL_REPRESENTATION('',(#2157),#2161);
#2157 = LINE('',#2158,#2159);
#2158 = CARTESIAN_POINT('',(-1.131370849898,0.));
#2159 = VECTOR('',#2160,1.);
#2160 = DIRECTION('',(0.5,0.866025403784));
#2161 = ( GEOMETRIC_REPRESENTATION_CONTEXT(2) 
PARAMETRIC_REPRESENTATION_CONTEXT() REPRESENTATION_CONTEXT('2D SPACE',''
  ) );
#2162 = PCURVE('',#2163,#2168);
#2163 = PLANE('',#2164);
#2164 = AXIS2_PLACEMENT_3D('',#2165,#2166,#2167);
#2165 = CARTESIAN_POINT('',(-12.35,13.1,9.6));
#2166 = DIRECTION('',(0.,0.707106781187,0.707106781187));
#2167 = DIRECTION('',(1.,0.,-0.));
#2168 = DEFINITIONAL_REPRESENTATION('',(#2169),#2173);
#2169 = LINE('',#2170,#2171);
#2170 = CARTESIAN_POINT('',(40.65,-0.565685424949));
#2171 = VECTOR('',#2172,1.);
#2172 = DIRECTION('',(0.,1.));
#2173 = ( GEOMETRIC_REPRESENTATION_CONTEXT(2) 
PARAMETRIC_REPRESENTATION_CONTEXT() REPRESENTATION_CONTEXT('2D SPACE',''
  ) );
#2174 = ORIENTED_EDGE('',*,*,#1189,.F.);
#2175 = ORIENTED_EDGE('',*,*,#1297,.F.);
#2176 = ADVANCED_FACE('',(#2177,#2247),#1231,.T.);
#2177 = FACE_BOUND('',#2178,.T.);
#2178 = EDGE_LOOP('',(#2179,#2202,#2203,#2226));
#2179 = ORIENTED_EDGE('',*,*,#2180,.F.);
#2180 = EDGE_CURVE('',#1166,#2181,#2183,.T.);
#2181 = VERTEX_POINT('',#2182);
#2182 = CARTESIAN_POINT('',(-26.7,-12.7,10.));
#2183 = SURFACE_CURVE('',#2184,(#2188,#2195),.PCURVE_S1.);
#2184 = LINE('',#2185,#2186);
#2185 = CARTESIAN_POINT('',(13.95,-12.7,10.));
#2186 = VECTOR('',#2187,1.);
#2187 = DIRECTION('',(-1.,0.,0.));
#2188 = PCURVE('',#1231,#2189);
#2189 = DEFINITIONAL_REPRESENTATION('',(#2190),#2194);
#2190 = LINE('',#2191,#2192);
#2191 = CARTESIAN_POINT('',(13.15,-12.7));
#2192 = VECTOR('',#2193,1.);
#2193 = DIRECTION('',(-1.,0.));
#2194 = ( GEOMETRIC_REPRESENTATION_CONTEXT(2) 
PARAMETRIC_REPRESENTATION_CONTEXT() REPRESENTATION_CONTEXT('2D SPACE',''
  ) );
#2195 = PCURVE('',#1603,#2196);
#2196 = DEFINITIONAL_REPRESENTATION('',(#2197),#2201);
#2197 = LINE('',#2198,#2199);
#2198 = CARTESIAN_POINT('',(0.,0.565685424949));
#2199 = VECTOR('',#2200,1.);
#2200 = DIRECTION('',(-1.,0.));
#2201 = ( GEOMETRIC_REPRESENTATION_CONTEXT(2) 
PARAMETRIC_REPRESENTATION_CONTEXT() REPRESENTATION_CONTEXT('2D SPACE',''
  ) );
#2202 = ORIENTED_EDGE('',*,*,#1217,.F.);
#2203 = ORIENTED_EDGE('',*,*,#2204,.F.);
#2204 = EDGE_CURVE('',#2205,#1190,#2207,.T.);
#2205 = VERTEX_POINT('',#2206);
#2206 = CARTESIAN_POINT('',(-26.7,12.7,10.));
#2207 = SURFACE_CURVE('',#2208,(#2212,#2219),.PCURVE_S1.);
#2208 = LINE('',#2209,#2210);
#2209 = CARTESIAN_POINT('',(-12.35,12.7,10.));
#2210 = VECTOR('',#2211,1.);
#2211 = DIRECTION('',(1.,0.,0.));
#2212 = PCURVE('',#1231,#2213);
#2213 = DEFINITIONAL_REPRESENTATION('',(#2214),#2218);
#2214 = LINE('',#2215,#2216);
#2215 = CARTESIAN_POINT('',(-13.15,12.7));
#2216 = VECTOR('',#2217,1.);
#2217 = DIRECTION('',(1.,0.));
#2218 = ( GEOMETRIC_REPRESENTATION_CONTEXT(2) 
PARAMETRIC_REPRESENTATION_CONTEXT() REPRESENTATION_CONTEXT('2D SPACE',''
  ) );
#2219 = PCURVE('',#2163,#2220);
#2220 = DEFINITIONAL_REPRESENTATION('',(#2221),#2225);
#2221 = LINE('',#2222,#2223);
#2222 = CARTESIAN_POINT('',(0.,-0.565685424949));
#2223 = VECTOR('',#2224,1.);
#2224 = DIRECTION('',(1.,0.));
#2225 = ( GEOMETRIC_REPRESENTATION_CONTEXT(2) 
PARAMETRIC_REPRESENTATION_CONTEXT() REPRESENTATION_CONTEXT('2D SPACE',''
  ) );
#2226 = ORIENTED_EDGE('',*,*,#2227,.F.);
#2227 = EDGE_CURVE('',#2181,#2205,#2228,.T.);
#2228 = SURFACE_CURVE('',#2229,(#2233,#2240),.PCURVE_S1.);
#2229 = LINE('',#2230,#2231);
#2230 = CARTESIAN_POINT('',(-26.7,-5.75,10.));
#2231 = VECTOR('',#2232,1.);
#2232 = DIRECTION('',(0.,1.,0.));
#2233 = PCURVE('',#1231,#2234);
#2234 = DEFINITIONAL_REPRESENTATION('',(#2235),#2239);
#2235 = LINE('',#2236,#2237);
#2236 = CARTESIAN_POINT('',(-27.5,-5.75));
#2237 = VECTOR('',#2238,1.);
#2238 = DIRECTION('',(0.,1.));
#2239 = ( GEOMETRIC_REPRESENTATION_CONTEXT(2) 
PARAMETRIC_REPRESENTATION_CONTEXT() REPRESENTATION_CONTEXT('2D SPACE',''
  ) );
#2240 = PCURVE('',#1844,#2241);
#2241 = DEFINITIONAL_REPRESENTATION('',(#2242),#2246);
#2242 = LINE('',#2243,#2244);
#2243 = CARTESIAN_POINT('',(0.565685424949,0.));
#2244 = VECTOR('',#2245,1.);
#2245 = DIRECTION('',(0.,1.));
#2246 = ( GEOMETRIC_REPRESENTATION_CONTEXT(2) 
PARAMETRIC_REPRESENTATION_CONTEXT() REPRESENTATION_CONTEXT('2D SPACE',''
  ) );
#2247 = FACE_BOUND('',#2248,.T.);
#2248 = EDGE_LOOP('',(#2249));
#2249 = ORIENTED_EDGE('',*,*,#2250,.T.);
#2250 = EDGE_CURVE('',#2251,#2251,#2253,.T.);
#2251 = VERTEX_POINT('',#2252);
#2252 = CARTESIAN_POINT('',(16.,3.5,10.));
#2253 = SURFACE_CURVE('',#2254,(#2259,#2270),.PCURVE_S1.);
#2254 = CIRCLE('',#2255,1.5);
#2255 = AXIS2_PLACEMENT_3D('',#2256,#2257,#2258);
#2256 = CARTESIAN_POINT('',(14.5,3.5,10.));
#2257 = DIRECTION('',(0.,0.,-1.));
#2258 = DIRECTION('',(-1.,-3.8703792812E-47,-0.));
#2259 = PCURVE('',#1231,#2260);
#2260 = DEFINITIONAL_REPRESENTATION('',(#2261),#2269);
#2261 = ( BOUNDED_CURVE() B_SPLINE_CURVE(2,(#2262,#2263,#2264,#2265,
#2266,#2267,#2268),.UNSPECIFIED.,.T.,.F.) B_SPLINE_CURVE_WITH_KNOTS((1,2
    ,2,2,2,1),(-2.094395102393,0.,2.094395102393,4.188790204786,
6.28318530718,8.377580409573),.UNSPECIFIED.) CURVE() 
GEOMETRIC_REPRESENTATION_ITEM() RATIONAL_B_SPLINE_CURVE((1.,0.5,1.,0.5,
1.,0.5,1.)) REPRESENTATION_ITEM('') );
#2262 = CARTESIAN_POINT('',(12.2,3.5));
#2263 = CARTESIAN_POINT('',(12.2,6.098076211353));
#2264 = CARTESIAN_POINT('',(14.45,4.799038105677));
#2265 = CARTESIAN_POINT('',(16.7,3.5));
#2266 = CARTESIAN_POINT('',(14.45,2.200961894323));
#2267 = CARTESIAN_POINT('',(12.2,0.901923788647));
#2268 = CARTESIAN_POINT('',(12.2,3.5));
#2269 = ( GEOMETRIC_REPRESENTATION_CONTEXT(2) 
PARAMETRIC_REPRESENTATION_CONTEXT() REPRESENTATION_CONTEXT('2D SPACE',''
  ) );
#2270 = PCURVE('',#2271,#2276);
#2271 = CYLINDRICAL_SURFACE('',#2272,1.5);
#2272 = AXIS2_PLACEMENT_3D('',#2273,#2274,#2275);
#2273 = CARTESIAN_POINT('',(14.5,3.5,8.));
#2274 = DIRECTION('',(0.,-5.046468293751E-16,1.));
#2275 = DIRECTION('',(-1.,-3.8703792812E-47,-1.953174632737E-62));
#2276 = DEFINITIONAL_REPRESENTATION('',(#2277),#2281);
#2277 = LINE('',#2278,#2279);
#2278 = CARTESIAN_POINT('',(12.566370614359,2.));
#2279 = VECTOR('',#2280,1.);
#2280 = DIRECTION('',(-1.,0.));
#2281 = ( GEOMETRIC_REPRESENTATION_CONTEXT(2) 
PARAMETRIC_REPRESENTATION_CONTEXT() REPRESENTATION_CONTEXT('2D SPACE',''
  ) );
#2282 = ADVANCED_FACE('',(#2283),#1285,.T.);
#2283 = FACE_BOUND('',#2284,.T.);
#2284 = EDGE_LOOP('',(#2285,#2286,#2309,#2330));
#2285 = ORIENTED_EDGE('',*,*,#1349,.T.);
#2286 = ORIENTED_EDGE('',*,*,#2287,.F.);
#2287 = EDGE_CURVE('',#2288,#1350,#2290,.T.);
#2288 = VERTEX_POINT('',#2289);
#2289 = CARTESIAN_POINT('',(-26.7,13.5,9.2));
#2290 = SURFACE_CURVE('',#2291,(#2295,#2302),.PCURVE_S1.);
#2291 = LINE('',#2292,#2293);
#2292 = CARTESIAN_POINT('',(-26.7,13.5,8.));
#2293 = VECTOR('',#2294,1.);
#2294 = DIRECTION('',(0.,0.,-1.));
#2295 = PCURVE('',#1285,#2296);
#2296 = DEFINITIONAL_REPRESENTATION('',(#2297),#2301);
#2297 = LINE('',#2298,#2299);
#2298 = CARTESIAN_POINT('',(-1.2,0.));
#2299 = VECTOR('',#2300,1.);
#2300 = DIRECTION('',(0.,1.));
#2301 = ( GEOMETRIC_REPRESENTATION_CONTEXT(2) 
PARAMETRIC_REPRESENTATION_CONTEXT() REPRESENTATION_CONTEXT('2D SPACE',''
  ) );
#2302 = PCURVE('',#1388,#2303);
#2303 = DEFINITIONAL_REPRESENTATION('',(#2304),#2308);
#2304 = LINE('',#2305,#2306);
#2305 = CARTESIAN_POINT('',(0.,0.565685424949));
#2306 = VECTOR('',#2307,1.);
#2307 = DIRECTION('',(-1.,0.));
#2308 = ( GEOMETRIC_REPRESENTATION_CONTEXT(2) 
PARAMETRIC_REPRESENTATION_CONTEXT() REPRESENTATION_CONTEXT('2D SPACE',''
  ) );
#2309 = ORIENTED_EDGE('',*,*,#2310,.F.);
#2310 = EDGE_CURVE('',#1270,#2288,#2311,.T.);
#2311 = SURFACE_CURVE('',#2312,(#2316,#2323),.PCURVE_S1.);
#2312 = LINE('',#2313,#2314);
#2313 = CARTESIAN_POINT('',(-12.35,13.5,9.2));
#2314 = VECTOR('',#2315,1.);
#2315 = DIRECTION('',(-1.,0.,0.));
#2316 = PCURVE('',#1285,#2317);
#2317 = DEFINITIONAL_REPRESENTATION('',(#2318),#2322);
#2318 = LINE('',#2319,#2320);
#2319 = CARTESIAN_POINT('',(13.15,-1.2));
#2320 = VECTOR('',#2321,1.);
#2321 = DIRECTION('',(-1.,0.));
#2322 = ( GEOMETRIC_REPRESENTATION_CONTEXT(2) 
PARAMETRIC_REPRESENTATION_CONTEXT() REPRESENTATION_CONTEXT('2D SPACE',''
  ) );
#2323 = PCURVE('',#2163,#2324);
#2324 = DEFINITIONAL_REPRESENTATION('',(#2325),#2329);
#2325 = LINE('',#2326,#2327);
#2326 = CARTESIAN_POINT('',(0.,0.565685424949));
#2327 = VECTOR('',#2328,1.);
#2328 = DIRECTION('',(-1.,0.));
#2329 = ( GEOMETRIC_REPRESENTATION_CONTEXT(2) 
PARAMETRIC_REPRESENTATION_CONTEXT() REPRESENTATION_CONTEXT('2D SPACE',''
  ) );
#2330 = ORIENTED_EDGE('',*,*,#1269,.F.);
#2331 = ADVANCED_FACE('',(#2332),#1486,.F.);
#2332 = FACE_BOUND('',#2333,.T.);
#2333 = EDGE_LOOP('',(#2334,#2335,#2336,#2357));
#2334 = ORIENTED_EDGE('',*,*,#1472,.T.);
#2335 = ORIENTED_EDGE('',*,*,#1510,.F.);
#2336 = ORIENTED_EDGE('',*,*,#2337,.F.);
#2337 = EDGE_CURVE('',#2050,#1511,#2338,.T.);
#2338 = SURFACE_CURVE('',#2339,(#2343,#2350),.PCURVE_S1.);
#2339 = LINE('',#2340,#2341);
#2340 = CARTESIAN_POINT('',(-25.5,11.5,8.));
#2341 = VECTOR('',#2342,1.);
#2342 = DIRECTION('',(1.,0.,0.));
#2343 = PCURVE('',#1486,#2344);
#2344 = DEFINITIONAL_REPRESENTATION('',(#2345),#2349);
#2345 = LINE('',#2346,#2347);
#2346 = CARTESIAN_POINT('',(0.,0.));
#2347 = VECTOR('',#2348,1.);
#2348 = DIRECTION('',(1.,0.));
#2349 = ( GEOMETRIC_REPRESENTATION_CONTEXT(2) 
PARAMETRIC_REPRESENTATION_CONTEXT() REPRESENTATION_CONTEXT('2D SPACE',''
  ) );
#2350 = PCURVE('',#1549,#2351);
#2351 = DEFINITIONAL_REPRESENTATION('',(#2352),#2356);
#2352 = LINE('',#2353,#2354);
#2353 = CARTESIAN_POINT('',(-26.3,11.5));
#2354 = VECTOR('',#2355,1.);
#2355 = DIRECTION('',(1.,0.));
#2356 = ( GEOMETRIC_REPRESENTATION_CONTEXT(2) 
PARAMETRIC_REPRESENTATION_CONTEXT() REPRESENTATION_CONTEXT('2D SPACE',''
  ) );
#2357 = ORIENTED_EDGE('',*,*,#2072,.T.);
#2358 = ADVANCED_FACE('',(#2359),#1438,.F.);
#2359 = FACE_BOUND('',#2360,.F.);
#2360 = EDGE_LOOP('',(#2361,#2382,#2383,#2384));
#2361 = ORIENTED_EDGE('',*,*,#2362,.T.);
#2362 = EDGE_CURVE('',#1695,#1929,#2363,.T.);
#2363 = SURFACE_CURVE('',#2364,(#2368,#2375),.PCURVE_S1.);
#2364 = LINE('',#2365,#2366);
#2365 = CARTESIAN_POINT('',(-30.,9.5,5.5));
#2366 = VECTOR('',#2367,1.);
#2367 = DIRECTION('',(1.,0.,0.));
#2368 = PCURVE('',#1438,#2369);
#2369 = DEFINITIONAL_REPRESENTATION('',(#2370),#2374);
#2370 = LINE('',#2371,#2372);
#2371 = CARTESIAN_POINT('',(8.,0.));
#2372 = VECTOR('',#2373,1.);
#2373 = DIRECTION('',(0.,1.));
#2374 = ( GEOMETRIC_REPRESENTATION_CONTEXT(2) 
PARAMETRIC_REPRESENTATION_CONTEXT() REPRESENTATION_CONTEXT('2D SPACE',''
  ) );
#2375 = PCURVE('',#1736,#2376);
#2376 = DEFINITIONAL_REPRESENTATION('',(#2377),#2381);
#2377 = LINE('',#2378,#2379);
#2378 = CARTESIAN_POINT('',(0.,0.));
#2379 = VECTOR('',#2380,1.);
#2380 = DIRECTION('',(0.,1.));
#2381 = ( GEOMETRIC_REPRESENTATION_CONTEXT(2) 
PARAMETRIC_REPRESENTATION_CONTEXT() REPRESENTATION_CONTEXT('2D SPACE',''
  ) );
#2382 = ORIENTED_EDGE('',*,*,#1928,.T.);
#2383 = ORIENTED_EDGE('',*,*,#1423,.T.);
#2384 = ORIENTED_EDGE('',*,*,#1694,.F.);
#2385 = ADVANCED_FACE('',(#2386),#1388,.T.);
#2386 = FACE_BOUND('',#2387,.T.);
#2387 = EDGE_LOOP('',(#2388,#2389,#2390,#2416));
#2388 = ORIENTED_EDGE('',*,*,#1372,.T.);
#2389 = ORIENTED_EDGE('',*,*,#1856,.T.);
#2390 = ORIENTED_EDGE('',*,*,#2391,.T.);
#2391 = EDGE_CURVE('',#1829,#2288,#2392,.T.);
#2392 = SURFACE_CURVE('',#2393,(#2397,#2404),.PCURVE_S1.);
#2393 = LINE('',#2394,#2395);
#2394 = CARTESIAN_POINT('',(-27.5,12.7,9.2));
#2395 = VECTOR('',#2396,1.);
#2396 = DIRECTION('',(0.707106781187,0.707106781187,0.));
#2397 = PCURVE('',#1388,#2398);
#2398 = DEFINITIONAL_REPRESENTATION('',(#2399),#2403);
#2399 = LINE('',#2400,#2401);
#2400 = CARTESIAN_POINT('',(1.2,-0.565685424949));
#2401 = VECTOR('',#2402,1.);
#2402 = DIRECTION('',(0.,1.));
#2403 = ( GEOMETRIC_REPRESENTATION_CONTEXT(2) 
PARAMETRIC_REPRESENTATION_CONTEXT() REPRESENTATION_CONTEXT('2D SPACE',''
  ) );
#2404 = PCURVE('',#2405,#2410);
#2405 = PLANE('',#2406);
#2406 = AXIS2_PLACEMENT_3D('',#2407,#2408,#2409);
#2407 = CARTESIAN_POINT('',(-26.7,13.5,9.2));
#2408 = DIRECTION('',(-0.57735026919,0.57735026919,0.57735026919));
#2409 = DIRECTION('',(0.707106781187,0.,0.707106781187));
#2410 = DEFINITIONAL_REPRESENTATION('',(#2411),#2415);
#2411 = LINE('',#2412,#2413);
#2412 = CARTESIAN_POINT('',(-0.565685424949,-0.979795897113));
#2413 = VECTOR('',#2414,1.);
#2414 = DIRECTION('',(0.5,0.866025403784));
#2415 = ( GEOMETRIC_REPRESENTATION_CONTEXT(2) 
PARAMETRIC_REPRESENTATION_CONTEXT() REPRESENTATION_CONTEXT('2D SPACE',''
  ) );
#2416 = ORIENTED_EDGE('',*,*,#2287,.T.);
#2417 = ADVANCED_FACE('',(#2418,#2424,#2450,#2509,#2540,#2599),#1549,.F.
  );
#2418 = FACE_BOUND('',#2419,.T.);
#2419 = EDGE_LOOP('',(#2420,#2421,#2422,#2423));
#2420 = ORIENTED_EDGE('',*,*,#2098,.T.);
#2421 = ORIENTED_EDGE('',*,*,#2049,.T.);
#2422 = ORIENTED_EDGE('',*,*,#2337,.T.);
#2423 = ORIENTED_EDGE('',*,*,#1533,.T.);
#2424 = FACE_BOUND('',#2425,.T.);
#2425 = EDGE_LOOP('',(#2426));
#2426 = ORIENTED_EDGE('',*,*,#2427,.T.);
#2427 = EDGE_CURVE('',#2428,#2428,#2430,.T.);
#2428 = VERTEX_POINT('',#2429);
#2429 = CARTESIAN_POINT('',(16.,3.5,8.));
#2430 = SURFACE_CURVE('',#2431,(#2436,#2443),.PCURVE_S1.);
#2431 = CIRCLE('',#2432,1.5);
#2432 = AXIS2_PLACEMENT_3D('',#2433,#2434,#2435);
#2433 = CARTESIAN_POINT('',(14.5,3.5,8.));
#2434 = DIRECTION('',(0.,0.,1.));
#2435 = DIRECTION('',(-1.,-3.8703792812E-47,0.));
#2436 = PCURVE('',#1549,#2437);
#2437 = DEFINITIONAL_REPRESENTATION('',(#2438),#2442);
#2438 = CIRCLE('',#2439,1.5);
#2439 = AXIS2_PLACEMENT_2D('',#2440,#2441);
#2440 = CARTESIAN_POINT('',(13.7,3.5));
#2441 = DIRECTION('',(-1.,-3.8703792812E-47));
#2442 = ( GEOMETRIC_REPRESENTATION_CONTEXT(2) 
PARAMETRIC_REPRESENTATION_CONTEXT() REPRESENTATION_CONTEXT('2D SPACE',''
  ) );
#2443 = PCURVE('',#2271,#2444);
#2444 = DEFINITIONAL_REPRESENTATION('',(#2445),#2449);
#2445 = LINE('',#2446,#2447);
#2446 = CARTESIAN_POINT('',(0.,0.));
#2447 = VECTOR('',#2448,1.);
#2448 = DIRECTION('',(1.,0.));
#2449 = ( GEOMETRIC_REPRESENTATION_CONTEXT(2) 
PARAMETRIC_REPRESENTATION_CONTEXT() REPRESENTATION_CONTEXT('2D SPACE',''
  ) );
#2450 = FACE_BOUND('',#2451,.T.);
#2451 = EDGE_LOOP('',(#2452,#2483));
#2452 = ORIENTED_EDGE('',*,*,#2453,.T.);
#2453 = EDGE_CURVE('',#2454,#2456,#2458,.T.);
#2454 = VERTEX_POINT('',#2455);
#2455 = CARTESIAN_POINT('',(23.188550420336,-4.19,8.));
#2456 = VERTEX_POINT('',#2457);
#2457 = CARTESIAN_POINT('',(25.811449579664,-4.19,8.));
#2458 = SURFACE_CURVE('',#2459,(#2464,#2471),.PCURVE_S1.);
#2459 = CIRCLE('',#2460,2.);
#2460 = AXIS2_PLACEMENT_3D('',#2461,#2462,#2463);
#2461 = CARTESIAN_POINT('',(24.5,-5.7,8.));
#2462 = DIRECTION('',(0.,0.,1.));
#2463 = DIRECTION('',(1.,0.,-0.));
#2464 = PCURVE('',#1549,#2465);
#2465 = DEFINITIONAL_REPRESENTATION('',(#2466),#2470);
#2466 = CIRCLE('',#2467,2.);
#2467 = AXIS2_PLACEMENT_2D('',#2468,#2469);
#2468 = CARTESIAN_POINT('',(23.7,-5.7));
#2469 = DIRECTION('',(1.,0.));
#2470 = ( GEOMETRIC_REPRESENTATION_CONTEXT(2) 
PARAMETRIC_REPRESENTATION_CONTEXT() REPRESENTATION_CONTEXT('2D SPACE',''
  ) );
#2471 = PCURVE('',#2472,#2477);
#2472 = CYLINDRICAL_SURFACE('',#2473,2.);
#2473 = AXIS2_PLACEMENT_3D('',#2474,#2475,#2476);
#2474 = CARTESIAN_POINT('',(24.5,-5.7,1.));
#2475 = DIRECTION('',(0.,0.,1.));
#2476 = DIRECTION('',(-1.836970198721E-16,-1.,0.));
#2477 = DEFINITIONAL_REPRESENTATION('',(#2478),#2482);
#2478 = LINE('',#2479,#2480);
#2479 = CARTESIAN_POINT('',(1.570796326795,7.));
#2480 = VECTOR('',#2481,1.);
#2481 = DIRECTION('',(1.,0.));
#2482 = ( GEOMETRIC_REPRESENTATION_CONTEXT(2) 
PARAMETRIC_REPRESENTATION_CONTEXT() REPRESENTATION_CONTEXT('2D SPACE',''
  ) );
#2483 = ORIENTED_EDGE('',*,*,#2484,.T.);
#2484 = EDGE_CURVE('',#2456,#2454,#2485,.T.);
#2485 = SURFACE_CURVE('',#2486,(#2490,#2497),.PCURVE_S1.);
#2486 = LINE('',#2487,#2488);
#2487 = CARTESIAN_POINT('',(13.305724789832,-4.19,8.));
#2488 = VECTOR('',#2489,1.);
#2489 = DIRECTION('',(-1.,0.,0.));
#2490 = PCURVE('',#1549,#2491);
#2491 = DEFINITIONAL_REPRESENTATION('',(#2492),#2496);
#2492 = LINE('',#2493,#2494);
#2493 = CARTESIAN_POINT('',(12.505724789832,-4.19));
#2494 = VECTOR('',#2495,1.);
#2495 = DIRECTION('',(-1.,0.));
#2496 = ( GEOMETRIC_REPRESENTATION_CONTEXT(2) 
PARAMETRIC_REPRESENTATION_CONTEXT() REPRESENTATION_CONTEXT('2D SPACE',''
  ) );
#2497 = PCURVE('',#2498,#2503);
#2498 = PLANE('',#2499);
#2499 = AXIS2_PLACEMENT_3D('',#2500,#2501,#2502);
#2500 = CARTESIAN_POINT('',(25.811449579664,-4.19,1.));
#2501 = DIRECTION('',(0.,1.,0.));
#2502 = DIRECTION('',(-1.,0.,-8.628166150855E-32));
#2503 = DEFINITIONAL_REPRESENTATION('',(#2504),#2508);
#2504 = LINE('',#2505,#2506);
#2505 = CARTESIAN_POINT('',(12.505724789832,7.));
#2506 = VECTOR('',#2507,1.);
#2507 = DIRECTION('',(1.,8.628166150855E-32));
#2508 = ( GEOMETRIC_REPRESENTATION_CONTEXT(2) 
PARAMETRIC_REPRESENTATION_CONTEXT() REPRESENTATION_CONTEXT('2D SPACE',''
  ) );
#2509 = FACE_BOUND('',#2510,.T.);
#2510 = EDGE_LOOP('',(#2511));
#2511 = ORIENTED_EDGE('',*,*,#2512,.T.);
#2512 = EDGE_CURVE('',#2513,#2513,#2515,.T.);
#2513 = VERTEX_POINT('',#2514);
#2514 = CARTESIAN_POINT('',(-24.5,-5.7,8.));
#2515 = SURFACE_CURVE('',#2516,(#2521,#2528),.PCURVE_S1.);
#2516 = CIRCLE('',#2517,2.);
#2517 = AXIS2_PLACEMENT_3D('',#2518,#2519,#2520);
#2518 = CARTESIAN_POINT('',(-22.5,-5.7,8.));
#2519 = DIRECTION('',(0.,0.,1.));
#2520 = DIRECTION('',(1.,0.,-0.));
#2521 = PCURVE('',#1549,#2522);
#2522 = DEFINITIONAL_REPRESENTATION('',(#2523),#2527);
#2523 = CIRCLE('',#2524,2.);
#2524 = AXIS2_PLACEMENT_2D('',#2525,#2526);
#2525 = CARTESIAN_POINT('',(-23.3,-5.7));
#2526 = DIRECTION('',(1.,0.));
#2527 = ( GEOMETRIC_REPRESENTATION_CONTEXT(2) 
PARAMETRIC_REPRESENTATION_CONTEXT() REPRESENTATION_CONTEXT('2D SPACE',''
  ) );
#2528 = PCURVE('',#2529,#2534);
#2529 = CYLINDRICAL_SURFACE('',#2530,2.);
#2530 = AXIS2_PLACEMENT_3D('',#2531,#2532,#2533);
#2531 = CARTESIAN_POINT('',(-22.5,-5.7,1.));
#2532 = DIRECTION('',(0.,0.,1.));
#2533 = DIRECTION('',(1.,0.,-0.));
#2534 = DEFINITIONAL_REPRESENTATION('',(#2535),#2539);
#2535 = LINE('',#2536,#2537);
#2536 = CARTESIAN_POINT('',(-6.28318530718,7.));
#2537 = VECTOR('',#2538,1.);
#2538 = DIRECTION('',(1.,0.));
#2539 = ( GEOMETRIC_REPRESENTATION_CONTEXT(2) 
PARAMETRIC_REPRESENTATION_CONTEXT() REPRESENTATION_CONTEXT('2D SPACE',''
  ) );
#2540 = FACE_BOUND('',#2541,.T.);
#2541 = EDGE_LOOP('',(#2542,#2573));
#2542 = ORIENTED_EDGE('',*,*,#2543,.T.);
#2543 = EDGE_CURVE('',#2544,#2546,#2548,.T.);
#2544 = VERTEX_POINT('',#2545);
#2545 = CARTESIAN_POINT('',(25.811449579664,4.19,8.));
#2546 = VERTEX_POINT('',#2547);
#2547 = CARTESIAN_POINT('',(23.188550420336,4.19,8.));
#2548 = SURFACE_CURVE('',#2549,(#2554,#2561),.PCURVE_S1.);
#2549 = CIRCLE('',#2550,2.);
#2550 = AXIS2_PLACEMENT_3D('',#2551,#2552,#2553);
#2551 = CARTESIAN_POINT('',(24.5,5.7,8.));
#2552 = DIRECTION('',(0.,0.,1.));
#2553 = DIRECTION('',(1.,0.,-0.));
#2554 = PCURVE('',#1549,#2555);
#2555 = DEFINITIONAL_REPRESENTATION('',(#2556),#2560);
#2556 = CIRCLE('',#2557,2.);
#2557 = AXIS2_PLACEMENT_2D('',#2558,#2559);
#2558 = CARTESIAN_POINT('',(23.7,5.7));
#2559 = DIRECTION('',(1.,0.));
#2560 = ( GEOMETRIC_REPRESENTATION_CONTEXT(2) 
PARAMETRIC_REPRESENTATION_CONTEXT() REPRESENTATION_CONTEXT('2D SPACE',''
  ) );
#2561 = PCURVE('',#2562,#2567);
#2562 = CYLINDRICAL_SURFACE('',#2563,2.);
#2563 = AXIS2_PLACEMENT_3D('',#2564,#2565,#2566);
#2564 = CARTESIAN_POINT('',(24.5,5.7,1.));
#2565 = DIRECTION('',(0.,0.,1.));
#2566 = DIRECTION('',(6.123233995737E-17,1.,-0.));
#2567 = DEFINITIONAL_REPRESENTATION('',(#2568),#2572);
#2568 = LINE('',#2569,#2570);
#2569 = CARTESIAN_POINT('',(-1.570796326795,7.));
#2570 = VECTOR('',#2571,1.);
#2571 = DIRECTION('',(1.,0.));
#2572 = ( GEOMETRIC_REPRESENTATION_CONTEXT(2) 
PARAMETRIC_REPRESENTATION_CONTEXT() REPRESENTATION_CONTEXT('2D SPACE',''
  ) );
#2573 = ORIENTED_EDGE('',*,*,#2574,.T.);
#2574 = EDGE_CURVE('',#2546,#2544,#2575,.T.);
#2575 = SURFACE_CURVE('',#2576,(#2580,#2587),.PCURVE_S1.);
#2576 = LINE('',#2577,#2578);
#2577 = CARTESIAN_POINT('',(11.994275210168,4.19,8.));
#2578 = VECTOR('',#2579,1.);
#2579 = DIRECTION('',(1.,0.,0.));
#2580 = PCURVE('',#1549,#2581);
#2581 = DEFINITIONAL_REPRESENTATION('',(#2582),#2586);
#2582 = LINE('',#2583,#2584);
#2583 = CARTESIAN_POINT('',(11.194275210168,4.19));
#2584 = VECTOR('',#2585,1.);
#2585 = DIRECTION('',(1.,0.));
#2586 = ( GEOMETRIC_REPRESENTATION_CONTEXT(2) 
PARAMETRIC_REPRESENTATION_CONTEXT() REPRESENTATION_CONTEXT('2D SPACE',''
  ) );
#2587 = PCURVE('',#2588,#2593);
#2588 = PLANE('',#2589);
#2589 = AXIS2_PLACEMENT_3D('',#2590,#2591,#2592);
#2590 = CARTESIAN_POINT('',(23.188550420336,4.19,1.));
#2591 = DIRECTION('',(0.,-1.,0.));
#2592 = DIRECTION('',(1.,0.,8.628166150855E-32));
#2593 = DEFINITIONAL_REPRESENTATION('',(#2594),#2598);
#2594 = LINE('',#2595,#2596);
#2595 = CARTESIAN_POINT('',(-11.19427521016,7.));
#2596 = VECTOR('',#2597,1.);
#2597 = DIRECTION('',(1.,-8.628166150855E-32));
#2598 = ( GEOMETRIC_REPRESENTATION_CONTEXT(2) 
PARAMETRIC_REPRESENTATION_CONTEXT() REPRESENTATION_CONTEXT('2D SPACE',''
  ) );
#2599 = FACE_BOUND('',#2600,.T.);
#2600 = EDGE_LOOP('',(#2601));
#2601 = ORIENTED_EDGE('',*,*,#2602,.T.);
#2602 = EDGE_CURVE('',#2603,#2603,#2605,.T.);
#2603 = VERTEX_POINT('',#2604);
#2604 = CARTESIAN_POINT('',(-24.5,5.7,8.));
#2605 = SURFACE_CURVE('',#2606,(#2611,#2618),.PCURVE_S1.);
#2606 = CIRCLE('',#2607,2.);
#2607 = AXIS2_PLACEMENT_3D('',#2608,#2609,#2610);
#2608 = CARTESIAN_POINT('',(-22.5,5.7,8.));
#2609 = DIRECTION('',(0.,0.,1.));
#2610 = DIRECTION('',(1.,0.,-0.));
#2611 = PCURVE('',#1549,#2612);
#2612 = DEFINITIONAL_REPRESENTATION('',(#2613),#2617);
#2613 = CIRCLE('',#2614,2.);
#2614 = AXIS2_PLACEMENT_2D('',#2615,#2616);
#2615 = CARTESIAN_POINT('',(-23.3,5.7));
#2616 = DIRECTION('',(1.,0.));
#2617 = ( GEOMETRIC_REPRESENTATION_CONTEXT(2) 
PARAMETRIC_REPRESENTATION_CONTEXT() REPRESENTATION_CONTEXT('2D SPACE',''
  ) );
#2618 = PCURVE('',#2619,#2624);
#2619 = CYLINDRICAL_SURFACE('',#2620,2.);
#2620 = AXIS2_PLACEMENT_3D('',#2621,#2622,#2623);
#2621 = CARTESIAN_POINT('',(-22.5,5.7,1.));
#2622 = DIRECTION('',(0.,0.,1.));
#2623 = DIRECTION('',(1.,0.,-0.));
#2624 = DEFINITIONAL_REPRESENTATION('',(#2625),#2629);
#2625 = LINE('',#2626,#2627);
#2626 = CARTESIAN_POINT('',(-6.28318530718,7.));
#2627 = VECTOR('',#2628,1.);
#2628 = DIRECTION('',(1.,0.));
#2629 = ( GEOMETRIC_REPRESENTATION_CONTEXT(2) 
PARAMETRIC_REPRESENTATION_CONTEXT() REPRESENTATION_CONTEXT('2D SPACE',''
  ) );
#2630 = ADVANCED_FACE('',(#2631),#1603,.T.);
#2631 = FACE_BOUND('',#2632,.T.);
#2632 = EDGE_LOOP('',(#2633,#2654,#2655,#2656));
#2633 = ORIENTED_EDGE('',*,*,#2634,.T.);
#2634 = EDGE_CURVE('',#2181,#1588,#2635,.T.);
#2635 = SURFACE_CURVE('',#2636,(#2640,#2647),.PCURVE_S1.);
#2636 = LINE('',#2637,#2638);
#2637 = CARTESIAN_POINT('',(-26.7,-12.7,10.));
#2638 = VECTOR('',#2639,1.);
#2639 = DIRECTION('',(0.,-0.707106781187,-0.707106781187));
#2640 = PCURVE('',#1603,#2641);
#2641 = DEFINITIONAL_REPRESENTATION('',(#2642),#2646);
#2642 = LINE('',#2643,#2644);
#2643 = CARTESIAN_POINT('',(-40.65,0.565685424949));
#2644 = VECTOR('',#2645,1.);
#2645 = DIRECTION('',(0.,-1.));
#2646 = ( GEOMETRIC_REPRESENTATION_CONTEXT(2) 
PARAMETRIC_REPRESENTATION_CONTEXT() REPRESENTATION_CONTEXT('2D SPACE',''
  ) );
#2647 = PCURVE('',#1657,#2648);
#2648 = DEFINITIONAL_REPRESENTATION('',(#2649),#2653);
#2649 = LINE('',#2650,#2651);
#2650 = CARTESIAN_POINT('',(0.,0.));
#2651 = VECTOR('',#2652,1.);
#2652 = DIRECTION('',(-0.5,-0.866025403784));
#2653 = ( GEOMETRIC_REPRESENTATION_CONTEXT(2) 
PARAMETRIC_REPRESENTATION_CONTEXT() REPRESENTATION_CONTEXT('2D SPACE',''
  ) );
#2654 = ORIENTED_EDGE('',*,*,#1587,.T.);
#2655 = ORIENTED_EDGE('',*,*,#2124,.T.);
#2656 = ORIENTED_EDGE('',*,*,#2180,.T.);
#2657 = ADVANCED_FACE('',(#2658),#1657,.T.);
#2658 = FACE_BOUND('',#2659,.T.);
#2659 = EDGE_LOOP('',(#2660,#2661,#2662));
#2660 = ORIENTED_EDGE('',*,*,#1641,.F.);
#2661 = ORIENTED_EDGE('',*,*,#2634,.F.);
#2662 = ORIENTED_EDGE('',*,*,#2663,.F.);
#2663 = EDGE_CURVE('',#1642,#2181,#2664,.T.);
#2664 = SURFACE_CURVE('',#2665,(#2669,#2676),.PCURVE_S1.);
#2665 = LINE('',#2666,#2667);
#2666 = CARTESIAN_POINT('',(-27.5,-12.7,9.2));
#2667 = VECTOR('',#2668,1.);
#2668 = DIRECTION('',(0.707106781187,0.,0.707106781187));
#2669 = PCURVE('',#1657,#2670);
#2670 = DEFINITIONAL_REPRESENTATION('',(#2671),#2675);
#2671 = LINE('',#2672,#2673);
#2672 = CARTESIAN_POINT('',(-1.131370849898,0.));
#2673 = VECTOR('',#2674,1.);
#2674 = DIRECTION('',(1.,0.));
#2675 = ( GEOMETRIC_REPRESENTATION_CONTEXT(2) 
PARAMETRIC_REPRESENTATION_CONTEXT() REPRESENTATION_CONTEXT('2D SPACE',''
  ) );
#2676 = PCURVE('',#1844,#2677);
#2677 = DEFINITIONAL_REPRESENTATION('',(#2678),#2682);
#2678 = LINE('',#2679,#2680);
#2679 = CARTESIAN_POINT('',(-0.565685424949,-6.95));
#2680 = VECTOR('',#2681,1.);
#2681 = DIRECTION('',(1.,0.));
#2682 = ( GEOMETRIC_REPRESENTATION_CONTEXT(2) 
PARAMETRIC_REPRESENTATION_CONTEXT() REPRESENTATION_CONTEXT('2D SPACE',''
  ) );
#2683 = ADVANCED_FACE('',(#2684),#1844,.T.);
#2684 = FACE_BOUND('',#2685,.T.);
#2685 = EDGE_LOOP('',(#2686,#2707,#2708,#2709));
#2686 = ORIENTED_EDGE('',*,*,#2687,.T.);
#2687 = EDGE_CURVE('',#2205,#1829,#2688,.T.);
#2688 = SURFACE_CURVE('',#2689,(#2693,#2700),.PCURVE_S1.);
#2689 = LINE('',#2690,#2691);
#2690 = CARTESIAN_POINT('',(-26.7,12.7,10.));
#2691 = VECTOR('',#2692,1.);
#2692 = DIRECTION('',(-0.707106781187,0.,-0.707106781187));
#2693 = PCURVE('',#1844,#2694);
#2694 = DEFINITIONAL_REPRESENTATION('',(#2695),#2699);
#2695 = LINE('',#2696,#2697);
#2696 = CARTESIAN_POINT('',(0.565685424949,18.45));
#2697 = VECTOR('',#2698,1.);
#2698 = DIRECTION('',(-1.,0.));
#2699 = ( GEOMETRIC_REPRESENTATION_CONTEXT(2) 
PARAMETRIC_REPRESENTATION_CONTEXT() REPRESENTATION_CONTEXT('2D SPACE',''
  ) );
#2700 = PCURVE('',#2405,#2701);
#2701 = DEFINITIONAL_REPRESENTATION('',(#2702),#2706);
#2702 = LINE('',#2703,#2704);
#2703 = CARTESIAN_POINT('',(0.565685424949,-0.979795897113));
#2704 = VECTOR('',#2705,1.);
#2705 = DIRECTION('',(-1.,0.));
#2706 = ( GEOMETRIC_REPRESENTATION_CONTEXT(2) 
PARAMETRIC_REPRESENTATION_CONTEXT() REPRESENTATION_CONTEXT('2D SPACE',''
  ) );
#2707 = ORIENTED_EDGE('',*,*,#1828,.T.);
#2708 = ORIENTED_EDGE('',*,*,#2663,.T.);
#2709 = ORIENTED_EDGE('',*,*,#2227,.T.);
#2710 = ADVANCED_FACE('',(#2711),#1795,.F.);
#2711 = FACE_BOUND('',#2712,.T.);
#2712 = EDGE_LOOP('',(#2713,#2714,#2715,#2736));
#2713 = ORIENTED_EDGE('',*,*,#1880,.F.);
#2714 = ORIENTED_EDGE('',*,*,#1774,.F.);
#2715 = ORIENTED_EDGE('',*,*,#2716,.T.);
#2716 = EDGE_CURVE('',#1749,#1978,#2717,.T.);
#2717 = SURFACE_CURVE('',#2718,(#2722,#2729),.PCURVE_S1.);
#2718 = LINE('',#2719,#2720);
#2719 = CARTESIAN_POINT('',(-30.,-7.5,7.5));
#2720 = VECTOR('',#2721,1.);
#2721 = DIRECTION('',(1.,0.,0.));
#2722 = PCURVE('',#1795,#2723);
#2723 = DEFINITIONAL_REPRESENTATION('',(#2724),#2728);
#2724 = LINE('',#2725,#2726);
#2725 = CARTESIAN_POINT('',(-1.570796326795,0.));
#2726 = VECTOR('',#2727,1.);
#2727 = DIRECTION('',(-0.,1.));
#2728 = ( GEOMETRIC_REPRESENTATION_CONTEXT(2) 
PARAMETRIC_REPRESENTATION_CONTEXT() REPRESENTATION_CONTEXT('2D SPACE',''
  ) );
#2729 = PCURVE('',#1763,#2730);
#2730 = DEFINITIONAL_REPRESENTATION('',(#2731),#2735);
#2731 = LINE('',#2732,#2733);
#2732 = CARTESIAN_POINT('',(0.,2.));
#2733 = VECTOR('',#2734,1.);
#2734 = DIRECTION('',(1.,0.));
#2735 = ( GEOMETRIC_REPRESENTATION_CONTEXT(2) 
PARAMETRIC_REPRESENTATION_CONTEXT() REPRESENTATION_CONTEXT('2D SPACE',''
  ) );
#2736 = ORIENTED_EDGE('',*,*,#1998,.T.);
#2737 = ADVANCED_FACE('',(#2738),#1763,.F.);
#2738 = FACE_BOUND('',#2739,.F.);
#2739 = EDGE_LOOP('',(#2740,#2741,#2742,#2743));
#2740 = ORIENTED_EDGE('',*,*,#1748,.F.);
#2741 = ORIENTED_EDGE('',*,*,#2716,.T.);
#2742 = ORIENTED_EDGE('',*,*,#1977,.T.);
#2743 = ORIENTED_EDGE('',*,*,#2744,.F.);
#2744 = EDGE_CURVE('',#1716,#1950,#2745,.T.);
#2745 = SURFACE_CURVE('',#2746,(#2750,#2757),.PCURVE_S1.);
#2746 = LINE('',#2747,#2748);
#2747 = CARTESIAN_POINT('',(-30.,7.5,7.5));
#2748 = VECTOR('',#2749,1.);
#2749 = DIRECTION('',(1.,0.,0.));
#2750 = PCURVE('',#1763,#2751);
#2751 = DEFINITIONAL_REPRESENTATION('',(#2752),#2756);
#2752 = LINE('',#2753,#2754);
#2753 = CARTESIAN_POINT('',(0.,17.));
#2754 = VECTOR('',#2755,1.);
#2755 = DIRECTION('',(1.,0.));
#2756 = ( GEOMETRIC_REPRESENTATION_CONTEXT(2) 
PARAMETRIC_REPRESENTATION_CONTEXT() REPRESENTATION_CONTEXT('2D SPACE',''
  ) );
#2757 = PCURVE('',#1736,#2758);
#2758 = DEFINITIONAL_REPRESENTATION('',(#2759),#2763);
#2759 = LINE('',#2760,#2761);
#2760 = CARTESIAN_POINT('',(1.570796326795,0.));
#2761 = VECTOR('',#2762,1.);
#2762 = DIRECTION('',(0.,1.));
#2763 = ( GEOMETRIC_REPRESENTATION_CONTEXT(2) 
PARAMETRIC_REPRESENTATION_CONTEXT() REPRESENTATION_CONTEXT('2D SPACE',''
  ) );
#2764 = ADVANCED_FACE('',(#2765),#1736,.F.);
#2765 = FACE_BOUND('',#2766,.F.);
#2766 = EDGE_LOOP('',(#2767,#2768,#2769,#2770));
#2767 = ORIENTED_EDGE('',*,*,#2362,.F.);
#2768 = ORIENTED_EDGE('',*,*,#1715,.T.);
#2769 = ORIENTED_EDGE('',*,*,#2744,.T.);
#2770 = ORIENTED_EDGE('',*,*,#1949,.F.);
#2771 = ADVANCED_FACE('',(#2772),#2163,.T.);
#2772 = FACE_BOUND('',#2773,.T.);
#2773 = EDGE_LOOP('',(#2774,#2775,#2776,#2797));
#2774 = ORIENTED_EDGE('',*,*,#2149,.T.);
#2775 = ORIENTED_EDGE('',*,*,#2310,.T.);
#2776 = ORIENTED_EDGE('',*,*,#2777,.T.);
#2777 = EDGE_CURVE('',#2288,#2205,#2778,.T.);
#2778 = SURFACE_CURVE('',#2779,(#2783,#2790),.PCURVE_S1.);
#2779 = LINE('',#2780,#2781);
#2780 = CARTESIAN_POINT('',(-26.7,13.5,9.2));
#2781 = VECTOR('',#2782,1.);
#2782 = DIRECTION('',(0.,-0.707106781187,0.707106781187));
#2783 = PCURVE('',#2163,#2784);
#2784 = DEFINITIONAL_REPRESENTATION('',(#2785),#2789);
#2785 = LINE('',#2786,#2787);
#2786 = CARTESIAN_POINT('',(-14.35,0.565685424949));
#2787 = VECTOR('',#2788,1.);
#2788 = DIRECTION('',(0.,-1.));
#2789 = ( GEOMETRIC_REPRESENTATION_CONTEXT(2) 
PARAMETRIC_REPRESENTATION_CONTEXT() REPRESENTATION_CONTEXT('2D SPACE',''
  ) );
#2790 = PCURVE('',#2405,#2791);
#2791 = DEFINITIONAL_REPRESENTATION('',(#2792),#2796);
#2792 = LINE('',#2793,#2794);
#2793 = CARTESIAN_POINT('',(0.,0.));
#2794 = VECTOR('',#2795,1.);
#2795 = DIRECTION('',(0.5,-0.866025403784));
#2796 = ( GEOMETRIC_REPRESENTATION_CONTEXT(2) 
PARAMETRIC_REPRESENTATION_CONTEXT() REPRESENTATION_CONTEXT('2D SPACE',''
  ) );
#2797 = ORIENTED_EDGE('',*,*,#2204,.T.);
#2798 = ADVANCED_FACE('',(#2799),#2271,.F.);
#2799 = FACE_BOUND('',#2800,.F.);
#2800 = EDGE_LOOP('',(#2801,#2822,#2823,#2824));
#2801 = ORIENTED_EDGE('',*,*,#2802,.T.);
#2802 = EDGE_CURVE('',#2428,#2251,#2803,.T.);
#2803 = SEAM_CURVE('',#2804,(#2808,#2815),.PCURVE_S1.);
#2804 = LINE('',#2805,#2806);
#2805 = CARTESIAN_POINT('',(16.,3.5,8.));
#2806 = VECTOR('',#2807,1.);
#2807 = DIRECTION('',(0.,-5.046468293751E-16,1.));
#2808 = PCURVE('',#2271,#2809);
#2809 = DEFINITIONAL_REPRESENTATION('',(#2810),#2814);
#2810 = LINE('',#2811,#2812);
#2811 = CARTESIAN_POINT('',(9.424777960769,0.));
#2812 = VECTOR('',#2813,1.);
#2813 = DIRECTION('',(0.,1.));
#2814 = ( GEOMETRIC_REPRESENTATION_CONTEXT(2) 
PARAMETRIC_REPRESENTATION_CONTEXT() REPRESENTATION_CONTEXT('2D SPACE',''
  ) );
#2815 = PCURVE('',#2271,#2816);
#2816 = DEFINITIONAL_REPRESENTATION('',(#2817),#2821);
#2817 = LINE('',#2818,#2819);
#2818 = CARTESIAN_POINT('',(3.14159265359,0.));
#2819 = VECTOR('',#2820,1.);
#2820 = DIRECTION('',(0.,1.));
#2821 = ( GEOMETRIC_REPRESENTATION_CONTEXT(2) 
PARAMETRIC_REPRESENTATION_CONTEXT() REPRESENTATION_CONTEXT('2D SPACE',''
  ) );
#2822 = ORIENTED_EDGE('',*,*,#2250,.T.);
#2823 = ORIENTED_EDGE('',*,*,#2802,.F.);
#2824 = ORIENTED_EDGE('',*,*,#2427,.T.);
#2825 = ADVANCED_FACE('',(#2826),#2405,.T.);
#2826 = FACE_BOUND('',#2827,.T.);
#2827 = EDGE_LOOP('',(#2828,#2829,#2830));
#2828 = ORIENTED_EDGE('',*,*,#2687,.F.);
#2829 = ORIENTED_EDGE('',*,*,#2777,.F.);
#2830 = ORIENTED_EDGE('',*,*,#2391,.F.);
#2831 = ADVANCED_FACE('',(#2832),#2472,.T.);
#2832 = FACE_BOUND('',#2833,.T.);
#2833 = EDGE_LOOP('',(#2834,#2835,#2858,#2891,#3006,#3032,#3147,#3176));
#2834 = ORIENTED_EDGE('',*,*,#2453,.F.);
#2835 = ORIENTED_EDGE('',*,*,#2836,.F.);
#2836 = EDGE_CURVE('',#2837,#2454,#2839,.T.);
#2837 = VERTEX_POINT('',#2838);
#2838 = CARTESIAN_POINT('',(23.188550420336,-4.19,1.));
#2839 = SURFACE_CURVE('',#2840,(#2844,#2851),.PCURVE_S1.);
#2840 = LINE('',#2841,#2842);
#2841 = CARTESIAN_POINT('',(23.188550420336,-4.19,1.));
#2842 = VECTOR('',#2843,1.);
#2843 = DIRECTION('',(0.,0.,1.));
#2844 = PCURVE('',#2472,#2845);
#2845 = DEFINITIONAL_REPRESENTATION('',(#2846),#2850);
#2846 = LINE('',#2847,#2848);
#2847 = CARTESIAN_POINT('',(3.856734860881,0.));
#2848 = VECTOR('',#2849,1.);
#2849 = DIRECTION('',(0.,1.));
#2850 = ( GEOMETRIC_REPRESENTATION_CONTEXT(2) 
PARAMETRIC_REPRESENTATION_CONTEXT() REPRESENTATION_CONTEXT('2D SPACE',''
  ) );
#2851 = PCURVE('',#2498,#2852);
#2852 = DEFINITIONAL_REPRESENTATION('',(#2853),#2857);
#2853 = LINE('',#2854,#2855);
#2854 = CARTESIAN_POINT('',(2.622899159327,2.263080974361E-31));
#2855 = VECTOR('',#2856,1.);
#2856 = DIRECTION('',(-8.628166150855E-32,1.));
#2857 = ( GEOMETRIC_REPRESENTATION_CONTEXT(2) 
PARAMETRIC_REPRESENTATION_CONTEXT() REPRESENTATION_CONTEXT('2D SPACE',''
  ) );
#2858 = ORIENTED_EDGE('',*,*,#2859,.F.);
#2859 = EDGE_CURVE('',#2860,#2837,#2862,.T.);
#2860 = VERTEX_POINT('',#2861);
#2861 = CARTESIAN_POINT('',(26.170329308849,-4.6,1.));
#2862 = SURFACE_CURVE('',#2863,(#2868,#2875),.PCURVE_S1.);
#2863 = CIRCLE('',#2864,2.);
#2864 = AXIS2_PLACEMENT_3D('',#2865,#2866,#2867);
#2865 = CARTESIAN_POINT('',(24.5,-5.7,1.));
#2866 = DIRECTION('',(8.628166150855E-32,4.024558464266E-16,-1.));
#2867 = DIRECTION('',(1.,-3.472455911352E-47,8.628166150855E-32));
#2868 = PCURVE('',#2472,#2869);
#2869 = DEFINITIONAL_REPRESENTATION('',(#2870),#2874);
#2870 = LINE('',#2871,#2872);
#2871 = CARTESIAN_POINT('',(14.137166941154,6.661338147751E-16));
#2872 = VECTOR('',#2873,1.);
#2873 = DIRECTION('',(-1.,0.));
#2874 = ( GEOMETRIC_REPRESENTATION_CONTEXT(2) 
PARAMETRIC_REPRESENTATION_CONTEXT() REPRESENTATION_CONTEXT('2D SPACE',''
  ) );
#2875 = PCURVE('',#2876,#2881);
#2876 = PLANE('',#2877);
#2877 = AXIS2_PLACEMENT_3D('',#2878,#2879,#2880);
#2878 = CARTESIAN_POINT('',(1.,-4.496403249732E-14,1.));
#2879 = DIRECTION('',(-8.628166150855E-32,-4.024558464266E-16,1.));
#2880 = DIRECTION('',(1.,-4.375557617246E-62,8.628166150855E-32));
#2881 = DEFINITIONAL_REPRESENTATION('',(#2882),#2890);
#2882 = ( BOUNDED_CURVE() B_SPLINE_CURVE(2,(#2883,#2884,#2885,#2886,
#2887,#2888,#2889),.UNSPECIFIED.,.T.,.F.) B_SPLINE_CURVE_WITH_KNOTS((1,2
    ,2,2,2,1),(-2.094395102393,0.,2.094395102393,4.188790204786,
6.28318530718,8.377580409573),.UNSPECIFIED.) CURVE() 
GEOMETRIC_REPRESENTATION_ITEM() RATIONAL_B_SPLINE_CURVE((1.,0.5,1.,0.5,
1.,0.5,1.)) REPRESENTATION_ITEM('') );
#2883 = CARTESIAN_POINT('',(25.5,-5.7));
#2884 = CARTESIAN_POINT('',(25.5,-9.164101615138));
#2885 = CARTESIAN_POINT('',(22.5,-7.432050807569));
#2886 = CARTESIAN_POINT('',(19.5,-5.7));
#2887 = CARTESIAN_POINT('',(22.5,-3.967949192431));
#2888 = CARTESIAN_POINT('',(25.5,-2.235898384862));
#2889 = CARTESIAN_POINT('',(25.5,-5.7));
#2890 = ( GEOMETRIC_REPRESENTATION_CONTEXT(2) 
PARAMETRIC_REPRESENTATION_CONTEXT() REPRESENTATION_CONTEXT('2D SPACE',''
  ) );
#2891 = ORIENTED_EDGE('',*,*,#2892,.F.);
#2892 = EDGE_CURVE('',#2893,#2860,#2895,.T.);
#2893 = VERTEX_POINT('',#2894);
#2894 = CARTESIAN_POINT('',(26.477371993329,-6.,2.4));
#2895 = SURFACE_CURVE('',#2896,(#2929,#2965),.PCURVE_S1.);
#2896 = B_SPLINE_CURVE_WITH_KNOTS('',7,(#2897,#2898,#2899,#2900,#2901,
    #2902,#2903,#2904,#2905,#2906,#2907,#2908,#2909,#2910,#2911,#2912,
    #2913,#2914,#2915,#2916,#2917,#2918,#2919,#2920,#2921,#2922,#2923,
    #2924,#2925,#2926,#2927,#2928),.UNSPECIFIED.,.F.,.F.,(8,6,6,6,6,8),(
    0.,0.425050427347,0.53723228552,0.634242925102,0.793455187355,1.),
  .UNSPECIFIED.);
#2897 = CARTESIAN_POINT('',(26.477371993329,-6.,2.4));
#2898 = CARTESIAN_POINT('',(26.477371993329,-6.,2.27311968572));
#2899 = CARTESIAN_POINT('',(26.479407479678,-5.986584516042,
    2.146279905827));
#2900 = CARTESIAN_POINT('',(26.483475137747,-5.959768780687,
    2.020650906062));
#2901 = CARTESIAN_POINT('',(26.488999832442,-5.919501389755,
    1.897428651831));
#2902 = CARTESIAN_POINT('',(26.494816026172,-5.865692488596,
    1.777928106341));
#2903 = CARTESIAN_POINT('',(26.499225234932,-5.798275548375,
    1.663657597262));
#2904 = CARTESIAN_POINT('',(26.500110050067,-5.695912107412,
    1.528085459932));
#2905 = CARTESIAN_POINT('',(26.50003650157,-5.673593244851,
    1.500266133301));
#2906 = CARTESIAN_POINT('',(26.499662105878,-5.650338757161,
    1.472979169727));
#2907 = CARTESIAN_POINT('',(26.498942193558,-5.626158841673,
    1.446266527592));
#2908 = CARTESIAN_POINT('',(26.497829962269,-5.601065620095,
    1.420169853742));
#2909 = CARTESIAN_POINT('',(26.496276476764,-5.575073138504,
    1.394730483479));
#2910 = CARTESIAN_POINT('',(26.492461531397,-5.524956214187,
    1.348594319861));
#2911 = CARTESIAN_POINT('',(26.490324292694,-5.501053018316,
    1.327720151589));
#2912 = CARTESIAN_POINT('',(26.487786468064,-5.476508728958,
    1.307403235366));
#2913 = CARTESIAN_POINT('',(26.484815774936,-5.451345943825,
    1.287677519077));
#2914 = CARTESIAN_POINT('',(26.481380132883,-5.425588909124,
    1.268574598878));
#2915 = CARTESIAN_POINT('',(26.477447663625,-5.399263519555,
    1.250123719195));
#2916 = CARTESIAN_POINT('',(26.465665416337,-5.32830495179,
    1.203184747189));
#2917 = CARTESIAN_POINT('',(26.456915364127,-5.282721154709,
    1.175823662562));
#2918 = CARTESIAN_POINT('',(26.446608440699,-5.235855586913,
    1.150454207933));
#2919 = CARTESIAN_POINT('',(26.434636793113,-5.187935633273,
    1.127215701476));
#2920 = CARTESIAN_POINT('',(26.420917408734,-5.139200585028,
    1.106203238661));
#2921 = CARTESIAN_POINT('',(26.405396714793,-5.089895821126,
    1.08746984046));
#2922 = CARTESIAN_POINT('',(26.365558138888,-4.975883897623,
    1.049699511924));
#2923 = CARTESIAN_POINT('',(26.340070600484,-4.911167900578,
    1.032298407186));
#2924 = CARTESIAN_POINT('',(26.311572448523,-4.846625803511,
    1.01879618062));
#2925 = CARTESIAN_POINT('',(26.280131190274,-4.782760666886,
    1.009067894765));
#2926 = CARTESIAN_POINT('',(26.245911056205,-4.720062213447,
    1.002900407813));
#2927 = CARTESIAN_POINT('',(26.209182101712,-4.658997235136,1.));
#2928 = CARTESIAN_POINT('',(26.170329308849,-4.6,1.));
#2929 = PCURVE('',#2472,#2930);
#2930 = DEFINITIONAL_REPRESENTATION('',(#2931),#2964);
#2931 = B_SPLINE_CURVE_WITH_KNOTS('',7,(#2932,#2933,#2934,#2935,#2936,
    #2937,#2938,#2939,#2940,#2941,#2942,#2943,#2944,#2945,#2946,#2947,
    #2948,#2949,#2950,#2951,#2952,#2953,#2954,#2955,#2956,#2957,#2958,
    #2959,#2960,#2961,#2962,#2963),.UNSPECIFIED.,.F.,.F.,(8,6,6,6,6,8),(
    0.,0.425050427347,0.53723228552,0.634242925102,0.793455187355,1.),
  .UNSPECIFIED.);
#2932 = CARTESIAN_POINT('',(7.703413361198,1.4));
#2933 = CARTESIAN_POINT('',(7.703413361198,1.27311968572));
#2934 = CARTESIAN_POINT('',(7.710197839595,1.146279905827));
#2935 = CARTESIAN_POINT('',(7.723759249697,1.020650906062));
#2936 = CARTESIAN_POINT('',(7.74407912308,0.897428651831));
#2937 = CARTESIAN_POINT('',(7.771115934941,0.777928106341));
#2938 = CARTESIAN_POINT('',(7.804842239394,0.663657597262));
#2939 = CARTESIAN_POINT('',(7.856025871895,0.528085459932));
#2940 = CARTESIAN_POINT('',(7.867184653493,0.500266133301));
#2941 = CARTESIAN_POINT('',(7.878811805585,0.472979169727));
#2942 = CARTESIAN_POINT('',(7.890904869739,0.446266527592));
#2943 = CARTESIAN_POINT('',(7.903461458701,0.420169853742));
#2944 = CARTESIAN_POINT('',(7.916479256394,0.394730483479));
#2945 = CARTESIAN_POINT('',(7.941610212958,0.348594319861));
#2946 = CARTESIAN_POINT('',(7.953608468892,0.327720151589));
#2947 = CARTESIAN_POINT('',(7.965944098137,0.307403235366));
#2948 = CARTESIAN_POINT('',(7.978610351827,0.287677519077));
#2949 = CARTESIAN_POINT('',(7.991600419814,0.268574598878));
#2950 = CARTESIAN_POINT('',(8.004907430671,0.250123719195));
#2951 = CARTESIAN_POINT('',(8.040872482076,0.203184747189));
#2952 = CARTESIAN_POINT('',(8.0640732519,0.175823662562));
#2953 = CARTESIAN_POINT('',(8.08805176189,0.150454207933));
#2954 = CARTESIAN_POINT('',(8.112729567346,0.127215701476));
#2955 = CARTESIAN_POINT('',(8.138025786121,0.106203238661));
#2956 = CARTESIAN_POINT('',(8.163858106623,8.746984045957E-02));
#2957 = CARTESIAN_POINT('',(8.224244013155,4.969951192385E-02));
#2958 = CARTESIAN_POINT('',(8.258994818886,3.229840718623E-02));
#2959 = CARTESIAN_POINT('',(8.29422424052,1.879618061957E-02));
#2960 = CARTESIAN_POINT('',(8.32976059856,9.067894764805E-03));
#2961 = CARTESIAN_POINT('',(8.365425219872,2.90040781307E-03));
#2962 = CARTESIAN_POINT('',(8.401025151059,-4.24152247126E-16));
#2963 = CARTESIAN_POINT('',(8.436345871843,-4.440892098501E-16));
#2964 = ( GEOMETRIC_REPRESENTATION_CONTEXT(2) 
PARAMETRIC_REPRESENTATION_CONTEXT() REPRESENTATION_CONTEXT('2D SPACE',''
  ) );
#2965 = PCURVE('',#2966,#2971);
#2966 = CYLINDRICAL_SURFACE('',#2967,1.4);
#2967 = AXIS2_PLACEMENT_3D('',#2968,#2969,#2970);
#2968 = CARTESIAN_POINT('',(25.,-4.6,2.4));
#2969 = DIRECTION('',(1.,0.,0.));
#2970 = DIRECTION('',(0.,-1.,0.));
#2971 = DEFINITIONAL_REPRESENTATION('',(#2972),#3005);
#2972 = B_SPLINE_CURVE_WITH_KNOTS('',7,(#2973,#2974,#2975,#2976,#2977,
    #2978,#2979,#2980,#2981,#2982,#2983,#2984,#2985,#2986,#2987,#2988,
    #2989,#2990,#2991,#2992,#2993,#2994,#2995,#2996,#2997,#2998,#2999,
    #3000,#3001,#3002,#3003,#3004),.UNSPECIFIED.,.F.,.F.,(8,6,6,6,6,8),(
    0.,0.425050427347,0.53723228552,0.634242925102,0.793455187355,1.),
  .UNSPECIFIED.);
#2973 = CARTESIAN_POINT('',(0.,1.477371993329));
#2974 = CARTESIAN_POINT('',(9.062879591432E-02,1.477371993329));
#2975 = CARTESIAN_POINT('',(0.1812286116,1.479407479678));
#2976 = CARTESIAN_POINT('',(0.272179575397,1.483475137747));
#2977 = CARTESIAN_POINT('',(0.363839167155,1.488999832442));
#2978 = CARTESIAN_POINT('',(0.456564773137,1.494816026172));
#2979 = CARTESIAN_POINT('',(0.550721039511,1.499225234932));
#2980 = CARTESIAN_POINT('',(0.672061508529,1.500110050067));
#2981 = CARTESIAN_POINT('',(0.697526014967,1.50003650157));
#2982 = CARTESIAN_POINT('',(0.72311635964,1.499662105878));
#2983 = CARTESIAN_POINT('',(0.748831980245,1.498942193558));
#2984 = CARTESIAN_POINT('',(0.774672778438,1.497829962269));
#2985 = CARTESIAN_POINT('',(0.800639119842,1.496276476764));
#2986 = CARTESIAN_POINT('',(0.849295829095,1.492461531397));
#2987 = CARTESIAN_POINT('',(0.871955614676,1.490324292694));
#2988 = CARTESIAN_POINT('',(0.894701628413,1.487786468064));
#2989 = CARTESIAN_POINT('',(0.917524983516,1.484815774936));
#2990 = CARTESIAN_POINT('',(0.940417468781,1.481380132883));
#2991 = CARTESIAN_POINT('',(0.963371548586,1.477447663625));
#2992 = CARTESIAN_POINT('',(1.024142049588,1.465665416337));
#2993 = CARTESIAN_POINT('',(1.062080454952,1.456915364127));
#2994 = CARTESIAN_POINT('',(1.100085830463,1.446608440699));
#2995 = CARTESIAN_POINT('',(1.138058997915,1.434636793113));
#2996 = CARTESIAN_POINT('',(1.175908457076,1.420917408734));
#2997 = CARTESIAN_POINT('',(1.213547493347,1.405396714793));
#2998 = CARTESIAN_POINT('',(1.299337092457,1.365558138888));
#2999 = CARTESIAN_POINT('',(1.347125951104,1.340070600484));
#3000 = CARTESIAN_POINT('',(1.394107773241,1.311572448523));
#3001 = CARTESIAN_POINT('',(1.44013105221,1.280131190274));
#3002 = CARTESIAN_POINT('',(1.485037293352,1.245911056205));
#3003 = CARTESIAN_POINT('',(1.528655444555,1.209182101712));
#3004 = CARTESIAN_POINT('',(1.570796326795,1.170329308849));
#3005 = ( GEOMETRIC_REPRESENTATION_CONTEXT(2) 
PARAMETRIC_REPRESENTATION_CONTEXT() REPRESENTATION_CONTEXT('2D SPACE',''
  ) );
#3006 = ORIENTED_EDGE('',*,*,#3007,.T.);
#3007 = EDGE_CURVE('',#2893,#3008,#3010,.T.);
#3008 = VERTEX_POINT('',#3009);
#3009 = CARTESIAN_POINT('',(26.477371993329,-6.,5.1));
#3010 = SURFACE_CURVE('',#3011,(#3015,#3021),.PCURVE_S1.);
#3011 = LINE('',#3012,#3013);
#3012 = CARTESIAN_POINT('',(26.477371993329,-6.,1.));
#3013 = VECTOR('',#3014,1.);
#3014 = DIRECTION('',(0.,0.,1.));
#3015 = PCURVE('',#2472,#3016);
#3016 = DEFINITIONAL_REPRESENTATION('',(#3017),#3020);
#3017 = B_SPLINE_CURVE_WITH_KNOTS('',1,(#3018,#3019),.UNSPECIFIED.,.F.,
  .F.,(2,2),(1.13,4.37),.PIECEWISE_BEZIER_KNOTS.);
#3018 = CARTESIAN_POINT('',(7.703413361198,1.13));
#3019 = CARTESIAN_POINT('',(7.703413361198,4.37));
#3020 = ( GEOMETRIC_REPRESENTATION_CONTEXT(2) 
PARAMETRIC_REPRESENTATION_CONTEXT() REPRESENTATION_CONTEXT('2D SPACE',''
  ) );
#3021 = PCURVE('',#3022,#3027);
#3022 = PLANE('',#3023);
#3023 = AXIS2_PLACEMENT_3D('',#3024,#3025,#3026);
#3024 = CARTESIAN_POINT('',(25.,-6.,1.));
#3025 = DIRECTION('',(0.,1.,0.));
#3026 = DIRECTION('',(0.,0.,1.));
#3027 = DEFINITIONAL_REPRESENTATION('',(#3028),#3031);
#3028 = B_SPLINE_CURVE_WITH_KNOTS('',1,(#3029,#3030),.UNSPECIFIED.,.F.,
  .F.,(2,2),(1.13,4.37),.PIECEWISE_BEZIER_KNOTS.);
#3029 = CARTESIAN_POINT('',(1.13,1.477371993329));
#3030 = CARTESIAN_POINT('',(4.37,1.477371993329));
#3031 = ( GEOMETRIC_REPRESENTATION_CONTEXT(2) 
PARAMETRIC_REPRESENTATION_CONTEXT() REPRESENTATION_CONTEXT('2D SPACE',''
  ) );
#3032 = ORIENTED_EDGE('',*,*,#3033,.T.);
#3033 = EDGE_CURVE('',#3008,#3034,#3036,.T.);
#3034 = VERTEX_POINT('',#3035);
#3035 = CARTESIAN_POINT('',(26.170329308849,-4.6,6.5));
#3036 = SURFACE_CURVE('',#3037,(#3070,#3106),.PCURVE_S1.);
#3037 = B_SPLINE_CURVE_WITH_KNOTS('',7,(#3038,#3039,#3040,#3041,#3042,
    #3043,#3044,#3045,#3046,#3047,#3048,#3049,#3050,#3051,#3052,#3053,
    #3054,#3055,#3056,#3057,#3058,#3059,#3060,#3061,#3062,#3063,#3064,
    #3065,#3066,#3067,#3068,#3069),.UNSPECIFIED.,.F.,.F.,(8,6,6,6,6,8),(
    0.,0.425050444698,0.537232321496,0.634242970185,0.793455212822,1.),
  .UNSPECIFIED.);
#3038 = CARTESIAN_POINT('',(26.477371993329,-6.,5.1));
#3039 = CARTESIAN_POINT('',(26.477371993329,-6.,5.22688031428));
#3040 = CARTESIAN_POINT('',(26.479407479678,-5.986584516042,
    5.353720094173));
#3041 = CARTESIAN_POINT('',(26.483475137747,-5.959768780687,
    5.479349093939));
#3042 = CARTESIAN_POINT('',(26.488999832442,-5.919501389755,
    5.602571348169));
#3043 = CARTESIAN_POINT('',(26.494816026172,-5.865692488596,
    5.722071893659));
#3044 = CARTESIAN_POINT('',(26.499225234932,-5.798275548375,
    5.836342402738));
#3045 = CARTESIAN_POINT('',(26.50011005009,-5.695912104735,
    5.971914543613));
#3046 = CARTESIAN_POINT('',(26.500036501699,-5.673593244937,
    5.999733867211));
#3047 = CARTESIAN_POINT('',(26.499662106028,-5.650338759817,
    6.027020827594));
#3048 = CARTESIAN_POINT('',(26.498942193591,-5.626158843982,
    6.053733469617));
#3049 = CARTESIAN_POINT('',(26.497829962105,-5.60106561931,6.07983014649
    ));
#3050 = CARTESIAN_POINT('',(26.496276476494,-5.575073134958,
    6.105269519786));
#3051 = CARTESIAN_POINT('',(26.492461531758,-5.524956218931,
    6.151405675772));
#3052 = CARTESIAN_POINT('',(26.490324292472,-5.501053018364,
    6.17227984771));
#3053 = CARTESIAN_POINT('',(26.487786467424,-5.476508724518,
    6.192596767841));
#3054 = CARTESIAN_POINT('',(26.484815774539,-5.451345939821,
    6.212322484334));
#3055 = CARTESIAN_POINT('',(26.481380133268,-5.42558891026,6.23142540093
    ));
#3056 = CARTESIAN_POINT('',(26.477447664593,-5.399263525388,
    6.249876276947));
#3057 = CARTESIAN_POINT('',(26.465665416337,-5.32830495179,
    6.296815252811));
#3058 = CARTESIAN_POINT('',(26.456915364127,-5.282721154709,
    6.324176337438));
#3059 = CARTESIAN_POINT('',(26.446608440699,-5.235855586913,
    6.349545792067));
#3060 = CARTESIAN_POINT('',(26.434636793113,-5.187935633273,
    6.372784298524));
#3061 = CARTESIAN_POINT('',(26.420917408734,-5.139200585028,
    6.393796761339));
#3062 = CARTESIAN_POINT('',(26.405396714793,-5.089895821126,
    6.41253015954));
#3063 = CARTESIAN_POINT('',(26.36555813889,-4.975883897629,
    6.450300488074));
#3064 = CARTESIAN_POINT('',(26.340070600485,-4.911167900579,
    6.467701592814));
#3065 = CARTESIAN_POINT('',(26.311572448522,-4.846625803507,
    6.481203819382));
#3066 = CARTESIAN_POINT('',(26.280131190272,-4.782760666882,
    6.490932105235));
#3067 = CARTESIAN_POINT('',(26.245911056204,-4.720062213447,
    6.497099592186));
#3068 = CARTESIAN_POINT('',(26.209182101715,-4.65899723514,6.5));
#3069 = CARTESIAN_POINT('',(26.170329308849,-4.6,6.5));
#3070 = PCURVE('',#2472,#3071);
#3071 = DEFINITIONAL_REPRESENTATION('',(#3072),#3105);
#3072 = B_SPLINE_CURVE_WITH_KNOTS('',7,(#3073,#3074,#3075,#3076,#3077,
    #3078,#3079,#3080,#3081,#3082,#3083,#3084,#3085,#3086,#3087,#3088,
    #3089,#3090,#3091,#3092,#3093,#3094,#3095,#3096,#3097,#3098,#3099,
    #3100,#3101,#3102,#3103,#3104),.UNSPECIFIED.,.F.,.F.,(8,6,6,6,6,8),(
    0.,0.425050444698,0.537232321496,0.634242970185,0.793455212822,1.),
  .UNSPECIFIED.);
#3073 = CARTESIAN_POINT('',(7.703413361198,4.1));
#3074 = CARTESIAN_POINT('',(7.703413361198,4.22688031428));
#3075 = CARTESIAN_POINT('',(7.710197839595,4.353720094173));
#3076 = CARTESIAN_POINT('',(7.723759249697,4.479349093939));
#3077 = CARTESIAN_POINT('',(7.74407912308,4.602571348169));
#3078 = CARTESIAN_POINT('',(7.771115934941,4.722071893659));
#3079 = CARTESIAN_POINT('',(7.804842239394,4.836342402738));
#3080 = CARTESIAN_POINT('',(7.856025873233,4.971914543613));
#3081 = CARTESIAN_POINT('',(7.867184653448,4.999733867211));
#3082 = CARTESIAN_POINT('',(7.878811804254,5.027020827594));
#3083 = CARTESIAN_POINT('',(7.890904868585,5.053733469617));
#3084 = CARTESIAN_POINT('',(7.903461459097,5.07983014649));
#3085 = CARTESIAN_POINT('',(7.916479258173,5.105269519786));
#3086 = CARTESIAN_POINT('',(7.941610210579,5.151405675772));
#3087 = CARTESIAN_POINT('',(7.953608468881,5.17227984771));
#3088 = CARTESIAN_POINT('',(7.965944100381,5.192596767841));
#3089 = CARTESIAN_POINT('',(7.97861035384,5.212322484334));
#3090 = CARTESIAN_POINT('',(7.991600419226,5.23142540093));
#3091 = CARTESIAN_POINT('',(8.004907427715,5.249876276947));
#3092 = CARTESIAN_POINT('',(8.040872482076,5.296815252811));
#3093 = CARTESIAN_POINT('',(8.0640732519,5.324176337438));
#3094 = CARTESIAN_POINT('',(8.08805176189,5.349545792067));
#3095 = CARTESIAN_POINT('',(8.112729567346,5.372784298524));
#3096 = CARTESIAN_POINT('',(8.138025786121,5.393796761339));
#3097 = CARTESIAN_POINT('',(8.163858106623,5.41253015954));
#3098 = CARTESIAN_POINT('',(8.224244013152,5.450300488074));
#3099 = CARTESIAN_POINT('',(8.258994818885,5.467701592814));
#3100 = CARTESIAN_POINT('',(8.294224240522,5.481203819382));
#3101 = CARTESIAN_POINT('',(8.329760598563,5.490932105235));
#3102 = CARTESIAN_POINT('',(8.365425219872,5.497099592186));
#3103 = CARTESIAN_POINT('',(8.401025151056,5.5));
#3104 = CARTESIAN_POINT('',(8.436345871843,5.5));
#3105 = ( GEOMETRIC_REPRESENTATION_CONTEXT(2) 
PARAMETRIC_REPRESENTATION_CONTEXT() REPRESENTATION_CONTEXT('2D SPACE',''
  ) );
#3106 = PCURVE('',#3107,#3112);
#3107 = CYLINDRICAL_SURFACE('',#3108,1.4);
#3108 = AXIS2_PLACEMENT_3D('',#3109,#3110,#3111);
#3109 = CARTESIAN_POINT('',(25.,-4.6,5.1));
#3110 = DIRECTION('',(1.,0.,0.));
#3111 = DIRECTION('',(0.,-1.,0.));
#3112 = DEFINITIONAL_REPRESENTATION('',(#3113),#3146);
#3113 = B_SPLINE_CURVE_WITH_KNOTS('',7,(#3114,#3115,#3116,#3117,#3118,
    #3119,#3120,#3121,#3122,#3123,#3124,#3125,#3126,#3127,#3128,#3129,
    #3130,#3131,#3132,#3133,#3134,#3135,#3136,#3137,#3138,#3139,#3140,
    #3141,#3142,#3143,#3144,#3145),.UNSPECIFIED.,.F.,.F.,(8,6,6,6,6,8),(
    0.,0.425050444698,0.537232321496,0.634242970185,0.793455212822,1.),
  .UNSPECIFIED.);
#3114 = CARTESIAN_POINT('',(0.,1.477371993329));
#3115 = CARTESIAN_POINT('',(-9.062879591437E-02,1.477371993329));
#3116 = CARTESIAN_POINT('',(-0.1812286116,1.479407479678));
#3117 = CARTESIAN_POINT('',(-0.272179575398,1.483475137747));
#3118 = CARTESIAN_POINT('',(-0.363839167155,1.488999832442));
#3119 = CARTESIAN_POINT('',(-0.456564773137,1.494816026172));
#3120 = CARTESIAN_POINT('',(-0.550721039511,1.499225234932));
#3121 = CARTESIAN_POINT('',(-0.672061511702,1.50011005009));
#3122 = CARTESIAN_POINT('',(-0.697526015199,1.500036501699));
#3123 = CARTESIAN_POINT('',(-0.723116356939,1.499662106028));
#3124 = CARTESIAN_POINT('',(-0.748831977652,1.498942193591));
#3125 = CARTESIAN_POINT('',(-0.774672778941,1.497829962105));
#3126 = CARTESIAN_POINT('',(-0.800639123286,1.496276476494));
#3127 = CARTESIAN_POINT('',(-0.849295824489,1.492461531758));
#3128 = CARTESIAN_POINT('',(-0.871955614338,1.490324292472));
#3129 = CARTESIAN_POINT('',(-0.894701632332,1.487786467424));
#3130 = CARTESIAN_POINT('',(-0.917524987279,1.484815774539));
#3131 = CARTESIAN_POINT('',(-0.940417468053,1.481380133268));
#3132 = CARTESIAN_POINT('',(-0.963371543591,1.477447664593));
#3133 = CARTESIAN_POINT('',(-1.024142049588,1.465665416337));
#3134 = CARTESIAN_POINT('',(-1.062080454952,1.456915364127));
#3135 = CARTESIAN_POINT('',(-1.100085830463,1.446608440699));
#3136 = CARTESIAN_POINT('',(-1.138058997915,1.434636793113));
#3137 = CARTESIAN_POINT('',(-1.175908457076,1.420917408734));
#3138 = CARTESIAN_POINT('',(-1.213547493347,1.405396714793));
#3139 = CARTESIAN_POINT('',(-1.299337092453,1.36555813889));
#3140 = CARTESIAN_POINT('',(-1.347125951103,1.340070600485));
#3141 = CARTESIAN_POINT('',(-1.394107773244,1.311572448522));
#3142 = CARTESIAN_POINT('',(-1.440131052213,1.280131190272));
#3143 = CARTESIAN_POINT('',(-1.485037293352,1.245911056204));
#3144 = CARTESIAN_POINT('',(-1.528655444552,1.209182101715));
#3145 = CARTESIAN_POINT('',(-1.570796326795,1.170329308849));
#3146 = ( GEOMETRIC_REPRESENTATION_CONTEXT(2) 
PARAMETRIC_REPRESENTATION_CONTEXT() REPRESENTATION_CONTEXT('2D SPACE',''
  ) );
#3147 = ORIENTED_EDGE('',*,*,#3148,.T.);
#3148 = EDGE_CURVE('',#3034,#3149,#3151,.T.);
#3149 = VERTEX_POINT('',#3150);
#3150 = CARTESIAN_POINT('',(25.811449579664,-4.19,6.5));
#3151 = SURFACE_CURVE('',#3152,(#3157,#3164),.PCURVE_S1.);
#3152 = CIRCLE('',#3153,2.);
#3153 = AXIS2_PLACEMENT_3D('',#3154,#3155,#3156);
#3154 = CARTESIAN_POINT('',(24.5,-5.7,6.5));
#3155 = DIRECTION('',(0.,0.,1.));
#3156 = DIRECTION('',(-1.836970198721E-16,-1.,0.));
#3157 = PCURVE('',#2472,#3158);
#3158 = DEFINITIONAL_REPRESENTATION('',(#3159),#3163);
#3159 = LINE('',#3160,#3161);
#3160 = CARTESIAN_POINT('',(6.28318530718,5.5));
#3161 = VECTOR('',#3162,1.);
#3162 = DIRECTION('',(1.,0.));
#3163 = ( GEOMETRIC_REPRESENTATION_CONTEXT(2) 
PARAMETRIC_REPRESENTATION_CONTEXT() REPRESENTATION_CONTEXT('2D SPACE',''
  ) );
#3164 = PCURVE('',#3165,#3170);
#3165 = PLANE('',#3166);
#3166 = AXIS2_PLACEMENT_3D('',#3167,#3168,#3169);
#3167 = CARTESIAN_POINT('',(25.,-6.,6.5));
#3168 = DIRECTION('',(0.,0.,1.));
#3169 = DIRECTION('',(1.,0.,0.));
#3170 = DEFINITIONAL_REPRESENTATION('',(#3171),#3175);
#3171 = CIRCLE('',#3172,2.);
#3172 = AXIS2_PLACEMENT_2D('',#3173,#3174);
#3173 = CARTESIAN_POINT('',(-0.5,0.3));
#3174 = DIRECTION('',(-1.836970198721E-16,-1.));
#3175 = ( GEOMETRIC_REPRESENTATION_CONTEXT(2) 
PARAMETRIC_REPRESENTATION_CONTEXT() REPRESENTATION_CONTEXT('2D SPACE',''
  ) );
#3176 = ORIENTED_EDGE('',*,*,#3177,.T.);
#3177 = EDGE_CURVE('',#3149,#2456,#3178,.T.);
#3178 = SURFACE_CURVE('',#3179,(#3183,#3190),.PCURVE_S1.);
#3179 = LINE('',#3180,#3181);
#3180 = CARTESIAN_POINT('',(25.811449579664,-4.19,1.));
#3181 = VECTOR('',#3182,1.);
#3182 = DIRECTION('',(0.,0.,1.));
#3183 = PCURVE('',#2472,#3184);
#3184 = DEFINITIONAL_REPRESENTATION('',(#3185),#3189);
#3185 = LINE('',#3186,#3187);
#3186 = CARTESIAN_POINT('',(8.709635753478,0.));
#3187 = VECTOR('',#3188,1.);
#3188 = DIRECTION('',(0.,1.));
#3189 = ( GEOMETRIC_REPRESENTATION_CONTEXT(2) 
PARAMETRIC_REPRESENTATION_CONTEXT() REPRESENTATION_CONTEXT('2D SPACE',''
  ) );
#3190 = PCURVE('',#2498,#3191);
#3191 = DEFINITIONAL_REPRESENTATION('',(#3192),#3196);
#3192 = LINE('',#3193,#3194);
#3193 = CARTESIAN_POINT('',(0.,0.));
#3194 = VECTOR('',#3195,1.);
#3195 = DIRECTION('',(-8.628166150855E-32,1.));
#3196 = ( GEOMETRIC_REPRESENTATION_CONTEXT(2) 
PARAMETRIC_REPRESENTATION_CONTEXT() REPRESENTATION_CONTEXT('2D SPACE',''
  ) );
#3197 = ADVANCED_FACE('',(#3198),#2498,.T.);
#3198 = FACE_BOUND('',#3199,.T.);
#3199 = EDGE_LOOP('',(#3200,#3201,#3202,#3223,#3249,#3270));
#3200 = ORIENTED_EDGE('',*,*,#2484,.F.);
#3201 = ORIENTED_EDGE('',*,*,#3177,.F.);
#3202 = ORIENTED_EDGE('',*,*,#3203,.F.);
#3203 = EDGE_CURVE('',#3204,#3149,#3206,.T.);
#3204 = VERTEX_POINT('',#3205);
#3205 = CARTESIAN_POINT('',(25.,-4.19,6.5));
#3206 = SURFACE_CURVE('',#3207,(#3211,#3217),.PCURVE_S1.);
#3207 = LINE('',#3208,#3209);
#3208 = CARTESIAN_POINT('',(25.405724789832,-4.19,6.5));
#3209 = VECTOR('',#3210,1.);
#3210 = DIRECTION('',(1.,0.,0.));
#3211 = PCURVE('',#2498,#3212);
#3212 = DEFINITIONAL_REPRESENTATION('',(#3213),#3216);
#3213 = B_SPLINE_CURVE_WITH_KNOTS('',1,(#3214,#3215),.UNSPECIFIED.,.F.,
  .F.,(2,2),(-0.405724789832,0.405724789832),.PIECEWISE_BEZIER_KNOTS.);
#3214 = CARTESIAN_POINT('',(0.811449579664,5.5));
#3215 = CARTESIAN_POINT('',(0.,5.5));
#3216 = ( GEOMETRIC_REPRESENTATION_CONTEXT(2) 
PARAMETRIC_REPRESENTATION_CONTEXT() REPRESENTATION_CONTEXT('2D SPACE',''
  ) );
#3217 = PCURVE('',#3165,#3218);
#3218 = DEFINITIONAL_REPRESENTATION('',(#3219),#3222);
#3219 = B_SPLINE_CURVE_WITH_KNOTS('',1,(#3220,#3221),.UNSPECIFIED.,.F.,
  .F.,(2,2),(-0.405724789832,0.405724789832),.PIECEWISE_BEZIER_KNOTS.);
#3220 = CARTESIAN_POINT('',(0.,1.81));
#3221 = CARTESIAN_POINT('',(0.811449579664,1.81));
#3222 = ( GEOMETRIC_REPRESENTATION_CONTEXT(2) 
PARAMETRIC_REPRESENTATION_CONTEXT() REPRESENTATION_CONTEXT('2D SPACE',''
  ) );
#3223 = ORIENTED_EDGE('',*,*,#3224,.T.);
#3224 = EDGE_CURVE('',#3204,#3225,#3227,.T.);
#3225 = VERTEX_POINT('',#3226);
#3226 = CARTESIAN_POINT('',(25.,-4.19,1.));
#3227 = SURFACE_CURVE('',#3228,(#3232,#3238),.PCURVE_S1.);
#3228 = LINE('',#3229,#3230);
#3229 = CARTESIAN_POINT('',(25.,-4.19,1.));
#3230 = VECTOR('',#3231,1.);
#3231 = DIRECTION('',(0.,0.,-1.));
#3232 = PCURVE('',#2498,#3233);
#3233 = DEFINITIONAL_REPRESENTATION('',(#3234),#3237);
#3234 = B_SPLINE_CURVE_WITH_KNOTS('',1,(#3235,#3236),.UNSPECIFIED.,.F.,
  .F.,(2,2),(-5.5,7.00132179638E-32),.PIECEWISE_BEZIER_KNOTS.);
#3235 = CARTESIAN_POINT('',(0.811449579664,5.5));
#3236 = CARTESIAN_POINT('',(0.811449579664,0.));
#3237 = ( GEOMETRIC_REPRESENTATION_CONTEXT(2) 
PARAMETRIC_REPRESENTATION_CONTEXT() REPRESENTATION_CONTEXT('2D SPACE',''
  ) );
#3238 = PCURVE('',#3239,#3244);
#3239 = PLANE('',#3240);
#3240 = AXIS2_PLACEMENT_3D('',#3241,#3242,#3243);
#3241 = CARTESIAN_POINT('',(25.,-6.,1.));
#3242 = DIRECTION('',(1.,0.,0.));
#3243 = DIRECTION('',(0.,0.,1.));
#3244 = DEFINITIONAL_REPRESENTATION('',(#3245),#3248);
#3245 = B_SPLINE_CURVE_WITH_KNOTS('',1,(#3246,#3247),.UNSPECIFIED.,.F.,
  .F.,(2,2),(-5.5,7.00132179638E-32),.PIECEWISE_BEZIER_KNOTS.);
#3246 = CARTESIAN_POINT('',(5.5,-1.81));
#3247 = CARTESIAN_POINT('',(-7.00132179638E-32,-1.81));
#3248 = ( GEOMETRIC_REPRESENTATION_CONTEXT(2) 
PARAMETRIC_REPRESENTATION_CONTEXT() REPRESENTATION_CONTEXT('2D SPACE',''
  ) );
#3249 = ORIENTED_EDGE('',*,*,#3250,.F.);
#3250 = EDGE_CURVE('',#2837,#3225,#3251,.T.);
#3251 = SURFACE_CURVE('',#3252,(#3256,#3263),.PCURVE_S1.);
#3252 = LINE('',#3253,#3254);
#3253 = CARTESIAN_POINT('',(13.405724789832,-4.19,1.));
#3254 = VECTOR('',#3255,1.);
#3255 = DIRECTION('',(1.,0.,8.628166150855E-32));
#3256 = PCURVE('',#2498,#3257);
#3257 = DEFINITIONAL_REPRESENTATION('',(#3258),#3262);
#3258 = LINE('',#3259,#3260);
#3259 = CARTESIAN_POINT('',(12.405724789832,1.070386547084E-30));
#3260 = VECTOR('',#3261,1.);
#3261 = DIRECTION('',(-1.,0.));
#3262 = ( GEOMETRIC_REPRESENTATION_CONTEXT(2) 
PARAMETRIC_REPRESENTATION_CONTEXT() REPRESENTATION_CONTEXT('2D SPACE',''
  ) );
#3263 = PCURVE('',#2876,#3264);
#3264 = DEFINITIONAL_REPRESENTATION('',(#3265),#3269);
#3265 = LINE('',#3266,#3267);
#3266 = CARTESIAN_POINT('',(12.405724789832,-4.19));
#3267 = VECTOR('',#3268,1.);
#3268 = DIRECTION('',(1.,0.));
#3269 = ( GEOMETRIC_REPRESENTATION_CONTEXT(2) 
PARAMETRIC_REPRESENTATION_CONTEXT() REPRESENTATION_CONTEXT('2D SPACE',''
  ) );
#3270 = ORIENTED_EDGE('',*,*,#2836,.T.);
#3271 = ADVANCED_FACE('',(#3272),#2529,.T.);
#3272 = FACE_BOUND('',#3273,.T.);
#3273 = EDGE_LOOP('',(#3274,#3275,#3298,#3329));
#3274 = ORIENTED_EDGE('',*,*,#2512,.F.);
#3275 = ORIENTED_EDGE('',*,*,#3276,.T.);
#3276 = EDGE_CURVE('',#2513,#3277,#3279,.T.);
#3277 = VERTEX_POINT('',#3278);
#3278 = CARTESIAN_POINT('',(-24.5,-5.7,1.));
#3279 = SEAM_CURVE('',#3280,(#3284,#3291),.PCURVE_S1.);
#3280 = LINE('',#3281,#3282);
#3281 = CARTESIAN_POINT('',(-24.5,-5.7,1.));
#3282 = VECTOR('',#3283,1.);
#3283 = DIRECTION('',(0.,0.,-1.));
#3284 = PCURVE('',#2529,#3285);
#3285 = DEFINITIONAL_REPRESENTATION('',(#3286),#3290);
#3286 = LINE('',#3287,#3288);
#3287 = CARTESIAN_POINT('',(-3.14159265359,0.));
#3288 = VECTOR('',#3289,1.);
#3289 = DIRECTION('',(0.,-1.));
#3290 = ( GEOMETRIC_REPRESENTATION_CONTEXT(2) 
PARAMETRIC_REPRESENTATION_CONTEXT() REPRESENTATION_CONTEXT('2D SPACE',''
  ) );
#3291 = PCURVE('',#2529,#3292);
#3292 = DEFINITIONAL_REPRESENTATION('',(#3293),#3297);
#3293 = LINE('',#3294,#3295);
#3294 = CARTESIAN_POINT('',(3.14159265359,0.));
#3295 = VECTOR('',#3296,1.);
#3296 = DIRECTION('',(0.,-1.));
#3297 = ( GEOMETRIC_REPRESENTATION_CONTEXT(2) 
PARAMETRIC_REPRESENTATION_CONTEXT() REPRESENTATION_CONTEXT('2D SPACE',''
  ) );
#3298 = ORIENTED_EDGE('',*,*,#3299,.F.);
#3299 = EDGE_CURVE('',#3277,#3277,#3300,.T.);
#3300 = SURFACE_CURVE('',#3301,(#3306,#3313),.PCURVE_S1.);
#3301 = CIRCLE('',#3302,2.);
#3302 = AXIS2_PLACEMENT_3D('',#3303,#3304,#3305);
#3303 = CARTESIAN_POINT('',(-22.5,-5.7,1.));
#3304 = DIRECTION('',(8.628166150855E-32,4.024558464266E-16,-1.));
#3305 = DIRECTION('',(1.,-3.472455911352E-47,8.628166150855E-32));
#3306 = PCURVE('',#2529,#3307);
#3307 = DEFINITIONAL_REPRESENTATION('',(#3308),#3312);
#3308 = LINE('',#3309,#3310);
#3309 = CARTESIAN_POINT('',(6.28318530718,0.));
#3310 = VECTOR('',#3311,1.);
#3311 = DIRECTION('',(-1.,0.));
#3312 = ( GEOMETRIC_REPRESENTATION_CONTEXT(2) 
PARAMETRIC_REPRESENTATION_CONTEXT() REPRESENTATION_CONTEXT('2D SPACE',''
  ) );
#3313 = PCURVE('',#3314,#3319);
#3314 = PLANE('',#3315);
#3315 = AXIS2_PLACEMENT_3D('',#3316,#3317,#3318);
#3316 = CARTESIAN_POINT('',(1.,-4.496403249732E-14,1.));
#3317 = DIRECTION('',(-8.628166150855E-32,-4.024558464266E-16,1.));
#3318 = DIRECTION('',(1.,-4.375557617246E-62,8.628166150855E-32));
#3319 = DEFINITIONAL_REPRESENTATION('',(#3320),#3328);
#3320 = ( BOUNDED_CURVE() B_SPLINE_CURVE(2,(#3321,#3322,#3323,#3324,
#3325,#3326,#3327),.UNSPECIFIED.,.T.,.F.) B_SPLINE_CURVE_WITH_KNOTS((1,2
    ,2,2,2,1),(-2.094395102393,0.,2.094395102393,4.188790204786,
6.28318530718,8.377580409573),.UNSPECIFIED.) CURVE() 
GEOMETRIC_REPRESENTATION_ITEM() RATIONAL_B_SPLINE_CURVE((1.,0.5,1.,0.5,
1.,0.5,1.)) REPRESENTATION_ITEM('') );
#3321 = CARTESIAN_POINT('',(-21.5,-5.7));
#3322 = CARTESIAN_POINT('',(-21.5,-9.164101615138));
#3323 = CARTESIAN_POINT('',(-24.5,-7.432050807569));
#3324 = CARTESIAN_POINT('',(-27.5,-5.7));
#3325 = CARTESIAN_POINT('',(-24.5,-3.967949192431));
#3326 = CARTESIAN_POINT('',(-21.5,-2.235898384862));
#3327 = CARTESIAN_POINT('',(-21.5,-5.7));
#3328 = ( GEOMETRIC_REPRESENTATION_CONTEXT(2) 
PARAMETRIC_REPRESENTATION_CONTEXT() REPRESENTATION_CONTEXT('2D SPACE',''
  ) );
#3329 = ORIENTED_EDGE('',*,*,#3276,.F.);
#3330 = ADVANCED_FACE('',(#3331),#2562,.T.);
#3331 = FACE_BOUND('',#3332,.T.);
#3332 = EDGE_LOOP('',(#3333,#3334,#3357,#3386,#3519,#3545,#3678,#3711));
#3333 = ORIENTED_EDGE('',*,*,#2543,.F.);
#3334 = ORIENTED_EDGE('',*,*,#3335,.F.);
#3335 = EDGE_CURVE('',#3336,#2544,#3338,.T.);
#3336 = VERTEX_POINT('',#3337);
#3337 = CARTESIAN_POINT('',(25.811449579664,4.19,6.5));
#3338 = SURFACE_CURVE('',#3339,(#3343,#3350),.PCURVE_S1.);
#3339 = LINE('',#3340,#3341);
#3340 = CARTESIAN_POINT('',(25.811449579664,4.19,1.));
#3341 = VECTOR('',#3342,1.);
#3342 = DIRECTION('',(0.,0.,1.));
#3343 = PCURVE('',#2562,#3344);
#3344 = DEFINITIONAL_REPRESENTATION('',(#3345),#3349);
#3345 = LINE('',#3346,#3347);
#3346 = CARTESIAN_POINT('',(3.856734860881,9.992007221626E-15));
#3347 = VECTOR('',#3348,1.);
#3348 = DIRECTION('',(0.,1.));
#3349 = ( GEOMETRIC_REPRESENTATION_CONTEXT(2) 
PARAMETRIC_REPRESENTATION_CONTEXT() REPRESENTATION_CONTEXT('2D SPACE',''
  ) );
#3350 = PCURVE('',#2588,#3351);
#3351 = DEFINITIONAL_REPRESENTATION('',(#3352),#3356);
#3352 = LINE('',#3353,#3354);
#3353 = CARTESIAN_POINT('',(2.622899159327,-2.263080974361E-31));
#3354 = VECTOR('',#3355,1.);
#3355 = DIRECTION('',(8.628166150855E-32,1.));
#3356 = ( GEOMETRIC_REPRESENTATION_CONTEXT(2) 
PARAMETRIC_REPRESENTATION_CONTEXT() REPRESENTATION_CONTEXT('2D SPACE',''
  ) );
#3357 = ORIENTED_EDGE('',*,*,#3358,.T.);
#3358 = EDGE_CURVE('',#3336,#3359,#3361,.T.);
#3359 = VERTEX_POINT('',#3360);
#3360 = CARTESIAN_POINT('',(26.170329308849,4.6,6.5));
#3361 = SURFACE_CURVE('',#3362,(#3367,#3374),.PCURVE_S1.);
#3362 = CIRCLE('',#3363,2.);
#3363 = AXIS2_PLACEMENT_3D('',#3364,#3365,#3366);
#3364 = CARTESIAN_POINT('',(24.5,5.7,6.5));
#3365 = DIRECTION('',(0.,0.,1.));
#3366 = DIRECTION('',(6.123233995737E-17,1.,-0.));
#3367 = PCURVE('',#2562,#3368);
#3368 = DEFINITIONAL_REPRESENTATION('',(#3369),#3373);
#3369 = LINE('',#3370,#3371);
#3370 = CARTESIAN_POINT('',(-8.881784197001E-16,5.5));
#3371 = VECTOR('',#3372,1.);
#3372 = DIRECTION('',(1.,0.));
#3373 = ( GEOMETRIC_REPRESENTATION_CONTEXT(2) 
PARAMETRIC_REPRESENTATION_CONTEXT() REPRESENTATION_CONTEXT('2D SPACE',''
  ) );
#3374 = PCURVE('',#3375,#3380);
#3375 = PLANE('',#3376);
#3376 = AXIS2_PLACEMENT_3D('',#3377,#3378,#3379);
#3377 = CARTESIAN_POINT('',(25.,-6.,6.5));
#3378 = DIRECTION('',(0.,0.,1.));
#3379 = DIRECTION('',(1.,0.,0.));
#3380 = DEFINITIONAL_REPRESENTATION('',(#3381),#3385);
#3381 = CIRCLE('',#3382,2.);
#3382 = AXIS2_PLACEMENT_2D('',#3383,#3384);
#3383 = CARTESIAN_POINT('',(-0.5,11.7));
#3384 = DIRECTION('',(6.123233995737E-17,1.));
#3385 = ( GEOMETRIC_REPRESENTATION_CONTEXT(2) 
PARAMETRIC_REPRESENTATION_CONTEXT() REPRESENTATION_CONTEXT('2D SPACE',''
  ) );
#3386 = ORIENTED_EDGE('',*,*,#3387,.T.);
#3387 = EDGE_CURVE('',#3359,#3388,#3390,.T.);
#3388 = VERTEX_POINT('',#3389);
#3389 = CARTESIAN_POINT('',(26.477371993329,6.,5.1));
#3390 = SURFACE_CURVE('',#3391,(#3430,#3472),.PCURVE_S1.);
#3391 = B_SPLINE_CURVE_WITH_KNOTS('',7,(#3392,#3393,#3394,#3395,#3396,
    #3397,#3398,#3399,#3400,#3401,#3402,#3403,#3404,#3405,#3406,#3407,
    #3408,#3409,#3410,#3411,#3412,#3413,#3414,#3415,#3416,#3417,#3418,
    #3419,#3420,#3421,#3422,#3423,#3424,#3425,#3426,#3427,#3428,#3429),
  .UNSPECIFIED.,.F.,.F.,(8,6,6,6,6,6,8),(0.,6.924006756979E-02,
    0.203646648647,0.369788751222,0.464697001399,0.575599635348,1.),
  .UNSPECIFIED.);
#3392 = CARTESIAN_POINT('',(26.170329308849,4.6,6.5));
#3393 = CARTESIAN_POINT('',(26.183381077031,4.619818864479,6.5));
#3394 = CARTESIAN_POINT('',(26.196179919751,4.639850780379,
    6.499672783924));
#3395 = CARTESIAN_POINT('',(26.208716933623,4.660086108956,
    6.499005429842));
#3396 = CARTESIAN_POINT('',(26.220983384244,4.680513689061,
    6.497985597967));
#3397 = CARTESIAN_POINT('',(26.232970706196,4.701120837148,
    6.496601530649));
#3398 = CARTESIAN_POINT('',(26.244670503048,4.721893347267,6.49484205238
    ));
#3399 = CARTESIAN_POINT('',(26.278211709532,4.783428880325,
    6.488531828343));
#3400 = CARTESIAN_POINT('',(26.299249763429,4.824633496479,
    6.482910212098));
#3401 = CARTESIAN_POINT('',(26.319110362349,4.866284424678,
    6.475755745642));
#3402 = CARTESIAN_POINT('',(26.337737406793,4.908231599151,
    6.467010089733));
#3403 = CARTESIAN_POINT('',(26.35509586653,4.950321862005,6.456633541046
    ));
#3404 = CARTESIAN_POINT('',(26.371170602672,4.992401022026,
    6.444606031906));
#3405 = CARTESIAN_POINT('',(26.404253013045,5.086127574336,
    6.414020658988));
#3406 = CARTESIAN_POINT('',(26.420557094077,5.137609303393,
    6.394617134364));
#3407 = CARTESIAN_POINT('',(26.434897179041,5.188482635142,
    6.372729181061));
#3408 = CARTESIAN_POINT('',(26.447333506916,5.238469071849,
    6.348415433959));
#3409 = CARTESIAN_POINT('',(26.457961130437,5.287297245931,
    6.321784186259));
#3410 = CARTESIAN_POINT('',(26.466904237088,5.334710082338,
    6.292996037824));
#3411 = CARTESIAN_POINT('',(26.478541261684,5.406613316767,
    6.244712398684));
#3412 = CARTESIAN_POINT('',(26.482272722519,5.43223056119,6.226515000104
    ));
#3413 = CARTESIAN_POINT('',(26.48553469661,5.457298623186,6.207699723503
    ));
#3414 = CARTESIAN_POINT('',(26.488357153287,5.481793927627,
    6.188294020143));
#3415 = CARTESIAN_POINT('',(26.490770187185,5.505694395282,
    6.168327416829));
#3416 = CARTESIAN_POINT('',(26.49280401824,5.52897944281,6.147831515911)
  );
#3417 = CARTESIAN_POINT('',(26.496457924781,5.578097698018,
    6.102310885071));
#3418 = CARTESIAN_POINT('',(26.497950423441,5.60370074672,6.07710357729)
  );
#3419 = CARTESIAN_POINT('',(26.499015684439,5.628424005581,
    6.051257631485));
#3420 = CARTESIAN_POINT('',(26.499700852177,5.652254173683,
    6.024812869652));
#3421 = CARTESIAN_POINT('',(26.500051018699,5.675179772478,
    5.997809376229));
#3422 = CARTESIAN_POINT('',(26.500109223684,5.697191145792,
    5.970287498105));
#3423 = CARTESIAN_POINT('',(26.499178768347,5.798984697809,
    5.835139233904));
#3424 = CARTESIAN_POINT('',(26.494764999595,5.866164261207,
    5.721023207344));
#3425 = CARTESIAN_POINT('',(26.488961071327,5.919783796528,
    5.601706291381));
#3426 = CARTESIAN_POINT('',(26.483453753005,5.959909745657,
    5.478687820214));
#3427 = CARTESIAN_POINT('',(26.479400354106,5.986631490342,
    5.353275253348));
#3428 = CARTESIAN_POINT('',(26.477371993329,6.,5.226657985859));
#3429 = CARTESIAN_POINT('',(26.477371993329,6.,5.1));
#3430 = PCURVE('',#2562,#3431);
#3431 = DEFINITIONAL_REPRESENTATION('',(#3432),#3471);
#3432 = B_SPLINE_CURVE_WITH_KNOTS('',7,(#3433,#3434,#3435,#3436,#3437,
    #3438,#3439,#3440,#3441,#3442,#3443,#3444,#3445,#3446,#3447,#3448,
    #3449,#3450,#3451,#3452,#3453,#3454,#3455,#3456,#3457,#3458,#3459,
    #3460,#3461,#3462,#3463,#3464,#3465,#3466,#3467,#3468,#3469,#3470),
  .UNSPECIFIED.,.F.,.F.,(8,6,6,6,6,6,8),(0.,6.924006756979E-02,
    0.203646648647,0.369788751222,0.464697001399,0.575599635348,1.),
  .UNSPECIFIED.);
#3433 = CARTESIAN_POINT('',(4.130024742516,5.5));
#3434 = CARTESIAN_POINT('',(4.141889986318,5.5));
#3435 = CARTESIAN_POINT('',(4.15377462637,5.499672783924));
#3436 = CARTESIAN_POINT('',(4.16567495442,5.499005429842));
#3437 = CARTESIAN_POINT('',(4.177586670074,5.497985597967));
#3438 = CARTESIAN_POINT('',(4.189504880797,5.496601530649));
#3439 = CARTESIAN_POINT('',(4.201424101911,5.49484205238));
#3440 = CARTESIAN_POINT('',(4.236465628565,5.488531828343));
#3441 = CARTESIAN_POINT('',(4.259589526293,5.482910212098));
#3442 = CARTESIAN_POINT('',(4.282647868214,5.475755745642));
#3443 = CARTESIAN_POINT('',(4.305581430036,5.467010089733));
#3444 = CARTESIAN_POINT('',(4.328333323966,5.456633541046));
#3445 = CARTESIAN_POINT('',(4.350848477926,5.444606031906));
#3446 = CARTESIAN_POINT('',(4.400545340211,5.414020658988));
#3447 = CARTESIAN_POINT('',(4.427531759932,5.394617134364));
#3448 = CARTESIAN_POINT('',(4.453938651721,5.372729181061));
#3449 = CARTESIAN_POINT('',(4.479672713306,5.348415433959));
#3450 = CARTESIAN_POINT('',(4.504642309491,5.321784186259));
#3451 = CARTESIAN_POINT('',(4.528758719294,5.292996037824));
#3452 = CARTESIAN_POINT('',(4.565178135348,5.244712398684));
#3453 = CARTESIAN_POINT('',(4.578120336557,5.226515000104));
#3454 = CARTESIAN_POINT('',(4.590757726806,5.207699723503));
#3455 = CARTESIAN_POINT('',(4.603084096976,5.188294020143));
#3456 = CARTESIAN_POINT('',(4.615093288728,5.168327416829));
#3457 = CARTESIAN_POINT('',(4.626779194508,5.147831515911));
#3458 = CARTESIAN_POINT('',(4.651406181878,5.102310885071));
#3459 = CARTESIAN_POINT('',(4.664227877835,5.07710357729));
#3460 = CARTESIAN_POINT('',(4.676598740223,5.051257631485));
#3461 = CARTESIAN_POINT('',(4.688516594919,5.024812869652));
#3462 = CARTESIAN_POINT('',(4.699979198862,4.997809376229));
#3463 = CARTESIAN_POINT('',(4.710984240056,4.970287498105));
#3464 = CARTESIAN_POINT('',(4.761883142253,4.835139233904));
#3465 = CARTESIAN_POINT('',(4.795491729376,4.721023207344));
#3466 = CARTESIAN_POINT('',(4.82243400081,4.601706291381));
#3467 = CARTESIAN_POINT('',(4.842682654165,4.478687820214));
#3468 = CARTESIAN_POINT('',(4.856196530879,4.353275253348));
#3469 = CARTESIAN_POINT('',(4.862957253161,4.226657985859));
#3470 = CARTESIAN_POINT('',(4.862957253161,4.1));
#3471 = ( GEOMETRIC_REPRESENTATION_CONTEXT(2) 
PARAMETRIC_REPRESENTATION_CONTEXT() REPRESENTATION_CONTEXT('2D SPACE',''
  ) );
#3472 = PCURVE('',#3473,#3478);
#3473 = CYLINDRICAL_SURFACE('',#3474,1.4);
#3474 = AXIS2_PLACEMENT_3D('',#3475,#3476,#3477);
#3475 = CARTESIAN_POINT('',(25.,4.6,5.1));
#3476 = DIRECTION('',(1.,0.,0.));
#3477 = DIRECTION('',(-0.,1.,0.));
#3478 = DEFINITIONAL_REPRESENTATION('',(#3479),#3518);
#3479 = B_SPLINE_CURVE_WITH_KNOTS('',7,(#3480,#3481,#3482,#3483,#3484,
    #3485,#3486,#3487,#3488,#3489,#3490,#3491,#3492,#3493,#3494,#3495,
    #3496,#3497,#3498,#3499,#3500,#3501,#3502,#3503,#3504,#3505,#3506,
    #3507,#3508,#3509,#3510,#3511,#3512,#3513,#3514,#3515,#3516,#3517),
  .UNSPECIFIED.,.F.,.F.,(8,6,6,6,6,6,8),(0.,6.924006756979E-02,
    0.203646648647,0.369788751222,0.464697001399,0.575599635348,1.),
  .UNSPECIFIED.);
#3480 = CARTESIAN_POINT('',(1.570796326795,1.170329308849));
#3481 = CARTESIAN_POINT('',(1.556639995024,1.183381077031));
#3482 = CARTESIAN_POINT('',(1.542331492158,1.196179919751));
#3483 = CARTESIAN_POINT('',(1.527873051435,1.208716933623));
#3484 = CARTESIAN_POINT('',(1.513267561172,1.220983384244));
#3485 = CARTESIAN_POINT('',(1.498518564766,1.232970706196));
#3486 = CARTESIAN_POINT('',(1.483630260692,1.244670503048));
#3487 = CARTESIAN_POINT('',(1.439445809899,1.278211709532));
#3488 = CARTESIAN_POINT('',(1.409757828771,1.299249763429));
#3489 = CARTESIAN_POINT('',(1.379600611949,1.319110362349));
#3490 = CARTESIAN_POINT('',(1.349029295478,1.337737406793));
#3491 = CARTESIAN_POINT('',(1.318097697829,1.35509586653));
#3492 = CARTESIAN_POINT('',(1.286858919107,1.371170602672));
#3493 = CARTESIAN_POINT('',(1.216436970547,1.404253013045));
#3494 = CARTESIAN_POINT('',(1.177178815407,1.420557094077));
#3495 = CARTESIAN_POINT('',(1.137687264932,1.434897179041));
#3496 = CARTESIAN_POINT('',(1.098060141787,1.447333506916));
#3497 = CARTESIAN_POINT('',(1.058400875581,1.457961130437));
#3498 = CARTESIAN_POINT('',(1.018822077243,1.466904237088));
#3499 = CARTESIAN_POINT('',(0.956957408738,1.478541261684));
#3500 = CARTESIAN_POINT('',(0.934520446546,1.482272722519));
#3501 = CARTESIAN_POINT('',(0.912144397777,1.48553469661));
#3502 = CARTESIAN_POINT('',(0.889836043155,1.488357153287));
#3503 = CARTESIAN_POINT('',(0.86760277317,1.490770187185));
#3504 = CARTESIAN_POINT('',(0.845452588077,1.49280401824));
#3505 = CARTESIAN_POINT('',(0.79761820742,1.496457924781));
#3506 = CARTESIAN_POINT('',(0.771966051887,1.497950423441));
#3507 = CARTESIAN_POINT('',(0.746436744046,1.499015684439));
#3508 = CARTESIAN_POINT('',(0.721029829539,1.499700852177));
#3509 = CARTESIAN_POINT('',(0.695745286897,1.500051018699));
#3510 = CARTESIAN_POINT('',(0.670583527542,1.500109223684));
#3511 = CARTESIAN_POINT('',(0.549729887461,1.499178768347));
#3512 = CARTESIAN_POINT('',(0.455751165359,1.494764999595));
#3513 = CARTESIAN_POINT('',(0.363195745344,1.488961071327));
#3514 = CARTESIAN_POINT('',(0.271700857373,1.483453753005));
#3515 = CARTESIAN_POINT('',(0.180910867682,1.479400354106));
#3516 = CARTESIAN_POINT('',(9.046998989932E-02,1.477371993329));
#3517 = CARTESIAN_POINT('',(0.,1.477371993329));
#3518 = ( GEOMETRIC_REPRESENTATION_CONTEXT(2) 
PARAMETRIC_REPRESENTATION_CONTEXT() REPRESENTATION_CONTEXT('2D SPACE',''
  ) );
#3519 = ORIENTED_EDGE('',*,*,#3520,.F.);
#3520 = EDGE_CURVE('',#3521,#3388,#3523,.T.);
#3521 = VERTEX_POINT('',#3522);
#3522 = CARTESIAN_POINT('',(26.477371993329,6.,2.4));
#3523 = SURFACE_CURVE('',#3524,(#3528,#3534),.PCURVE_S1.);
#3524 = LINE('',#3525,#3526);
#3525 = CARTESIAN_POINT('',(26.477371993329,6.,1.));
#3526 = VECTOR('',#3527,1.);
#3527 = DIRECTION('',(0.,0.,1.));
#3528 = PCURVE('',#2562,#3529);
#3529 = DEFINITIONAL_REPRESENTATION('',(#3530),#3533);
#3530 = B_SPLINE_CURVE_WITH_KNOTS('',1,(#3531,#3532),.UNSPECIFIED.,.F.,
  .F.,(2,2),(1.13,4.37),.PIECEWISE_BEZIER_KNOTS.);
#3531 = CARTESIAN_POINT('',(4.862957253161,1.13));
#3532 = CARTESIAN_POINT('',(4.862957253161,4.37));
#3533 = ( GEOMETRIC_REPRESENTATION_CONTEXT(2) 
PARAMETRIC_REPRESENTATION_CONTEXT() REPRESENTATION_CONTEXT('2D SPACE',''
  ) );
#3534 = PCURVE('',#3535,#3540);
#3535 = PLANE('',#3536);
#3536 = AXIS2_PLACEMENT_3D('',#3537,#3538,#3539);
#3537 = CARTESIAN_POINT('',(25.,6.,1.));
#3538 = DIRECTION('',(0.,1.,0.));
#3539 = DIRECTION('',(0.,0.,1.));
#3540 = DEFINITIONAL_REPRESENTATION('',(#3541),#3544);
#3541 = B_SPLINE_CURVE_WITH_KNOTS('',1,(#3542,#3543),.UNSPECIFIED.,.F.,
  .F.,(2,2),(1.13,4.37),.PIECEWISE_BEZIER_KNOTS.);
#3542 = CARTESIAN_POINT('',(1.13,1.477371993329));
#3543 = CARTESIAN_POINT('',(4.37,1.477371993329));
#3544 = ( GEOMETRIC_REPRESENTATION_CONTEXT(2) 
PARAMETRIC_REPRESENTATION_CONTEXT() REPRESENTATION_CONTEXT('2D SPACE',''
  ) );
#3545 = ORIENTED_EDGE('',*,*,#3546,.F.);
#3546 = EDGE_CURVE('',#3547,#3521,#3549,.T.);
#3547 = VERTEX_POINT('',#3548);
#3548 = CARTESIAN_POINT('',(26.170329308849,4.6,1.));
#3549 = SURFACE_CURVE('',#3550,(#3589,#3631),.PCURVE_S1.);
#3550 = B_SPLINE_CURVE_WITH_KNOTS('',7,(#3551,#3552,#3553,#3554,#3555,
    #3556,#3557,#3558,#3559,#3560,#3561,#3562,#3563,#3564,#3565,#3566,
    #3567,#3568,#3569,#3570,#3571,#3572,#3573,#3574,#3575,#3576,#3577,
    #3578,#3579,#3580,#3581,#3582,#3583,#3584,#3585,#3586,#3587,#3588),
  .UNSPECIFIED.,.F.,.F.,(8,6,6,6,6,6,8),(0.,6.924008517226E-02,
    0.203646700419,0.369788845231,0.464697099233,0.575599713961,1.),
  .UNSPECIFIED.);
#3551 = CARTESIAN_POINT('',(26.170329308849,4.6,1.));
#3552 = CARTESIAN_POINT('',(26.183381077031,4.619818864479,1.));
#3553 = CARTESIAN_POINT('',(26.196179919751,4.639850780379,
    1.000327216076));
#3554 = CARTESIAN_POINT('',(26.208716933623,4.660086108956,
    1.000994570158));
#3555 = CARTESIAN_POINT('',(26.220983384244,4.680513689061,
    1.002014402033));
#3556 = CARTESIAN_POINT('',(26.232970706196,4.701120837148,
    1.003398469351));
#3557 = CARTESIAN_POINT('',(26.244670503048,4.721893347267,1.00515794762
    ));
#3558 = CARTESIAN_POINT('',(26.278211709532,4.783428880325,
    1.011468171657));
#3559 = CARTESIAN_POINT('',(26.299249763429,4.824633496479,
    1.017089787902));
#3560 = CARTESIAN_POINT('',(26.319110362349,4.866284424678,
    1.024244254358));
#3561 = CARTESIAN_POINT('',(26.337737406793,4.908231599151,
    1.032989910267));
#3562 = CARTESIAN_POINT('',(26.35509586653,4.950321862005,1.043366458954
    ));
#3563 = CARTESIAN_POINT('',(26.371170602672,4.992401022026,
    1.055393968094));
#3564 = CARTESIAN_POINT('',(26.404253013045,5.086127574336,
    1.085979341012));
#3565 = CARTESIAN_POINT('',(26.420557094077,5.137609303393,
    1.105382865636));
#3566 = CARTESIAN_POINT('',(26.434897179041,5.188482635142,
    1.127270818939));
#3567 = CARTESIAN_POINT('',(26.447333506916,5.238469071849,
    1.151584566041));
#3568 = CARTESIAN_POINT('',(26.457961130437,5.287297245931,
    1.178215813741));
#3569 = CARTESIAN_POINT('',(26.466904237088,5.334710082338,
    1.207003962176));
#3570 = CARTESIAN_POINT('',(26.478541260779,5.406613311175,
    1.255287597561));
#3571 = CARTESIAN_POINT('',(26.48227272216,5.432230560103,1.273484999696
    ));
#3572 = CARTESIAN_POINT('',(26.485534696981,5.457298627028,
    1.292300279798));
#3573 = CARTESIAN_POINT('',(26.488357153885,5.481793931884,
    1.311705982971));
#3574 = CARTESIAN_POINT('',(26.490770187392,5.505694395232,
    1.331672582504));
#3575 = CARTESIAN_POINT('',(26.492804017901,5.528979438255,
    1.352168479868));
#3576 = CARTESIAN_POINT('',(26.496457924756,5.578097697685,
    1.397689114621));
#3577 = CARTESIAN_POINT('',(26.497950423426,5.603700746647,
    1.422896422688));
#3578 = CARTESIAN_POINT('',(26.499015684442,5.628424005798,
    1.448742368777));
#3579 = CARTESIAN_POINT('',(26.499700852191,5.652254173932,
    1.475187130601));
#3580 = CARTESIAN_POINT('',(26.50005101871,5.675179772486,1.502190623723
    ));
#3581 = CARTESIAN_POINT('',(26.500109223686,5.697191145541,
    1.529712501561));
#3582 = CARTESIAN_POINT('',(26.499178768347,5.798984697809,
    1.664860766095));
#3583 = CARTESIAN_POINT('',(26.494764999595,5.866164261208,
    1.778976792656));
#3584 = CARTESIAN_POINT('',(26.488961071327,5.919783796529,1.89829370862
    ));
#3585 = CARTESIAN_POINT('',(26.483453753005,5.959909745656,
    2.021312179786));
#3586 = CARTESIAN_POINT('',(26.479400354106,5.986631490342,
    2.146724746649));
#3587 = CARTESIAN_POINT('',(26.477371993329,6.,2.273342014143));
#3588 = CARTESIAN_POINT('',(26.477371993329,6.,2.4));
#3589 = PCURVE('',#2562,#3590);
#3590 = DEFINITIONAL_REPRESENTATION('',(#3591),#3630);
#3591 = B_SPLINE_CURVE_WITH_KNOTS('',7,(#3592,#3593,#3594,#3595,#3596,
    #3597,#3598,#3599,#3600,#3601,#3602,#3603,#3604,#3605,#3606,#3607,
    #3608,#3609,#3610,#3611,#3612,#3613,#3614,#3615,#3616,#3617,#3618,
    #3619,#3620,#3621,#3622,#3623,#3624,#3625,#3626,#3627,#3628,#3629),
  .UNSPECIFIED.,.F.,.F.,(8,6,6,6,6,6,8),(0.,6.924008517226E-02,
    0.203646700419,0.369788845231,0.464697099233,0.575599713961,1.),
  .UNSPECIFIED.);
#3592 = CARTESIAN_POINT('',(4.130024742516,-4.440892098501E-16));
#3593 = CARTESIAN_POINT('',(4.141889986318,-4.411885367479E-16));
#3594 = CARTESIAN_POINT('',(4.15377462637,3.272160761993E-04));
#3595 = CARTESIAN_POINT('',(4.16567495442,9.945701575868E-04));
#3596 = CARTESIAN_POINT('',(4.177586670074,2.01440203294E-03));
#3597 = CARTESIAN_POINT('',(4.189504880797,3.398469350825E-03));
#3598 = CARTESIAN_POINT('',(4.201424101911,5.157947619598E-03));
#3599 = CARTESIAN_POINT('',(4.236465628565,1.146817165711E-02));
#3600 = CARTESIAN_POINT('',(4.259589526293,1.708978790178E-02));
#3601 = CARTESIAN_POINT('',(4.282647868214,2.424425435821E-02));
#3602 = CARTESIAN_POINT('',(4.305581430036,3.298991026675E-02));
#3603 = CARTESIAN_POINT('',(4.328333323966,4.336645895374E-02));
#3604 = CARTESIAN_POINT('',(4.350848477926,5.539396809397E-02));
#3605 = CARTESIAN_POINT('',(4.400545340211,8.597934101189E-02));
#3606 = CARTESIAN_POINT('',(4.427531759932,0.105382865636));
#3607 = CARTESIAN_POINT('',(4.453938651721,0.127270818939));
#3608 = CARTESIAN_POINT('',(4.479672713306,0.151584566041));
#3609 = CARTESIAN_POINT('',(4.504642309491,0.178215813741));
#3610 = CARTESIAN_POINT('',(4.528758719294,0.207003962176));
#3611 = CARTESIAN_POINT('',(4.565178132516,0.255287597561));
#3612 = CARTESIAN_POINT('',(4.578120335995,0.273484999696));
#3613 = CARTESIAN_POINT('',(4.590757728737,0.292300279798));
#3614 = CARTESIAN_POINT('',(4.603084099126,0.311705982971));
#3615 = CARTESIAN_POINT('',(4.615093288716,0.331672582504));
#3616 = CARTESIAN_POINT('',(4.626779192224,0.352168479868));
#3617 = CARTESIAN_POINT('',(4.651406181712,0.397689114621));
#3618 = CARTESIAN_POINT('',(4.664227877798,0.422896422688));
#3619 = CARTESIAN_POINT('',(4.676598740332,0.448742368777));
#3620 = CARTESIAN_POINT('',(4.688516595044,0.475187130601));
#3621 = CARTESIAN_POINT('',(4.699979198866,0.502190623723));
#3622 = CARTESIAN_POINT('',(4.71098423993,0.529712501561));
#3623 = CARTESIAN_POINT('',(4.761883142253,0.664860766095));
#3624 = CARTESIAN_POINT('',(4.795491729376,0.778976792656));
#3625 = CARTESIAN_POINT('',(4.82243400081,0.89829370862));
#3626 = CARTESIAN_POINT('',(4.842682654164,1.021312179786));
#3627 = CARTESIAN_POINT('',(4.856196530879,1.146724746649));
#3628 = CARTESIAN_POINT('',(4.862957253161,1.273342014143));
#3629 = CARTESIAN_POINT('',(4.862957253161,1.4));
#3630 = ( GEOMETRIC_REPRESENTATION_CONTEXT(2) 
PARAMETRIC_REPRESENTATION_CONTEXT() REPRESENTATION_CONTEXT('2D SPACE',''
  ) );
#3631 = PCURVE('',#3632,#3637);
#3632 = CYLINDRICAL_SURFACE('',#3633,1.4);
#3633 = AXIS2_PLACEMENT_3D('',#3634,#3635,#3636);
#3634 = CARTESIAN_POINT('',(25.,4.6,2.4));
#3635 = DIRECTION('',(1.,0.,0.));
#3636 = DIRECTION('',(-0.,1.,0.));
#3637 = DEFINITIONAL_REPRESENTATION('',(#3638),#3677);
#3638 = B_SPLINE_CURVE_WITH_KNOTS('',7,(#3639,#3640,#3641,#3642,#3643,
    #3644,#3645,#3646,#3647,#3648,#3649,#3650,#3651,#3652,#3653,#3654,
    #3655,#3656,#3657,#3658,#3659,#3660,#3661,#3662,#3663,#3664,#3665,
    #3666,#3667,#3668,#3669,#3670,#3671,#3672,#3673,#3674,#3675,#3676),
  .UNSPECIFIED.,.F.,.F.,(8,6,6,6,6,6,8),(0.,6.924008517226E-02,
    0.203646700419,0.369788845231,0.464697099233,0.575599713961,1.),
  .UNSPECIFIED.);
#3639 = CARTESIAN_POINT('',(-1.570796326795,1.170329308849));
#3640 = CARTESIAN_POINT('',(-1.556639995024,1.183381077031));
#3641 = CARTESIAN_POINT('',(-1.542331492158,1.196179919751));
#3642 = CARTESIAN_POINT('',(-1.527873051435,1.208716933623));
#3643 = CARTESIAN_POINT('',(-1.513267561172,1.220983384244));
#3644 = CARTESIAN_POINT('',(-1.498518564766,1.232970706196));
#3645 = CARTESIAN_POINT('',(-1.483630260692,1.244670503048));
#3646 = CARTESIAN_POINT('',(-1.439445809899,1.278211709532));
#3647 = CARTESIAN_POINT('',(-1.409757828771,1.299249763429));
#3648 = CARTESIAN_POINT('',(-1.379600611949,1.319110362349));
#3649 = CARTESIAN_POINT('',(-1.349029295478,1.337737406793));
#3650 = CARTESIAN_POINT('',(-1.318097697829,1.35509586653));
#3651 = CARTESIAN_POINT('',(-1.286858919107,1.371170602672));
#3652 = CARTESIAN_POINT('',(-1.216436970547,1.404253013045));
#3653 = CARTESIAN_POINT('',(-1.177178815407,1.420557094077));
#3654 = CARTESIAN_POINT('',(-1.137687264932,1.434897179041));
#3655 = CARTESIAN_POINT('',(-1.098060141787,1.447333506916));
#3656 = CARTESIAN_POINT('',(-1.058400875581,1.457961130437));
#3657 = CARTESIAN_POINT('',(-1.018822077243,1.466904237088));
#3658 = CARTESIAN_POINT('',(-0.95695741355,1.478541260779));
#3659 = CARTESIAN_POINT('',(-0.934520447247,1.48227272216));
#3660 = CARTESIAN_POINT('',(-0.912144394153,1.485534696981));
#3661 = CARTESIAN_POINT('',(-0.889836039381,1.488357153885));
#3662 = CARTESIAN_POINT('',(-0.867602773496,1.490770187392));
#3663 = CARTESIAN_POINT('',(-0.845452592512,1.492804017901));
#3664 = CARTESIAN_POINT('',(-0.797618207743,1.496457924756));
#3665 = CARTESIAN_POINT('',(-0.771966051934,1.497950423426));
#3666 = CARTESIAN_POINT('',(-0.746436743803,1.499015684442));
#3667 = CARTESIAN_POINT('',(-0.721029829286,1.499700852191));
#3668 = CARTESIAN_POINT('',(-0.695745286919,1.50005101871));
#3669 = CARTESIAN_POINT('',(-0.67058352784,1.500109223686));
#3670 = CARTESIAN_POINT('',(-0.549729887462,1.499178768347));
#3671 = CARTESIAN_POINT('',(-0.455751165359,1.494764999595));
#3672 = CARTESIAN_POINT('',(-0.363195745343,1.488961071327));
#3673 = CARTESIAN_POINT('',(-0.271700857373,1.483453753005));
#3674 = CARTESIAN_POINT('',(-0.180910867684,1.479400354106));
#3675 = CARTESIAN_POINT('',(-9.046998989815E-02,1.477371993329));
#3676 = CARTESIAN_POINT('',(0.,1.477371993329));
#3677 = ( GEOMETRIC_REPRESENTATION_CONTEXT(2) 
PARAMETRIC_REPRESENTATION_CONTEXT() REPRESENTATION_CONTEXT('2D SPACE',''
  ) );
#3678 = ORIENTED_EDGE('',*,*,#3679,.F.);
#3679 = EDGE_CURVE('',#3680,#3547,#3682,.T.);
#3680 = VERTEX_POINT('',#3681);
#3681 = CARTESIAN_POINT('',(23.188550420336,4.19,1.));
#3682 = SURFACE_CURVE('',#3683,(#3688,#3695),.PCURVE_S1.);
#3683 = CIRCLE('',#3684,2.);
#3684 = AXIS2_PLACEMENT_3D('',#3685,#3686,#3687);
#3685 = CARTESIAN_POINT('',(24.5,5.7,1.));
#3686 = DIRECTION('',(8.628166150855E-32,4.024558464266E-16,-1.));
#3687 = DIRECTION('',(1.,-3.472455911352E-47,8.628166150855E-32));
#3688 = PCURVE('',#2562,#3689);
#3689 = DEFINITIONAL_REPRESENTATION('',(#3690),#3694);
#3690 = LINE('',#3691,#3692);
#3691 = CARTESIAN_POINT('',(10.995574287564,-5.551115123126E-16));
#3692 = VECTOR('',#3693,1.);
#3693 = DIRECTION('',(-1.,0.));
#3694 = ( GEOMETRIC_REPRESENTATION_CONTEXT(2) 
PARAMETRIC_REPRESENTATION_CONTEXT() REPRESENTATION_CONTEXT('2D SPACE',''
  ) );
#3695 = PCURVE('',#3696,#3701);
#3696 = PLANE('',#3697);
#3697 = AXIS2_PLACEMENT_3D('',#3698,#3699,#3700);
#3698 = CARTESIAN_POINT('',(1.,-4.496403249732E-14,1.));
#3699 = DIRECTION('',(-8.628166150855E-32,-4.024558464266E-16,1.));
#3700 = DIRECTION('',(1.,-4.375557617246E-62,8.628166150855E-32));
#3701 = DEFINITIONAL_REPRESENTATION('',(#3702),#3710);
#3702 = ( BOUNDED_CURVE() B_SPLINE_CURVE(2,(#3703,#3704,#3705,#3706,
#3707,#3708,#3709),.UNSPECIFIED.,.T.,.F.) B_SPLINE_CURVE_WITH_KNOTS((1,2
    ,2,2,2,1),(-2.094395102393,0.,2.094395102393,4.188790204786,
6.28318530718,8.377580409573),.UNSPECIFIED.) CURVE() 
GEOMETRIC_REPRESENTATION_ITEM() RATIONAL_B_SPLINE_CURVE((1.,0.5,1.,0.5,
1.,0.5,1.)) REPRESENTATION_ITEM('') );
#3703 = CARTESIAN_POINT('',(25.5,5.7));
#3704 = CARTESIAN_POINT('',(25.5,2.235898384862));
#3705 = CARTESIAN_POINT('',(22.5,3.967949192431));
#3706 = CARTESIAN_POINT('',(19.5,5.7));
#3707 = CARTESIAN_POINT('',(22.5,7.432050807569));
#3708 = CARTESIAN_POINT('',(25.5,9.164101615138));
#3709 = CARTESIAN_POINT('',(25.5,5.7));
#3710 = ( GEOMETRIC_REPRESENTATION_CONTEXT(2) 
PARAMETRIC_REPRESENTATION_CONTEXT() REPRESENTATION_CONTEXT('2D SPACE',''
  ) );
#3711 = ORIENTED_EDGE('',*,*,#3712,.T.);
#3712 = EDGE_CURVE('',#3680,#2546,#3713,.T.);
#3713 = SURFACE_CURVE('',#3714,(#3718,#3725),.PCURVE_S1.);
#3714 = LINE('',#3715,#3716);
#3715 = CARTESIAN_POINT('',(23.188550420336,4.19,1.));
#3716 = VECTOR('',#3717,1.);
#3717 = DIRECTION('',(0.,0.,1.));
#3718 = PCURVE('',#2562,#3719);
#3719 = DEFINITIONAL_REPRESENTATION('',(#3720),#3724);
#3720 = LINE('',#3721,#3722);
#3721 = CARTESIAN_POINT('',(8.709635753478,9.992007221626E-15));
#3722 = VECTOR('',#3723,1.);
#3723 = DIRECTION('',(0.,1.));
#3724 = ( GEOMETRIC_REPRESENTATION_CONTEXT(2) 
PARAMETRIC_REPRESENTATION_CONTEXT() REPRESENTATION_CONTEXT('2D SPACE',''
  ) );
#3725 = PCURVE('',#2588,#3726);
#3726 = DEFINITIONAL_REPRESENTATION('',(#3727),#3731);
#3727 = LINE('',#3728,#3729);
#3728 = CARTESIAN_POINT('',(0.,0.));
#3729 = VECTOR('',#3730,1.);
#3730 = DIRECTION('',(8.628166150855E-32,1.));
#3731 = ( GEOMETRIC_REPRESENTATION_CONTEXT(2) 
PARAMETRIC_REPRESENTATION_CONTEXT() REPRESENTATION_CONTEXT('2D SPACE',''
  ) );
#3732 = ADVANCED_FACE('',(#3733),#2588,.T.);
#3733 = FACE_BOUND('',#3734,.T.);
#3734 = EDGE_LOOP('',(#3735,#3736,#3737,#3760,#3786,#3805));
#3735 = ORIENTED_EDGE('',*,*,#2574,.F.);
#3736 = ORIENTED_EDGE('',*,*,#3712,.F.);
#3737 = ORIENTED_EDGE('',*,*,#3738,.F.);
#3738 = EDGE_CURVE('',#3739,#3680,#3741,.T.);
#3739 = VERTEX_POINT('',#3740);
#3740 = CARTESIAN_POINT('',(25.,4.19,1.));
#3741 = SURFACE_CURVE('',#3742,(#3746,#3753),.PCURVE_S1.);
#3742 = LINE('',#3743,#3744);
#3743 = CARTESIAN_POINT('',(12.094275210168,4.19,1.));
#3744 = VECTOR('',#3745,1.);
#3745 = DIRECTION('',(-1.,0.,-8.628166150855E-32));
#3746 = PCURVE('',#2588,#3747);
#3747 = DEFINITIONAL_REPRESENTATION('',(#3748),#3752);
#3748 = LINE('',#3749,#3750);
#3749 = CARTESIAN_POINT('',(-11.09427521016,9.572324983664E-31));
#3750 = VECTOR('',#3751,1.);
#3751 = DIRECTION('',(-1.,0.));
#3752 = ( GEOMETRIC_REPRESENTATION_CONTEXT(2) 
PARAMETRIC_REPRESENTATION_CONTEXT() REPRESENTATION_CONTEXT('2D SPACE',''
  ) );
#3753 = PCURVE('',#3696,#3754);
#3754 = DEFINITIONAL_REPRESENTATION('',(#3755),#3759);
#3755 = LINE('',#3756,#3757);
#3756 = CARTESIAN_POINT('',(11.094275210168,4.19));
#3757 = VECTOR('',#3758,1.);
#3758 = DIRECTION('',(-1.,0.));
#3759 = ( GEOMETRIC_REPRESENTATION_CONTEXT(2) 
PARAMETRIC_REPRESENTATION_CONTEXT() REPRESENTATION_CONTEXT('2D SPACE',''
  ) );
#3760 = ORIENTED_EDGE('',*,*,#3761,.T.);
#3761 = EDGE_CURVE('',#3739,#3762,#3764,.T.);
#3762 = VERTEX_POINT('',#3763);
#3763 = CARTESIAN_POINT('',(25.,4.19,6.5));
#3764 = SURFACE_CURVE('',#3765,(#3769,#3775),.PCURVE_S1.);
#3765 = LINE('',#3766,#3767);
#3766 = CARTESIAN_POINT('',(25.,4.19,1.));
#3767 = VECTOR('',#3768,1.);
#3768 = DIRECTION('',(-0.,0.,1.));
#3769 = PCURVE('',#2588,#3770);
#3770 = DEFINITIONAL_REPRESENTATION('',(#3771),#3774);
#3771 = B_SPLINE_CURVE_WITH_KNOTS('',1,(#3772,#3773),.UNSPECIFIED.,.F.,
  .F.,(2,2),(5.107025913276E-15,5.5),.PIECEWISE_BEZIER_KNOTS.);
#3772 = CARTESIAN_POINT('',(1.811449579664,0.));
#3773 = CARTESIAN_POINT('',(1.811449579664,5.5));
#3774 = ( GEOMETRIC_REPRESENTATION_CONTEXT(2) 
PARAMETRIC_REPRESENTATION_CONTEXT() REPRESENTATION_CONTEXT('2D SPACE',''
  ) );
#3775 = PCURVE('',#3776,#3781);
#3776 = PLANE('',#3777);
#3777 = AXIS2_PLACEMENT_3D('',#3778,#3779,#3780);
#3778 = CARTESIAN_POINT('',(25.,-6.,1.));
#3779 = DIRECTION('',(1.,0.,0.));
#3780 = DIRECTION('',(0.,0.,1.));
#3781 = DEFINITIONAL_REPRESENTATION('',(#3782),#3785);
#3782 = B_SPLINE_CURVE_WITH_KNOTS('',1,(#3783,#3784),.UNSPECIFIED.,.F.,
  .F.,(2,2),(5.107025913276E-15,5.5),.PIECEWISE_BEZIER_KNOTS.);
#3783 = CARTESIAN_POINT('',(9.992007221626E-15,-10.19));
#3784 = CARTESIAN_POINT('',(5.5,-10.19));
#3785 = ( GEOMETRIC_REPRESENTATION_CONTEXT(2) 
PARAMETRIC_REPRESENTATION_CONTEXT() REPRESENTATION_CONTEXT('2D SPACE',''
  ) );
#3786 = ORIENTED_EDGE('',*,*,#3787,.F.);
#3787 = EDGE_CURVE('',#3336,#3762,#3788,.T.);
#3788 = SURFACE_CURVE('',#3789,(#3793,#3799),.PCURVE_S1.);
#3789 = LINE('',#3790,#3791);
#3790 = CARTESIAN_POINT('',(24.094275210168,4.19,6.5));
#3791 = VECTOR('',#3792,1.);
#3792 = DIRECTION('',(-1.,0.,0.));
#3793 = PCURVE('',#2588,#3794);
#3794 = DEFINITIONAL_REPRESENTATION('',(#3795),#3798);
#3795 = B_SPLINE_CURVE_WITH_KNOTS('',1,(#3796,#3797),.UNSPECIFIED.,.F.,
  .F.,(2,2),(-1.717174369496,-0.905724789832),.PIECEWISE_BEZIER_KNOTS.);
#3796 = CARTESIAN_POINT('',(2.622899159327,5.5));
#3797 = CARTESIAN_POINT('',(1.811449579664,5.5));
#3798 = ( GEOMETRIC_REPRESENTATION_CONTEXT(2) 
PARAMETRIC_REPRESENTATION_CONTEXT() REPRESENTATION_CONTEXT('2D SPACE',''
  ) );
#3799 = PCURVE('',#3375,#3800);
#3800 = DEFINITIONAL_REPRESENTATION('',(#3801),#3804);
#3801 = B_SPLINE_CURVE_WITH_KNOTS('',1,(#3802,#3803),.UNSPECIFIED.,.F.,
  .F.,(2,2),(-1.717174369496,-0.905724789832),.PIECEWISE_BEZIER_KNOTS.);
#3802 = CARTESIAN_POINT('',(0.811449579664,10.19));
#3803 = CARTESIAN_POINT('',(0.,10.19));
#3804 = ( GEOMETRIC_REPRESENTATION_CONTEXT(2) 
PARAMETRIC_REPRESENTATION_CONTEXT() REPRESENTATION_CONTEXT('2D SPACE',''
  ) );
#3805 = ORIENTED_EDGE('',*,*,#3335,.T.);
#3806 = ADVANCED_FACE('',(#3807),#2619,.T.);
#3807 = FACE_BOUND('',#3808,.T.);
#3808 = EDGE_LOOP('',(#3809,#3810,#3833,#3864));
#3809 = ORIENTED_EDGE('',*,*,#2602,.F.);
#3810 = ORIENTED_EDGE('',*,*,#3811,.T.);
#3811 = EDGE_CURVE('',#2603,#3812,#3814,.T.);
#3812 = VERTEX_POINT('',#3813);
#3813 = CARTESIAN_POINT('',(-24.5,5.7,1.));
#3814 = SEAM_CURVE('',#3815,(#3819,#3826),.PCURVE_S1.);
#3815 = LINE('',#3816,#3817);
#3816 = CARTESIAN_POINT('',(-24.5,5.7,1.));
#3817 = VECTOR('',#3818,1.);
#3818 = DIRECTION('',(0.,0.,-1.));
#3819 = PCURVE('',#2619,#3820);
#3820 = DEFINITIONAL_REPRESENTATION('',(#3821),#3825);
#3821 = LINE('',#3822,#3823);
#3822 = CARTESIAN_POINT('',(-3.14159265359,0.));
#3823 = VECTOR('',#3824,1.);
#3824 = DIRECTION('',(0.,-1.));
#3825 = ( GEOMETRIC_REPRESENTATION_CONTEXT(2) 
PARAMETRIC_REPRESENTATION_CONTEXT() REPRESENTATION_CONTEXT('2D SPACE',''
  ) );
#3826 = PCURVE('',#2619,#3827);
#3827 = DEFINITIONAL_REPRESENTATION('',(#3828),#3832);
#3828 = LINE('',#3829,#3830);
#3829 = CARTESIAN_POINT('',(3.14159265359,0.));
#3830 = VECTOR('',#3831,1.);
#3831 = DIRECTION('',(0.,-1.));
#3832 = ( GEOMETRIC_REPRESENTATION_CONTEXT(2) 
PARAMETRIC_REPRESENTATION_CONTEXT() REPRESENTATION_CONTEXT('2D SPACE',''
  ) );
#3833 = ORIENTED_EDGE('',*,*,#3834,.F.);
#3834 = EDGE_CURVE('',#3812,#3812,#3835,.T.);
#3835 = SURFACE_CURVE('',#3836,(#3841,#3848),.PCURVE_S1.);
#3836 = CIRCLE('',#3837,2.);
#3837 = AXIS2_PLACEMENT_3D('',#3838,#3839,#3840);
#3838 = CARTESIAN_POINT('',(-22.5,5.7,1.));
#3839 = DIRECTION('',(8.628166150855E-32,4.024558464266E-16,-1.));
#3840 = DIRECTION('',(1.,-3.472455911352E-47,8.628166150855E-32));
#3841 = PCURVE('',#2619,#3842);
#3842 = DEFINITIONAL_REPRESENTATION('',(#3843),#3847);
#3843 = LINE('',#3844,#3845);
#3844 = CARTESIAN_POINT('',(6.28318530718,0.));
#3845 = VECTOR('',#3846,1.);
#3846 = DIRECTION('',(-1.,0.));
#3847 = ( GEOMETRIC_REPRESENTATION_CONTEXT(2) 
PARAMETRIC_REPRESENTATION_CONTEXT() REPRESENTATION_CONTEXT('2D SPACE',''
  ) );
#3848 = PCURVE('',#3849,#3854);
#3849 = PLANE('',#3850);
#3850 = AXIS2_PLACEMENT_3D('',#3851,#3852,#3853);
#3851 = CARTESIAN_POINT('',(1.,-4.496403249732E-14,1.));
#3852 = DIRECTION('',(-8.628166150855E-32,-4.024558464266E-16,1.));
#3853 = DIRECTION('',(1.,-4.375557617246E-62,8.628166150855E-32));
#3854 = DEFINITIONAL_REPRESENTATION('',(#3855),#3863);
#3855 = ( BOUNDED_CURVE() B_SPLINE_CURVE(2,(#3856,#3857,#3858,#3859,
#3860,#3861,#3862),.UNSPECIFIED.,.T.,.F.) B_SPLINE_CURVE_WITH_KNOTS((1,2
    ,2,2,2,1),(-2.094395102393,0.,2.094395102393,4.188790204786,
6.28318530718,8.377580409573),.UNSPECIFIED.) CURVE() 
GEOMETRIC_REPRESENTATION_ITEM() RATIONAL_B_SPLINE_CURVE((1.,0.5,1.,0.5,
1.,0.5,1.)) REPRESENTATION_ITEM('') );
#3856 = CARTESIAN_POINT('',(-21.5,5.7));
#3857 = CARTESIAN_POINT('',(-21.5,2.235898384862));
#3858 = CARTESIAN_POINT('',(-24.5,3.967949192431));
#3859 = CARTESIAN_POINT('',(-27.5,5.7));
#3860 = CARTESIAN_POINT('',(-24.5,7.432050807569));
#3861 = CARTESIAN_POINT('',(-21.5,9.164101615138));
#3862 = CARTESIAN_POINT('',(-21.5,5.7));
#3863 = ( GEOMETRIC_REPRESENTATION_CONTEXT(2) 
PARAMETRIC_REPRESENTATION_CONTEXT() REPRESENTATION_CONTEXT('2D SPACE',''
  ) );
#3864 = ORIENTED_EDGE('',*,*,#3811,.F.);
#3865 = ADVANCED_FACE('',(#3866),#3165,.F.);
#3866 = FACE_BOUND('',#3867,.F.);
#3867 = EDGE_LOOP('',(#3868,#3891,#3912,#3913));
#3868 = ORIENTED_EDGE('',*,*,#3869,.F.);
#3869 = EDGE_CURVE('',#3870,#3204,#3872,.T.);
#3870 = VERTEX_POINT('',#3871);
#3871 = CARTESIAN_POINT('',(25.,-4.6,6.5));
#3872 = SURFACE_CURVE('',#3873,(#3877,#3884),.PCURVE_S1.);
#3873 = LINE('',#3874,#3875);
#3874 = CARTESIAN_POINT('',(25.,-6.,6.5));
#3875 = VECTOR('',#3876,1.);
#3876 = DIRECTION('',(0.,1.,0.));
#3877 = PCURVE('',#3165,#3878);
#3878 = DEFINITIONAL_REPRESENTATION('',(#3879),#3883);
#3879 = LINE('',#3880,#3881);
#3880 = CARTESIAN_POINT('',(0.,0.));
#3881 = VECTOR('',#3882,1.);
#3882 = DIRECTION('',(0.,1.));
#3883 = ( GEOMETRIC_REPRESENTATION_CONTEXT(2) 
PARAMETRIC_REPRESENTATION_CONTEXT() REPRESENTATION_CONTEXT('2D SPACE',''
  ) );
#3884 = PCURVE('',#3239,#3885);
#3885 = DEFINITIONAL_REPRESENTATION('',(#3886),#3890);
#3886 = LINE('',#3887,#3888);
#3887 = CARTESIAN_POINT('',(5.5,0.));
#3888 = VECTOR('',#3889,1.);
#3889 = DIRECTION('',(0.,-1.));
#3890 = ( GEOMETRIC_REPRESENTATION_CONTEXT(2) 
PARAMETRIC_REPRESENTATION_CONTEXT() REPRESENTATION_CONTEXT('2D SPACE',''
  ) );
#3891 = ORIENTED_EDGE('',*,*,#3892,.T.);
#3892 = EDGE_CURVE('',#3870,#3034,#3893,.T.);
#3893 = SURFACE_CURVE('',#3894,(#3898,#3905),.PCURVE_S1.);
#3894 = LINE('',#3895,#3896);
#3895 = CARTESIAN_POINT('',(25.,-4.6,6.5));
#3896 = VECTOR('',#3897,1.);
#3897 = DIRECTION('',(1.,0.,0.));
#3898 = PCURVE('',#3165,#3899);
#3899 = DEFINITIONAL_REPRESENTATION('',(#3900),#3904);
#3900 = LINE('',#3901,#3902);
#3901 = CARTESIAN_POINT('',(0.,1.4));
#3902 = VECTOR('',#3903,1.);
#3903 = DIRECTION('',(1.,0.));
#3904 = ( GEOMETRIC_REPRESENTATION_CONTEXT(2) 
PARAMETRIC_REPRESENTATION_CONTEXT() REPRESENTATION_CONTEXT('2D SPACE',''
  ) );
#3905 = PCURVE('',#3107,#3906);
#3906 = DEFINITIONAL_REPRESENTATION('',(#3907),#3911);
#3907 = LINE('',#3908,#3909);
#3908 = CARTESIAN_POINT('',(-1.570796326795,0.));
#3909 = VECTOR('',#3910,1.);
#3910 = DIRECTION('',(-0.,1.));
#3911 = ( GEOMETRIC_REPRESENTATION_CONTEXT(2) 
PARAMETRIC_REPRESENTATION_CONTEXT() REPRESENTATION_CONTEXT('2D SPACE',''
  ) );
#3912 = ORIENTED_EDGE('',*,*,#3148,.T.);
#3913 = ORIENTED_EDGE('',*,*,#3203,.F.);
#3914 = ADVANCED_FACE('',(#3915),#3107,.F.);
#3915 = FACE_BOUND('',#3916,.T.);
#3916 = EDGE_LOOP('',(#3917,#3940,#3966,#3967));
#3917 = ORIENTED_EDGE('',*,*,#3918,.F.);
#3918 = EDGE_CURVE('',#3919,#3008,#3921,.T.);
#3919 = VERTEX_POINT('',#3920);
#3920 = CARTESIAN_POINT('',(25.,-6.,5.1));
#3921 = SURFACE_CURVE('',#3922,(#3926,#3933),.PCURVE_S1.);
#3922 = LINE('',#3923,#3924);
#3923 = CARTESIAN_POINT('',(25.,-6.,5.1));
#3924 = VECTOR('',#3925,1.);
#3925 = DIRECTION('',(1.,0.,0.));
#3926 = PCURVE('',#3107,#3927);
#3927 = DEFINITIONAL_REPRESENTATION('',(#3928),#3932);
#3928 = LINE('',#3929,#3930);
#3929 = CARTESIAN_POINT('',(-0.,0.));
#3930 = VECTOR('',#3931,1.);
#3931 = DIRECTION('',(-0.,1.));
#3932 = ( GEOMETRIC_REPRESENTATION_CONTEXT(2) 
PARAMETRIC_REPRESENTATION_CONTEXT() REPRESENTATION_CONTEXT('2D SPACE',''
  ) );
#3933 = PCURVE('',#3022,#3934);
#3934 = DEFINITIONAL_REPRESENTATION('',(#3935),#3939);
#3935 = LINE('',#3936,#3937);
#3936 = CARTESIAN_POINT('',(4.1,0.));
#3937 = VECTOR('',#3938,1.);
#3938 = DIRECTION('',(0.,1.));
#3939 = ( GEOMETRIC_REPRESENTATION_CONTEXT(2) 
PARAMETRIC_REPRESENTATION_CONTEXT() REPRESENTATION_CONTEXT('2D SPACE',''
  ) );
#3940 = ORIENTED_EDGE('',*,*,#3941,.T.);
#3941 = EDGE_CURVE('',#3919,#3870,#3942,.T.);
#3942 = SURFACE_CURVE('',#3943,(#3948,#3955),.PCURVE_S1.);
#3943 = CIRCLE('',#3944,1.4);
#3944 = AXIS2_PLACEMENT_3D('',#3945,#3946,#3947);
#3945 = CARTESIAN_POINT('',(25.,-4.6,5.1));
#3946 = DIRECTION('',(-1.,0.,-0.));
#3947 = DIRECTION('',(-0.,0.,1.));
#3948 = PCURVE('',#3107,#3949);
#3949 = DEFINITIONAL_REPRESENTATION('',(#3950),#3954);
#3950 = LINE('',#3951,#3952);
#3951 = CARTESIAN_POINT('',(4.712388980385,-0.));
#3952 = VECTOR('',#3953,1.);
#3953 = DIRECTION('',(-1.,0.));
#3954 = ( GEOMETRIC_REPRESENTATION_CONTEXT(2) 
PARAMETRIC_REPRESENTATION_CONTEXT() REPRESENTATION_CONTEXT('2D SPACE',''
  ) );
#3955 = PCURVE('',#3239,#3956);
#3956 = DEFINITIONAL_REPRESENTATION('',(#3957),#3965);
#3957 = ( BOUNDED_CURVE() B_SPLINE_CURVE(2,(#3958,#3959,#3960,#3961,
#3962,#3963,#3964),.UNSPECIFIED.,.T.,.F.) B_SPLINE_CURVE_WITH_KNOTS((1,2
    ,2,2,2,1),(-2.094395102393,0.,2.094395102393,4.188790204786,
6.28318530718,8.377580409573),.UNSPECIFIED.) CURVE() 
GEOMETRIC_REPRESENTATION_ITEM() RATIONAL_B_SPLINE_CURVE((1.,0.5,1.,0.5,
1.,0.5,1.)) REPRESENTATION_ITEM('') );
#3958 = CARTESIAN_POINT('',(5.5,-1.4));
#3959 = CARTESIAN_POINT('',(5.5,-3.824871130596));
#3960 = CARTESIAN_POINT('',(3.4,-2.612435565298));
#3961 = CARTESIAN_POINT('',(1.3,-1.4));
#3962 = CARTESIAN_POINT('',(3.4,-0.187564434702));
#3963 = CARTESIAN_POINT('',(5.5,1.024871130596));
#3964 = CARTESIAN_POINT('',(5.5,-1.4));
#3965 = ( GEOMETRIC_REPRESENTATION_CONTEXT(2) 
PARAMETRIC_REPRESENTATION_CONTEXT() REPRESENTATION_CONTEXT('2D SPACE',''
  ) );
#3966 = ORIENTED_EDGE('',*,*,#3892,.T.);
#3967 = ORIENTED_EDGE('',*,*,#3033,.F.);
#3968 = ADVANCED_FACE('',(#3969),#3022,.T.);
#3969 = FACE_BOUND('',#3970,.T.);
#3970 = EDGE_LOOP('',(#3971,#3972,#3995,#4021,#4047,#4068));
#3971 = ORIENTED_EDGE('',*,*,#3007,.F.);
#3972 = ORIENTED_EDGE('',*,*,#3973,.F.);
#3973 = EDGE_CURVE('',#3974,#2893,#3976,.T.);
#3974 = VERTEX_POINT('',#3975);
#3975 = CARTESIAN_POINT('',(25.295298686029,-6.,2.4));
#3976 = SURFACE_CURVE('',#3977,(#3981,#3988),.PCURVE_S1.);
#3977 = LINE('',#3978,#3979);
#3978 = CARTESIAN_POINT('',(25.,-6.,2.4));
#3979 = VECTOR('',#3980,1.);
#3980 = DIRECTION('',(1.,0.,0.));
#3981 = PCURVE('',#3022,#3982);
#3982 = DEFINITIONAL_REPRESENTATION('',(#3983),#3987);
#3983 = LINE('',#3984,#3985);
#3984 = CARTESIAN_POINT('',(1.4,0.));
#3985 = VECTOR('',#3986,1.);
#3986 = DIRECTION('',(0.,1.));
#3987 = ( GEOMETRIC_REPRESENTATION_CONTEXT(2) 
PARAMETRIC_REPRESENTATION_CONTEXT() REPRESENTATION_CONTEXT('2D SPACE',''
  ) );
#3988 = PCURVE('',#2966,#3989);
#3989 = DEFINITIONAL_REPRESENTATION('',(#3990),#3994);
#3990 = LINE('',#3991,#3992);
#3991 = CARTESIAN_POINT('',(0.,0.));
#3992 = VECTOR('',#3993,1.);
#3993 = DIRECTION('',(0.,1.));
#3994 = ( GEOMETRIC_REPRESENTATION_CONTEXT(2) 
PARAMETRIC_REPRESENTATION_CONTEXT() REPRESENTATION_CONTEXT('2D SPACE',''
  ) );
#3995 = ORIENTED_EDGE('',*,*,#3996,.T.);
#3996 = EDGE_CURVE('',#3974,#3997,#3999,.T.);
#3997 = VERTEX_POINT('',#3998);
#3998 = CARTESIAN_POINT('',(25.295298686029,-6.,5.));
#3999 = SURFACE_CURVE('',#4000,(#4004,#4010),.PCURVE_S1.);
#4000 = LINE('',#4001,#4002);
#4001 = CARTESIAN_POINT('',(25.295298686029,-6.,1.));
#4002 = VECTOR('',#4003,1.);
#4003 = DIRECTION('',(0.,0.,1.));
#4004 = PCURVE('',#3022,#4005);
#4005 = DEFINITIONAL_REPRESENTATION('',(#4006),#4009);
#4006 = B_SPLINE_CURVE_WITH_KNOTS('',1,(#4007,#4008),.UNSPECIFIED.,.F.,
  .F.,(2,2),(1.13,4.0000006),.PIECEWISE_BEZIER_KNOTS.);
#4007 = CARTESIAN_POINT('',(1.13,0.295298686029));
#4008 = CARTESIAN_POINT('',(4.0000006,0.295298686029));
#4009 = ( GEOMETRIC_REPRESENTATION_CONTEXT(2) 
PARAMETRIC_REPRESENTATION_CONTEXT() REPRESENTATION_CONTEXT('2D SPACE',''
  ) );
#4010 = PCURVE('',#4011,#4016);
#4011 = CYLINDRICAL_SURFACE('',#4012,0.85);
#4012 = AXIS2_PLACEMENT_3D('',#4013,#4014,#4015);
#4013 = CARTESIAN_POINT('',(24.5,-5.7,1.));
#4014 = DIRECTION('',(0.,0.,1.));
#4015 = DIRECTION('',(1.,0.,-0.));
#4016 = DEFINITIONAL_REPRESENTATION('',(#4017),#4020);
#4017 = B_SPLINE_CURVE_WITH_KNOTS('',1,(#4018,#4019),.UNSPECIFIED.,.F.,
  .F.,(2,2),(1.13,4.0000006),.PIECEWISE_BEZIER_KNOTS.);
#4018 = CARTESIAN_POINT('',(5.922472586816,1.13));
#4019 = CARTESIAN_POINT('',(5.922472586816,4.0000006));
#4020 = ( GEOMETRIC_REPRESENTATION_CONTEXT(2) 
PARAMETRIC_REPRESENTATION_CONTEXT() REPRESENTATION_CONTEXT('2D SPACE',''
  ) );
#4021 = ORIENTED_EDGE('',*,*,#4022,.F.);
#4022 = EDGE_CURVE('',#4023,#3997,#4025,.T.);
#4023 = VERTEX_POINT('',#4024);
#4024 = CARTESIAN_POINT('',(25.,-6.,5.));
#4025 = SURFACE_CURVE('',#4026,(#4030,#4036),.PCURVE_S1.);
#4026 = LINE('',#4027,#4028);
#4027 = CARTESIAN_POINT('',(13.,-6.,5.));
#4028 = VECTOR('',#4029,1.);
#4029 = DIRECTION('',(1.,-0.,8.628166150855E-32));
#4030 = PCURVE('',#3022,#4031);
#4031 = DEFINITIONAL_REPRESENTATION('',(#4032),#4035);
#4032 = B_SPLINE_CURVE_WITH_KNOTS('',1,(#4033,#4034),.UNSPECIFIED.,.F.,
  .F.,(2,2),(12.,12.35),.PIECEWISE_BEZIER_KNOTS.);
#4033 = CARTESIAN_POINT('',(4.,0.));
#4034 = CARTESIAN_POINT('',(4.,0.35));
#4035 = ( GEOMETRIC_REPRESENTATION_CONTEXT(2) 
PARAMETRIC_REPRESENTATION_CONTEXT() REPRESENTATION_CONTEXT('2D SPACE',''
  ) );
#4036 = PCURVE('',#4037,#4042);
#4037 = PLANE('',#4038);
#4038 = AXIS2_PLACEMENT_3D('',#4039,#4040,#4041);
#4039 = CARTESIAN_POINT('',(1.,-4.496403249732E-14,5.));
#4040 = DIRECTION('',(8.628166150855E-32,4.024558464266E-16,-1.));
#4041 = DIRECTION('',(-1.,4.375557617246E-62,-8.628166150855E-32));
#4042 = DEFINITIONAL_REPRESENTATION('',(#4043),#4046);
#4043 = B_SPLINE_CURVE_WITH_KNOTS('',1,(#4044,#4045),.UNSPECIFIED.,.F.,
  .F.,(2,2),(12.,12.35),.PIECEWISE_BEZIER_KNOTS.);
#4044 = CARTESIAN_POINT('',(-24.,-6.));
#4045 = CARTESIAN_POINT('',(-24.35,-6.));
#4046 = ( GEOMETRIC_REPRESENTATION_CONTEXT(2) 
PARAMETRIC_REPRESENTATION_CONTEXT() REPRESENTATION_CONTEXT('2D SPACE',''
  ) );
#4047 = ORIENTED_EDGE('',*,*,#4048,.T.);
#4048 = EDGE_CURVE('',#4023,#3919,#4049,.T.);
#4049 = SURFACE_CURVE('',#4050,(#4054,#4061),.PCURVE_S1.);
#4050 = LINE('',#4051,#4052);
#4051 = CARTESIAN_POINT('',(25.,-6.,1.));
#4052 = VECTOR('',#4053,1.);
#4053 = DIRECTION('',(0.,0.,1.));
#4054 = PCURVE('',#3022,#4055);
#4055 = DEFINITIONAL_REPRESENTATION('',(#4056),#4060);
#4056 = LINE('',#4057,#4058);
#4057 = CARTESIAN_POINT('',(0.,0.));
#4058 = VECTOR('',#4059,1.);
#4059 = DIRECTION('',(1.,0.));
#4060 = ( GEOMETRIC_REPRESENTATION_CONTEXT(2) 
PARAMETRIC_REPRESENTATION_CONTEXT() REPRESENTATION_CONTEXT('2D SPACE',''
  ) );
#4061 = PCURVE('',#3239,#4062);
#4062 = DEFINITIONAL_REPRESENTATION('',(#4063),#4067);
#4063 = LINE('',#4064,#4065);
#4064 = CARTESIAN_POINT('',(0.,0.));
#4065 = VECTOR('',#4066,1.);
#4066 = DIRECTION('',(1.,0.));
#4067 = ( GEOMETRIC_REPRESENTATION_CONTEXT(2) 
PARAMETRIC_REPRESENTATION_CONTEXT() REPRESENTATION_CONTEXT('2D SPACE',''
  ) );
#4068 = ORIENTED_EDGE('',*,*,#3918,.T.);
#4069 = ADVANCED_FACE('',(#4070),#2966,.F.);
#4070 = FACE_BOUND('',#4071,.F.);
#4071 = EDGE_LOOP('',(#4072,#4262,#4286,#4307,#4308));
#4072 = ORIENTED_EDGE('',*,*,#4073,.F.);
#4073 = EDGE_CURVE('',#4074,#3974,#4076,.T.);
#4074 = VERTEX_POINT('',#4075);
#4075 = CARTESIAN_POINT('',(25.,-5.012613645757,1.062184624346));
#4076 = SURFACE_CURVE('',#4077,(#4116,#4189),.PCURVE_S1.);
#4077 = B_SPLINE_CURVE_WITH_KNOTS('',7,(#4078,#4079,#4080,#4081,#4082,
    #4083,#4084,#4085,#4086,#4087,#4088,#4089,#4090,#4091,#4092,#4093,
    #4094,#4095,#4096,#4097,#4098,#4099,#4100,#4101,#4102,#4103,#4104,
    #4105,#4106,#4107,#4108,#4109,#4110,#4111,#4112,#4113,#4114,#4115),
  .UNSPECIFIED.,.F.,.F.,(8,6,6,6,6,6,8),(0.,0.156164434341,
    0.426740605738,0.772471722974,0.999999165735,1.326209393168,
    1.928156794464),.UNSPECIFIED.);
#4078 = CARTESIAN_POINT('',(25.,-5.012613645757,1.062184624346));
#4079 = CARTESIAN_POINT('',(25.016044687994,-5.02428443897,
    1.065784170756));
#4080 = CARTESIAN_POINT('',(25.031775194526,-5.036394866499,
    1.069649300555));
#4081 = CARTESIAN_POINT('',(25.047170903393,-5.048930322529,
    1.073794838389));
#4082 = CARTESIAN_POINT('',(25.062212689487,-5.061875076904,
    1.07823561752));
#4083 = CARTESIAN_POINT('',(25.076882918796,-5.07521227512,
    1.082986479813));
#4084 = CARTESIAN_POINT('',(25.091165448406,-5.088923938329,
    1.088062275745));
#4085 = CARTESIAN_POINT('',(25.129094927237,-5.127364001834,
    1.102861110029));
#4086 = CARTESIAN_POINT('',(25.15194606034,-5.152813841078,
    1.113267896569));
#4087 = CARTESIAN_POINT('',(25.173493291174,-5.179215295566,
    1.124765605911));
#4088 = CARTESIAN_POINT('',(25.193655472622,-5.206429828218,
    1.137413435872));
#4089 = CARTESIAN_POINT('',(25.212375556925,-5.234309694289,
    1.151259691433));
#4090 = CARTESIAN_POINT('',(25.229620107523,-5.262702085281,
    1.166339075977));
#4091 = CARTESIAN_POINT('',(25.265514634754,-5.328190359322,
    1.203536944074));
#4092 = CARTESIAN_POINT('',(25.283192640845,-5.365454941491,
    1.226414253663));
#4093 = CARTESIAN_POINT('',(25.29840597287,-5.402925442544,
    1.251330990274));
#4094 = CARTESIAN_POINT('',(25.311206279679,-5.440279097527,
    1.278273001434));
#4095 = CARTESIAN_POINT('',(25.321697866529,-5.477199805799,
    1.307176295708));
#4096 = CARTESIAN_POINT('',(25.330031846328,-5.513385983468,
    1.33792043521));
#4097 = CARTESIAN_POINT('',(25.340591397296,-5.571705576136,
    1.391645518751));
#4098 = CARTESIAN_POINT('',(25.343934002252,-5.594429333132,
    1.41370133795));
#4099 = CARTESIAN_POINT('',(25.346485700799,-5.616677767699,
    1.436465213728));
#4100 = CARTESIAN_POINT('',(25.34830613097,-5.638402339238,
    1.459908908677));
#4101 = CARTESIAN_POINT('',(25.349456648243,-5.659557973886,
    1.484000074397));
#4102 = CARTESIAN_POINT('',(25.35,-5.680103152727,1.508702205932));
#4103 = CARTESIAN_POINT('',(25.35,-5.728526471336,1.570208081207));
#4104 = CARTESIAN_POINT('',(25.34888321542,-5.755723844404,
    1.607618381759));
#4105 = CARTESIAN_POINT('',(25.346836450036,-5.781519660834,
    1.646135945144));
#4106 = CARTESIAN_POINT('',(25.344042393448,-5.805850984605,
    1.685690145192));
#4107 = CARTESIAN_POINT('',(25.340678627327,-5.82866278307,
    1.726209370573));
#4108 = CARTESIAN_POINT('',(25.33691663166,-5.849906307972,
    1.767621113093));
#4109 = CARTESIAN_POINT('',(25.325547368268,-5.905762370329,
    1.887779736314));
#4110 = CARTESIAN_POINT('',(25.317342782886,-5.936666519363,
    1.968860671411));
#4111 = CARTESIAN_POINT('',(25.309347266231,-5.961761572757,
    2.05242170005));
#4112 = CARTESIAN_POINT('',(25.302553100624,-5.980767942751,
    2.137813304921));
#4113 = CARTESIAN_POINT('',(25.297731089945,-5.993551854809,
    2.224496565103));
#4114 = CARTESIAN_POINT('',(25.295298686029,-6.,2.312035361293));
#4115 = CARTESIAN_POINT('',(25.295298686029,-6.,2.4));
#4116 = PCURVE('',#2966,#4117);
#4117 = DEFINITIONAL_REPRESENTATION('',(#4118),#4188);
#4118 = B_SPLINE_CURVE_WITH_KNOTS('',3,(#4119,#4120,#4121,#4122,#4123,
    #4124,#4125,#4126,#4127,#4128,#4129,#4130,#4131,#4132,#4133,#4134,
    #4135,#4136,#4137,#4138,#4139,#4140,#4141,#4142,#4143,#4144,#4145,
    #4146,#4147,#4148,#4149,#4150,#4151,#4152,#4153,#4154,#4155,#4156,
    #4157,#4158,#4159,#4160,#4161,#4162,#4163,#4164,#4165,#4166,#4167,
    #4168,#4169,#4170,#4171,#4172,#4173,#4174,#4175,#4176,#4177,#4178,
    #4179,#4180,#4181,#4182,#4183,#4184,#4185,#4186,#4187),
  .UNSPECIFIED.,.F.,.F.,(4,1,1,1,1,1,1,1,1,1,1,1,1,1,1,1,1,1,1,1,1,1,1,1
    ,1,1,1,1,1,1,1,1,1,1,1,1,1,1,1,1,1,1,1,1,1,1,1,1,1,1,1,1,1,1,1,1,1,1
    ,1,1,1,1,1,1,1,1,4),(0.,2.921449688582E-02,5.842899377163E-02,
    8.764349065745E-02,0.116857987543,0.146072484429,0.175286981315,
    0.204501478201,0.233715975087,0.262930471972,0.292144968858,
    0.321359465744,0.35057396263,0.379788459516,0.409002956401,
    0.438217453287,0.467431950173,0.496646447059,0.525860943945,
    0.555075440831,0.584289937716,0.613504434602,0.642718931488,
    0.671933428374,0.70114792526,0.730362422145,0.759576919031,
    0.788791415917,0.818005912803,0.847220409689,0.876434906574,
    0.90564940346,0.934863900346,0.964078397232,0.993292894118,
    1.022507391004,1.051721887889,1.080936384775,1.110150881661,
    1.139365378547,1.168579875433,1.197794372318,1.227008869204,
    1.25622336609,1.285437862976,1.314652359862,1.343866856748,
    1.373081353633,1.402295850519,1.431510347405,1.460724844291,
    1.489939341177,1.519153838062,1.548368334948,1.577582831834,
    1.60679732872,1.636011825606,1.665226322492,1.694440819377,
    1.723655316263,1.752869813149,1.782084310035,1.811298806921,
    1.840513303806,1.869727800692,1.898942297578,1.928156794464),
  .QUASI_UNIFORM_KNOTS.);
#4119 = CARTESIAN_POINT('',(1.271629615881,2.48689957516E-14));
#4120 = CARTESIAN_POINT('',(1.267821641058,7.003776325651E-03));
#4121 = CARTESIAN_POINT('',(1.260031166088,2.085690644939E-02));
#4122 = CARTESIAN_POINT('',(1.247830350848,4.114744713013E-02));
#4123 = CARTESIAN_POINT('',(1.235122800302,6.092231849883E-02));
#4124 = CARTESIAN_POINT('',(1.221917251915,8.01572033453E-02));
#4125 = CARTESIAN_POINT('',(1.208222935902,9.882882648157E-02));
#4126 = CARTESIAN_POINT('',(1.194048412382,0.116916751559));
#4127 = CARTESIAN_POINT('',(1.179402618141,0.134401325612));
#4128 = CARTESIAN_POINT('',(1.164302124564,0.151256265826));
#4129 = CARTESIAN_POINT('',(1.148762569565,0.16746004941));
#4130 = CARTESIAN_POINT('',(1.13280044356,0.182993378587));
#4131 = CARTESIAN_POINT('',(1.116432494251,0.197839849478));
#4132 = CARTESIAN_POINT('',(1.099675876417,0.211985703291));
#4133 = CARTESIAN_POINT('',(1.082547742782,0.225420044349));
#4134 = CARTESIAN_POINT('',(1.065066369147,0.238134108507));
#4135 = CARTESIAN_POINT('',(1.047246748759,0.250123863132));
#4136 = CARTESIAN_POINT('',(1.029123498591,0.261375909858));
#4137 = CARTESIAN_POINT('',(1.010714873629,0.271891930956));
#4138 = CARTESIAN_POINT('',(0.992039421504,0.281675599138));
#4139 = CARTESIAN_POINT('',(0.973115764691,0.290733055116));
#4140 = CARTESIAN_POINT('',(0.953962688611,0.29907269916));
#4141 = CARTESIAN_POINT('',(0.934599156979,0.306705166311));
#4142 = CARTESIAN_POINT('',(0.91504434926,0.313643252989));
#4143 = CARTESIAN_POINT('',(0.89531771974,0.319901854347));
#4144 = CARTESIAN_POINT('',(0.875438985415,0.325497907258));
#4145 = CARTESIAN_POINT('',(0.855428414198,0.33045030003));
#4146 = CARTESIAN_POINT('',(0.835306019751,0.334779909557));
#4147 = CARTESIAN_POINT('',(0.815094865499,0.338509162013));
#4148 = CARTESIAN_POINT('',(0.794797004412,0.341665361388));
#4149 = CARTESIAN_POINT('',(0.774421858398,0.344274410678));
#4150 = CARTESIAN_POINT('',(0.753978069892,0.346362862096));
#4151 = CARTESIAN_POINT('',(0.733474371477,0.347957600382));
#4152 = CARTESIAN_POINT('',(0.712919388976,0.349085890114));
#4153 = CARTESIAN_POINT('',(0.692321781451,0.349775331372));
#4154 = CARTESIAN_POINT('',(0.67169010359,0.35005381798));
#4155 = CARTESIAN_POINT('',(0.651033444125,0.349949577106));
#4156 = CARTESIAN_POINT('',(0.630353556516,0.349490813604));
#4157 = CARTESIAN_POINT('',(0.60965202786,0.348705390454));
#4158 = CARTESIAN_POINT('',(0.588930240153,0.347620949872));
#4159 = CARTESIAN_POINT('',(0.568189366293,0.346264864526));
#4160 = CARTESIAN_POINT('',(0.547430393335,0.344664232336));
#4161 = CARTESIAN_POINT('',(0.526654137602,0.342845859501));
#4162 = CARTESIAN_POINT('',(0.505861260592,0.340836247025));
#4163 = CARTESIAN_POINT('',(0.485052284611,0.338661575022));
#4164 = CARTESIAN_POINT('',(0.464227602801,0.336347692409));
#4165 = CARTESIAN_POINT('',(0.443387505239,0.333920087263));
#4166 = CARTESIAN_POINT('',(0.422532139196,0.331403929133));
#4167 = CARTESIAN_POINT('',(0.401631681703,0.328820101721));
#4168 = CARTESIAN_POINT('',(0.380696183535,0.326193918156));
#4169 = CARTESIAN_POINT('',(0.359728055948,0.323549454318));
#4170 = CARTESIAN_POINT('',(0.338731158126,0.320910487902));
#4171 = CARTESIAN_POINT('',(0.317708369486,0.318300108756));
#4172 = CARTESIAN_POINT('',(0.296662249755,0.315740689682));
#4173 = CARTESIAN_POINT('',(0.275594873837,0.313253765361));
#4174 = CARTESIAN_POINT('',(0.254507889817,0.31085994087));
#4175 = CARTESIAN_POINT('',(0.233402519113,0.308578797547));
#4176 = CARTESIAN_POINT('',(0.212279574001,0.306428805099));
#4177 = CARTESIAN_POINT('',(0.191139472328,0.304427237879));
#4178 = CARTESIAN_POINT('',(0.169982254827,0.302590096108));
#4179 = CARTESIAN_POINT('',(0.148807603631,0.300932032263));
#4180 = CARTESIAN_POINT('',(0.127614862405,0.299466282383));
#4181 = CARTESIAN_POINT('',(0.106403058236,0.298204604315));
#4182 = CARTESIAN_POINT('',(8.517092485938E-02,0.297157216391));
#4183 = CARTESIAN_POINT('',(6.391692953902E-02,0.296332761925));
#4184 = CARTESIAN_POINT('',(4.263929562207E-02,0.295738205727));
#4185 = CARTESIAN_POINT('',(2.133605150631E-02,0.295379013836));
#4186 = CARTESIAN_POINT('',(7.115345327991E-03,0.295298542464));
#4187 = CARTESIAN_POINT('',(0.,0.295298686029));
#4188 = ( GEOMETRIC_REPRESENTATION_CONTEXT(2) 
PARAMETRIC_REPRESENTATION_CONTEXT() REPRESENTATION_CONTEXT('2D SPACE',''
  ) );
#4189 = PCURVE('',#4011,#4190);
#4190 = DEFINITIONAL_REPRESENTATION('',(#4191),#4261);
#4191 = B_SPLINE_CURVE_WITH_KNOTS('',3,(#4192,#4193,#4194,#4195,#4196,
    #4197,#4198,#4199,#4200,#4201,#4202,#4203,#4204,#4205,#4206,#4207,
    #4208,#4209,#4210,#4211,#4212,#4213,#4214,#4215,#4216,#4217,#4218,
    #4219,#4220,#4221,#4222,#4223,#4224,#4225,#4226,#4227,#4228,#4229,
    #4230,#4231,#4232,#4233,#4234,#4235,#4236,#4237,#4238,#4239,#4240,
    #4241,#4242,#4243,#4244,#4245,#4246,#4247,#4248,#4249,#4250,#4251,
    #4252,#4253,#4254,#4255,#4256,#4257,#4258,#4259,#4260),
  .UNSPECIFIED.,.F.,.F.,(4,1,1,1,1,1,1,1,1,1,1,1,1,1,1,1,1,1,1,1,1,1,1,1
    ,1,1,1,1,1,1,1,1,1,1,1,1,1,1,1,1,1,1,1,1,1,1,1,1,1,1,1,1,1,1,1,1,1,1
    ,1,1,1,1,1,1,1,1,4),(0.,2.921449688582E-02,5.842899377163E-02,
    8.764349065745E-02,0.116857987543,0.146072484429,0.175286981315,
    0.204501478201,0.233715975087,0.262930471972,0.292144968858,
    0.321359465744,0.35057396263,0.379788459516,0.409002956401,
    0.438217453287,0.467431950173,0.496646447059,0.525860943945,
    0.555075440831,0.584289937716,0.613504434602,0.642718931488,
    0.671933428374,0.70114792526,0.730362422145,0.759576919031,
    0.788791415917,0.818005912803,0.847220409689,0.876434906574,
    0.90564940346,0.934863900346,0.964078397232,0.993292894118,
    1.022507391004,1.051721887889,1.080936384775,1.110150881661,
    1.139365378547,1.168579875433,1.197794372318,1.227008869204,
    1.25622336609,1.285437862976,1.314652359862,1.343866856748,
    1.373081353633,1.402295850519,1.431510347405,1.460724844291,
    1.489939341177,1.519153838062,1.548368334948,1.577582831834,
    1.60679732872,1.636011825606,1.665226322492,1.694440819377,
    1.723655316263,1.752869813149,1.782084310035,1.811298806921,
    1.840513303806,1.869727800692,1.898942297578,1.928156794464),
  .QUASI_UNIFORM_KNOTS.);
#4192 = CARTESIAN_POINT('',(7.225106708479,6.218462434636E-02));
#4193 = CARTESIAN_POINT('',(7.214917854198,6.375585898894E-02));
#4194 = CARTESIAN_POINT('',(7.194537707754,6.70284504241E-02));
#4195 = CARTESIAN_POINT('',(7.163971542415,7.234810291931E-02));
#4196 = CARTESIAN_POINT('',(7.133421025311,7.809890630507E-02));
#4197 = CARTESIAN_POINT('',(7.102896959591,8.430129283458E-02));
#4198 = CARTESIAN_POINT('',(7.072410435323,9.097557443053E-02));
#4199 = CARTESIAN_POINT('',(7.041970303064,9.814255077828E-02));
#4200 = CARTESIAN_POINT('',(7.011586061089,0.105822651696));
#4201 = CARTESIAN_POINT('',(6.981282006628,0.114031998323));
#4202 = CARTESIAN_POINT('',(6.951078559969,0.12278630805));
#4203 = CARTESIAN_POINT('',(6.920996495315,0.132099908355));
#4204 = CARTESIAN_POINT('',(6.891055880268,0.141985888972));
#4205 = CARTESIAN_POINT('',(6.861276573114,0.152455878413));
#4206 = CARTESIAN_POINT('',(6.831677704842,0.163520184698));
#4207 = CARTESIAN_POINT('',(6.802279592066,0.17518685494));
#4208 = CARTESIAN_POINT('',(6.773096873061,0.187464695273));
#4209 = CARTESIAN_POINT('',(6.744175058207,0.200346881222));
#4210 = CARTESIAN_POINT('',(6.715531434979,0.213835428897));
#4211 = CARTESIAN_POINT('',(6.687183881515,0.227930389958));
#4212 = CARTESIAN_POINT('',(6.659150248445,0.242629796366));
#4213 = CARTESIAN_POINT('',(6.631448606164,0.257929584527));
#4214 = CARTESIAN_POINT('',(6.604097247826,0.273823523556));
#4215 = CARTESIAN_POINT('',(6.577114737767,0.290303147654));
#4216 = CARTESIAN_POINT('',(6.550519957228,0.307357667921));
#4217 = CARTESIAN_POINT('',(6.524332051937,0.324973962312));
#4218 = CARTESIAN_POINT('',(6.498570713794,0.343136273589));
#4219 = CARTESIAN_POINT('',(6.473255166022,0.361826997133));
#4220 = CARTESIAN_POINT('',(6.448407945325,0.381023401327));
#4221 = CARTESIAN_POINT('',(6.424026099614,0.400721101334));
#4222 = CARTESIAN_POINT('',(6.400117048614,0.420907928572));
#4223 = CARTESIAN_POINT('',(6.376687985397,0.441571336456));
#4224 = CARTESIAN_POINT('',(6.353746981665,0.462697688237));
#4225 = CARTESIAN_POINT('',(6.331302634766,0.48427245507));
#4226 = CARTESIAN_POINT('',(6.309364150436,0.506280111865));
#4227 = CARTESIAN_POINT('',(6.28794113204,0.528704331767));
#4228 = CARTESIAN_POINT('',(6.267044100941,0.551527288353));
#4229 = CARTESIAN_POINT('',(6.246676709267,0.574738557859));
#4230 = CARTESIAN_POINT('',(6.226843471375,0.598327595231));
#4231 = CARTESIAN_POINT('',(6.207549639906,0.622283775438));
#4232 = CARTESIAN_POINT('',(6.18880115944,0.646596425498));
#4233 = CARTESIAN_POINT('',(6.170604636163,0.671254817488));
#4234 = CARTESIAN_POINT('',(6.152967303788,0.696248172171));
#4235 = CARTESIAN_POINT('',(6.1358969879,0.721565659166));
#4236 = CARTESIAN_POINT('',(6.119402081063,0.747196400334));
#4237 = CARTESIAN_POINT('',(6.103491478286,0.773129463747));
#4238 = CARTESIAN_POINT('',(6.088174662987,0.79935389213));
#4239 = CARTESIAN_POINT('',(6.073461233997,0.825858602809));
#4240 = CARTESIAN_POINT('',(6.059341734321,0.85267109447));
#4241 = CARTESIAN_POINT('',(6.045836075056,0.879768277624));
#4242 = CARTESIAN_POINT('',(6.032958380846,0.907136240485));
#4243 = CARTESIAN_POINT('',(6.020723750563,0.934758907609));
#4244 = CARTESIAN_POINT('',(6.009146416382,0.962621130833));
#4245 = CARTESIAN_POINT('',(5.99824020633,0.990707905262));
#4246 = CARTESIAN_POINT('',(5.988018388746,1.019004615739));
#4247 = CARTESIAN_POINT('',(5.978493681938,1.047496999427));
#4248 = CARTESIAN_POINT('',(5.969678219651,1.076171176701));
#4249 = CARTESIAN_POINT('',(5.961583528965,1.105013656004));
#4250 = CARTESIAN_POINT('',(5.954220505964,1.134011337988));
#4251 = CARTESIAN_POINT('',(5.947599393617,1.163151512159));
#4252 = CARTESIAN_POINT('',(5.941729761246,1.192421847872));
#4253 = CARTESIAN_POINT('',(5.936620486038,1.221810379243));
#4254 = CARTESIAN_POINT('',(5.932279737655,1.251305483996));
#4255 = CARTESIAN_POINT('',(5.9287149634,1.280895856663));
#4256 = CARTESIAN_POINT('',(5.925932884975,1.310570474622));
#4257 = CARTESIAN_POINT('',(5.923939466783,1.340318562717));
#4258 = CARTESIAN_POINT('',(5.922740006203,1.370129535095));
#4259 = CARTESIAN_POINT('',(5.922472525364,1.390038507782));
#4260 = CARTESIAN_POINT('',(5.922472586816,1.4));
#4261 = ( GEOMETRIC_REPRESENTATION_CONTEXT(2) 
PARAMETRIC_REPRESENTATION_CONTEXT() REPRESENTATION_CONTEXT('2D SPACE',''
  ) );
#4262 = ORIENTED_EDGE('',*,*,#4263,.T.);
#4263 = EDGE_CURVE('',#4074,#4264,#4266,.T.);
#4264 = VERTEX_POINT('',#4265);
#4265 = CARTESIAN_POINT('',(25.,-4.6,1.));
#4266 = SURFACE_CURVE('',#4267,(#4272,#4279),.PCURVE_S1.);
#4267 = CIRCLE('',#4268,1.4);
#4268 = AXIS2_PLACEMENT_3D('',#4269,#4270,#4271);
#4269 = CARTESIAN_POINT('',(25.,-4.6,2.4));
#4270 = DIRECTION('',(1.,0.,0.));
#4271 = DIRECTION('',(-0.,0.,1.));
#4272 = PCURVE('',#2966,#4273);
#4273 = DEFINITIONAL_REPRESENTATION('',(#4274),#4278);
#4274 = LINE('',#4275,#4276);
#4275 = CARTESIAN_POINT('',(-1.570796326795,0.));
#4276 = VECTOR('',#4277,1.);
#4277 = DIRECTION('',(1.,0.));
#4278 = ( GEOMETRIC_REPRESENTATION_CONTEXT(2) 
PARAMETRIC_REPRESENTATION_CONTEXT() REPRESENTATION_CONTEXT('2D SPACE',''
  ) );
#4279 = PCURVE('',#3239,#4280);
#4280 = DEFINITIONAL_REPRESENTATION('',(#4281),#4285);
#4281 = CIRCLE('',#4282,1.4);
#4282 = AXIS2_PLACEMENT_2D('',#4283,#4284);
#4283 = CARTESIAN_POINT('',(1.4,-1.4));
#4284 = DIRECTION('',(1.,0.));
#4285 = ( GEOMETRIC_REPRESENTATION_CONTEXT(2) 
PARAMETRIC_REPRESENTATION_CONTEXT() REPRESENTATION_CONTEXT('2D SPACE',''
  ) );
#4286 = ORIENTED_EDGE('',*,*,#4287,.T.);
#4287 = EDGE_CURVE('',#4264,#2860,#4288,.T.);
#4288 = SURFACE_CURVE('',#4289,(#4293,#4300),.PCURVE_S1.);
#4289 = LINE('',#4290,#4291);
#4290 = CARTESIAN_POINT('',(25.,-4.6,1.));
#4291 = VECTOR('',#4292,1.);
#4292 = DIRECTION('',(1.,0.,0.));
#4293 = PCURVE('',#2966,#4294);
#4294 = DEFINITIONAL_REPRESENTATION('',(#4295),#4299);
#4295 = LINE('',#4296,#4297);
#4296 = CARTESIAN_POINT('',(1.570796326795,0.));
#4297 = VECTOR('',#4298,1.);
#4298 = DIRECTION('',(0.,1.));
#4299 = ( GEOMETRIC_REPRESENTATION_CONTEXT(2) 
PARAMETRIC_REPRESENTATION_CONTEXT() REPRESENTATION_CONTEXT('2D SPACE',''
  ) );
#4300 = PCURVE('',#2876,#4301);
#4301 = DEFINITIONAL_REPRESENTATION('',(#4302),#4306);
#4302 = LINE('',#4303,#4304);
#4303 = CARTESIAN_POINT('',(24.,-4.6));
#4304 = VECTOR('',#4305,1.);
#4305 = DIRECTION('',(1.,-3.472455911352E-47));
#4306 = ( GEOMETRIC_REPRESENTATION_CONTEXT(2) 
PARAMETRIC_REPRESENTATION_CONTEXT() REPRESENTATION_CONTEXT('2D SPACE',''
  ) );
#4307 = ORIENTED_EDGE('',*,*,#2892,.F.);
#4308 = ORIENTED_EDGE('',*,*,#3973,.F.);
#4309 = ADVANCED_FACE('',(#4310,#4336),#2876,.F.);
#4310 = FACE_BOUND('',#4311,.F.);
#4311 = EDGE_LOOP('',(#4312,#4313,#4314,#4315));
#4312 = ORIENTED_EDGE('',*,*,#3250,.F.);
#4313 = ORIENTED_EDGE('',*,*,#2859,.F.);
#4314 = ORIENTED_EDGE('',*,*,#4287,.F.);
#4315 = ORIENTED_EDGE('',*,*,#4316,.T.);
#4316 = EDGE_CURVE('',#4264,#3225,#4317,.T.);
#4317 = SURFACE_CURVE('',#4318,(#4322,#4329),.PCURVE_S1.);
#4318 = LINE('',#4319,#4320);
#4319 = CARTESIAN_POINT('',(25.,-6.,1.));
#4320 = VECTOR('',#4321,1.);
#4321 = DIRECTION('',(0.,1.,0.));
#4322 = PCURVE('',#2876,#4323);
#4323 = DEFINITIONAL_REPRESENTATION('',(#4324),#4328);
#4324 = LINE('',#4325,#4326);
#4325 = CARTESIAN_POINT('',(24.,-6.));
#4326 = VECTOR('',#4327,1.);
#4327 = DIRECTION('',(-4.375557617246E-62,1.));
#4328 = ( GEOMETRIC_REPRESENTATION_CONTEXT(2) 
PARAMETRIC_REPRESENTATION_CONTEXT() REPRESENTATION_CONTEXT('2D SPACE',''
  ) );
#4329 = PCURVE('',#3239,#4330);
#4330 = DEFINITIONAL_REPRESENTATION('',(#4331),#4335);
#4331 = LINE('',#4332,#4333);
#4332 = CARTESIAN_POINT('',(0.,0.));
#4333 = VECTOR('',#4334,1.);
#4334 = DIRECTION('',(0.,-1.));
#4335 = ( GEOMETRIC_REPRESENTATION_CONTEXT(2) 
PARAMETRIC_REPRESENTATION_CONTEXT() REPRESENTATION_CONTEXT('2D SPACE',''
  ) );
#4336 = FACE_BOUND('',#4337,.F.);
#4337 = EDGE_LOOP('',(#4338));
#4338 = ORIENTED_EDGE('',*,*,#4339,.F.);
#4339 = EDGE_CURVE('',#4340,#4340,#4342,.T.);
#4340 = VERTEX_POINT('',#4341);
#4341 = CARTESIAN_POINT('',(23.65,-5.7,1.));
#4342 = SURFACE_CURVE('',#4343,(#4348,#4355),.PCURVE_S1.);
#4343 = CIRCLE('',#4344,0.85);
#4344 = AXIS2_PLACEMENT_3D('',#4345,#4346,#4347);
#4345 = CARTESIAN_POINT('',(24.5,-5.7,1.));
#4346 = DIRECTION('',(-8.628166150855E-32,-4.024558464266E-16,1.));
#4347 = DIRECTION('',(1.,-3.472455911352E-47,8.628166150855E-32));
#4348 = PCURVE('',#2876,#4349);
#4349 = DEFINITIONAL_REPRESENTATION('',(#4350),#4354);
#4350 = CIRCLE('',#4351,0.85);
#4351 = AXIS2_PLACEMENT_2D('',#4352,#4353);
#4352 = CARTESIAN_POINT('',(23.5,-5.7));
#4353 = DIRECTION('',(1.,-3.472455911352E-47));
#4354 = ( GEOMETRIC_REPRESENTATION_CONTEXT(2) 
PARAMETRIC_REPRESENTATION_CONTEXT() REPRESENTATION_CONTEXT('2D SPACE',''
  ) );
#4355 = PCURVE('',#4011,#4356);
#4356 = DEFINITIONAL_REPRESENTATION('',(#4357),#4361);
#4357 = LINE('',#4358,#4359);
#4358 = CARTESIAN_POINT('',(0.,0.));
#4359 = VECTOR('',#4360,1.);
#4360 = DIRECTION('',(1.,0.));
#4361 = ( GEOMETRIC_REPRESENTATION_CONTEXT(2) 
PARAMETRIC_REPRESENTATION_CONTEXT() REPRESENTATION_CONTEXT('2D SPACE',''
  ) );
#4362 = ADVANCED_FACE('',(#4363),#3239,.T.);
#4363 = FACE_BOUND('',#4364,.T.);
#4364 = EDGE_LOOP('',(#4365,#4366,#4387,#4406,#4407,#4408,#4409,#4410));
#4365 = ORIENTED_EDGE('',*,*,#4048,.F.);
#4366 = ORIENTED_EDGE('',*,*,#4367,.F.);
#4367 = EDGE_CURVE('',#4368,#4023,#4370,.T.);
#4368 = VERTEX_POINT('',#4369);
#4369 = CARTESIAN_POINT('',(25.,-5.012613645757,5.));
#4370 = SURFACE_CURVE('',#4371,(#4375,#4381),.PCURVE_S1.);
#4371 = LINE('',#4372,#4373);
#4372 = CARTESIAN_POINT('',(25.,-3.,5.));
#4373 = VECTOR('',#4374,1.);
#4374 = DIRECTION('',(0.,-1.,-4.024558464266E-16));
#4375 = PCURVE('',#3239,#4376);
#4376 = DEFINITIONAL_REPRESENTATION('',(#4377),#4380);
#4377 = B_SPLINE_CURVE_WITH_KNOTS('',1,(#4378,#4379),.UNSPECIFIED.,.F.,
  .F.,(2,2),(1.85,3.),.PIECEWISE_BEZIER_KNOTS.);
#4378 = CARTESIAN_POINT('',(4.,-1.15));
#4379 = CARTESIAN_POINT('',(4.,4.440892098501E-16));
#4380 = ( GEOMETRIC_REPRESENTATION_CONTEXT(2) 
PARAMETRIC_REPRESENTATION_CONTEXT() REPRESENTATION_CONTEXT('2D SPACE',''
  ) );
#4381 = PCURVE('',#4037,#4382);
#4382 = DEFINITIONAL_REPRESENTATION('',(#4383),#4386);
#4383 = B_SPLINE_CURVE_WITH_KNOTS('',1,(#4384,#4385),.UNSPECIFIED.,.F.,
  .F.,(2,2),(1.85,3.),.PIECEWISE_BEZIER_KNOTS.);
#4384 = CARTESIAN_POINT('',(-24.,-4.85));
#4385 = CARTESIAN_POINT('',(-24.,-6.));
#4386 = ( GEOMETRIC_REPRESENTATION_CONTEXT(2) 
PARAMETRIC_REPRESENTATION_CONTEXT() REPRESENTATION_CONTEXT('2D SPACE',''
  ) );
#4387 = ORIENTED_EDGE('',*,*,#4388,.F.);
#4388 = EDGE_CURVE('',#4074,#4368,#4389,.T.);
#4389 = SURFACE_CURVE('',#4390,(#4394,#4400),.PCURVE_S1.);
#4390 = LINE('',#4391,#4392);
#4391 = CARTESIAN_POINT('',(25.,-5.012613645757,1.));
#4392 = VECTOR('',#4393,1.);
#4393 = DIRECTION('',(0.,0.,1.));
#4394 = PCURVE('',#3239,#4395);
#4395 = DEFINITIONAL_REPRESENTATION('',(#4396),#4399);
#4396 = B_SPLINE_CURVE_WITH_KNOTS('',1,(#4397,#4398),.UNSPECIFIED.,.F.,
  .F.,(2,2),(-6.000000000173E-07,4.0000006),.PIECEWISE_BEZIER_KNOTS.);
#4397 = CARTESIAN_POINT('',(-6.000000000173E-07,-0.987386354243));
#4398 = CARTESIAN_POINT('',(4.0000006,-0.987386354243));
#4399 = ( GEOMETRIC_REPRESENTATION_CONTEXT(2) 
PARAMETRIC_REPRESENTATION_CONTEXT() REPRESENTATION_CONTEXT('2D SPACE',''
  ) );
#4400 = PCURVE('',#4011,#4401);
#4401 = DEFINITIONAL_REPRESENTATION('',(#4402),#4405);
#4402 = B_SPLINE_CURVE_WITH_KNOTS('',1,(#4403,#4404),.UNSPECIFIED.,.F.,
  .F.,(2,2),(-6.000000000173E-07,4.0000006),.PIECEWISE_BEZIER_KNOTS.);
#4403 = CARTESIAN_POINT('',(7.225106708479,-6.000000000173E-07));
#4404 = CARTESIAN_POINT('',(7.225106708479,4.0000006));
#4405 = ( GEOMETRIC_REPRESENTATION_CONTEXT(2) 
PARAMETRIC_REPRESENTATION_CONTEXT() REPRESENTATION_CONTEXT('2D SPACE',''
  ) );
#4406 = ORIENTED_EDGE('',*,*,#4263,.T.);
#4407 = ORIENTED_EDGE('',*,*,#4316,.T.);
#4408 = ORIENTED_EDGE('',*,*,#3224,.F.);
#4409 = ORIENTED_EDGE('',*,*,#3869,.F.);
#4410 = ORIENTED_EDGE('',*,*,#3941,.F.);
#4411 = ADVANCED_FACE('',(#4412,#4415),#3314,.F.);
#4412 = FACE_BOUND('',#4413,.T.);
#4413 = EDGE_LOOP('',(#4414));
#4414 = ORIENTED_EDGE('',*,*,#3299,.T.);
#4415 = FACE_BOUND('',#4416,.T.);
#4416 = EDGE_LOOP('',(#4417));
#4417 = ORIENTED_EDGE('',*,*,#4418,.T.);
#4418 = EDGE_CURVE('',#4419,#4419,#4421,.T.);
#4419 = VERTEX_POINT('',#4420);
#4420 = CARTESIAN_POINT('',(-23.35,-5.7,1.));
#4421 = SURFACE_CURVE('',#4422,(#4427,#4434),.PCURVE_S1.);
#4422 = CIRCLE('',#4423,0.85);
#4423 = AXIS2_PLACEMENT_3D('',#4424,#4425,#4426);
#4424 = CARTESIAN_POINT('',(-22.5,-5.7,1.));
#4425 = DIRECTION('',(-8.628166150855E-32,-4.024558464266E-16,1.));
#4426 = DIRECTION('',(1.,-3.472455911352E-47,8.628166150855E-32));
#4427 = PCURVE('',#3314,#4428);
#4428 = DEFINITIONAL_REPRESENTATION('',(#4429),#4433);
#4429 = CIRCLE('',#4430,0.85);
#4430 = AXIS2_PLACEMENT_2D('',#4431,#4432);
#4431 = CARTESIAN_POINT('',(-23.5,-5.7));
#4432 = DIRECTION('',(1.,-3.472455911352E-47));
#4433 = ( GEOMETRIC_REPRESENTATION_CONTEXT(2) 
PARAMETRIC_REPRESENTATION_CONTEXT() REPRESENTATION_CONTEXT('2D SPACE',''
  ) );
#4434 = PCURVE('',#4435,#4440);
#4435 = CYLINDRICAL_SURFACE('',#4436,0.85);
#4436 = AXIS2_PLACEMENT_3D('',#4437,#4438,#4439);
#4437 = CARTESIAN_POINT('',(-22.5,-5.7,1.));
#4438 = DIRECTION('',(0.,0.,1.));
#4439 = DIRECTION('',(1.,0.,-0.));
#4440 = DEFINITIONAL_REPRESENTATION('',(#4441),#4445);
#4441 = LINE('',#4442,#4443);
#4442 = CARTESIAN_POINT('',(0.,0.));
#4443 = VECTOR('',#4444,1.);
#4444 = DIRECTION('',(1.,0.));
#4445 = ( GEOMETRIC_REPRESENTATION_CONTEXT(2) 
PARAMETRIC_REPRESENTATION_CONTEXT() REPRESENTATION_CONTEXT('2D SPACE',''
  ) );
#4446 = ADVANCED_FACE('',(#4447,#4495),#3696,.F.);
#4447 = FACE_BOUND('',#4448,.F.);
#4448 = EDGE_LOOP('',(#4449,#4450,#4473,#4494));
#4449 = ORIENTED_EDGE('',*,*,#3738,.F.);
#4450 = ORIENTED_EDGE('',*,*,#4451,.T.);
#4451 = EDGE_CURVE('',#3739,#4452,#4454,.T.);
#4452 = VERTEX_POINT('',#4453);
#4453 = CARTESIAN_POINT('',(25.,4.6,1.));
#4454 = SURFACE_CURVE('',#4455,(#4459,#4466),.PCURVE_S1.);
#4455 = LINE('',#4456,#4457);
#4456 = CARTESIAN_POINT('',(25.,-6.,1.));
#4457 = VECTOR('',#4458,1.);
#4458 = DIRECTION('',(0.,1.,0.));
#4459 = PCURVE('',#3696,#4460);
#4460 = DEFINITIONAL_REPRESENTATION('',(#4461),#4465);
#4461 = LINE('',#4462,#4463);
#4462 = CARTESIAN_POINT('',(24.,-6.));
#4463 = VECTOR('',#4464,1.);
#4464 = DIRECTION('',(-4.375557617246E-62,1.));
#4465 = ( GEOMETRIC_REPRESENTATION_CONTEXT(2) 
PARAMETRIC_REPRESENTATION_CONTEXT() REPRESENTATION_CONTEXT('2D SPACE',''
  ) );
#4466 = PCURVE('',#3776,#4467);
#4467 = DEFINITIONAL_REPRESENTATION('',(#4468),#4472);
#4468 = LINE('',#4469,#4470);
#4469 = CARTESIAN_POINT('',(0.,0.));
#4470 = VECTOR('',#4471,1.);
#4471 = DIRECTION('',(0.,-1.));
#4472 = ( GEOMETRIC_REPRESENTATION_CONTEXT(2) 
PARAMETRIC_REPRESENTATION_CONTEXT() REPRESENTATION_CONTEXT('2D SPACE',''
  ) );
#4473 = ORIENTED_EDGE('',*,*,#4474,.T.);
#4474 = EDGE_CURVE('',#4452,#3547,#4475,.T.);
#4475 = SURFACE_CURVE('',#4476,(#4480,#4487),.PCURVE_S1.);
#4476 = LINE('',#4477,#4478);
#4477 = CARTESIAN_POINT('',(25.,4.6,1.));
#4478 = VECTOR('',#4479,1.);
#4479 = DIRECTION('',(1.,0.,0.));
#4480 = PCURVE('',#3696,#4481);
#4481 = DEFINITIONAL_REPRESENTATION('',(#4482),#4486);
#4482 = LINE('',#4483,#4484);
#4483 = CARTESIAN_POINT('',(24.,4.6));
#4484 = VECTOR('',#4485,1.);
#4485 = DIRECTION('',(1.,-3.472455911352E-47));
#4486 = ( GEOMETRIC_REPRESENTATION_CONTEXT(2) 
PARAMETRIC_REPRESENTATION_CONTEXT() REPRESENTATION_CONTEXT('2D SPACE',''
  ) );
#4487 = PCURVE('',#3632,#4488);
#4488 = DEFINITIONAL_REPRESENTATION('',(#4489),#4493);
#4489 = LINE('',#4490,#4491);
#4490 = CARTESIAN_POINT('',(-1.570796326795,0.));
#4491 = VECTOR('',#4492,1.);
#4492 = DIRECTION('',(-0.,1.));
#4493 = ( GEOMETRIC_REPRESENTATION_CONTEXT(2) 
PARAMETRIC_REPRESENTATION_CONTEXT() REPRESENTATION_CONTEXT('2D SPACE',''
  ) );
#4494 = ORIENTED_EDGE('',*,*,#3679,.F.);
#4495 = FACE_BOUND('',#4496,.F.);
#4496 = EDGE_LOOP('',(#4497));
#4497 = ORIENTED_EDGE('',*,*,#4498,.F.);
#4498 = EDGE_CURVE('',#4499,#4499,#4501,.T.);
#4499 = VERTEX_POINT('',#4500);
#4500 = CARTESIAN_POINT('',(23.65,5.7,1.));
#4501 = SURFACE_CURVE('',#4502,(#4507,#4514),.PCURVE_S1.);
#4502 = CIRCLE('',#4503,0.85);
#4503 = AXIS2_PLACEMENT_3D('',#4504,#4505,#4506);
#4504 = CARTESIAN_POINT('',(24.5,5.7,1.));
#4505 = DIRECTION('',(-8.628166150855E-32,-4.024558464266E-16,1.));
#4506 = DIRECTION('',(1.,-3.472455911352E-47,8.628166150855E-32));
#4507 = PCURVE('',#3696,#4508);
#4508 = DEFINITIONAL_REPRESENTATION('',(#4509),#4513);
#4509 = CIRCLE('',#4510,0.85);
#4510 = AXIS2_PLACEMENT_2D('',#4511,#4512);
#4511 = CARTESIAN_POINT('',(23.5,5.7));
#4512 = DIRECTION('',(1.,-3.472455911352E-47));
#4513 = ( GEOMETRIC_REPRESENTATION_CONTEXT(2) 
PARAMETRIC_REPRESENTATION_CONTEXT() REPRESENTATION_CONTEXT('2D SPACE',''
  ) );
#4514 = PCURVE('',#4515,#4520);
#4515 = CYLINDRICAL_SURFACE('',#4516,0.85);
#4516 = AXIS2_PLACEMENT_3D('',#4517,#4518,#4519);
#4517 = CARTESIAN_POINT('',(24.5,5.7,1.));
#4518 = DIRECTION('',(0.,0.,1.));
#4519 = DIRECTION('',(1.,0.,-0.));
#4520 = DEFINITIONAL_REPRESENTATION('',(#4521),#4525);
#4521 = LINE('',#4522,#4523);
#4522 = CARTESIAN_POINT('',(0.,0.));
#4523 = VECTOR('',#4524,1.);
#4524 = DIRECTION('',(1.,0.));
#4525 = ( GEOMETRIC_REPRESENTATION_CONTEXT(2) 
PARAMETRIC_REPRESENTATION_CONTEXT() REPRESENTATION_CONTEXT('2D SPACE',''
  ) );
#4526 = ADVANCED_FACE('',(#4527),#3632,.F.);
#4527 = FACE_BOUND('',#4528,.T.);
#4528 = EDGE_LOOP('',(#4529,#4671,#4697,#4698,#4699));
#4529 = ORIENTED_EDGE('',*,*,#4530,.T.);
#4530 = EDGE_CURVE('',#4531,#4533,#4535,.T.);
#4531 = VERTEX_POINT('',#4532);
#4532 = CARTESIAN_POINT('',(25.295298686029,6.,2.4));
#4533 = VERTEX_POINT('',#4534);
#4534 = CARTESIAN_POINT('',(25.,5.012613645757,1.062184624346));
#4535 = SURFACE_CURVE('',#4536,(#4569,#4620),.PCURVE_S1.);
#4536 = B_SPLINE_CURVE_WITH_KNOTS('',7,(#4537,#4538,#4539,#4540,#4541,
    #4542,#4543,#4544,#4545,#4546,#4547,#4548,#4549,#4550,#4551,#4552,
    #4553,#4554,#4555,#4556,#4557,#4558,#4559,#4560,#4561,#4562,#4563,
    #4564,#4565,#4566,#4567,#4568),.UNSPECIFIED.,.F.,.F.,(8,6,6,6,6,8),(
    0.,0.647750793005,1.,1.612718156916,1.90517137818,2.072107169942),
  .UNSPECIFIED.);
#4537 = CARTESIAN_POINT('',(25.295298686029,6.,2.4));
#4538 = CARTESIAN_POINT('',(25.295298686029,6.,2.312155045002));
#4539 = CARTESIAN_POINT('',(25.297724482642,5.993569392641,
    2.224721927682));
#4540 = CARTESIAN_POINT('',(25.302534674585,5.980816689572,
    2.138130860904));
#4541 = CARTESIAN_POINT('',(25.309315118105,5.961852478437,
    2.052822942178));
#4542 = CARTESIAN_POINT('',(25.317296807245,5.936811288465,
    1.969342798144));
#4543 = CARTESIAN_POINT('',(25.325490299447,5.905976098944,
    1.888343131861));
#4544 = CARTESIAN_POINT('',(25.336867496864,5.850183520297,
    1.768161767923));
#4545 = CARTESIAN_POINT('',(25.340642010996,5.828910845938,
    1.726650160905));
#4546 = CARTESIAN_POINT('',(25.344018049961,5.806062705028,
    1.686034441387));
#4547 = CARTESIAN_POINT('',(25.346823065034,5.781688093311,
    1.646387510844));
#4548 = CARTESIAN_POINT('',(25.348878341359,5.755842324929,
    1.607781380799));
#4549 = CARTESIAN_POINT('',(25.35,5.728588671299,1.570287085771));
#4550 = CARTESIAN_POINT('',(25.35,5.650271575806,1.470811014207));
#4551 = CARTESIAN_POINT('',(25.346605808717,5.596087391016,
    1.410693839983));
#4552 = CARTESIAN_POINT('',(25.338722536576,5.538253461889,
    1.354788614818));
#4553 = CARTESIAN_POINT('',(25.325352865226,5.477812091806,
    1.303852196196));
#4554 = CARTESIAN_POINT('',(25.305753939785,5.415948137186,
    1.258308400327));
#4555 = CARTESIAN_POINT('',(25.279450798195,5.353940821273,
    1.218274486015));
#4556 = CARTESIAN_POINT('',(25.230453490716,5.264074149733,
    1.167067607252));
#4557 = CARTESIAN_POINT('',(25.213108771688,5.235397675147,
    1.151798483455));
#4558 = CARTESIAN_POINT('',(25.194259777735,5.207238092529,
    1.137786493905));
#4559 = CARTESIAN_POINT('',(25.173940339512,5.179752749188,
    1.124996370189));
#4560 = CARTESIAN_POINT('',(25.152208806709,5.153093791747,1.11337866292
    ));
#4561 = CARTESIAN_POINT('',(25.12914856463,5.127403822732,1.102872577504
    ));
#4562 = CARTESIAN_POINT('',(25.091009228886,5.088773998233,
    1.088006778349));
#4563 = CARTESIAN_POINT('',(25.076749197308,5.075090729023,
    1.082943188957));
#4564 = CARTESIAN_POINT('',(25.062103025486,5.061780718298,
    1.078203251795));
#4565 = CARTESIAN_POINT('',(25.047086759296,5.048861820831,
    1.073772188282));
#4566 = CARTESIAN_POINT('',(25.031717921062,5.036350777399,
    1.069635231205));
#4567 = CARTESIAN_POINT('',(25.016015509558,5.024263214781,
    1.065777624719));
#4568 = CARTESIAN_POINT('',(25.,5.012613645756,1.062184624346));
#4569 = PCURVE('',#3632,#4570);
#4570 = DEFINITIONAL_REPRESENTATION('',(#4571),#4619);
#4571 = B_SPLINE_CURVE_WITH_KNOTS('',3,(#4572,#4573,#4574,#4575,#4576,
    #4577,#4578,#4579,#4580,#4581,#4582,#4583,#4584,#4585,#4586,#4587,
    #4588,#4589,#4590,#4591,#4592,#4593,#4594,#4595,#4596,#4597,#4598,
    #4599,#4600,#4601,#4602,#4603,#4604,#4605,#4606,#4607,#4608,#4609,
    #4610,#4611,#4612,#4613,#4614,#4615,#4616,#4617,#4618),
  .UNSPECIFIED.,.F.,.F.,(4,1,1,1,1,1,1,1,1,1,1,1,1,1,1,1,1,1,1,1,1,1,1,1
    ,1,1,1,1,1,1,1,1,1,1,1,1,1,1,1,1,1,1,1,1,4),(0.,4.709334477141E-02,
    9.418668954282E-02,0.141280034314,0.188373379086,0.235466723857,
    0.282560068628,0.3296534134,0.376746758171,0.423840102943,
    0.470933447714,0.518026792485,0.565120137257,0.612213482028,
    0.6593068268,0.706400171571,0.753493516343,0.800586861114,
    0.847680205885,0.894773550657,0.941866895428,0.9889602402,
    1.036053584971,1.083146929742,1.130240274514,1.177333619285,
    1.224426964057,1.271520308828,1.318613653599,1.365706998371,
    1.412800343142,1.459893687914,1.506987032685,1.554080377456,
    1.601173722228,1.648267066999,1.695360411771,1.742453756542,
    1.789547101314,1.836640446085,1.883733790856,1.930827135628,
    1.977920480399,2.025013825171,2.072107169942),
  .QUASI_UNIFORM_KNOTS.);
#4572 = CARTESIAN_POINT('',(0.,0.295298686029));
#4573 = CARTESIAN_POINT('',(-1.064422613623E-02,0.295297972081));
#4574 = CARTESIAN_POINT('',(-3.191118819147E-02,0.295478768592));
#4575 = CARTESIAN_POINT('',(-6.375361190525E-02,0.296279523884));
#4576 = CARTESIAN_POINT('',(-9.554487714353E-02,0.297596039054));
#4577 = CARTESIAN_POINT('',(-0.127290411161,0.299402921288));
#4578 = CARTESIAN_POINT('',(-0.158994425346,0.301667532503));
#4579 = CARTESIAN_POINT('',(-0.19065961213,0.304349273131));
#4580 = CARTESIAN_POINT('',(-0.222287012631,0.307400312931));
#4581 = CARTESIAN_POINT('',(-0.253875852574,0.310766017509));
#4582 = CARTESIAN_POINT('',(-0.285423451004,0.314385540749));
#4583 = CARTESIAN_POINT('',(-0.316924976823,0.318192428778));
#4584 = CARTESIAN_POINT('',(-0.348373843613,0.322115357782));
#4585 = CARTESIAN_POINT('',(-0.379759805251,0.326078645869));
#4586 = CARTESIAN_POINT('',(-0.411075715417,0.330003830955));
#4587 = CARTESIAN_POINT('',(-0.442292043511,0.333807481618));
#4588 = CARTESIAN_POINT('',(-0.473463814236,0.337414695128));
#4589 = CARTESIAN_POINT('',(-0.504603544935,0.340742578173));
#4590 = CARTESIAN_POINT('',(-0.535706508599,0.343704537192));
#4591 = CARTESIAN_POINT('',(-0.566771999207,0.346212813821));
#4592 = CARTESIAN_POINT('',(-0.597796677518,0.348177920296));
#4593 = CARTESIAN_POINT('',(-0.628779300772,0.34950900952));
#4594 = CARTESIAN_POINT('',(-0.659707765844,0.35011360652));
#4595 = CARTESIAN_POINT('',(-0.690605455584,0.349898959687));
#4596 = CARTESIAN_POINT('',(-0.721541206496,0.348763218399));
#4597 = CARTESIAN_POINT('',(-0.752422200247,0.346605920219));
#4598 = CARTESIAN_POINT('',(-0.783197329638,0.343331685697));
#4599 = CARTESIAN_POINT('',(-0.813807477911,0.33885025566));
#4600 = CARTESIAN_POINT('',(-0.844198190829,0.333077335066));
#4601 = CARTESIAN_POINT('',(-0.874315690248,0.325935094369));
#4602 = CARTESIAN_POINT('',(-0.904107394539,0.317352660683));
#4603 = CARTESIAN_POINT('',(-0.933521317646,0.307266503791));
#4604 = CARTESIAN_POINT('',(-0.962505680037,0.295620849705));
#4605 = CARTESIAN_POINT('',(-0.991009016658,0.282367771116));
#4606 = CARTESIAN_POINT('',(-1.018978302203,0.267468309799));
#4607 = CARTESIAN_POINT('',(-1.046364725354,0.250889646612));
#4608 = CARTESIAN_POINT('',(-1.073101067032,0.232616986601));
#4609 = CARTESIAN_POINT('',(-1.099043403568,0.212713392662));
#4610 = CARTESIAN_POINT('',(-1.124149971317,0.191193467836));
#4611 = CARTESIAN_POINT('',(-1.148356801231,0.168099666695));
#4612 = CARTESIAN_POINT('',(-1.171607380784,0.143484939115));
#4613 = CARTESIAN_POINT('',(-1.193846328025,0.117416070921));
#4614 = CARTESIAN_POINT('',(-1.215018066261,8.997852322605E-02));
#4615 = CARTESIAN_POINT('',(-1.235092376339,6.124034690106E-02));
#4616 = CARTESIAN_POINT('',(-1.254038581322,3.127696326427E-02));
#4617 = CARTESIAN_POINT('',(-1.265897825022,1.054276647496E-02));
#4618 = CARTESIAN_POINT('',(-1.271629615881,6.750155989721E-14));
#4619 = ( GEOMETRIC_REPRESENTATION_CONTEXT(2) 
PARAMETRIC_REPRESENTATION_CONTEXT() REPRESENTATION_CONTEXT('2D SPACE',''
  ) );
#4620 = PCURVE('',#4515,#4621);
#4621 = DEFINITIONAL_REPRESENTATION('',(#4622),#4670);
#4622 = B_SPLINE_CURVE_WITH_KNOTS('',3,(#4623,#4624,#4625,#4626,#4627,
    #4628,#4629,#4630,#4631,#4632,#4633,#4634,#4635,#4636,#4637,#4638,
    #4639,#4640,#4641,#4642,#4643,#4644,#4645,#4646,#4647,#4648,#4649,
    #4650,#4651,#4652,#4653,#4654,#4655,#4656,#4657,#4658,#4659,#4660,
    #4661,#4662,#4663,#4664,#4665,#4666,#4667,#4668,#4669),
  .UNSPECIFIED.,.F.,.F.,(4,1,1,1,1,1,1,1,1,1,1,1,1,1,1,1,1,1,1,1,1,1,1,1
    ,1,1,1,1,1,1,1,1,1,1,1,1,1,1,1,1,1,1,1,1,4),(0.,4.709334477141E-02,
    9.418668954282E-02,0.141280034314,0.188373379086,0.235466723857,
    0.282560068628,0.3296534134,0.376746758171,0.423840102943,
    0.470933447714,0.518026792485,0.565120137257,0.612213482028,
    0.6593068268,0.706400171571,0.753493516343,0.800586861114,
    0.847680205885,0.894773550657,0.941866895428,0.9889602402,
    1.036053584971,1.083146929742,1.130240274514,1.177333619285,
    1.224426964057,1.271520308828,1.318613653599,1.365706998371,
    1.412800343142,1.459893687914,1.506987032685,1.554080377456,
    1.601173722228,1.648267066999,1.695360411771,1.742453756542,
    1.789547101314,1.836640446085,1.883733790856,1.930827135628,
    1.977920480399,2.025013825171,2.072107169942),
  .QUASI_UNIFORM_KNOTS.);
#4623 = CARTESIAN_POINT('',(6.643898027543,1.4));
#4624 = CARTESIAN_POINT('',(6.643898340404,1.38509804237));
#4625 = CARTESIAN_POINT('',(6.643299430673,1.35532437066));
#4626 = CARTESIAN_POINT('',(6.640619460967,1.310790336009));
#4627 = CARTESIAN_POINT('',(6.636173408602,1.266418126971));
#4628 = CARTESIAN_POINT('',(6.629981971802,1.222244459729));
#4629 = CARTESIAN_POINT('',(6.62206922803,1.178307353957));
#4630 = CARTESIAN_POINT('',(6.61246304915,1.134646475422));
#4631 = CARTESIAN_POINT('',(6.601194872046,1.091303282372));
#4632 = CARTESIAN_POINT('',(6.588299606094,1.04832115347));
#4633 = CARTESIAN_POINT('',(6.573815436786,1.005745383236));
#4634 = CARTESIAN_POINT('',(6.557783742262,0.963623321552));
#4635 = CARTESIAN_POINT('',(6.540248536085,0.922003663221));
#4636 = CARTESIAN_POINT('',(6.521257607755,0.880938585262));
#4637 = CARTESIAN_POINT('',(6.500857303519,0.840474933368));
#4638 = CARTESIAN_POINT('',(6.479111046052,0.800685952341));
#4639 = CARTESIAN_POINT('',(6.456020665533,0.761536211361));
#4640 = CARTESIAN_POINT('',(6.431608891136,0.723046121788));
#4641 = CARTESIAN_POINT('',(6.405908809089,0.685256719145));
#4642 = CARTESIAN_POINT('',(6.378947279831,0.64820301881));
#4643 = CARTESIAN_POINT('',(6.350749886026,0.611922073539));
#4644 = CARTESIAN_POINT('',(6.321336244207,0.576447331476));
#4645 = CARTESIAN_POINT('',(6.290732305378,0.541823090368));
#4646 = CARTESIAN_POINT('',(6.258924327735,0.508052266478));
#4647 = CARTESIAN_POINT('',(6.225837076154,0.475092989939));
#4648 = CARTESIAN_POINT('',(6.191560187453,0.443075683236));
#4649 = CARTESIAN_POINT('',(6.156143658044,0.412076409089));
#4650 = CARTESIAN_POINT('',(6.119646389987,0.382172066967));
#4651 = CARTESIAN_POINT('',(6.082122650153,0.353426089827));
#4652 = CARTESIAN_POINT('',(6.043625325089,0.325892723039));
#4653 = CARTESIAN_POINT('',(6.004204832263,0.299616300742));
#4654 = CARTESIAN_POINT('',(5.963909262545,0.274631812002));
#4655 = CARTESIAN_POINT('',(5.9227845043,0.250965207268));
#4656 = CARTESIAN_POINT('',(5.880873696592,0.228633386103));
#4657 = CARTESIAN_POINT('',(5.838219811564,0.207645687055));
#4658 = CARTESIAN_POINT('',(5.79485677764,0.187999690503));
#4659 = CARTESIAN_POINT('',(5.750843677546,0.169698305561));
#4660 = CARTESIAN_POINT('',(5.70637676011,0.15278224605));
#4661 = CARTESIAN_POINT('',(5.661492164092,0.137210901534));
#4662 = CARTESIAN_POINT('',(5.616264215631,0.122952026798));
#4663 = CARTESIAN_POINT('',(5.570759652593,0.109961541935));
#4664 = CARTESIAN_POINT('',(5.525048148005,9.818946365764E-02));
#4665 = CARTESIAN_POINT('',(5.479209025489,8.75810223353E-02));
#4666 = CARTESIAN_POINT('',(5.433274479332,7.80660725296E-02));
#4667 = CARTESIAN_POINT('',(5.387279084768,6.957464329452E-02));
#4668 = CARTESIAN_POINT('',(5.35660062007,6.454970006115E-02));
#4669 = CARTESIAN_POINT('',(5.34126390588,6.218462434625E-02));
#4670 = ( GEOMETRIC_REPRESENTATION_CONTEXT(2) 
PARAMETRIC_REPRESENTATION_CONTEXT() REPRESENTATION_CONTEXT('2D SPACE',''
  ) );
#4671 = ORIENTED_EDGE('',*,*,#4672,.T.);
#4672 = EDGE_CURVE('',#4533,#4452,#4673,.T.);
#4673 = SURFACE_CURVE('',#4674,(#4679,#4686),.PCURVE_S1.);
#4674 = CIRCLE('',#4675,1.4);
#4675 = AXIS2_PLACEMENT_3D('',#4676,#4677,#4678);
#4676 = CARTESIAN_POINT('',(25.,4.6,2.4));
#4677 = DIRECTION('',(-1.,0.,-0.));
#4678 = DIRECTION('',(-0.,0.,1.));
#4679 = PCURVE('',#3632,#4680);
#4680 = DEFINITIONAL_REPRESENTATION('',(#4681),#4685);
#4681 = LINE('',#4682,#4683);
#4682 = CARTESIAN_POINT('',(1.570796326795,-0.));
#4683 = VECTOR('',#4684,1.);
#4684 = DIRECTION('',(-1.,0.));
#4685 = ( GEOMETRIC_REPRESENTATION_CONTEXT(2) 
PARAMETRIC_REPRESENTATION_CONTEXT() REPRESENTATION_CONTEXT('2D SPACE',''
  ) );
#4686 = PCURVE('',#3776,#4687);
#4687 = DEFINITIONAL_REPRESENTATION('',(#4688),#4696);
#4688 = ( BOUNDED_CURVE() B_SPLINE_CURVE(2,(#4689,#4690,#4691,#4692,
#4693,#4694,#4695),.UNSPECIFIED.,.T.,.F.) B_SPLINE_CURVE_WITH_KNOTS((1,2
    ,2,2,2,1),(-2.094395102393,0.,2.094395102393,4.188790204786,
6.28318530718,8.377580409573),.UNSPECIFIED.) CURVE() 
GEOMETRIC_REPRESENTATION_ITEM() RATIONAL_B_SPLINE_CURVE((1.,0.5,1.,0.5,
1.,0.5,1.)) REPRESENTATION_ITEM('') );
#4689 = CARTESIAN_POINT('',(2.8,-10.6));
#4690 = CARTESIAN_POINT('',(2.8,-13.02487113059));
#4691 = CARTESIAN_POINT('',(0.7,-11.81243556529));
#4692 = CARTESIAN_POINT('',(-1.4,-10.6));
#4693 = CARTESIAN_POINT('',(0.7,-9.387564434702));
#4694 = CARTESIAN_POINT('',(2.8,-8.175128869404));
#4695 = CARTESIAN_POINT('',(2.8,-10.6));
#4696 = ( GEOMETRIC_REPRESENTATION_CONTEXT(2) 
PARAMETRIC_REPRESENTATION_CONTEXT() REPRESENTATION_CONTEXT('2D SPACE',''
  ) );
#4697 = ORIENTED_EDGE('',*,*,#4474,.T.);
#4698 = ORIENTED_EDGE('',*,*,#3546,.T.);
#4699 = ORIENTED_EDGE('',*,*,#4700,.F.);
#4700 = EDGE_CURVE('',#4531,#3521,#4701,.T.);
#4701 = SURFACE_CURVE('',#4702,(#4706,#4713),.PCURVE_S1.);
#4702 = LINE('',#4703,#4704);
#4703 = CARTESIAN_POINT('',(25.,6.,2.4));
#4704 = VECTOR('',#4705,1.);
#4705 = DIRECTION('',(1.,0.,0.));
#4706 = PCURVE('',#3632,#4707);
#4707 = DEFINITIONAL_REPRESENTATION('',(#4708),#4712);
#4708 = LINE('',#4709,#4710);
#4709 = CARTESIAN_POINT('',(-0.,0.));
#4710 = VECTOR('',#4711,1.);
#4711 = DIRECTION('',(-0.,1.));
#4712 = ( GEOMETRIC_REPRESENTATION_CONTEXT(2) 
PARAMETRIC_REPRESENTATION_CONTEXT() REPRESENTATION_CONTEXT('2D SPACE',''
  ) );
#4713 = PCURVE('',#3535,#4714);
#4714 = DEFINITIONAL_REPRESENTATION('',(#4715),#4719);
#4715 = LINE('',#4716,#4717);
#4716 = CARTESIAN_POINT('',(1.4,0.));
#4717 = VECTOR('',#4718,1.);
#4718 = DIRECTION('',(0.,1.));
#4719 = ( GEOMETRIC_REPRESENTATION_CONTEXT(2) 
PARAMETRIC_REPRESENTATION_CONTEXT() REPRESENTATION_CONTEXT('2D SPACE',''
  ) );
#4720 = ADVANCED_FACE('',(#4721),#3535,.F.);
#4721 = FACE_BOUND('',#4722,.F.);
#4722 = EDGE_LOOP('',(#4723,#4724,#4725,#4746,#4772,#4795));
#4723 = ORIENTED_EDGE('',*,*,#3520,.F.);
#4724 = ORIENTED_EDGE('',*,*,#4700,.F.);
#4725 = ORIENTED_EDGE('',*,*,#4726,.T.);
#4726 = EDGE_CURVE('',#4531,#4727,#4729,.T.);
#4727 = VERTEX_POINT('',#4728);
#4728 = CARTESIAN_POINT('',(25.295298686029,6.,5.));
#4729 = SURFACE_CURVE('',#4730,(#4734,#4740),.PCURVE_S1.);
#4730 = LINE('',#4731,#4732);
#4731 = CARTESIAN_POINT('',(25.295298686029,6.,1.));
#4732 = VECTOR('',#4733,1.);
#4733 = DIRECTION('',(0.,0.,1.));
#4734 = PCURVE('',#3535,#4735);
#4735 = DEFINITIONAL_REPRESENTATION('',(#4736),#4739);
#4736 = B_SPLINE_CURVE_WITH_KNOTS('',1,(#4737,#4738),.UNSPECIFIED.,.F.,
  .F.,(2,2),(1.13,4.0000006),.PIECEWISE_BEZIER_KNOTS.);
#4737 = CARTESIAN_POINT('',(1.13,0.295298686029));
#4738 = CARTESIAN_POINT('',(4.0000006,0.295298686029));
#4739 = ( GEOMETRIC_REPRESENTATION_CONTEXT(2) 
PARAMETRIC_REPRESENTATION_CONTEXT() REPRESENTATION_CONTEXT('2D SPACE',''
  ) );
#4740 = PCURVE('',#4515,#4741);
#4741 = DEFINITIONAL_REPRESENTATION('',(#4742),#4745);
#4742 = B_SPLINE_CURVE_WITH_KNOTS('',1,(#4743,#4744),.UNSPECIFIED.,.F.,
  .F.,(2,2),(1.13,4.0000006),.PIECEWISE_BEZIER_KNOTS.);
#4743 = CARTESIAN_POINT('',(6.643898027543,1.13));
#4744 = CARTESIAN_POINT('',(6.643898027543,4.0000006));
#4745 = ( GEOMETRIC_REPRESENTATION_CONTEXT(2) 
PARAMETRIC_REPRESENTATION_CONTEXT() REPRESENTATION_CONTEXT('2D SPACE',''
  ) );
#4746 = ORIENTED_EDGE('',*,*,#4747,.F.);
#4747 = EDGE_CURVE('',#4748,#4727,#4750,.T.);
#4748 = VERTEX_POINT('',#4749);
#4749 = CARTESIAN_POINT('',(25.,6.,5.));
#4750 = SURFACE_CURVE('',#4751,(#4755,#4761),.PCURVE_S1.);
#4751 = LINE('',#4752,#4753);
#4752 = CARTESIAN_POINT('',(13.,6.,5.));
#4753 = VECTOR('',#4754,1.);
#4754 = DIRECTION('',(1.,-0.,8.628166150855E-32));
#4755 = PCURVE('',#3535,#4756);
#4756 = DEFINITIONAL_REPRESENTATION('',(#4757),#4760);
#4757 = B_SPLINE_CURVE_WITH_KNOTS('',1,(#4758,#4759),.UNSPECIFIED.,.F.,
  .F.,(2,2),(12.,12.35),.PIECEWISE_BEZIER_KNOTS.);
#4758 = CARTESIAN_POINT('',(4.,0.));
#4759 = CARTESIAN_POINT('',(4.,0.35));
#4760 = ( GEOMETRIC_REPRESENTATION_CONTEXT(2) 
PARAMETRIC_REPRESENTATION_CONTEXT() REPRESENTATION_CONTEXT('2D SPACE',''
  ) );
#4761 = PCURVE('',#4762,#4767);
#4762 = PLANE('',#4763);
#4763 = AXIS2_PLACEMENT_3D('',#4764,#4765,#4766);
#4764 = CARTESIAN_POINT('',(1.,-4.496403249732E-14,5.));
#4765 = DIRECTION('',(8.628166150855E-32,4.024558464266E-16,-1.));
#4766 = DIRECTION('',(-1.,4.375557617246E-62,-8.628166150855E-32));
#4767 = DEFINITIONAL_REPRESENTATION('',(#4768),#4771);
#4768 = B_SPLINE_CURVE_WITH_KNOTS('',1,(#4769,#4770),.UNSPECIFIED.,.F.,
  .F.,(2,2),(12.,12.35),.PIECEWISE_BEZIER_KNOTS.);
#4769 = CARTESIAN_POINT('',(-24.,6.));
#4770 = CARTESIAN_POINT('',(-24.35,6.));
#4771 = ( GEOMETRIC_REPRESENTATION_CONTEXT(2) 
PARAMETRIC_REPRESENTATION_CONTEXT() REPRESENTATION_CONTEXT('2D SPACE',''
  ) );
#4772 = ORIENTED_EDGE('',*,*,#4773,.T.);
#4773 = EDGE_CURVE('',#4748,#4774,#4776,.T.);
#4774 = VERTEX_POINT('',#4775);
#4775 = CARTESIAN_POINT('',(25.,6.,5.1));
#4776 = SURFACE_CURVE('',#4777,(#4781,#4788),.PCURVE_S1.);
#4777 = LINE('',#4778,#4779);
#4778 = CARTESIAN_POINT('',(25.,6.,1.));
#4779 = VECTOR('',#4780,1.);
#4780 = DIRECTION('',(0.,0.,1.));
#4781 = PCURVE('',#3535,#4782);
#4782 = DEFINITIONAL_REPRESENTATION('',(#4783),#4787);
#4783 = LINE('',#4784,#4785);
#4784 = CARTESIAN_POINT('',(0.,0.));
#4785 = VECTOR('',#4786,1.);
#4786 = DIRECTION('',(1.,0.));
#4787 = ( GEOMETRIC_REPRESENTATION_CONTEXT(2) 
PARAMETRIC_REPRESENTATION_CONTEXT() REPRESENTATION_CONTEXT('2D SPACE',''
  ) );
#4788 = PCURVE('',#3776,#4789);
#4789 = DEFINITIONAL_REPRESENTATION('',(#4790),#4794);
#4790 = LINE('',#4791,#4792);
#4791 = CARTESIAN_POINT('',(0.,-12.));
#4792 = VECTOR('',#4793,1.);
#4793 = DIRECTION('',(1.,0.));
#4794 = ( GEOMETRIC_REPRESENTATION_CONTEXT(2) 
PARAMETRIC_REPRESENTATION_CONTEXT() REPRESENTATION_CONTEXT('2D SPACE',''
  ) );
#4795 = ORIENTED_EDGE('',*,*,#4796,.T.);
#4796 = EDGE_CURVE('',#4774,#3388,#4797,.T.);
#4797 = SURFACE_CURVE('',#4798,(#4802,#4809),.PCURVE_S1.);
#4798 = LINE('',#4799,#4800);
#4799 = CARTESIAN_POINT('',(25.,6.,5.1));
#4800 = VECTOR('',#4801,1.);
#4801 = DIRECTION('',(1.,0.,0.));
#4802 = PCURVE('',#3535,#4803);
#4803 = DEFINITIONAL_REPRESENTATION('',(#4804),#4808);
#4804 = LINE('',#4805,#4806);
#4805 = CARTESIAN_POINT('',(4.1,0.));
#4806 = VECTOR('',#4807,1.);
#4807 = DIRECTION('',(0.,1.));
#4808 = ( GEOMETRIC_REPRESENTATION_CONTEXT(2) 
PARAMETRIC_REPRESENTATION_CONTEXT() REPRESENTATION_CONTEXT('2D SPACE',''
  ) );
#4809 = PCURVE('',#3473,#4810);
#4810 = DEFINITIONAL_REPRESENTATION('',(#4811),#4815);
#4811 = LINE('',#4812,#4813);
#4812 = CARTESIAN_POINT('',(0.,0.));
#4813 = VECTOR('',#4814,1.);
#4814 = DIRECTION('',(0.,1.));
#4815 = ( GEOMETRIC_REPRESENTATION_CONTEXT(2) 
PARAMETRIC_REPRESENTATION_CONTEXT() REPRESENTATION_CONTEXT('2D SPACE',''
  ) );
#4816 = ADVANCED_FACE('',(#4817),#3473,.F.);
#4817 = FACE_BOUND('',#4818,.F.);
#4818 = EDGE_LOOP('',(#4819,#4820,#4844,#4865));
#4819 = ORIENTED_EDGE('',*,*,#4796,.F.);
#4820 = ORIENTED_EDGE('',*,*,#4821,.T.);
#4821 = EDGE_CURVE('',#4774,#4822,#4824,.T.);
#4822 = VERTEX_POINT('',#4823);
#4823 = CARTESIAN_POINT('',(25.,4.6,6.5));
#4824 = SURFACE_CURVE('',#4825,(#4830,#4837),.PCURVE_S1.);
#4825 = CIRCLE('',#4826,1.4);
#4826 = AXIS2_PLACEMENT_3D('',#4827,#4828,#4829);
#4827 = CARTESIAN_POINT('',(25.,4.6,5.1));
#4828 = DIRECTION('',(1.,0.,0.));
#4829 = DIRECTION('',(-0.,0.,1.));
#4830 = PCURVE('',#3473,#4831);
#4831 = DEFINITIONAL_REPRESENTATION('',(#4832),#4836);
#4832 = LINE('',#4833,#4834);
#4833 = CARTESIAN_POINT('',(-4.712388980385,0.));
#4834 = VECTOR('',#4835,1.);
#4835 = DIRECTION('',(1.,0.));
#4836 = ( GEOMETRIC_REPRESENTATION_CONTEXT(2) 
PARAMETRIC_REPRESENTATION_CONTEXT() REPRESENTATION_CONTEXT('2D SPACE',''
  ) );
#4837 = PCURVE('',#3776,#4838);
#4838 = DEFINITIONAL_REPRESENTATION('',(#4839),#4843);
#4839 = CIRCLE('',#4840,1.4);
#4840 = AXIS2_PLACEMENT_2D('',#4841,#4842);
#4841 = CARTESIAN_POINT('',(4.1,-10.6));
#4842 = DIRECTION('',(1.,0.));
#4843 = ( GEOMETRIC_REPRESENTATION_CONTEXT(2) 
PARAMETRIC_REPRESENTATION_CONTEXT() REPRESENTATION_CONTEXT('2D SPACE',''
  ) );
#4844 = ORIENTED_EDGE('',*,*,#4845,.T.);
#4845 = EDGE_CURVE('',#4822,#3359,#4846,.T.);
#4846 = SURFACE_CURVE('',#4847,(#4851,#4858),.PCURVE_S1.);
#4847 = LINE('',#4848,#4849);
#4848 = CARTESIAN_POINT('',(25.,4.6,6.5));
#4849 = VECTOR('',#4850,1.);
#4850 = DIRECTION('',(1.,0.,0.));
#4851 = PCURVE('',#3473,#4852);
#4852 = DEFINITIONAL_REPRESENTATION('',(#4853),#4857);
#4853 = LINE('',#4854,#4855);
#4854 = CARTESIAN_POINT('',(1.570796326795,0.));
#4855 = VECTOR('',#4856,1.);
#4856 = DIRECTION('',(0.,1.));
#4857 = ( GEOMETRIC_REPRESENTATION_CONTEXT(2) 
PARAMETRIC_REPRESENTATION_CONTEXT() REPRESENTATION_CONTEXT('2D SPACE',''
  ) );
#4858 = PCURVE('',#3375,#4859);
#4859 = DEFINITIONAL_REPRESENTATION('',(#4860),#4864);
#4860 = LINE('',#4861,#4862);
#4861 = CARTESIAN_POINT('',(0.,10.6));
#4862 = VECTOR('',#4863,1.);
#4863 = DIRECTION('',(1.,0.));
#4864 = ( GEOMETRIC_REPRESENTATION_CONTEXT(2) 
PARAMETRIC_REPRESENTATION_CONTEXT() REPRESENTATION_CONTEXT('2D SPACE',''
  ) );
#4865 = ORIENTED_EDGE('',*,*,#3387,.T.);
#4866 = ADVANCED_FACE('',(#4867),#3375,.F.);
#4867 = FACE_BOUND('',#4868,.F.);
#4868 = EDGE_LOOP('',(#4869,#4890,#4891,#4892));
#4869 = ORIENTED_EDGE('',*,*,#4870,.F.);
#4870 = EDGE_CURVE('',#3762,#4822,#4871,.T.);
#4871 = SURFACE_CURVE('',#4872,(#4876,#4883),.PCURVE_S1.);
#4872 = LINE('',#4873,#4874);
#4873 = CARTESIAN_POINT('',(25.,-6.,6.5));
#4874 = VECTOR('',#4875,1.);
#4875 = DIRECTION('',(0.,1.,0.));
#4876 = PCURVE('',#3375,#4877);
#4877 = DEFINITIONAL_REPRESENTATION('',(#4878),#4882);
#4878 = LINE('',#4879,#4880);
#4879 = CARTESIAN_POINT('',(0.,0.));
#4880 = VECTOR('',#4881,1.);
#4881 = DIRECTION('',(0.,1.));
#4882 = ( GEOMETRIC_REPRESENTATION_CONTEXT(2) 
PARAMETRIC_REPRESENTATION_CONTEXT() REPRESENTATION_CONTEXT('2D SPACE',''
  ) );
#4883 = PCURVE('',#3776,#4884);
#4884 = DEFINITIONAL_REPRESENTATION('',(#4885),#4889);
#4885 = LINE('',#4886,#4887);
#4886 = CARTESIAN_POINT('',(5.5,0.));
#4887 = VECTOR('',#4888,1.);
#4888 = DIRECTION('',(0.,-1.));
#4889 = ( GEOMETRIC_REPRESENTATION_CONTEXT(2) 
PARAMETRIC_REPRESENTATION_CONTEXT() REPRESENTATION_CONTEXT('2D SPACE',''
  ) );
#4890 = ORIENTED_EDGE('',*,*,#3787,.F.);
#4891 = ORIENTED_EDGE('',*,*,#3358,.T.);
#4892 = ORIENTED_EDGE('',*,*,#4845,.F.);
#4893 = ADVANCED_FACE('',(#4894),#3776,.T.);
#4894 = FACE_BOUND('',#4895,.T.);
#4895 = EDGE_LOOP('',(#4896,#4897,#4898,#4899,#4920,#4939,#4940,#4941));
#4896 = ORIENTED_EDGE('',*,*,#3761,.F.);
#4897 = ORIENTED_EDGE('',*,*,#4451,.T.);
#4898 = ORIENTED_EDGE('',*,*,#4672,.F.);
#4899 = ORIENTED_EDGE('',*,*,#4900,.T.);
#4900 = EDGE_CURVE('',#4533,#4901,#4903,.T.);
#4901 = VERTEX_POINT('',#4902);
#4902 = CARTESIAN_POINT('',(25.,5.012613645756,5.));
#4903 = SURFACE_CURVE('',#4904,(#4908,#4914),.PCURVE_S1.);
#4904 = LINE('',#4905,#4906);
#4905 = CARTESIAN_POINT('',(25.,5.012613645756,1.));
#4906 = VECTOR('',#4907,1.);
#4907 = DIRECTION('',(0.,0.,1.));
#4908 = PCURVE('',#3776,#4909);
#4909 = DEFINITIONAL_REPRESENTATION('',(#4910),#4913);
#4910 = B_SPLINE_CURVE_WITH_KNOTS('',1,(#4911,#4912),.UNSPECIFIED.,.F.,
  .F.,(2,2),(-6.000000000173E-07,4.0000006),.PIECEWISE_BEZIER_KNOTS.);
#4911 = CARTESIAN_POINT('',(-6.000000000173E-07,-11.01261364575));
#4912 = CARTESIAN_POINT('',(4.0000006,-11.01261364575));
#4913 = ( GEOMETRIC_REPRESENTATION_CONTEXT(2) 
PARAMETRIC_REPRESENTATION_CONTEXT() REPRESENTATION_CONTEXT('2D SPACE',''
  ) );
#4914 = PCURVE('',#4515,#4915);
#4915 = DEFINITIONAL_REPRESENTATION('',(#4916),#4919);
#4916 = B_SPLINE_CURVE_WITH_KNOTS('',1,(#4917,#4918),.UNSPECIFIED.,.F.,
  .F.,(2,2),(-6.000000000173E-07,4.0000006),.PIECEWISE_BEZIER_KNOTS.);
#4917 = CARTESIAN_POINT('',(5.34126390588,-6.000000000173E-07));
#4918 = CARTESIAN_POINT('',(5.34126390588,4.0000006));
#4919 = ( GEOMETRIC_REPRESENTATION_CONTEXT(2) 
PARAMETRIC_REPRESENTATION_CONTEXT() REPRESENTATION_CONTEXT('2D SPACE',''
  ) );
#4920 = ORIENTED_EDGE('',*,*,#4921,.F.);
#4921 = EDGE_CURVE('',#4748,#4901,#4922,.T.);
#4922 = SURFACE_CURVE('',#4923,(#4927,#4933),.PCURVE_S1.);
#4923 = LINE('',#4924,#4925);
#4924 = CARTESIAN_POINT('',(25.,-3.,5.));
#4925 = VECTOR('',#4926,1.);
#4926 = DIRECTION('',(0.,-1.,-4.024558464266E-16));
#4927 = PCURVE('',#3776,#4928);
#4928 = DEFINITIONAL_REPRESENTATION('',(#4929),#4932);
#4929 = B_SPLINE_CURVE_WITH_KNOTS('',1,(#4930,#4931),.UNSPECIFIED.,.F.,
  .F.,(2,2),(-9.,-7.85),.PIECEWISE_BEZIER_KNOTS.);
#4930 = CARTESIAN_POINT('',(4.,-12.));
#4931 = CARTESIAN_POINT('',(4.,-10.85));
#4932 = ( GEOMETRIC_REPRESENTATION_CONTEXT(2) 
PARAMETRIC_REPRESENTATION_CONTEXT() REPRESENTATION_CONTEXT('2D SPACE',''
  ) );
#4933 = PCURVE('',#4762,#4934);
#4934 = DEFINITIONAL_REPRESENTATION('',(#4935),#4938);
#4935 = B_SPLINE_CURVE_WITH_KNOTS('',1,(#4936,#4937),.UNSPECIFIED.,.F.,
  .F.,(2,2),(-9.,-7.85),.PIECEWISE_BEZIER_KNOTS.);
#4936 = CARTESIAN_POINT('',(-24.,6.));
#4937 = CARTESIAN_POINT('',(-24.,4.85));
#4938 = ( GEOMETRIC_REPRESENTATION_CONTEXT(2) 
PARAMETRIC_REPRESENTATION_CONTEXT() REPRESENTATION_CONTEXT('2D SPACE',''
  ) );
#4939 = ORIENTED_EDGE('',*,*,#4773,.T.);
#4940 = ORIENTED_EDGE('',*,*,#4821,.T.);
#4941 = ORIENTED_EDGE('',*,*,#4870,.F.);
#4942 = ADVANCED_FACE('',(#4943,#4946),#3849,.F.);
#4943 = FACE_BOUND('',#4944,.T.);
#4944 = EDGE_LOOP('',(#4945));
#4945 = ORIENTED_EDGE('',*,*,#3834,.T.);
#4946 = FACE_BOUND('',#4947,.T.);
#4947 = EDGE_LOOP('',(#4948));
#4948 = ORIENTED_EDGE('',*,*,#4949,.T.);
#4949 = EDGE_CURVE('',#4950,#4950,#4952,.T.);
#4950 = VERTEX_POINT('',#4951);
#4951 = CARTESIAN_POINT('',(-23.35,5.7,1.));
#4952 = SURFACE_CURVE('',#4953,(#4958,#4965),.PCURVE_S1.);
#4953 = CIRCLE('',#4954,0.85);
#4954 = AXIS2_PLACEMENT_3D('',#4955,#4956,#4957);
#4955 = CARTESIAN_POINT('',(-22.5,5.7,1.));
#4956 = DIRECTION('',(-8.628166150855E-32,-4.024558464266E-16,1.));
#4957 = DIRECTION('',(1.,-3.472455911352E-47,8.628166150855E-32));
#4958 = PCURVE('',#3849,#4959);
#4959 = DEFINITIONAL_REPRESENTATION('',(#4960),#4964);
#4960 = CIRCLE('',#4961,0.85);
#4961 = AXIS2_PLACEMENT_2D('',#4962,#4963);
#4962 = CARTESIAN_POINT('',(-23.5,5.7));
#4963 = DIRECTION('',(1.,-3.472455911352E-47));
#4964 = ( GEOMETRIC_REPRESENTATION_CONTEXT(2) 
PARAMETRIC_REPRESENTATION_CONTEXT() REPRESENTATION_CONTEXT('2D SPACE',''
  ) );
#4965 = PCURVE('',#4966,#4971);
#4966 = CYLINDRICAL_SURFACE('',#4967,0.85);
#4967 = AXIS2_PLACEMENT_3D('',#4968,#4969,#4970);
#4968 = CARTESIAN_POINT('',(-22.5,5.7,1.));
#4969 = DIRECTION('',(0.,0.,1.));
#4970 = DIRECTION('',(1.,0.,-0.));
#4971 = DEFINITIONAL_REPRESENTATION('',(#4972),#4976);
#4972 = LINE('',#4973,#4974);
#4973 = CARTESIAN_POINT('',(0.,0.));
#4974 = VECTOR('',#4975,1.);
#4975 = DIRECTION('',(1.,0.));
#4976 = ( GEOMETRIC_REPRESENTATION_CONTEXT(2) 
PARAMETRIC_REPRESENTATION_CONTEXT() REPRESENTATION_CONTEXT('2D SPACE',''
  ) );
#4977 = ADVANCED_FACE('',(#4978),#4037,.T.);
#4978 = FACE_BOUND('',#4979,.T.);
#4979 = EDGE_LOOP('',(#4980,#5008,#5034,#5035));
#4980 = ORIENTED_EDGE('',*,*,#4981,.F.);
#4981 = EDGE_CURVE('',#4982,#3997,#4984,.T.);
#4982 = VERTEX_POINT('',#4983);
#4983 = CARTESIAN_POINT('',(23.65,-5.7,5.));
#4984 = SURFACE_CURVE('',#4985,(#4990,#5001),.PCURVE_S1.);
#4985 = CIRCLE('',#4986,0.85);
#4986 = AXIS2_PLACEMENT_3D('',#4987,#4988,#4989);
#4987 = CARTESIAN_POINT('',(24.5,-5.7,5.));
#4988 = DIRECTION('',(-8.628166150855E-32,-4.024558464266E-16,1.));
#4989 = DIRECTION('',(1.,-3.472455911352E-47,8.628166150855E-32));
#4990 = PCURVE('',#4037,#4991);
#4991 = DEFINITIONAL_REPRESENTATION('',(#4992),#5000);
#4992 = ( BOUNDED_CURVE() B_SPLINE_CURVE(2,(#4993,#4994,#4995,#4996,
#4997,#4998,#4999),.UNSPECIFIED.,.T.,.F.) B_SPLINE_CURVE_WITH_KNOTS((1,2
    ,2,2,2,1),(-2.094395102393,0.,2.094395102393,4.188790204786,
6.28318530718,8.377580409573),.UNSPECIFIED.) CURVE() 
GEOMETRIC_REPRESENTATION_ITEM() RATIONAL_B_SPLINE_CURVE((1.,0.5,1.,0.5,
1.,0.5,1.)) REPRESENTATION_ITEM('') );
#4993 = CARTESIAN_POINT('',(-24.35,-5.7));
#4994 = CARTESIAN_POINT('',(-24.35,-4.227756813567));
#4995 = CARTESIAN_POINT('',(-23.075,-4.963878406783));
#4996 = CARTESIAN_POINT('',(-21.8,-5.7));
#4997 = CARTESIAN_POINT('',(-23.075,-6.436121593217));
#4998 = CARTESIAN_POINT('',(-24.35,-7.172243186434));
#4999 = CARTESIAN_POINT('',(-24.35,-5.7));
#5000 = ( GEOMETRIC_REPRESENTATION_CONTEXT(2) 
PARAMETRIC_REPRESENTATION_CONTEXT() REPRESENTATION_CONTEXT('2D SPACE',''
  ) );
#5001 = PCURVE('',#4011,#5002);
#5002 = DEFINITIONAL_REPRESENTATION('',(#5003),#5007);
#5003 = LINE('',#5004,#5005);
#5004 = CARTESIAN_POINT('',(0.,4.));
#5005 = VECTOR('',#5006,1.);
#5006 = DIRECTION('',(1.,0.));
#5007 = ( GEOMETRIC_REPRESENTATION_CONTEXT(2) 
PARAMETRIC_REPRESENTATION_CONTEXT() REPRESENTATION_CONTEXT('2D SPACE',''
  ) );
#5008 = ORIENTED_EDGE('',*,*,#5009,.F.);
#5009 = EDGE_CURVE('',#4368,#4982,#5010,.T.);
#5010 = SURFACE_CURVE('',#5011,(#5016,#5027),.PCURVE_S1.);
#5011 = CIRCLE('',#5012,0.85);
#5012 = AXIS2_PLACEMENT_3D('',#5013,#5014,#5015);
#5013 = CARTESIAN_POINT('',(24.5,-5.7,5.));
#5014 = DIRECTION('',(-8.628166150855E-32,-4.024558464266E-16,1.));
#5015 = DIRECTION('',(1.,-3.472455911352E-47,8.628166150855E-32));
#5016 = PCURVE('',#4037,#5017);
#5017 = DEFINITIONAL_REPRESENTATION('',(#5018),#5026);
#5018 = ( BOUNDED_CURVE() B_SPLINE_CURVE(2,(#5019,#5020,#5021,#5022,
#5023,#5024,#5025),.UNSPECIFIED.,.T.,.F.) B_SPLINE_CURVE_WITH_KNOTS((1,2
    ,2,2,2,1),(-2.094395102393,0.,2.094395102393,4.188790204786,
6.28318530718,8.377580409573),.UNSPECIFIED.) CURVE() 
GEOMETRIC_REPRESENTATION_ITEM() RATIONAL_B_SPLINE_CURVE((1.,0.5,1.,0.5,
1.,0.5,1.)) REPRESENTATION_ITEM('') );
#5019 = CARTESIAN_POINT('',(-24.35,-5.7));
#5020 = CARTESIAN_POINT('',(-24.35,-4.227756813567));
#5021 = CARTESIAN_POINT('',(-23.075,-4.963878406783));
#5022 = CARTESIAN_POINT('',(-21.8,-5.7));
#5023 = CARTESIAN_POINT('',(-23.075,-6.436121593217));
#5024 = CARTESIAN_POINT('',(-24.35,-7.172243186434));
#5025 = CARTESIAN_POINT('',(-24.35,-5.7));
#5026 = ( GEOMETRIC_REPRESENTATION_CONTEXT(2) 
PARAMETRIC_REPRESENTATION_CONTEXT() REPRESENTATION_CONTEXT('2D SPACE',''
  ) );
#5027 = PCURVE('',#4011,#5028);
#5028 = DEFINITIONAL_REPRESENTATION('',(#5029),#5033);
#5029 = LINE('',#5030,#5031);
#5030 = CARTESIAN_POINT('',(0.,4.));
#5031 = VECTOR('',#5032,1.);
#5032 = DIRECTION('',(1.,0.));
#5033 = ( GEOMETRIC_REPRESENTATION_CONTEXT(2) 
PARAMETRIC_REPRESENTATION_CONTEXT() REPRESENTATION_CONTEXT('2D SPACE',''
  ) );
#5034 = ORIENTED_EDGE('',*,*,#4367,.T.);
#5035 = ORIENTED_EDGE('',*,*,#4022,.T.);
#5036 = ADVANCED_FACE('',(#5037),#4011,.F.);
#5037 = FACE_BOUND('',#5038,.F.);
#5038 = EDGE_LOOP('',(#5039,#5040,#5061,#5062,#5063,#5064,#5065,#5066));
#5039 = ORIENTED_EDGE('',*,*,#4339,.T.);
#5040 = ORIENTED_EDGE('',*,*,#5041,.T.);
#5041 = EDGE_CURVE('',#4340,#4982,#5042,.T.);
#5042 = SEAM_CURVE('',#5043,(#5047,#5054),.PCURVE_S1.);
#5043 = LINE('',#5044,#5045);
#5044 = CARTESIAN_POINT('',(23.65,-5.7,1.));
#5045 = VECTOR('',#5046,1.);
#5046 = DIRECTION('',(0.,0.,1.));
#5047 = PCURVE('',#4011,#5048);
#5048 = DEFINITIONAL_REPRESENTATION('',(#5049),#5053);
#5049 = LINE('',#5050,#5051);
#5050 = CARTESIAN_POINT('',(9.424777960769,0.));
#5051 = VECTOR('',#5052,1.);
#5052 = DIRECTION('',(0.,1.));
#5053 = ( GEOMETRIC_REPRESENTATION_CONTEXT(2) 
PARAMETRIC_REPRESENTATION_CONTEXT() REPRESENTATION_CONTEXT('2D SPACE',''
  ) );
#5054 = PCURVE('',#4011,#5055);
#5055 = DEFINITIONAL_REPRESENTATION('',(#5056),#5060);
#5056 = LINE('',#5057,#5058);
#5057 = CARTESIAN_POINT('',(3.14159265359,0.));
#5058 = VECTOR('',#5059,1.);
#5059 = DIRECTION('',(0.,1.));
#5060 = ( GEOMETRIC_REPRESENTATION_CONTEXT(2) 
PARAMETRIC_REPRESENTATION_CONTEXT() REPRESENTATION_CONTEXT('2D SPACE',''
  ) );
#5061 = ORIENTED_EDGE('',*,*,#5009,.F.);
#5062 = ORIENTED_EDGE('',*,*,#4388,.F.);
#5063 = ORIENTED_EDGE('',*,*,#4073,.T.);
#5064 = ORIENTED_EDGE('',*,*,#3996,.T.);
#5065 = ORIENTED_EDGE('',*,*,#4981,.F.);
#5066 = ORIENTED_EDGE('',*,*,#5041,.F.);
#5067 = ADVANCED_FACE('',(#5068),#4435,.F.);
#5068 = FACE_BOUND('',#5069,.F.);
#5069 = EDGE_LOOP('',(#5070,#5093,#5124,#5125));
#5070 = ORIENTED_EDGE('',*,*,#5071,.T.);
#5071 = EDGE_CURVE('',#4419,#5072,#5074,.T.);
#5072 = VERTEX_POINT('',#5073);
#5073 = CARTESIAN_POINT('',(-23.35,-5.7,5.));
#5074 = SEAM_CURVE('',#5075,(#5079,#5086),.PCURVE_S1.);
#5075 = LINE('',#5076,#5077);
#5076 = CARTESIAN_POINT('',(-23.35,-5.7,1.));
#5077 = VECTOR('',#5078,1.);
#5078 = DIRECTION('',(0.,0.,1.));
#5079 = PCURVE('',#4435,#5080);
#5080 = DEFINITIONAL_REPRESENTATION('',(#5081),#5085);
#5081 = LINE('',#5082,#5083);
#5082 = CARTESIAN_POINT('',(9.424777960769,0.));
#5083 = VECTOR('',#5084,1.);
#5084 = DIRECTION('',(0.,1.));
#5085 = ( GEOMETRIC_REPRESENTATION_CONTEXT(2) 
PARAMETRIC_REPRESENTATION_CONTEXT() REPRESENTATION_CONTEXT('2D SPACE',''
  ) );
#5086 = PCURVE('',#4435,#5087);
#5087 = DEFINITIONAL_REPRESENTATION('',(#5088),#5092);
#5088 = LINE('',#5089,#5090);
#5089 = CARTESIAN_POINT('',(3.14159265359,0.));
#5090 = VECTOR('',#5091,1.);
#5091 = DIRECTION('',(0.,1.));
#5092 = ( GEOMETRIC_REPRESENTATION_CONTEXT(2) 
PARAMETRIC_REPRESENTATION_CONTEXT() REPRESENTATION_CONTEXT('2D SPACE',''
  ) );
#5093 = ORIENTED_EDGE('',*,*,#5094,.F.);
#5094 = EDGE_CURVE('',#5072,#5072,#5095,.T.);
#5095 = SURFACE_CURVE('',#5096,(#5101,#5108),.PCURVE_S1.);
#5096 = CIRCLE('',#5097,0.85);
#5097 = AXIS2_PLACEMENT_3D('',#5098,#5099,#5100);
#5098 = CARTESIAN_POINT('',(-22.5,-5.7,5.));
#5099 = DIRECTION('',(-8.628166150855E-32,-4.024558464266E-16,1.));
#5100 = DIRECTION('',(1.,-3.472455911352E-47,8.628166150855E-32));
#5101 = PCURVE('',#4435,#5102);
#5102 = DEFINITIONAL_REPRESENTATION('',(#5103),#5107);
#5103 = LINE('',#5104,#5105);
#5104 = CARTESIAN_POINT('',(0.,4.));
#5105 = VECTOR('',#5106,1.);
#5106 = DIRECTION('',(1.,0.));
#5107 = ( GEOMETRIC_REPRESENTATION_CONTEXT(2) 
PARAMETRIC_REPRESENTATION_CONTEXT() REPRESENTATION_CONTEXT('2D SPACE',''
  ) );
#5108 = PCURVE('',#5109,#5114);
#5109 = PLANE('',#5110);
#5110 = AXIS2_PLACEMENT_3D('',#5111,#5112,#5113);
#5111 = CARTESIAN_POINT('',(1.,-4.496403249732E-14,5.));
#5112 = DIRECTION('',(8.628166150855E-32,4.024558464266E-16,-1.));
#5113 = DIRECTION('',(-1.,4.375557617246E-62,-8.628166150855E-32));
#5114 = DEFINITIONAL_REPRESENTATION('',(#5115),#5123);
#5115 = ( BOUNDED_CURVE() B_SPLINE_CURVE(2,(#5116,#5117,#5118,#5119,
#5120,#5121,#5122),.UNSPECIFIED.,.T.,.F.) B_SPLINE_CURVE_WITH_KNOTS((1,2
    ,2,2,2,1),(-2.094395102393,0.,2.094395102393,4.188790204786,
6.28318530718,8.377580409573),.UNSPECIFIED.) CURVE() 
GEOMETRIC_REPRESENTATION_ITEM() RATIONAL_B_SPLINE_CURVE((1.,0.5,1.,0.5,
1.,0.5,1.)) REPRESENTATION_ITEM('') );
#5116 = CARTESIAN_POINT('',(22.65,-5.7));
#5117 = CARTESIAN_POINT('',(22.65,-4.227756813566));
#5118 = CARTESIAN_POINT('',(23.925,-4.963878406783));
#5119 = CARTESIAN_POINT('',(25.2,-5.7));
#5120 = CARTESIAN_POINT('',(23.925,-6.436121593217));
#5121 = CARTESIAN_POINT('',(22.65,-7.172243186433));
#5122 = CARTESIAN_POINT('',(22.65,-5.7));
#5123 = ( GEOMETRIC_REPRESENTATION_CONTEXT(2) 
PARAMETRIC_REPRESENTATION_CONTEXT() REPRESENTATION_CONTEXT('2D SPACE',''
  ) );
#5124 = ORIENTED_EDGE('',*,*,#5071,.F.);
#5125 = ORIENTED_EDGE('',*,*,#4418,.T.);
#5126 = ADVANCED_FACE('',(#5127),#4515,.F.);
#5127 = FACE_BOUND('',#5128,.F.);
#5128 = EDGE_LOOP('',(#5129,#5130,#5153,#5179,#5180,#5181,#5182,#5208));
#5129 = ORIENTED_EDGE('',*,*,#4498,.T.);
#5130 = ORIENTED_EDGE('',*,*,#5131,.T.);
#5131 = EDGE_CURVE('',#4499,#5132,#5134,.T.);
#5132 = VERTEX_POINT('',#5133);
#5133 = CARTESIAN_POINT('',(23.65,5.7,5.));
#5134 = SEAM_CURVE('',#5135,(#5139,#5146),.PCURVE_S1.);
#5135 = LINE('',#5136,#5137);
#5136 = CARTESIAN_POINT('',(23.65,5.7,1.));
#5137 = VECTOR('',#5138,1.);
#5138 = DIRECTION('',(0.,0.,1.));
#5139 = PCURVE('',#4515,#5140);
#5140 = DEFINITIONAL_REPRESENTATION('',(#5141),#5145);
#5141 = LINE('',#5142,#5143);
#5142 = CARTESIAN_POINT('',(9.424777960769,0.));
#5143 = VECTOR('',#5144,1.);
#5144 = DIRECTION('',(0.,1.));
#5145 = ( GEOMETRIC_REPRESENTATION_CONTEXT(2) 
PARAMETRIC_REPRESENTATION_CONTEXT() REPRESENTATION_CONTEXT('2D SPACE',''
  ) );
#5146 = PCURVE('',#4515,#5147);
#5147 = DEFINITIONAL_REPRESENTATION('',(#5148),#5152);
#5148 = LINE('',#5149,#5150);
#5149 = CARTESIAN_POINT('',(3.14159265359,0.));
#5150 = VECTOR('',#5151,1.);
#5151 = DIRECTION('',(0.,1.));
#5152 = ( GEOMETRIC_REPRESENTATION_CONTEXT(2) 
PARAMETRIC_REPRESENTATION_CONTEXT() REPRESENTATION_CONTEXT('2D SPACE',''
  ) );
#5153 = ORIENTED_EDGE('',*,*,#5154,.F.);
#5154 = EDGE_CURVE('',#4727,#5132,#5155,.T.);
#5155 = SURFACE_CURVE('',#5156,(#5161,#5168),.PCURVE_S1.);
#5156 = CIRCLE('',#5157,0.85);
#5157 = AXIS2_PLACEMENT_3D('',#5158,#5159,#5160);
#5158 = CARTESIAN_POINT('',(24.5,5.7,5.));
#5159 = DIRECTION('',(-8.628166150855E-32,-4.024558464266E-16,1.));
#5160 = DIRECTION('',(1.,-3.472455911352E-47,8.628166150855E-32));
#5161 = PCURVE('',#4515,#5162);
#5162 = DEFINITIONAL_REPRESENTATION('',(#5163),#5167);
#5163 = LINE('',#5164,#5165);
#5164 = CARTESIAN_POINT('',(0.,4.));
#5165 = VECTOR('',#5166,1.);
#5166 = DIRECTION('',(1.,0.));
#5167 = ( GEOMETRIC_REPRESENTATION_CONTEXT(2) 
PARAMETRIC_REPRESENTATION_CONTEXT() REPRESENTATION_CONTEXT('2D SPACE',''
  ) );
#5168 = PCURVE('',#4762,#5169);
#5169 = DEFINITIONAL_REPRESENTATION('',(#5170),#5178);
#5170 = ( BOUNDED_CURVE() B_SPLINE_CURVE(2,(#5171,#5172,#5173,#5174,
#5175,#5176,#5177),.UNSPECIFIED.,.T.,.F.) B_SPLINE_CURVE_WITH_KNOTS((1,2
    ,2,2,2,1),(-2.094395102393,0.,2.094395102393,4.188790204786,
6.28318530718,8.377580409573),.UNSPECIFIED.) CURVE() 
GEOMETRIC_REPRESENTATION_ITEM() RATIONAL_B_SPLINE_CURVE((1.,0.5,1.,0.5,
1.,0.5,1.)) REPRESENTATION_ITEM('') );
#5171 = CARTESIAN_POINT('',(-24.35,5.7));
#5172 = CARTESIAN_POINT('',(-24.35,7.172243186433));
#5173 = CARTESIAN_POINT('',(-23.075,6.436121593217));
#5174 = CARTESIAN_POINT('',(-21.8,5.7));
#5175 = CARTESIAN_POINT('',(-23.075,4.963878406783));
#5176 = CARTESIAN_POINT('',(-24.35,4.227756813566));
#5177 = CARTESIAN_POINT('',(-24.35,5.7));
#5178 = ( GEOMETRIC_REPRESENTATION_CONTEXT(2) 
PARAMETRIC_REPRESENTATION_CONTEXT() REPRESENTATION_CONTEXT('2D SPACE',''
  ) );
#5179 = ORIENTED_EDGE('',*,*,#4726,.F.);
#5180 = ORIENTED_EDGE('',*,*,#4530,.T.);
#5181 = ORIENTED_EDGE('',*,*,#4900,.T.);
#5182 = ORIENTED_EDGE('',*,*,#5183,.F.);
#5183 = EDGE_CURVE('',#5132,#4901,#5184,.T.);
#5184 = SURFACE_CURVE('',#5185,(#5190,#5197),.PCURVE_S1.);
#5185 = CIRCLE('',#5186,0.85);
#5186 = AXIS2_PLACEMENT_3D('',#5187,#5188,#5189);
#5187 = CARTESIAN_POINT('',(24.5,5.7,5.));
#5188 = DIRECTION('',(-8.628166150855E-32,-4.024558464266E-16,1.));
#5189 = DIRECTION('',(1.,-3.472455911352E-47,8.628166150855E-32));
#5190 = PCURVE('',#4515,#5191);
#5191 = DEFINITIONAL_REPRESENTATION('',(#5192),#5196);
#5192 = LINE('',#5193,#5194);
#5193 = CARTESIAN_POINT('',(0.,4.));
#5194 = VECTOR('',#5195,1.);
#5195 = DIRECTION('',(1.,0.));
#5196 = ( GEOMETRIC_REPRESENTATION_CONTEXT(2) 
PARAMETRIC_REPRESENTATION_CONTEXT() REPRESENTATION_CONTEXT('2D SPACE',''
  ) );
#5197 = PCURVE('',#4762,#5198);
#5198 = DEFINITIONAL_REPRESENTATION('',(#5199),#5207);
#5199 = ( BOUNDED_CURVE() B_SPLINE_CURVE(2,(#5200,#5201,#5202,#5203,
#5204,#5205,#5206),.UNSPECIFIED.,.T.,.F.) B_SPLINE_CURVE_WITH_KNOTS((1,2
    ,2,2,2,1),(-2.094395102393,0.,2.094395102393,4.188790204786,
6.28318530718,8.377580409573),.UNSPECIFIED.) CURVE() 
GEOMETRIC_REPRESENTATION_ITEM() RATIONAL_B_SPLINE_CURVE((1.,0.5,1.,0.5,
1.,0.5,1.)) REPRESENTATION_ITEM('') );
#5200 = CARTESIAN_POINT('',(-24.35,5.7));
#5201 = CARTESIAN_POINT('',(-24.35,7.172243186433));
#5202 = CARTESIAN_POINT('',(-23.075,6.436121593217));
#5203 = CARTESIAN_POINT('',(-21.8,5.7));
#5204 = CARTESIAN_POINT('',(-23.075,4.963878406783));
#5205 = CARTESIAN_POINT('',(-24.35,4.227756813566));
#5206 = CARTESIAN_POINT('',(-24.35,5.7));
#5207 = ( GEOMETRIC_REPRESENTATION_CONTEXT(2) 
PARAMETRIC_REPRESENTATION_CONTEXT() REPRESENTATION_CONTEXT('2D SPACE',''
  ) );
#5208 = ORIENTED_EDGE('',*,*,#5131,.F.);
#5209 = ADVANCED_FACE('',(#5210),#4762,.T.);
#5210 = FACE_BOUND('',#5211,.T.);
#5211 = EDGE_LOOP('',(#5212,#5213,#5214,#5215));
#5212 = ORIENTED_EDGE('',*,*,#5183,.F.);
#5213 = ORIENTED_EDGE('',*,*,#5154,.F.);
#5214 = ORIENTED_EDGE('',*,*,#4747,.F.);
#5215 = ORIENTED_EDGE('',*,*,#4921,.T.);
#5216 = ADVANCED_FACE('',(#5217),#4966,.F.);
#5217 = FACE_BOUND('',#5218,.F.);
#5218 = EDGE_LOOP('',(#5219,#5242,#5273,#5274));
#5219 = ORIENTED_EDGE('',*,*,#5220,.T.);
#5220 = EDGE_CURVE('',#4950,#5221,#5223,.T.);
#5221 = VERTEX_POINT('',#5222);
#5222 = CARTESIAN_POINT('',(-23.35,5.7,5.));
#5223 = SEAM_CURVE('',#5224,(#5228,#5235),.PCURVE_S1.);
#5224 = LINE('',#5225,#5226);
#5225 = CARTESIAN_POINT('',(-23.35,5.7,1.));
#5226 = VECTOR('',#5227,1.);
#5227 = DIRECTION('',(0.,0.,1.));
#5228 = PCURVE('',#4966,#5229);
#5229 = DEFINITIONAL_REPRESENTATION('',(#5230),#5234);
#5230 = LINE('',#5231,#5232);
#5231 = CARTESIAN_POINT('',(9.424777960769,0.));
#5232 = VECTOR('',#5233,1.);
#5233 = DIRECTION('',(0.,1.));
#5234 = ( GEOMETRIC_REPRESENTATION_CONTEXT(2) 
PARAMETRIC_REPRESENTATION_CONTEXT() REPRESENTATION_CONTEXT('2D SPACE',''
  ) );
#5235 = PCURVE('',#4966,#5236);
#5236 = DEFINITIONAL_REPRESENTATION('',(#5237),#5241);
#5237 = LINE('',#5238,#5239);
#5238 = CARTESIAN_POINT('',(3.14159265359,0.));
#5239 = VECTOR('',#5240,1.);
#5240 = DIRECTION('',(0.,1.));
#5241 = ( GEOMETRIC_REPRESENTATION_CONTEXT(2) 
PARAMETRIC_REPRESENTATION_CONTEXT() REPRESENTATION_CONTEXT('2D SPACE',''
  ) );
#5242 = ORIENTED_EDGE('',*,*,#5243,.F.);
#5243 = EDGE_CURVE('',#5221,#5221,#5244,.T.);
#5244 = SURFACE_CURVE('',#5245,(#5250,#5257),.PCURVE_S1.);
#5245 = CIRCLE('',#5246,0.85);
#5246 = AXIS2_PLACEMENT_3D('',#5247,#5248,#5249);
#5247 = CARTESIAN_POINT('',(-22.5,5.7,5.));
#5248 = DIRECTION('',(-8.628166150855E-32,-4.024558464266E-16,1.));
#5249 = DIRECTION('',(1.,-3.472455911352E-47,8.628166150855E-32));
#5250 = PCURVE('',#4966,#5251);
#5251 = DEFINITIONAL_REPRESENTATION('',(#5252),#5256);
#5252 = LINE('',#5253,#5254);
#5253 = CARTESIAN_POINT('',(0.,4.));
#5254 = VECTOR('',#5255,1.);
#5255 = DIRECTION('',(1.,0.));
#5256 = ( GEOMETRIC_REPRESENTATION_CONTEXT(2) 
PARAMETRIC_REPRESENTATION_CONTEXT() REPRESENTATION_CONTEXT('2D SPACE',''
  ) );
#5257 = PCURVE('',#5258,#5263);
#5258 = PLANE('',#5259);
#5259 = AXIS2_PLACEMENT_3D('',#5260,#5261,#5262);
#5260 = CARTESIAN_POINT('',(1.,-4.496403249732E-14,5.));
#5261 = DIRECTION('',(8.628166150855E-32,4.024558464266E-16,-1.));
#5262 = DIRECTION('',(-1.,4.375557617246E-62,-8.628166150855E-32));
#5263 = DEFINITIONAL_REPRESENTATION('',(#5264),#5272);
#5264 = ( BOUNDED_CURVE() B_SPLINE_CURVE(2,(#5265,#5266,#5267,#5268,
#5269,#5270,#5271),.UNSPECIFIED.,.T.,.F.) B_SPLINE_CURVE_WITH_KNOTS((1,2
    ,2,2,2,1),(-2.094395102393,0.,2.094395102393,4.188790204786,
6.28318530718,8.377580409573),.UNSPECIFIED.) CURVE() 
GEOMETRIC_REPRESENTATION_ITEM() RATIONAL_B_SPLINE_CURVE((1.,0.5,1.,0.5,
1.,0.5,1.)) REPRESENTATION_ITEM('') );
#5265 = CARTESIAN_POINT('',(22.65,5.7));
#5266 = CARTESIAN_POINT('',(22.65,7.172243186434));
#5267 = CARTESIAN_POINT('',(23.925,6.436121593217));
#5268 = CARTESIAN_POINT('',(25.2,5.7));
#5269 = CARTESIAN_POINT('',(23.925,4.963878406783));
#5270 = CARTESIAN_POINT('',(22.65,4.227756813567));
#5271 = CARTESIAN_POINT('',(22.65,5.7));
#5272 = ( GEOMETRIC_REPRESENTATION_CONTEXT(2) 
PARAMETRIC_REPRESENTATION_CONTEXT() REPRESENTATION_CONTEXT('2D SPACE',''
  ) );
#5273 = ORIENTED_EDGE('',*,*,#5220,.F.);
#5274 = ORIENTED_EDGE('',*,*,#4949,.T.);
#5275 = ADVANCED_FACE('',(#5276),#5109,.T.);
#5276 = FACE_BOUND('',#5277,.T.);
#5277 = EDGE_LOOP('',(#5278));
#5278 = ORIENTED_EDGE('',*,*,#5094,.F.);
#5279 = ADVANCED_FACE('',(#5280),#5258,.T.);
#5280 = FACE_BOUND('',#5281,.T.);
#5281 = EDGE_LOOP('',(#5282));
#5282 = ORIENTED_EDGE('',*,*,#5243,.F.);
#5283 = ( GEOMETRIC_REPRESENTATION_CONTEXT(3) 
GLOBAL_UNCERTAINTY_ASSIGNED_CONTEXT((#5287)) 
GLOBAL_UNIT_ASSIGNED_CONTEXT((#5284,#5285,#5286)) REPRESENTATION_CONTEXT
('Context #1','3D Context with UNIT and UNCERTAINTY') );
#5284 = ( LENGTH_UNIT() NAMED_UNIT(*) SI_UNIT(.MILLI.,.METRE.) );
#5285 = ( NAMED_UNIT(*) PLANE_ANGLE_UNIT() SI_UNIT($,.RADIAN.) );
#5286 = ( NAMED_UNIT(*) SI_UNIT($,.STERADIAN.) SOLID_ANGLE_UNIT() );
#5287 = UNCERTAINTY_MEASURE_WITH_UNIT(LENGTH_MEASURE(1.E-07),#5284,
  'distance_accuracy_value','confusion accuracy');
#5288 = PRODUCT_RELATED_PRODUCT_CATEGORY('part',$,(#7));
ENDSEC;
END-ISO-10303-21;
