ISO-10303-21;
HEADER;
FILE_DESCRIPTION(('Open CASCADE Model'),'2;1');
FILE_NAME('Open CASCADE Shape Model','2026-06-30T20:57:15',('Author'),(
    'Open CASCADE'),'Open CASCADE STEP processor 7.9','Open CASCADE 7.9'
  ,'Unknown');
FILE_SCHEMA(('AUTOMOTIVE_DESIGN { 1 0 10303 214 1 1 1 1 }'));
ENDSEC;
DATA;
#1 = APPLICATION_PROTOCOL_DEFINITION('international standard',
  'automotive_design',2000,#2);
#2 = APPLICATION_CONTEXT(
  'core data for automotive mechanical design processes');
#3 = SHAPE_DEFINITION_REPRESENTATION(#4,#10);
#4 = PRODUCT_DEFINITION_SHAPE('','',#5);
#5 = PRODUCT_DEFINITION('design','',#6,#9);
#6 = PRODUCT_DEFINITION_FORMATION('','',#7);
#7 = PRODUCT('Open CASCADE STEP translator 7.9 1',
  'Open CASCADE STEP translator 7.9 1','',(#8));
#8 = PRODUCT_CONTEXT('',#2,'mechanical');
#9 = PRODUCT_DEFINITION_CONTEXT('part definition',#2,'design');
#10 = ADVANCED_BREP_SHAPE_REPRESENTATION('',(#11,#15),#6862);
#11 = AXIS2_PLACEMENT_3D('',#12,#13,#14);
#12 = CARTESIAN_POINT('',(0.,0.,0.));
#13 = DIRECTION('',(0.,0.,1.));
#14 = DIRECTION('',(1.,0.,-0.));
#15 = MANIFOLD_SOLID_BREP('',#16);
#16 = CLOSED_SHELL('',(#17,#376,#457,#732,#786,#945,#1115,#1269,#1323,
    #1372,#1426,#1580,#1714,#1745,#1794,#1848,#1902,#1956,#1988,#2059,
    #2108,#2157,#2210,#2236,#3109,#3136,#3213,#3239,#3415,#3470,#3520,
    #3686,#3740,#3795,#3822,#3828,#3855,#3881,#3908,#3934,#3941,#3968,
    #4044,#4093,#4142,#4191,#4240,#4289,#4338,#4365,#4441,#4490,#4539,
    #4588,#4637,#4686,#4735,#4784,#4833,#4882,#4909,#4916,#4923,#4982,
    #5041,#5138,#5564,#5599,#5634,#5708,#5755,#5780,#5854,#5901,#5948,
    #6024,#6115,#6206,#6260,#6334,#6381,#6428,#6504,#6580,#6656,#6710,
    #6769,#6828,#6834,#6844,#6854,#6858));
#17 = ADVANCED_FACE('',(#18),#32,.T.);
#18 = FACE_BOUND('',#19,.T.);
#19 = EDGE_LOOP('',(#20,#55,#83,#111,#139,#172,#200,#233,#261,#294,#322,
    #355));
#20 = ORIENTED_EDGE('',*,*,#21,.F.);
#21 = EDGE_CURVE('',#22,#24,#26,.T.);
#22 = VERTEX_POINT('',#23);
#23 = CARTESIAN_POINT('',(-27.1,12.7,0.));
#24 = VERTEX_POINT('',#25);
#25 = CARTESIAN_POINT('',(-27.1,12.7,8.2));
#26 = SURFACE_CURVE('',#27,(#31,#43),.PCURVE_S1.);
#27 = LINE('',#28,#29);
#28 = CARTESIAN_POINT('',(-27.1,12.7,0.));
#29 = VECTOR('',#30,1.);
#30 = DIRECTION('',(0.,0.,1.));
#31 = PCURVE('',#32,#37);
#32 = PLANE('',#33);
#33 = AXIS2_PLACEMENT_3D('',#34,#35,#36);
#34 = CARTESIAN_POINT('',(-27.1,-11.5,0.));
#35 = DIRECTION('',(-1.,0.,0.));
#36 = DIRECTION('',(0.,1.,0.));
#37 = DEFINITIONAL_REPRESENTATION('',(#38),#42);
#38 = LINE('',#39,#40);
#39 = CARTESIAN_POINT('',(24.2,0.));
#40 = VECTOR('',#41,1.);
#41 = DIRECTION('',(0.,-1.));
#42 = ( GEOMETRIC_REPRESENTATION_CONTEXT(2) 
PARAMETRIC_REPRESENTATION_CONTEXT() REPRESENTATION_CONTEXT('2D SPACE',''
  ) );
#43 = PCURVE('',#44,#49);
#44 = PLANE('',#45);
#45 = AXIS2_PLACEMENT_3D('',#46,#47,#48);
#46 = CARTESIAN_POINT('',(-26.7,13.1,0.));
#47 = DIRECTION('',(-0.707106781187,0.707106781187,0.));
#48 = DIRECTION('',(0.,0.,1.));
#49 = DEFINITIONAL_REPRESENTATION('',(#50),#54);
#50 = LINE('',#51,#52);
#51 = CARTESIAN_POINT('',(0.,-0.565685424949));
#52 = VECTOR('',#53,1.);
#53 = DIRECTION('',(1.,0.));
#54 = ( GEOMETRIC_REPRESENTATION_CONTEXT(2) 
PARAMETRIC_REPRESENTATION_CONTEXT() REPRESENTATION_CONTEXT('2D SPACE',''
  ) );
#55 = ORIENTED_EDGE('',*,*,#56,.T.);
#56 = EDGE_CURVE('',#22,#57,#59,.T.);
#57 = VERTEX_POINT('',#58);
#58 = CARTESIAN_POINT('',(-27.1,-12.7,0.));
#59 = SURFACE_CURVE('',#60,(#64,#71),.PCURVE_S1.);
#60 = LINE('',#61,#62);
#61 = CARTESIAN_POINT('',(-27.1,-5.75,0.));
#62 = VECTOR('',#63,1.);
#63 = DIRECTION('',(0.,-1.,0.));
#64 = PCURVE('',#32,#65);
#65 = DEFINITIONAL_REPRESENTATION('',(#66),#70);
#66 = LINE('',#67,#68);
#67 = CARTESIAN_POINT('',(5.75,0.));
#68 = VECTOR('',#69,1.);
#69 = DIRECTION('',(-1.,0.));
#70 = ( GEOMETRIC_REPRESENTATION_CONTEXT(2) 
PARAMETRIC_REPRESENTATION_CONTEXT() REPRESENTATION_CONTEXT('2D SPACE',''
  ) );
#71 = PCURVE('',#72,#77);
#72 = PLANE('',#73);
#73 = AXIS2_PLACEMENT_3D('',#74,#75,#76);
#74 = CARTESIAN_POINT('',(1.,-5.107025913276E-14,0.));
#75 = DIRECTION('',(0.,0.,1.));
#76 = DIRECTION('',(1.,0.,-0.));
#77 = DEFINITIONAL_REPRESENTATION('',(#78),#82);
#78 = LINE('',#79,#80);
#79 = CARTESIAN_POINT('',(-28.1,-5.75));
#80 = VECTOR('',#81,1.);
#81 = DIRECTION('',(0.,-1.));
#82 = ( GEOMETRIC_REPRESENTATION_CONTEXT(2) 
PARAMETRIC_REPRESENTATION_CONTEXT() REPRESENTATION_CONTEXT('2D SPACE',''
  ) );
#83 = ORIENTED_EDGE('',*,*,#84,.F.);
#84 = EDGE_CURVE('',#85,#57,#87,.T.);
#85 = VERTEX_POINT('',#86);
#86 = CARTESIAN_POINT('',(-27.1,-12.7,8.2));
#87 = SURFACE_CURVE('',#88,(#92,#99),.PCURVE_S1.);
#88 = LINE('',#89,#90);
#89 = CARTESIAN_POINT('',(-27.1,-12.7,0.));
#90 = VECTOR('',#91,1.);
#91 = DIRECTION('',(0.,0.,-1.));
#92 = PCURVE('',#32,#93);
#93 = DEFINITIONAL_REPRESENTATION('',(#94),#98);
#94 = LINE('',#95,#96);
#95 = CARTESIAN_POINT('',(-1.2,0.));
#96 = VECTOR('',#97,1.);
#97 = DIRECTION('',(0.,1.));
#98 = ( GEOMETRIC_REPRESENTATION_CONTEXT(2) 
PARAMETRIC_REPRESENTATION_CONTEXT() REPRESENTATION_CONTEXT('2D SPACE',''
  ) );
#99 = PCURVE('',#100,#105);
#100 = PLANE('',#101);
#101 = AXIS2_PLACEMENT_3D('',#102,#103,#104);
#102 = CARTESIAN_POINT('',(-26.7,-13.1,0.));
#103 = DIRECTION('',(-0.707106781187,-0.707106781187,0.));
#104 = DIRECTION('',(0.,0.,1.));
#105 = DEFINITIONAL_REPRESENTATION('',(#106),#110);
#106 = LINE('',#107,#108);
#107 = CARTESIAN_POINT('',(0.,0.565685424949));
#108 = VECTOR('',#109,1.);
#109 = DIRECTION('',(-1.,0.));
#110 = ( GEOMETRIC_REPRESENTATION_CONTEXT(2) 
PARAMETRIC_REPRESENTATION_CONTEXT() REPRESENTATION_CONTEXT('2D SPACE',''
  ) );
#111 = ORIENTED_EDGE('',*,*,#112,.F.);
#112 = EDGE_CURVE('',#113,#85,#115,.T.);
#113 = VERTEX_POINT('',#114);
#114 = CARTESIAN_POINT('',(-27.1,-5.526012958873,8.2));
#115 = SURFACE_CURVE('',#116,(#120,#127),.PCURVE_S1.);
#116 = LINE('',#117,#118);
#117 = CARTESIAN_POINT('',(-27.1,-5.75,8.2));
#118 = VECTOR('',#119,1.);
#119 = DIRECTION('',(0.,-1.,0.));
#120 = PCURVE('',#32,#121);
#121 = DEFINITIONAL_REPRESENTATION('',(#122),#126);
#122 = LINE('',#123,#124);
#123 = CARTESIAN_POINT('',(5.75,-8.2));
#124 = VECTOR('',#125,1.);
#125 = DIRECTION('',(-1.,0.));
#126 = ( GEOMETRIC_REPRESENTATION_CONTEXT(2) 
PARAMETRIC_REPRESENTATION_CONTEXT() REPRESENTATION_CONTEXT('2D SPACE',''
  ) );
#127 = PCURVE('',#128,#133);
#128 = PLANE('',#129);
#129 = AXIS2_PLACEMENT_3D('',#130,#131,#132);
#130 = CARTESIAN_POINT('',(-26.7,-5.75,8.6));
#131 = DIRECTION('',(-0.707106781187,0.,0.707106781187));
#132 = DIRECTION('',(0.707106781187,0.,0.707106781187));
#133 = DEFINITIONAL_REPRESENTATION('',(#134),#138);
#134 = LINE('',#135,#136);
#135 = CARTESIAN_POINT('',(-0.565685424949,0.));
#136 = VECTOR('',#137,1.);
#137 = DIRECTION('',(0.,-1.));
#138 = ( GEOMETRIC_REPRESENTATION_CONTEXT(2) 
PARAMETRIC_REPRESENTATION_CONTEXT() REPRESENTATION_CONTEXT('2D SPACE',''
  ) );
#139 = ORIENTED_EDGE('',*,*,#140,.T.);
#140 = EDGE_CURVE('',#113,#141,#143,.T.);
#141 = VERTEX_POINT('',#142);
#142 = CARTESIAN_POINT('',(-27.1,-6.,7.15));
#143 = SURFACE_CURVE('',#144,(#149,#160),.PCURVE_S1.);
#144 = CIRCLE('',#145,1.4);
#145 = AXIS2_PLACEMENT_3D('',#146,#147,#148);
#146 = CARTESIAN_POINT('',(-27.1,-4.6,7.15));
#147 = DIRECTION('',(1.,0.,0.));
#148 = DIRECTION('',(0.,-1.,0.));
#149 = PCURVE('',#32,#150);
#150 = DEFINITIONAL_REPRESENTATION('',(#151),#159);
#151 = ( BOUNDED_CURVE() B_SPLINE_CURVE(2,(#152,#153,#154,#155,#156,#157
,#158),.UNSPECIFIED.,.T.,.F.) B_SPLINE_CURVE_WITH_KNOTS((1,2,2,2,2,1),(
    -2.094395102393,0.,2.094395102393,4.188790204786,6.28318530718,
8.377580409573),.UNSPECIFIED.) CURVE() GEOMETRIC_REPRESENTATION_ITEM() 
RATIONAL_B_SPLINE_CURVE((1.,0.5,1.,0.5,1.,0.5,1.)) REPRESENTATION_ITEM(
  '') );
#152 = CARTESIAN_POINT('',(5.5,-7.15));
#153 = CARTESIAN_POINT('',(5.5,-4.725128869404));
#154 = CARTESIAN_POINT('',(7.6,-5.937564434702));
#155 = CARTESIAN_POINT('',(9.7,-7.15));
#156 = CARTESIAN_POINT('',(7.6,-8.362435565298));
#157 = CARTESIAN_POINT('',(5.5,-9.574871130596));
#158 = CARTESIAN_POINT('',(5.5,-7.15));
#159 = ( GEOMETRIC_REPRESENTATION_CONTEXT(2) 
PARAMETRIC_REPRESENTATION_CONTEXT() REPRESENTATION_CONTEXT('2D SPACE',''
  ) );
#160 = PCURVE('',#161,#166);
#161 = CYLINDRICAL_SURFACE('',#162,1.4);
#162 = AXIS2_PLACEMENT_3D('',#163,#164,#165);
#163 = CARTESIAN_POINT('',(-28.5,-4.6,7.15));
#164 = DIRECTION('',(1.,0.,0.));
#165 = DIRECTION('',(0.,-1.,0.));
#166 = DEFINITIONAL_REPRESENTATION('',(#167),#171);
#167 = LINE('',#168,#169);
#168 = CARTESIAN_POINT('',(-4.138911435803E-13,1.4));
#169 = VECTOR('',#170,1.);
#170 = DIRECTION('',(1.,-0.));
#171 = ( GEOMETRIC_REPRESENTATION_CONTEXT(2) 
PARAMETRIC_REPRESENTATION_CONTEXT() REPRESENTATION_CONTEXT('2D SPACE',''
  ) );
#172 = ORIENTED_EDGE('',*,*,#173,.T.);
#173 = EDGE_CURVE('',#141,#174,#176,.T.);
#174 = VERTEX_POINT('',#175);
#175 = CARTESIAN_POINT('',(-27.1,-6.,3.45));
#176 = SURFACE_CURVE('',#177,(#181,#188),.PCURVE_S1.);
#177 = LINE('',#178,#179);
#178 = CARTESIAN_POINT('',(-27.1,-6.,1.025));
#179 = VECTOR('',#180,1.);
#180 = DIRECTION('',(0.,0.,-1.));
#181 = PCURVE('',#32,#182);
#182 = DEFINITIONAL_REPRESENTATION('',(#183),#187);
#183 = LINE('',#184,#185);
#184 = CARTESIAN_POINT('',(5.5,-1.025));
#185 = VECTOR('',#186,1.);
#186 = DIRECTION('',(0.,1.));
#187 = ( GEOMETRIC_REPRESENTATION_CONTEXT(2) 
PARAMETRIC_REPRESENTATION_CONTEXT() REPRESENTATION_CONTEXT('2D SPACE',''
  ) );
#188 = PCURVE('',#189,#194);
#189 = PLANE('',#190);
#190 = AXIS2_PLACEMENT_3D('',#191,#192,#193);
#191 = CARTESIAN_POINT('',(-28.5,-6.,2.05));
#192 = DIRECTION('',(0.,1.,0.));
#193 = DIRECTION('',(0.,-0.,1.));
#194 = DEFINITIONAL_REPRESENTATION('',(#195),#199);
#195 = LINE('',#196,#197);
#196 = CARTESIAN_POINT('',(-1.025,1.4));
#197 = VECTOR('',#198,1.);
#198 = DIRECTION('',(-1.,0.));
#199 = ( GEOMETRIC_REPRESENTATION_CONTEXT(2) 
PARAMETRIC_REPRESENTATION_CONTEXT() REPRESENTATION_CONTEXT('2D SPACE',''
  ) );
#200 = ORIENTED_EDGE('',*,*,#201,.T.);
#201 = EDGE_CURVE('',#174,#202,#204,.T.);
#202 = VERTEX_POINT('',#203);
#203 = CARTESIAN_POINT('',(-27.1,-4.6,2.05));
#204 = SURFACE_CURVE('',#205,(#210,#221),.PCURVE_S1.);
#205 = CIRCLE('',#206,1.4);
#206 = AXIS2_PLACEMENT_3D('',#207,#208,#209);
#207 = CARTESIAN_POINT('',(-27.1,-4.6,3.45));
#208 = DIRECTION('',(1.,0.,0.));
#209 = DIRECTION('',(0.,-1.,0.));
#210 = PCURVE('',#32,#211);
#211 = DEFINITIONAL_REPRESENTATION('',(#212),#220);
#212 = ( BOUNDED_CURVE() B_SPLINE_CURVE(2,(#213,#214,#215,#216,#217,#218
,#219),.UNSPECIFIED.,.T.,.F.) B_SPLINE_CURVE_WITH_KNOTS((1,2,2,2,2,1),(
    -2.094395102393,0.,2.094395102393,4.188790204786,6.28318530718,
8.377580409573),.UNSPECIFIED.) CURVE() GEOMETRIC_REPRESENTATION_ITEM() 
RATIONAL_B_SPLINE_CURVE((1.,0.5,1.,0.5,1.,0.5,1.)) REPRESENTATION_ITEM(
  '') );
#213 = CARTESIAN_POINT('',(5.5,-3.45));
#214 = CARTESIAN_POINT('',(5.5,-1.025128869404));
#215 = CARTESIAN_POINT('',(7.6,-2.237564434702));
#216 = CARTESIAN_POINT('',(9.7,-3.45));
#217 = CARTESIAN_POINT('',(7.6,-4.662435565298));
#218 = CARTESIAN_POINT('',(5.5,-5.874871130596));
#219 = CARTESIAN_POINT('',(5.5,-3.45));
#220 = ( GEOMETRIC_REPRESENTATION_CONTEXT(2) 
PARAMETRIC_REPRESENTATION_CONTEXT() REPRESENTATION_CONTEXT('2D SPACE',''
  ) );
#221 = PCURVE('',#222,#227);
#222 = CYLINDRICAL_SURFACE('',#223,1.4);
#223 = AXIS2_PLACEMENT_3D('',#224,#225,#226);
#224 = CARTESIAN_POINT('',(-28.5,-4.6,3.45));
#225 = DIRECTION('',(1.,0.,0.));
#226 = DIRECTION('',(0.,-1.,0.));
#227 = DEFINITIONAL_REPRESENTATION('',(#228),#232);
#228 = LINE('',#229,#230);
#229 = CARTESIAN_POINT('',(0.,1.4));
#230 = VECTOR('',#231,1.);
#231 = DIRECTION('',(1.,0.));
#232 = ( GEOMETRIC_REPRESENTATION_CONTEXT(2) 
PARAMETRIC_REPRESENTATION_CONTEXT() REPRESENTATION_CONTEXT('2D SPACE',''
  ) );
#233 = ORIENTED_EDGE('',*,*,#234,.T.);
#234 = EDGE_CURVE('',#202,#235,#237,.T.);
#235 = VERTEX_POINT('',#236);
#236 = CARTESIAN_POINT('',(-27.1,4.6,2.05));
#237 = SURFACE_CURVE('',#238,(#242,#249),.PCURVE_S1.);
#238 = LINE('',#239,#240);
#239 = CARTESIAN_POINT('',(-27.1,-8.75,2.05));
#240 = VECTOR('',#241,1.);
#241 = DIRECTION('',(0.,1.,-0.));
#242 = PCURVE('',#32,#243);
#243 = DEFINITIONAL_REPRESENTATION('',(#244),#248);
#244 = LINE('',#245,#246);
#245 = CARTESIAN_POINT('',(2.75,-2.05));
#246 = VECTOR('',#247,1.);
#247 = DIRECTION('',(1.,0.));
#248 = ( GEOMETRIC_REPRESENTATION_CONTEXT(2) 
PARAMETRIC_REPRESENTATION_CONTEXT() REPRESENTATION_CONTEXT('2D SPACE',''
  ) );
#249 = PCURVE('',#250,#255);
#250 = PLANE('',#251);
#251 = AXIS2_PLACEMENT_3D('',#252,#253,#254);
#252 = CARTESIAN_POINT('',(-28.5,-6.,2.05));
#253 = DIRECTION('',(0.,0.,1.));
#254 = DIRECTION('',(1.,0.,-0.));
#255 = DEFINITIONAL_REPRESENTATION('',(#256),#260);
#256 = LINE('',#257,#258);
#257 = CARTESIAN_POINT('',(1.4,-2.75));
#258 = VECTOR('',#259,1.);
#259 = DIRECTION('',(0.,1.));
#260 = ( GEOMETRIC_REPRESENTATION_CONTEXT(2) 
PARAMETRIC_REPRESENTATION_CONTEXT() REPRESENTATION_CONTEXT('2D SPACE',''
  ) );
#261 = ORIENTED_EDGE('',*,*,#262,.T.);
#262 = EDGE_CURVE('',#235,#263,#265,.T.);
#263 = VERTEX_POINT('',#264);
#264 = CARTESIAN_POINT('',(-27.1,6.,3.45));
#265 = SURFACE_CURVE('',#266,(#271,#282),.PCURVE_S1.);
#266 = CIRCLE('',#267,1.4);
#267 = AXIS2_PLACEMENT_3D('',#268,#269,#270);
#268 = CARTESIAN_POINT('',(-27.1,4.6,3.45));
#269 = DIRECTION('',(1.,0.,0.));
#270 = DIRECTION('',(-0.,1.,0.));
#271 = PCURVE('',#32,#272);
#272 = DEFINITIONAL_REPRESENTATION('',(#273),#281);
#273 = ( BOUNDED_CURVE() B_SPLINE_CURVE(2,(#274,#275,#276,#277,#278,#279
,#280),.UNSPECIFIED.,.T.,.F.) B_SPLINE_CURVE_WITH_KNOTS((1,2,2,2,2,1),(
    -2.094395102393,0.,2.094395102393,4.188790204786,6.28318530718,
8.377580409573),.UNSPECIFIED.) CURVE() GEOMETRIC_REPRESENTATION_ITEM() 
RATIONAL_B_SPLINE_CURVE((1.,0.5,1.,0.5,1.,0.5,1.)) REPRESENTATION_ITEM(
  '') );
#274 = CARTESIAN_POINT('',(17.5,-3.45));
#275 = CARTESIAN_POINT('',(17.5,-5.874871130596));
#276 = CARTESIAN_POINT('',(15.4,-4.662435565298));
#277 = CARTESIAN_POINT('',(13.3,-3.45));
#278 = CARTESIAN_POINT('',(15.4,-2.237564434702));
#279 = CARTESIAN_POINT('',(17.5,-1.025128869404));
#280 = CARTESIAN_POINT('',(17.5,-3.45));
#281 = ( GEOMETRIC_REPRESENTATION_CONTEXT(2) 
PARAMETRIC_REPRESENTATION_CONTEXT() REPRESENTATION_CONTEXT('2D SPACE',''
  ) );
#282 = PCURVE('',#283,#288);
#283 = CYLINDRICAL_SURFACE('',#284,1.4);
#284 = AXIS2_PLACEMENT_3D('',#285,#286,#287);
#285 = CARTESIAN_POINT('',(-28.5,4.6,3.45));
#286 = DIRECTION('',(1.,0.,0.));
#287 = DIRECTION('',(-0.,1.,0.));
#288 = DEFINITIONAL_REPRESENTATION('',(#289),#293);
#289 = LINE('',#290,#291);
#290 = CARTESIAN_POINT('',(-4.138911435803E-13,1.4));
#291 = VECTOR('',#292,1.);
#292 = DIRECTION('',(1.,-0.));
#293 = ( GEOMETRIC_REPRESENTATION_CONTEXT(2) 
PARAMETRIC_REPRESENTATION_CONTEXT() REPRESENTATION_CONTEXT('2D SPACE',''
  ) );
#294 = ORIENTED_EDGE('',*,*,#295,.F.);
#295 = EDGE_CURVE('',#296,#263,#298,.T.);
#296 = VERTEX_POINT('',#297);
#297 = CARTESIAN_POINT('',(-27.1,6.,7.15));
#298 = SURFACE_CURVE('',#299,(#303,#310),.PCURVE_S1.);
#299 = LINE('',#300,#301);
#300 = CARTESIAN_POINT('',(-27.1,6.,1.025));
#301 = VECTOR('',#302,1.);
#302 = DIRECTION('',(0.,0.,-1.));
#303 = PCURVE('',#32,#304);
#304 = DEFINITIONAL_REPRESENTATION('',(#305),#309);
#305 = LINE('',#306,#307);
#306 = CARTESIAN_POINT('',(17.5,-1.025));
#307 = VECTOR('',#308,1.);
#308 = DIRECTION('',(0.,1.));
#309 = ( GEOMETRIC_REPRESENTATION_CONTEXT(2) 
PARAMETRIC_REPRESENTATION_CONTEXT() REPRESENTATION_CONTEXT('2D SPACE',''
  ) );
#310 = PCURVE('',#311,#316);
#311 = PLANE('',#312);
#312 = AXIS2_PLACEMENT_3D('',#313,#314,#315);
#313 = CARTESIAN_POINT('',(-28.5,6.,2.05));
#314 = DIRECTION('',(0.,1.,0.));
#315 = DIRECTION('',(0.,-0.,1.));
#316 = DEFINITIONAL_REPRESENTATION('',(#317),#321);
#317 = LINE('',#318,#319);
#318 = CARTESIAN_POINT('',(-1.025,1.4));
#319 = VECTOR('',#320,1.);
#320 = DIRECTION('',(-1.,0.));
#321 = ( GEOMETRIC_REPRESENTATION_CONTEXT(2) 
PARAMETRIC_REPRESENTATION_CONTEXT() REPRESENTATION_CONTEXT('2D SPACE',''
  ) );
#322 = ORIENTED_EDGE('',*,*,#323,.T.);
#323 = EDGE_CURVE('',#296,#324,#326,.T.);
#324 = VERTEX_POINT('',#325);
#325 = CARTESIAN_POINT('',(-27.1,5.526012958873,8.2));
#326 = SURFACE_CURVE('',#327,(#332,#343),.PCURVE_S1.);
#327 = CIRCLE('',#328,1.4);
#328 = AXIS2_PLACEMENT_3D('',#329,#330,#331);
#329 = CARTESIAN_POINT('',(-27.1,4.6,7.15));
#330 = DIRECTION('',(1.,0.,0.));
#331 = DIRECTION('',(-0.,1.,0.));
#332 = PCURVE('',#32,#333);
#333 = DEFINITIONAL_REPRESENTATION('',(#334),#342);
#334 = ( BOUNDED_CURVE() B_SPLINE_CURVE(2,(#335,#336,#337,#338,#339,#340
,#341),.UNSPECIFIED.,.T.,.F.) B_SPLINE_CURVE_WITH_KNOTS((1,2,2,2,2,1),(
    -2.094395102393,0.,2.094395102393,4.188790204786,6.28318530718,
8.377580409573),.UNSPECIFIED.) CURVE() GEOMETRIC_REPRESENTATION_ITEM() 
RATIONAL_B_SPLINE_CURVE((1.,0.5,1.,0.5,1.,0.5,1.)) REPRESENTATION_ITEM(
  '') );
#335 = CARTESIAN_POINT('',(17.5,-7.15));
#336 = CARTESIAN_POINT('',(17.5,-9.574871130596));
#337 = CARTESIAN_POINT('',(15.4,-8.362435565298));
#338 = CARTESIAN_POINT('',(13.3,-7.15));
#339 = CARTESIAN_POINT('',(15.4,-5.937564434702));
#340 = CARTESIAN_POINT('',(17.5,-4.725128869404));
#341 = CARTESIAN_POINT('',(17.5,-7.15));
#342 = ( GEOMETRIC_REPRESENTATION_CONTEXT(2) 
PARAMETRIC_REPRESENTATION_CONTEXT() REPRESENTATION_CONTEXT('2D SPACE',''
  ) );
#343 = PCURVE('',#344,#349);
#344 = CYLINDRICAL_SURFACE('',#345,1.4);
#345 = AXIS2_PLACEMENT_3D('',#346,#347,#348);
#346 = CARTESIAN_POINT('',(-28.5,4.6,7.15));
#347 = DIRECTION('',(1.,0.,0.));
#348 = DIRECTION('',(-0.,1.,0.));
#349 = DEFINITIONAL_REPRESENTATION('',(#350),#354);
#350 = LINE('',#351,#352);
#351 = CARTESIAN_POINT('',(0.,1.4));
#352 = VECTOR('',#353,1.);
#353 = DIRECTION('',(1.,0.));
#354 = ( GEOMETRIC_REPRESENTATION_CONTEXT(2) 
PARAMETRIC_REPRESENTATION_CONTEXT() REPRESENTATION_CONTEXT('2D SPACE',''
  ) );
#355 = ORIENTED_EDGE('',*,*,#356,.F.);
#356 = EDGE_CURVE('',#24,#324,#357,.T.);
#357 = SURFACE_CURVE('',#358,(#362,#369),.PCURVE_S1.);
#358 = LINE('',#359,#360);
#359 = CARTESIAN_POINT('',(-27.1,-5.75,8.2));
#360 = VECTOR('',#361,1.);
#361 = DIRECTION('',(0.,-1.,0.));
#362 = PCURVE('',#32,#363);
#363 = DEFINITIONAL_REPRESENTATION('',(#364),#368);
#364 = LINE('',#365,#366);
#365 = CARTESIAN_POINT('',(5.75,-8.2));
#366 = VECTOR('',#367,1.);
#367 = DIRECTION('',(-1.,0.));
#368 = ( GEOMETRIC_REPRESENTATION_CONTEXT(2) 
PARAMETRIC_REPRESENTATION_CONTEXT() REPRESENTATION_CONTEXT('2D SPACE',''
  ) );
#369 = PCURVE('',#128,#370);
#370 = DEFINITIONAL_REPRESENTATION('',(#371),#375);
#371 = LINE('',#372,#373);
#372 = CARTESIAN_POINT('',(-0.565685424949,0.));
#373 = VECTOR('',#374,1.);
#374 = DIRECTION('',(0.,-1.));
#375 = ( GEOMETRIC_REPRESENTATION_CONTEXT(2) 
PARAMETRIC_REPRESENTATION_CONTEXT() REPRESENTATION_CONTEXT('2D SPACE',''
  ) );
#376 = ADVANCED_FACE('',(#377),#44,.T.);
#377 = FACE_BOUND('',#378,.T.);
#378 = EDGE_LOOP('',(#379,#402,#403,#431));
#379 = ORIENTED_EDGE('',*,*,#380,.T.);
#380 = EDGE_CURVE('',#381,#22,#383,.T.);
#381 = VERTEX_POINT('',#382);
#382 = CARTESIAN_POINT('',(-26.3,13.5,0.));
#383 = SURFACE_CURVE('',#384,(#388,#395),.PCURVE_S1.);
#384 = LINE('',#385,#386);
#385 = CARTESIAN_POINT('',(-23.05,16.75,0.));
#386 = VECTOR('',#387,1.);
#387 = DIRECTION('',(-0.707106781187,-0.707106781187,0.));
#388 = PCURVE('',#44,#389);
#389 = DEFINITIONAL_REPRESENTATION('',(#390),#394);
#390 = LINE('',#391,#392);
#391 = CARTESIAN_POINT('',(0.,5.161879502662));
#392 = VECTOR('',#393,1.);
#393 = DIRECTION('',(0.,-1.));
#394 = ( GEOMETRIC_REPRESENTATION_CONTEXT(2) 
PARAMETRIC_REPRESENTATION_CONTEXT() REPRESENTATION_CONTEXT('2D SPACE',''
  ) );
#395 = PCURVE('',#72,#396);
#396 = DEFINITIONAL_REPRESENTATION('',(#397),#401);
#397 = LINE('',#398,#399);
#398 = CARTESIAN_POINT('',(-24.05,16.75));
#399 = VECTOR('',#400,1.);
#400 = DIRECTION('',(-0.707106781187,-0.707106781187));
#401 = ( GEOMETRIC_REPRESENTATION_CONTEXT(2) 
PARAMETRIC_REPRESENTATION_CONTEXT() REPRESENTATION_CONTEXT('2D SPACE',''
  ) );
#402 = ORIENTED_EDGE('',*,*,#21,.T.);
#403 = ORIENTED_EDGE('',*,*,#404,.T.);
#404 = EDGE_CURVE('',#24,#405,#407,.T.);
#405 = VERTEX_POINT('',#406);
#406 = CARTESIAN_POINT('',(-26.3,13.5,8.2));
#407 = SURFACE_CURVE('',#408,(#412,#419),.PCURVE_S1.);
#408 = LINE('',#409,#410);
#409 = CARTESIAN_POINT('',(-27.1,12.7,8.2));
#410 = VECTOR('',#411,1.);
#411 = DIRECTION('',(0.707106781187,0.707106781187,0.));
#412 = PCURVE('',#44,#413);
#413 = DEFINITIONAL_REPRESENTATION('',(#414),#418);
#414 = LINE('',#415,#416);
#415 = CARTESIAN_POINT('',(8.2,-0.565685424949));
#416 = VECTOR('',#417,1.);
#417 = DIRECTION('',(0.,1.));
#418 = ( GEOMETRIC_REPRESENTATION_CONTEXT(2) 
PARAMETRIC_REPRESENTATION_CONTEXT() REPRESENTATION_CONTEXT('2D SPACE',''
  ) );
#419 = PCURVE('',#420,#425);
#420 = PLANE('',#421);
#421 = AXIS2_PLACEMENT_3D('',#422,#423,#424);
#422 = CARTESIAN_POINT('',(-27.1,12.7,8.2));
#423 = DIRECTION('',(-0.57735026919,0.57735026919,0.57735026919));
#424 = DIRECTION('',(0.707106781187,1.110223024625E-16,0.707106781187));
#425 = DEFINITIONAL_REPRESENTATION('',(#426),#430);
#426 = LINE('',#427,#428);
#427 = CARTESIAN_POINT('',(0.,0.));
#428 = VECTOR('',#429,1.);
#429 = DIRECTION('',(0.5,0.866025403784));
#430 = ( GEOMETRIC_REPRESENTATION_CONTEXT(2) 
PARAMETRIC_REPRESENTATION_CONTEXT() REPRESENTATION_CONTEXT('2D SPACE',''
  ) );
#431 = ORIENTED_EDGE('',*,*,#432,.T.);
#432 = EDGE_CURVE('',#405,#381,#433,.T.);
#433 = SURFACE_CURVE('',#434,(#438,#445),.PCURVE_S1.);
#434 = LINE('',#435,#436);
#435 = CARTESIAN_POINT('',(-26.3,13.5,0.));
#436 = VECTOR('',#437,1.);
#437 = DIRECTION('',(0.,0.,-1.));
#438 = PCURVE('',#44,#439);
#439 = DEFINITIONAL_REPRESENTATION('',(#440),#444);
#440 = LINE('',#441,#442);
#441 = CARTESIAN_POINT('',(0.,0.565685424949));
#442 = VECTOR('',#443,1.);
#443 = DIRECTION('',(-1.,0.));
#444 = ( GEOMETRIC_REPRESENTATION_CONTEXT(2) 
PARAMETRIC_REPRESENTATION_CONTEXT() REPRESENTATION_CONTEXT('2D SPACE',''
  ) );
#445 = PCURVE('',#446,#451);
#446 = PLANE('',#447);
#447 = AXIS2_PLACEMENT_3D('',#448,#449,#450);
#448 = CARTESIAN_POINT('',(-25.1,13.5,0.));
#449 = DIRECTION('',(0.,1.,0.));
#450 = DIRECTION('',(1.,0.,0.));
#451 = DEFINITIONAL_REPRESENTATION('',(#452),#456);
#452 = LINE('',#453,#454);
#453 = CARTESIAN_POINT('',(-1.2,0.));
#454 = VECTOR('',#455,1.);
#455 = DIRECTION('',(0.,1.));
#456 = ( GEOMETRIC_REPRESENTATION_CONTEXT(2) 
PARAMETRIC_REPRESENTATION_CONTEXT() REPRESENTATION_CONTEXT('2D SPACE',''
  ) );
#457 = ADVANCED_FACE('',(#458,#618),#72,.F.);
#458 = FACE_BOUND('',#459,.T.);
#459 = EDGE_LOOP('',(#460,#461,#484,#512,#540,#568,#596,#617));
#460 = ORIENTED_EDGE('',*,*,#380,.F.);
#461 = ORIENTED_EDGE('',*,*,#462,.F.);
#462 = EDGE_CURVE('',#463,#381,#465,.T.);
#463 = VERTEX_POINT('',#464);
#464 = CARTESIAN_POINT('',(28.3,13.5,0.));
#465 = SURFACE_CURVE('',#466,(#470,#477),.PCURVE_S1.);
#466 = LINE('',#467,#468);
#467 = CARTESIAN_POINT('',(-12.05,13.5,0.));
#468 = VECTOR('',#469,1.);
#469 = DIRECTION('',(-1.,0.,0.));
#470 = PCURVE('',#72,#471);
#471 = DEFINITIONAL_REPRESENTATION('',(#472),#476);
#472 = LINE('',#473,#474);
#473 = CARTESIAN_POINT('',(-13.05,13.5));
#474 = VECTOR('',#475,1.);
#475 = DIRECTION('',(-1.,0.));
#476 = ( GEOMETRIC_REPRESENTATION_CONTEXT(2) 
PARAMETRIC_REPRESENTATION_CONTEXT() REPRESENTATION_CONTEXT('2D SPACE',''
  ) );
#477 = PCURVE('',#446,#478);
#478 = DEFINITIONAL_REPRESENTATION('',(#479),#483);
#479 = LINE('',#480,#481);
#480 = CARTESIAN_POINT('',(13.05,0.));
#481 = VECTOR('',#482,1.);
#482 = DIRECTION('',(-1.,0.));
#483 = ( GEOMETRIC_REPRESENTATION_CONTEXT(2) 
PARAMETRIC_REPRESENTATION_CONTEXT() REPRESENTATION_CONTEXT('2D SPACE',''
  ) );
#484 = ORIENTED_EDGE('',*,*,#485,.F.);
#485 = EDGE_CURVE('',#486,#463,#488,.T.);
#486 = VERTEX_POINT('',#487);
#487 = CARTESIAN_POINT('',(29.1,12.7,0.));
#488 = SURFACE_CURVE('',#489,(#493,#500),.PCURVE_S1.);
#489 = LINE('',#490,#491);
#490 = CARTESIAN_POINT('',(25.05,16.75,0.));
#491 = VECTOR('',#492,1.);
#492 = DIRECTION('',(-0.707106781187,0.707106781187,0.));
#493 = PCURVE('',#72,#494);
#494 = DEFINITIONAL_REPRESENTATION('',(#495),#499);
#495 = LINE('',#496,#497);
#496 = CARTESIAN_POINT('',(24.05,16.75));
#497 = VECTOR('',#498,1.);
#498 = DIRECTION('',(-0.707106781187,0.707106781187));
#499 = ( GEOMETRIC_REPRESENTATION_CONTEXT(2) 
PARAMETRIC_REPRESENTATION_CONTEXT() REPRESENTATION_CONTEXT('2D SPACE',''
  ) );
#500 = PCURVE('',#501,#506);
#501 = PLANE('',#502);
#502 = AXIS2_PLACEMENT_3D('',#503,#504,#505);
#503 = CARTESIAN_POINT('',(28.7,13.1,0.));
#504 = DIRECTION('',(0.707106781187,0.707106781187,0.));
#505 = DIRECTION('',(0.,0.,-1.));
#506 = DEFINITIONAL_REPRESENTATION('',(#507),#511);
#507 = LINE('',#508,#509);
#508 = CARTESIAN_POINT('',(0.,5.161879502662));
#509 = VECTOR('',#510,1.);
#510 = DIRECTION('',(0.,1.));
#511 = ( GEOMETRIC_REPRESENTATION_CONTEXT(2) 
PARAMETRIC_REPRESENTATION_CONTEXT() REPRESENTATION_CONTEXT('2D SPACE',''
  ) );
#512 = ORIENTED_EDGE('',*,*,#513,.F.);
#513 = EDGE_CURVE('',#514,#486,#516,.T.);
#514 = VERTEX_POINT('',#515);
#515 = CARTESIAN_POINT('',(29.1,-12.7,0.));
#516 = SURFACE_CURVE('',#517,(#521,#528),.PCURVE_S1.);
#517 = LINE('',#518,#519);
#518 = CARTESIAN_POINT('',(29.1,5.75,0.));
#519 = VECTOR('',#520,1.);
#520 = DIRECTION('',(-1.930822651522E-16,1.,0.));
#521 = PCURVE('',#72,#522);
#522 = DEFINITIONAL_REPRESENTATION('',(#523),#527);
#523 = LINE('',#524,#525);
#524 = CARTESIAN_POINT('',(28.1,5.75));
#525 = VECTOR('',#526,1.);
#526 = DIRECTION('',(-1.930822651522E-16,1.));
#527 = ( GEOMETRIC_REPRESENTATION_CONTEXT(2) 
PARAMETRIC_REPRESENTATION_CONTEXT() REPRESENTATION_CONTEXT('2D SPACE',''
  ) );
#528 = PCURVE('',#529,#534);
#529 = PLANE('',#530);
#530 = AXIS2_PLACEMENT_3D('',#531,#532,#533);
#531 = CARTESIAN_POINT('',(29.1,11.5,0.));
#532 = DIRECTION('',(1.,1.930822651522E-16,0.));
#533 = DIRECTION('',(1.930822651522E-16,-1.,0.));
#534 = DEFINITIONAL_REPRESENTATION('',(#535),#539);
#535 = LINE('',#536,#537);
#536 = CARTESIAN_POINT('',(5.75,0.));
#537 = VECTOR('',#538,1.);
#538 = DIRECTION('',(-1.,0.));
#539 = ( GEOMETRIC_REPRESENTATION_CONTEXT(2) 
PARAMETRIC_REPRESENTATION_CONTEXT() REPRESENTATION_CONTEXT('2D SPACE',''
  ) );
#540 = ORIENTED_EDGE('',*,*,#541,.F.);
#541 = EDGE_CURVE('',#542,#514,#544,.T.);
#542 = VERTEX_POINT('',#543);
#543 = CARTESIAN_POINT('',(28.3,-13.5,0.));
#544 = SURFACE_CURVE('',#545,(#549,#556),.PCURVE_S1.);
#545 = LINE('',#546,#547);
#546 = CARTESIAN_POINT('',(25.05,-16.75,0.));
#547 = VECTOR('',#548,1.);
#548 = DIRECTION('',(0.707106781187,0.707106781187,0.));
#549 = PCURVE('',#72,#550);
#550 = DEFINITIONAL_REPRESENTATION('',(#551),#555);
#551 = LINE('',#552,#553);
#552 = CARTESIAN_POINT('',(24.05,-16.75));
#553 = VECTOR('',#554,1.);
#554 = DIRECTION('',(0.707106781187,0.707106781187));
#555 = ( GEOMETRIC_REPRESENTATION_CONTEXT(2) 
PARAMETRIC_REPRESENTATION_CONTEXT() REPRESENTATION_CONTEXT('2D SPACE',''
  ) );
#556 = PCURVE('',#557,#562);
#557 = PLANE('',#558);
#558 = AXIS2_PLACEMENT_3D('',#559,#560,#561);
#559 = CARTESIAN_POINT('',(28.7,-13.1,0.));
#560 = DIRECTION('',(0.707106781187,-0.707106781187,0.));
#561 = DIRECTION('',(0.,0.,-1.));
#562 = DEFINITIONAL_REPRESENTATION('',(#563),#567);
#563 = LINE('',#564,#565);
#564 = CARTESIAN_POINT('',(-0.,-5.161879502662));
#565 = VECTOR('',#566,1.);
#566 = DIRECTION('',(0.,1.));
#567 = ( GEOMETRIC_REPRESENTATION_CONTEXT(2) 
PARAMETRIC_REPRESENTATION_CONTEXT() REPRESENTATION_CONTEXT('2D SPACE',''
  ) );
#568 = ORIENTED_EDGE('',*,*,#569,.F.);
#569 = EDGE_CURVE('',#570,#542,#572,.T.);
#570 = VERTEX_POINT('',#571);
#571 = CARTESIAN_POINT('',(-26.3,-13.5,0.));
#572 = SURFACE_CURVE('',#573,(#577,#584),.PCURVE_S1.);
#573 = LINE('',#574,#575);
#574 = CARTESIAN_POINT('',(14.05,-13.5,0.));
#575 = VECTOR('',#576,1.);
#576 = DIRECTION('',(1.,0.,0.));
#577 = PCURVE('',#72,#578);
#578 = DEFINITIONAL_REPRESENTATION('',(#579),#583);
#579 = LINE('',#580,#581);
#580 = CARTESIAN_POINT('',(13.05,-13.5));
#581 = VECTOR('',#582,1.);
#582 = DIRECTION('',(1.,0.));
#583 = ( GEOMETRIC_REPRESENTATION_CONTEXT(2) 
PARAMETRIC_REPRESENTATION_CONTEXT() REPRESENTATION_CONTEXT('2D SPACE',''
  ) );
#584 = PCURVE('',#585,#590);
#585 = PLANE('',#586);
#586 = AXIS2_PLACEMENT_3D('',#587,#588,#589);
#587 = CARTESIAN_POINT('',(27.1,-13.5,0.));
#588 = DIRECTION('',(0.,-1.,0.));
#589 = DIRECTION('',(-1.,0.,0.));
#590 = DEFINITIONAL_REPRESENTATION('',(#591),#595);
#591 = LINE('',#592,#593);
#592 = CARTESIAN_POINT('',(13.05,0.));
#593 = VECTOR('',#594,1.);
#594 = DIRECTION('',(-1.,-0.));
#595 = ( GEOMETRIC_REPRESENTATION_CONTEXT(2) 
PARAMETRIC_REPRESENTATION_CONTEXT() REPRESENTATION_CONTEXT('2D SPACE',''
  ) );
#596 = ORIENTED_EDGE('',*,*,#597,.F.);
#597 = EDGE_CURVE('',#57,#570,#598,.T.);
#598 = SURFACE_CURVE('',#599,(#603,#610),.PCURVE_S1.);
#599 = LINE('',#600,#601);
#600 = CARTESIAN_POINT('',(-23.05,-16.75,0.));
#601 = VECTOR('',#602,1.);
#602 = DIRECTION('',(0.707106781187,-0.707106781187,0.));
#603 = PCURVE('',#72,#604);
#604 = DEFINITIONAL_REPRESENTATION('',(#605),#609);
#605 = LINE('',#606,#607);
#606 = CARTESIAN_POINT('',(-24.05,-16.75));
#607 = VECTOR('',#608,1.);
#608 = DIRECTION('',(0.707106781187,-0.707106781187));
#609 = ( GEOMETRIC_REPRESENTATION_CONTEXT(2) 
PARAMETRIC_REPRESENTATION_CONTEXT() REPRESENTATION_CONTEXT('2D SPACE',''
  ) );
#610 = PCURVE('',#100,#611);
#611 = DEFINITIONAL_REPRESENTATION('',(#612),#616);
#612 = LINE('',#613,#614);
#613 = CARTESIAN_POINT('',(0.,-5.161879502662));
#614 = VECTOR('',#615,1.);
#615 = DIRECTION('',(0.,-1.));
#616 = ( GEOMETRIC_REPRESENTATION_CONTEXT(2) 
PARAMETRIC_REPRESENTATION_CONTEXT() REPRESENTATION_CONTEXT('2D SPACE',''
  ) );
#617 = ORIENTED_EDGE('',*,*,#56,.F.);
#618 = FACE_BOUND('',#619,.T.);
#619 = EDGE_LOOP('',(#620,#650,#678,#706));
#620 = ORIENTED_EDGE('',*,*,#621,.F.);
#621 = EDGE_CURVE('',#622,#624,#626,.T.);
#622 = VERTEX_POINT('',#623);
#623 = CARTESIAN_POINT('',(27.1,-11.5,0.));
#624 = VERTEX_POINT('',#625);
#625 = CARTESIAN_POINT('',(-25.1,-11.5,0.));
#626 = SURFACE_CURVE('',#627,(#631,#638),.PCURVE_S1.);
#627 = LINE('',#628,#629);
#628 = CARTESIAN_POINT('',(14.05,-11.5,0.));
#629 = VECTOR('',#630,1.);
#630 = DIRECTION('',(-1.,0.,0.));
#631 = PCURVE('',#72,#632);
#632 = DEFINITIONAL_REPRESENTATION('',(#633),#637);
#633 = LINE('',#634,#635);
#634 = CARTESIAN_POINT('',(13.05,-11.5));
#635 = VECTOR('',#636,1.);
#636 = DIRECTION('',(-1.,0.));
#637 = ( GEOMETRIC_REPRESENTATION_CONTEXT(2) 
PARAMETRIC_REPRESENTATION_CONTEXT() REPRESENTATION_CONTEXT('2D SPACE',''
  ) );
#638 = PCURVE('',#639,#644);
#639 = PLANE('',#640);
#640 = AXIS2_PLACEMENT_3D('',#641,#642,#643);
#641 = CARTESIAN_POINT('',(27.1,-11.5,0.));
#642 = DIRECTION('',(0.,-1.,0.));
#643 = DIRECTION('',(-1.,0.,0.));
#644 = DEFINITIONAL_REPRESENTATION('',(#645),#649);
#645 = LINE('',#646,#647);
#646 = CARTESIAN_POINT('',(13.05,0.));
#647 = VECTOR('',#648,1.);
#648 = DIRECTION('',(1.,0.));
#649 = ( GEOMETRIC_REPRESENTATION_CONTEXT(2) 
PARAMETRIC_REPRESENTATION_CONTEXT() REPRESENTATION_CONTEXT('2D SPACE',''
  ) );
#650 = ORIENTED_EDGE('',*,*,#651,.F.);
#651 = EDGE_CURVE('',#652,#622,#654,.T.);
#652 = VERTEX_POINT('',#653);
#653 = CARTESIAN_POINT('',(27.1,11.5,0.));
#654 = SURFACE_CURVE('',#655,(#659,#666),.PCURVE_S1.);
#655 = LINE('',#656,#657);
#656 = CARTESIAN_POINT('',(27.1,5.75,0.));
#657 = VECTOR('',#658,1.);
#658 = DIRECTION('',(1.930822651522E-16,-1.,0.));
#659 = PCURVE('',#72,#660);
#660 = DEFINITIONAL_REPRESENTATION('',(#661),#665);
#661 = LINE('',#662,#663);
#662 = CARTESIAN_POINT('',(26.1,5.75));
#663 = VECTOR('',#664,1.);
#664 = DIRECTION('',(1.930822651522E-16,-1.));
#665 = ( GEOMETRIC_REPRESENTATION_CONTEXT(2) 
PARAMETRIC_REPRESENTATION_CONTEXT() REPRESENTATION_CONTEXT('2D SPACE',''
  ) );
#666 = PCURVE('',#667,#672);
#667 = PLANE('',#668);
#668 = AXIS2_PLACEMENT_3D('',#669,#670,#671);
#669 = CARTESIAN_POINT('',(27.1,11.5,0.));
#670 = DIRECTION('',(1.,1.930822651522E-16,0.));
#671 = DIRECTION('',(1.930822651522E-16,-1.,0.));
#672 = DEFINITIONAL_REPRESENTATION('',(#673),#677);
#673 = LINE('',#674,#675);
#674 = CARTESIAN_POINT('',(5.75,0.));
#675 = VECTOR('',#676,1.);
#676 = DIRECTION('',(1.,0.));
#677 = ( GEOMETRIC_REPRESENTATION_CONTEXT(2) 
PARAMETRIC_REPRESENTATION_CONTEXT() REPRESENTATION_CONTEXT('2D SPACE',''
  ) );
#678 = ORIENTED_EDGE('',*,*,#679,.F.);
#679 = EDGE_CURVE('',#680,#652,#682,.T.);
#680 = VERTEX_POINT('',#681);
#681 = CARTESIAN_POINT('',(-25.1,11.5,0.));
#682 = SURFACE_CURVE('',#683,(#687,#694),.PCURVE_S1.);
#683 = LINE('',#684,#685);
#684 = CARTESIAN_POINT('',(-12.05,11.5,0.));
#685 = VECTOR('',#686,1.);
#686 = DIRECTION('',(1.,0.,0.));
#687 = PCURVE('',#72,#688);
#688 = DEFINITIONAL_REPRESENTATION('',(#689),#693);
#689 = LINE('',#690,#691);
#690 = CARTESIAN_POINT('',(-13.05,11.5));
#691 = VECTOR('',#692,1.);
#692 = DIRECTION('',(1.,0.));
#693 = ( GEOMETRIC_REPRESENTATION_CONTEXT(2) 
PARAMETRIC_REPRESENTATION_CONTEXT() REPRESENTATION_CONTEXT('2D SPACE',''
  ) );
#694 = PCURVE('',#695,#700);
#695 = PLANE('',#696);
#696 = AXIS2_PLACEMENT_3D('',#697,#698,#699);
#697 = CARTESIAN_POINT('',(-25.1,11.5,0.));
#698 = DIRECTION('',(0.,1.,0.));
#699 = DIRECTION('',(1.,0.,0.));
#700 = DEFINITIONAL_REPRESENTATION('',(#701),#705);
#701 = LINE('',#702,#703);
#702 = CARTESIAN_POINT('',(13.05,0.));
#703 = VECTOR('',#704,1.);
#704 = DIRECTION('',(1.,0.));
#705 = ( GEOMETRIC_REPRESENTATION_CONTEXT(2) 
PARAMETRIC_REPRESENTATION_CONTEXT() REPRESENTATION_CONTEXT('2D SPACE',''
  ) );
#706 = ORIENTED_EDGE('',*,*,#707,.F.);
#707 = EDGE_CURVE('',#624,#680,#708,.T.);
#708 = SURFACE_CURVE('',#709,(#713,#720),.PCURVE_S1.);
#709 = LINE('',#710,#711);
#710 = CARTESIAN_POINT('',(-25.1,-5.75,0.));
#711 = VECTOR('',#712,1.);
#712 = DIRECTION('',(0.,1.,0.));
#713 = PCURVE('',#72,#714);
#714 = DEFINITIONAL_REPRESENTATION('',(#715),#719);
#715 = LINE('',#716,#717);
#716 = CARTESIAN_POINT('',(-26.1,-5.75));
#717 = VECTOR('',#718,1.);
#718 = DIRECTION('',(0.,1.));
#719 = ( GEOMETRIC_REPRESENTATION_CONTEXT(2) 
PARAMETRIC_REPRESENTATION_CONTEXT() REPRESENTATION_CONTEXT('2D SPACE',''
  ) );
#720 = PCURVE('',#721,#726);
#721 = PLANE('',#722);
#722 = AXIS2_PLACEMENT_3D('',#723,#724,#725);
#723 = CARTESIAN_POINT('',(-25.1,-11.5,0.));
#724 = DIRECTION('',(-1.,0.,0.));
#725 = DIRECTION('',(0.,1.,0.));
#726 = DEFINITIONAL_REPRESENTATION('',(#727),#731);
#727 = LINE('',#728,#729);
#728 = CARTESIAN_POINT('',(5.75,0.));
#729 = VECTOR('',#730,1.);
#730 = DIRECTION('',(1.,0.));
#731 = ( GEOMETRIC_REPRESENTATION_CONTEXT(2) 
PARAMETRIC_REPRESENTATION_CONTEXT() REPRESENTATION_CONTEXT('2D SPACE',''
  ) );
#732 = ADVANCED_FACE('',(#733),#100,.T.);
#733 = FACE_BOUND('',#734,.T.);
#734 = EDGE_LOOP('',(#735,#736,#759,#785));
#735 = ORIENTED_EDGE('',*,*,#597,.T.);
#736 = ORIENTED_EDGE('',*,*,#737,.T.);
#737 = EDGE_CURVE('',#570,#738,#740,.T.);
#738 = VERTEX_POINT('',#739);
#739 = CARTESIAN_POINT('',(-26.3,-13.5,8.2));
#740 = SURFACE_CURVE('',#741,(#745,#752),.PCURVE_S1.);
#741 = LINE('',#742,#743);
#742 = CARTESIAN_POINT('',(-26.3,-13.5,0.));
#743 = VECTOR('',#744,1.);
#744 = DIRECTION('',(0.,0.,1.));
#745 = PCURVE('',#100,#746);
#746 = DEFINITIONAL_REPRESENTATION('',(#747),#751);
#747 = LINE('',#748,#749);
#748 = CARTESIAN_POINT('',(0.,-0.565685424949));
#749 = VECTOR('',#750,1.);
#750 = DIRECTION('',(1.,0.));
#751 = ( GEOMETRIC_REPRESENTATION_CONTEXT(2) 
PARAMETRIC_REPRESENTATION_CONTEXT() REPRESENTATION_CONTEXT('2D SPACE',''
  ) );
#752 = PCURVE('',#585,#753);
#753 = DEFINITIONAL_REPRESENTATION('',(#754),#758);
#754 = LINE('',#755,#756);
#755 = CARTESIAN_POINT('',(53.4,0.));
#756 = VECTOR('',#757,1.);
#757 = DIRECTION('',(0.,-1.));
#758 = ( GEOMETRIC_REPRESENTATION_CONTEXT(2) 
PARAMETRIC_REPRESENTATION_CONTEXT() REPRESENTATION_CONTEXT('2D SPACE',''
  ) );
#759 = ORIENTED_EDGE('',*,*,#760,.T.);
#760 = EDGE_CURVE('',#738,#85,#761,.T.);
#761 = SURFACE_CURVE('',#762,(#766,#773),.PCURVE_S1.);
#762 = LINE('',#763,#764);
#763 = CARTESIAN_POINT('',(-26.3,-13.5,8.2));
#764 = VECTOR('',#765,1.);
#765 = DIRECTION('',(-0.707106781187,0.707106781187,0.));
#766 = PCURVE('',#100,#767);
#767 = DEFINITIONAL_REPRESENTATION('',(#768),#772);
#768 = LINE('',#769,#770);
#769 = CARTESIAN_POINT('',(8.2,-0.565685424949));
#770 = VECTOR('',#771,1.);
#771 = DIRECTION('',(0.,1.));
#772 = ( GEOMETRIC_REPRESENTATION_CONTEXT(2) 
PARAMETRIC_REPRESENTATION_CONTEXT() REPRESENTATION_CONTEXT('2D SPACE',''
  ) );
#773 = PCURVE('',#774,#779);
#774 = PLANE('',#775);
#775 = AXIS2_PLACEMENT_3D('',#776,#777,#778);
#776 = CARTESIAN_POINT('',(-26.3,-13.5,8.2));
#777 = DIRECTION('',(-0.57735026919,-0.57735026919,0.57735026919));
#778 = DIRECTION('',(0.707106781187,1.110223024625E-16,0.707106781187));
#779 = DEFINITIONAL_REPRESENTATION('',(#780),#784);
#780 = LINE('',#781,#782);
#781 = CARTESIAN_POINT('',(0.,0.));
#782 = VECTOR('',#783,1.);
#783 = DIRECTION('',(-0.5,0.866025403784));
#784 = ( GEOMETRIC_REPRESENTATION_CONTEXT(2) 
PARAMETRIC_REPRESENTATION_CONTEXT() REPRESENTATION_CONTEXT('2D SPACE',''
  ) );
#785 = ORIENTED_EDGE('',*,*,#84,.T.);
#786 = ADVANCED_FACE('',(#787),#128,.T.);
#787 = FACE_BOUND('',#788,.T.);
#788 = EDGE_LOOP('',(#789,#790,#813,#841,#862,#863,#891,#919));
#789 = ORIENTED_EDGE('',*,*,#112,.T.);
#790 = ORIENTED_EDGE('',*,*,#791,.T.);
#791 = EDGE_CURVE('',#85,#792,#794,.T.);
#792 = VERTEX_POINT('',#793);
#793 = CARTESIAN_POINT('',(-26.3,-12.7,9.));
#794 = SURFACE_CURVE('',#795,(#799,#806),.PCURVE_S1.);
#795 = LINE('',#796,#797);
#796 = CARTESIAN_POINT('',(-27.1,-12.7,8.2));
#797 = VECTOR('',#798,1.);
#798 = DIRECTION('',(0.707106781187,1.962615573354E-15,0.707106781187));
#799 = PCURVE('',#128,#800);
#800 = DEFINITIONAL_REPRESENTATION('',(#801),#805);
#801 = LINE('',#802,#803);
#802 = CARTESIAN_POINT('',(-0.565685424949,-6.95));
#803 = VECTOR('',#804,1.);
#804 = DIRECTION('',(1.,1.962615573354E-15));
#805 = ( GEOMETRIC_REPRESENTATION_CONTEXT(2) 
PARAMETRIC_REPRESENTATION_CONTEXT() REPRESENTATION_CONTEXT('2D SPACE',''
  ) );
#806 = PCURVE('',#774,#807);
#807 = DEFINITIONAL_REPRESENTATION('',(#808),#812);
#808 = LINE('',#809,#810);
#809 = CARTESIAN_POINT('',(-0.565685424949,0.979795897113));
#810 = VECTOR('',#811,1.);
#811 = DIRECTION('',(1.,1.498801083244E-15));
#812 = ( GEOMETRIC_REPRESENTATION_CONTEXT(2) 
PARAMETRIC_REPRESENTATION_CONTEXT() REPRESENTATION_CONTEXT('2D SPACE',''
  ) );
#813 = ORIENTED_EDGE('',*,*,#814,.T.);
#814 = EDGE_CURVE('',#792,#815,#817,.T.);
#815 = VERTEX_POINT('',#816);
#816 = CARTESIAN_POINT('',(-26.3,12.7,9.));
#817 = SURFACE_CURVE('',#818,(#822,#829),.PCURVE_S1.);
#818 = LINE('',#819,#820);
#819 = CARTESIAN_POINT('',(-26.3,-5.75,9.));
#820 = VECTOR('',#821,1.);
#821 = DIRECTION('',(0.,1.,0.));
#822 = PCURVE('',#128,#823);
#823 = DEFINITIONAL_REPRESENTATION('',(#824),#828);
#824 = LINE('',#825,#826);
#825 = CARTESIAN_POINT('',(0.565685424949,0.));
#826 = VECTOR('',#827,1.);
#827 = DIRECTION('',(0.,1.));
#828 = ( GEOMETRIC_REPRESENTATION_CONTEXT(2) 
PARAMETRIC_REPRESENTATION_CONTEXT() REPRESENTATION_CONTEXT('2D SPACE',''
  ) );
#829 = PCURVE('',#830,#835);
#830 = PLANE('',#831);
#831 = AXIS2_PLACEMENT_3D('',#832,#833,#834);
#832 = CARTESIAN_POINT('',(1.,-5.107025913276E-14,9.));
#833 = DIRECTION('',(0.,0.,1.));
#834 = DIRECTION('',(1.,0.,-0.));
#835 = DEFINITIONAL_REPRESENTATION('',(#836),#840);
#836 = LINE('',#837,#838);
#837 = CARTESIAN_POINT('',(-27.3,-5.75));
#838 = VECTOR('',#839,1.);
#839 = DIRECTION('',(0.,1.));
#840 = ( GEOMETRIC_REPRESENTATION_CONTEXT(2) 
PARAMETRIC_REPRESENTATION_CONTEXT() REPRESENTATION_CONTEXT('2D SPACE',''
  ) );
#841 = ORIENTED_EDGE('',*,*,#842,.T.);
#842 = EDGE_CURVE('',#815,#24,#843,.T.);
#843 = SURFACE_CURVE('',#844,(#848,#855),.PCURVE_S1.);
#844 = LINE('',#845,#846);
#845 = CARTESIAN_POINT('',(-26.3,12.7,9.));
#846 = VECTOR('',#847,1.);
#847 = DIRECTION('',(-0.707106781187,-3.925231146706E-15,-0.707106781187
    ));
#848 = PCURVE('',#128,#849);
#849 = DEFINITIONAL_REPRESENTATION('',(#850),#854);
#850 = LINE('',#851,#852);
#851 = CARTESIAN_POINT('',(0.565685424949,18.45));
#852 = VECTOR('',#853,1.);
#853 = DIRECTION('',(-1.,-3.925231146706E-15));
#854 = ( GEOMETRIC_REPRESENTATION_CONTEXT(2) 
PARAMETRIC_REPRESENTATION_CONTEXT() REPRESENTATION_CONTEXT('2D SPACE',''
  ) );
#855 = PCURVE('',#420,#856);
#856 = DEFINITIONAL_REPRESENTATION('',(#857),#861);
#857 = LINE('',#858,#859);
#858 = CARTESIAN_POINT('',(1.131370849898,-1.665334536938E-16));
#859 = VECTOR('',#860,1.);
#860 = DIRECTION('',(-1.,-3.053113317719E-15));
#861 = ( GEOMETRIC_REPRESENTATION_CONTEXT(2) 
PARAMETRIC_REPRESENTATION_CONTEXT() REPRESENTATION_CONTEXT('2D SPACE',''
  ) );
#862 = ORIENTED_EDGE('',*,*,#356,.T.);
#863 = ORIENTED_EDGE('',*,*,#864,.F.);
#864 = EDGE_CURVE('',#865,#324,#867,.T.);
#865 = VERTEX_POINT('',#866);
#866 = CARTESIAN_POINT('',(-26.75,4.6,8.55));
#867 = SURFACE_CURVE('',#868,(#873,#880),.PCURVE_S1.);
#868 = ELLIPSE('',#869,1.979898987322,1.4);
#869 = AXIS2_PLACEMENT_3D('',#870,#871,#872);
#870 = CARTESIAN_POINT('',(-28.15,4.6,7.15));
#871 = DIRECTION('',(-0.707106781187,0.,0.707106781187));
#872 = DIRECTION('',(0.707106781187,0.,0.707106781187));
#873 = PCURVE('',#128,#874);
#874 = DEFINITIONAL_REPRESENTATION('',(#875),#879);
#875 = ELLIPSE('',#876,1.979898987322,1.4);
#876 = AXIS2_PLACEMENT_2D('',#877,#878);
#877 = CARTESIAN_POINT('',(-2.050609665441,10.35));
#878 = DIRECTION('',(1.,0.));
#879 = ( GEOMETRIC_REPRESENTATION_CONTEXT(2) 
PARAMETRIC_REPRESENTATION_CONTEXT() REPRESENTATION_CONTEXT('2D SPACE',''
  ) );
#880 = PCURVE('',#344,#881);
#881 = DEFINITIONAL_REPRESENTATION('',(#882),#890);
#882 = B_SPLINE_CURVE_WITH_KNOTS('',6,(#883,#884,#885,#886,#887,#888,
    #889),.UNSPECIFIED.,.F.,.F.,(7,7),(0.,0.722734247813),
  .PIECEWISE_BEZIER_KNOTS.);
#883 = CARTESIAN_POINT('',(1.570796326795,1.75));
#884 = CARTESIAN_POINT('',(1.4503406192,1.75));
#885 = CARTESIAN_POINT('',(1.329884911606,1.725624011115));
#886 = CARTESIAN_POINT('',(1.209429204012,1.676871394462));
#887 = CARTESIAN_POINT('',(1.088973496418,1.604805056511));
#888 = CARTESIAN_POINT('',(0.968517788823,1.511543536522));
#889 = CARTESIAN_POINT('',(0.848062081229,1.399999995242));
#890 = ( GEOMETRIC_REPRESENTATION_CONTEXT(2) 
PARAMETRIC_REPRESENTATION_CONTEXT() REPRESENTATION_CONTEXT('2D SPACE',''
  ) );
#891 = ORIENTED_EDGE('',*,*,#892,.F.);
#892 = EDGE_CURVE('',#893,#865,#895,.T.);
#893 = VERTEX_POINT('',#894);
#894 = CARTESIAN_POINT('',(-26.75,-4.6,8.55));
#895 = SURFACE_CURVE('',#896,(#900,#907),.PCURVE_S1.);
#896 = LINE('',#897,#898);
#897 = CARTESIAN_POINT('',(-26.75,-5.875,8.55));
#898 = VECTOR('',#899,1.);
#899 = DIRECTION('',(0.,1.,-0.));
#900 = PCURVE('',#128,#901);
#901 = DEFINITIONAL_REPRESENTATION('',(#902),#906);
#902 = LINE('',#903,#904);
#903 = CARTESIAN_POINT('',(-7.071067811865E-02,-0.125));
#904 = VECTOR('',#905,1.);
#905 = DIRECTION('',(0.,1.));
#906 = ( GEOMETRIC_REPRESENTATION_CONTEXT(2) 
PARAMETRIC_REPRESENTATION_CONTEXT() REPRESENTATION_CONTEXT('2D SPACE',''
  ) );
#907 = PCURVE('',#908,#913);
#908 = PLANE('',#909);
#909 = AXIS2_PLACEMENT_3D('',#910,#911,#912);
#910 = CARTESIAN_POINT('',(-28.5,-6.,8.55));
#911 = DIRECTION('',(0.,0.,1.));
#912 = DIRECTION('',(1.,0.,-0.));
#913 = DEFINITIONAL_REPRESENTATION('',(#914),#918);
#914 = LINE('',#915,#916);
#915 = CARTESIAN_POINT('',(1.75,0.125));
#916 = VECTOR('',#917,1.);
#917 = DIRECTION('',(0.,1.));
#918 = ( GEOMETRIC_REPRESENTATION_CONTEXT(2) 
PARAMETRIC_REPRESENTATION_CONTEXT() REPRESENTATION_CONTEXT('2D SPACE',''
  ) );
#919 = ORIENTED_EDGE('',*,*,#920,.F.);
#920 = EDGE_CURVE('',#113,#893,#921,.T.);
#921 = SURFACE_CURVE('',#922,(#927,#934),.PCURVE_S1.);
#922 = ELLIPSE('',#923,1.979898987322,1.4);
#923 = AXIS2_PLACEMENT_3D('',#924,#925,#926);
#924 = CARTESIAN_POINT('',(-28.15,-4.6,7.15));
#925 = DIRECTION('',(-0.707106781187,0.,0.707106781187));
#926 = DIRECTION('',(0.707106781187,0.,0.707106781187));
#927 = PCURVE('',#128,#928);
#928 = DEFINITIONAL_REPRESENTATION('',(#929),#933);
#929 = ELLIPSE('',#930,1.979898987322,1.4);
#930 = AXIS2_PLACEMENT_2D('',#931,#932);
#931 = CARTESIAN_POINT('',(-2.050609665441,1.15));
#932 = DIRECTION('',(1.,0.));
#933 = ( GEOMETRIC_REPRESENTATION_CONTEXT(2) 
PARAMETRIC_REPRESENTATION_CONTEXT() REPRESENTATION_CONTEXT('2D SPACE',''
  ) );
#934 = PCURVE('',#161,#935);
#935 = DEFINITIONAL_REPRESENTATION('',(#936),#944);
#936 = B_SPLINE_CURVE_WITH_KNOTS('',6,(#937,#938,#939,#940,#941,#942,
    #943),.UNSPECIFIED.,.F.,.F.,(7,7),(5.560451059366,6.28318530718),
  .PIECEWISE_BEZIER_KNOTS.);
#937 = CARTESIAN_POINT('',(5.43512322595,1.399999995242));
#938 = CARTESIAN_POINT('',(5.314667518356,1.511543536522));
#939 = CARTESIAN_POINT('',(5.194211810762,1.604805056511));
#940 = CARTESIAN_POINT('',(5.073756103168,1.676871394462));
#941 = CARTESIAN_POINT('',(4.953300395573,1.725624011115));
#942 = CARTESIAN_POINT('',(4.832844687979,1.75));
#943 = CARTESIAN_POINT('',(4.712388980385,1.75));
#944 = ( GEOMETRIC_REPRESENTATION_CONTEXT(2) 
PARAMETRIC_REPRESENTATION_CONTEXT() REPRESENTATION_CONTEXT('2D SPACE',''
  ) );
#945 = ADVANCED_FACE('',(#946),#161,.F.);
#946 = FACE_BOUND('',#947,.F.);
#947 = EDGE_LOOP('',(#948,#1011,#1038,#1071,#1092,#1093,#1094));
#948 = ORIENTED_EDGE('',*,*,#949,.F.);
#949 = EDGE_CURVE('',#950,#952,#954,.T.);
#950 = VERTEX_POINT('',#951);
#951 = CARTESIAN_POINT('',(-23.34990911322,-5.712429773064,8.));
#952 = VERTEX_POINT('',#953);
#953 = CARTESIAN_POINT('',(-23.29529868602,-6.,7.15));
#954 = SURFACE_CURVE('',#955,(#970,#988),.PCURVE_S1.);
#955 = B_SPLINE_CURVE_WITH_KNOTS('',7,(#956,#957,#958,#959,#960,#961,
    #962,#963,#964,#965,#966,#967,#968,#969),.UNSPECIFIED.,.F.,.F.,(8,6,
    8),(0.,0.337661810289,1.),.UNSPECIFIED.);
#956 = CARTESIAN_POINT('',(-23.34990911992,-5.712429314608,8.0000006));
#957 = CARTESIAN_POINT('',(-23.34952406452,-5.738759173651,
    7.965541674855));
#958 = CARTESIAN_POINT('',(-23.34820474089,-5.763894044839,
    7.930065278137));
#959 = CARTESIAN_POINT('',(-23.34610532431,-5.787776615877,7.89362894043
    ));
#960 = CARTESIAN_POINT('',(-23.34337657352,-5.810356654438,7.85629075163
    ));
#961 = CARTESIAN_POINT('',(-23.34016508734,-5.831589804133,
    7.818109308656));
#962 = CARTESIAN_POINT('',(-23.33661256117,-5.851436380479,
    7.779143663157));
#963 = CARTESIAN_POINT('',(-23.32548451109,-5.905999217702,7.66159885138
    ));
#964 = CARTESIAN_POINT('',(-23.31729163925,-5.93682699782,7.580604847936
    ));
#965 = CARTESIAN_POINT('',(-23.30931256203,-5.961858538998,
    7.497141737334));
#966 = CARTESIAN_POINT('',(-23.30253476903,-5.980816557176,
    7.411855475671));
#967 = CARTESIAN_POINT('',(-23.29772496743,-5.993568081808,
    7.325281647069));
#968 = CARTESIAN_POINT('',(-23.29529868602,-6.,7.23785388443));
#969 = CARTESIAN_POINT('',(-23.29529868602,-6.,7.15));
#970 = PCURVE('',#161,#971);
#971 = DEFINITIONAL_REPRESENTATION('',(#972),#987);
#972 = B_SPLINE_CURVE_WITH_KNOTS('',7,(#973,#974,#975,#976,#977,#978,
    #979,#980,#981,#982,#983,#984,#985,#986),.UNSPECIFIED.,.F.,.F.,(8,6,
    8),(0.,0.337661810289,1.),.UNSPECIFIED.);
#973 = CARTESIAN_POINT('',(5.630724870502,5.150090880071));
#974 = CARTESIAN_POINT('',(5.661701153393,5.150475935478));
#975 = CARTESIAN_POINT('',(5.692736665853,5.151795259107));
#976 = CARTESIAN_POINT('',(5.723822518274,5.153894675689));
#977 = CARTESIAN_POINT('',(5.75495324352,5.156623426472));
#978 = CARTESIAN_POINT('',(5.786126060563,5.159834912659));
#979 = CARTESIAN_POINT('',(5.817340138102,5.163387438828));
#980 = CARTESIAN_POINT('',(5.909905299877,5.174515488909));
#981 = CARTESIAN_POINT('',(5.971651554149,5.182708360742));
#982 = CARTESIAN_POINT('',(6.033630529093,5.190687437968));
#983 = CARTESIAN_POINT('',(6.095741859083,5.197465230965));
#984 = CARTESIAN_POINT('',(6.157984181936,5.20227503257));
#985 = CARTESIAN_POINT('',(6.220432532586,5.204701313971));
#986 = CARTESIAN_POINT('',(6.28318530718,5.204701313971));
#987 = ( GEOMETRIC_REPRESENTATION_CONTEXT(2) 
PARAMETRIC_REPRESENTATION_CONTEXT() REPRESENTATION_CONTEXT('2D SPACE',''
  ) );
#988 = PCURVE('',#989,#994);
#989 = CYLINDRICAL_SURFACE('',#990,0.85);
#990 = AXIS2_PLACEMENT_3D('',#991,#992,#993);
#991 = CARTESIAN_POINT('',(-22.5,-5.7,4.));
#992 = DIRECTION('',(0.,0.,1.));
#993 = DIRECTION('',(1.,0.,-0.));
#994 = DEFINITIONAL_REPRESENTATION('',(#995),#1010);
#995 = B_SPLINE_CURVE_WITH_KNOTS('',7,(#996,#997,#998,#999,#1000,#1001,
    #1002,#1003,#1004,#1005,#1006,#1007,#1008,#1009),.UNSPECIFIED.,.F.,
  .F.,(8,6,8),(0.,0.337661810289,1.),.UNSPECIFIED.);
#996 = CARTESIAN_POINT('',(3.156215897823,4.0000006));
#997 = CARTESIAN_POINT('',(3.18719551485,3.965541674854));
#998 = CARTESIAN_POINT('',(3.21678548656,3.930065278137));
#999 = CARTESIAN_POINT('',(3.244964291687,3.89362894043));
#1000 = CARTESIAN_POINT('',(3.27169926822,3.85629075163));
#1001 = CARTESIAN_POINT('',(3.296948288661,3.818109308656));
#1002 = CARTESIAN_POINT('',(3.320661435282,3.779143663157));
#1003 = CARTESIAN_POINT('',(3.386174440985,3.66159885138));
#1004 = CARTESIAN_POINT('',(3.423637010589,3.580604847935));
#1005 = CARTESIAN_POINT('',(3.454501252793,3.497141737334));
#1006 = CARTESIAN_POINT('',(3.47818462482,3.411855475671));
#1007 = CARTESIAN_POINT('',(3.494217883383,3.325281647069));
#1008 = CARTESIAN_POINT('',(3.502305373953,3.23785388443));
#1009 = CARTESIAN_POINT('',(3.502305373953,3.15));
#1010 = ( GEOMETRIC_REPRESENTATION_CONTEXT(2) 
PARAMETRIC_REPRESENTATION_CONTEXT() REPRESENTATION_CONTEXT('2D SPACE',''
  ) );
#1011 = ORIENTED_EDGE('',*,*,#1012,.T.);
#1012 = EDGE_CURVE('',#950,#1013,#1015,.T.);
#1013 = VERTEX_POINT('',#1014);
#1014 = CARTESIAN_POINT('',(-22.5,-5.712429773064,8.));
#1015 = SURFACE_CURVE('',#1016,(#1020,#1026),.PCURVE_S1.);
#1016 = LINE('',#1017,#1018);
#1017 = CARTESIAN_POINT('',(-28.5,-5.712429773064,8.));
#1018 = VECTOR('',#1019,1.);
#1019 = DIRECTION('',(1.,0.,0.));
#1020 = PCURVE('',#161,#1021);
#1021 = DEFINITIONAL_REPRESENTATION('',(#1022),#1025);
#1022 = B_SPLINE_CURVE_WITH_KNOTS('',1,(#1023,#1024),.UNSPECIFIED.,.F.,
  .F.,(2,2),(4.98,6.0000006),.PIECEWISE_BEZIER_KNOTS.);
#1023 = CARTESIAN_POINT('',(5.630725409862,4.98));
#1024 = CARTESIAN_POINT('',(5.630725409862,6.0000006));
#1025 = ( GEOMETRIC_REPRESENTATION_CONTEXT(2) 
PARAMETRIC_REPRESENTATION_CONTEXT() REPRESENTATION_CONTEXT('2D SPACE',''
  ) );
#1026 = PCURVE('',#1027,#1032);
#1027 = PLANE('',#1028);
#1028 = AXIS2_PLACEMENT_3D('',#1029,#1030,#1031);
#1029 = CARTESIAN_POINT('',(1.,-4.884981308351E-14,8.));
#1030 = DIRECTION('',(3.545500703517E-29,-3.575598433705E-15,-1.));
#1031 = DIRECTION('',(-1.,0.,-3.545500703517E-29));
#1032 = DEFINITIONAL_REPRESENTATION('',(#1033),#1037);
#1033 = LINE('',#1034,#1035);
#1034 = CARTESIAN_POINT('',(29.5,-5.712429773064));
#1035 = VECTOR('',#1036,1.);
#1036 = DIRECTION('',(-1.,1.26772867622E-43));
#1037 = ( GEOMETRIC_REPRESENTATION_CONTEXT(2) 
PARAMETRIC_REPRESENTATION_CONTEXT() REPRESENTATION_CONTEXT('2D SPACE',''
  ) );
#1038 = ORIENTED_EDGE('',*,*,#1039,.T.);
#1039 = EDGE_CURVE('',#1013,#1040,#1042,.T.);
#1040 = VERTEX_POINT('',#1041);
#1041 = CARTESIAN_POINT('',(-22.5,-4.6,8.55));
#1042 = SURFACE_CURVE('',#1043,(#1048,#1055),.PCURVE_S1.);
#1043 = CIRCLE('',#1044,1.4);
#1044 = AXIS2_PLACEMENT_3D('',#1045,#1046,#1047);
#1045 = CARTESIAN_POINT('',(-22.5,-4.6,7.15));
#1046 = DIRECTION('',(-1.,0.,0.));
#1047 = DIRECTION('',(0.,0.,1.));
#1048 = PCURVE('',#161,#1049);
#1049 = DEFINITIONAL_REPRESENTATION('',(#1050),#1054);
#1050 = LINE('',#1051,#1052);
#1051 = CARTESIAN_POINT('',(10.995574287565,6.));
#1052 = VECTOR('',#1053,1.);
#1053 = DIRECTION('',(-1.,0.));
#1054 = ( GEOMETRIC_REPRESENTATION_CONTEXT(2) 
PARAMETRIC_REPRESENTATION_CONTEXT() REPRESENTATION_CONTEXT('2D SPACE',''
  ) );
#1055 = PCURVE('',#1056,#1061);
#1056 = PLANE('',#1057);
#1057 = AXIS2_PLACEMENT_3D('',#1058,#1059,#1060);
#1058 = CARTESIAN_POINT('',(-22.5,-6.,2.05));
#1059 = DIRECTION('',(1.,0.,0.));
#1060 = DIRECTION('',(0.,0.,1.));
#1061 = DEFINITIONAL_REPRESENTATION('',(#1062),#1070);
#1062 = ( BOUNDED_CURVE() B_SPLINE_CURVE(2,(#1063,#1064,#1065,#1066,
#1067,#1068,#1069),.UNSPECIFIED.,.T.,.F.) B_SPLINE_CURVE_WITH_KNOTS((1,2
    ,2,2,2,1),(-2.094395102393,0.,2.094395102393,4.188790204786,
6.28318530718,8.377580409573),.UNSPECIFIED.) CURVE() 
GEOMETRIC_REPRESENTATION_ITEM() RATIONAL_B_SPLINE_CURVE((1.,0.5,1.,0.5,
1.,0.5,1.)) REPRESENTATION_ITEM('') );
#1063 = CARTESIAN_POINT('',(6.5,-1.4));
#1064 = CARTESIAN_POINT('',(6.5,-3.824871130596));
#1065 = CARTESIAN_POINT('',(4.4,-2.612435565298));
#1066 = CARTESIAN_POINT('',(2.3,-1.4));
#1067 = CARTESIAN_POINT('',(4.4,-0.187564434702));
#1068 = CARTESIAN_POINT('',(6.5,1.024871130596));
#1069 = CARTESIAN_POINT('',(6.5,-1.4));
#1070 = ( GEOMETRIC_REPRESENTATION_CONTEXT(2) 
PARAMETRIC_REPRESENTATION_CONTEXT() REPRESENTATION_CONTEXT('2D SPACE',''
  ) );
#1071 = ORIENTED_EDGE('',*,*,#1072,.F.);
#1072 = EDGE_CURVE('',#893,#1040,#1073,.T.);
#1073 = SURFACE_CURVE('',#1074,(#1078,#1085),.PCURVE_S1.);
#1074 = LINE('',#1075,#1076);
#1075 = CARTESIAN_POINT('',(-28.5,-4.6,8.55));
#1076 = VECTOR('',#1077,1.);
#1077 = DIRECTION('',(1.,0.,0.));
#1078 = PCURVE('',#161,#1079);
#1079 = DEFINITIONAL_REPRESENTATION('',(#1080),#1084);
#1080 = LINE('',#1081,#1082);
#1081 = CARTESIAN_POINT('',(4.712388980385,0.));
#1082 = VECTOR('',#1083,1.);
#1083 = DIRECTION('',(-0.,1.));
#1084 = ( GEOMETRIC_REPRESENTATION_CONTEXT(2) 
PARAMETRIC_REPRESENTATION_CONTEXT() REPRESENTATION_CONTEXT('2D SPACE',''
  ) );
#1085 = PCURVE('',#908,#1086);
#1086 = DEFINITIONAL_REPRESENTATION('',(#1087),#1091);
#1087 = LINE('',#1088,#1089);
#1088 = CARTESIAN_POINT('',(0.,1.4));
#1089 = VECTOR('',#1090,1.);
#1090 = DIRECTION('',(1.,0.));
#1091 = ( GEOMETRIC_REPRESENTATION_CONTEXT(2) 
PARAMETRIC_REPRESENTATION_CONTEXT() REPRESENTATION_CONTEXT('2D SPACE',''
  ) );
#1092 = ORIENTED_EDGE('',*,*,#920,.F.);
#1093 = ORIENTED_EDGE('',*,*,#140,.T.);
#1094 = ORIENTED_EDGE('',*,*,#1095,.T.);
#1095 = EDGE_CURVE('',#141,#952,#1096,.T.);
#1096 = SURFACE_CURVE('',#1097,(#1101,#1108),.PCURVE_S1.);
#1097 = LINE('',#1098,#1099);
#1098 = CARTESIAN_POINT('',(-28.5,-6.,7.15));
#1099 = VECTOR('',#1100,1.);
#1100 = DIRECTION('',(1.,0.,0.));
#1101 = PCURVE('',#161,#1102);
#1102 = DEFINITIONAL_REPRESENTATION('',(#1103),#1107);
#1103 = LINE('',#1104,#1105);
#1104 = CARTESIAN_POINT('',(6.28318530718,0.));
#1105 = VECTOR('',#1106,1.);
#1106 = DIRECTION('',(-0.,1.));
#1107 = ( GEOMETRIC_REPRESENTATION_CONTEXT(2) 
PARAMETRIC_REPRESENTATION_CONTEXT() REPRESENTATION_CONTEXT('2D SPACE',''
  ) );
#1108 = PCURVE('',#189,#1109);
#1109 = DEFINITIONAL_REPRESENTATION('',(#1110),#1114);
#1110 = LINE('',#1111,#1112);
#1111 = CARTESIAN_POINT('',(5.1,0.));
#1112 = VECTOR('',#1113,1.);
#1113 = DIRECTION('',(0.,1.));
#1114 = ( GEOMETRIC_REPRESENTATION_CONTEXT(2) 
PARAMETRIC_REPRESENTATION_CONTEXT() REPRESENTATION_CONTEXT('2D SPACE',''
  ) );
#1115 = ADVANCED_FACE('',(#1116),#189,.T.);
#1116 = FACE_BOUND('',#1117,.T.);
#1117 = EDGE_LOOP('',(#1118,#1143,#1164,#1165,#1166,#1188,#1216,#1243));
#1118 = ORIENTED_EDGE('',*,*,#1119,.T.);
#1119 = EDGE_CURVE('',#1120,#1122,#1124,.T.);
#1120 = VERTEX_POINT('',#1121);
#1121 = CARTESIAN_POINT('',(-25.1,-6.,7.));
#1122 = VERTEX_POINT('',#1123);
#1123 = CARTESIAN_POINT('',(-25.1,-6.,3.45));
#1124 = SURFACE_CURVE('',#1125,(#1129,#1136),.PCURVE_S1.);
#1125 = LINE('',#1126,#1127);
#1126 = CARTESIAN_POINT('',(-25.1,-6.,1.025));
#1127 = VECTOR('',#1128,1.);
#1128 = DIRECTION('',(0.,0.,-1.));
#1129 = PCURVE('',#189,#1130);
#1130 = DEFINITIONAL_REPRESENTATION('',(#1131),#1135);
#1131 = LINE('',#1132,#1133);
#1132 = CARTESIAN_POINT('',(-1.025,3.4));
#1133 = VECTOR('',#1134,1.);
#1134 = DIRECTION('',(-1.,0.));
#1135 = ( GEOMETRIC_REPRESENTATION_CONTEXT(2) 
PARAMETRIC_REPRESENTATION_CONTEXT() REPRESENTATION_CONTEXT('2D SPACE',''
  ) );
#1136 = PCURVE('',#721,#1137);
#1137 = DEFINITIONAL_REPRESENTATION('',(#1138),#1142);
#1138 = LINE('',#1139,#1140);
#1139 = CARTESIAN_POINT('',(5.5,-1.025));
#1140 = VECTOR('',#1141,1.);
#1141 = DIRECTION('',(0.,1.));
#1142 = ( GEOMETRIC_REPRESENTATION_CONTEXT(2) 
PARAMETRIC_REPRESENTATION_CONTEXT() REPRESENTATION_CONTEXT('2D SPACE',''
  ) );
#1143 = ORIENTED_EDGE('',*,*,#1144,.F.);
#1144 = EDGE_CURVE('',#174,#1122,#1145,.T.);
#1145 = SURFACE_CURVE('',#1146,(#1150,#1157),.PCURVE_S1.);
#1146 = LINE('',#1147,#1148);
#1147 = CARTESIAN_POINT('',(-28.5,-6.,3.45));
#1148 = VECTOR('',#1149,1.);
#1149 = DIRECTION('',(1.,0.,0.));
#1150 = PCURVE('',#189,#1151);
#1151 = DEFINITIONAL_REPRESENTATION('',(#1152),#1156);
#1152 = LINE('',#1153,#1154);
#1153 = CARTESIAN_POINT('',(1.4,0.));
#1154 = VECTOR('',#1155,1.);
#1155 = DIRECTION('',(0.,1.));
#1156 = ( GEOMETRIC_REPRESENTATION_CONTEXT(2) 
PARAMETRIC_REPRESENTATION_CONTEXT() REPRESENTATION_CONTEXT('2D SPACE',''
  ) );
#1157 = PCURVE('',#222,#1158);
#1158 = DEFINITIONAL_REPRESENTATION('',(#1159),#1163);
#1159 = LINE('',#1160,#1161);
#1160 = CARTESIAN_POINT('',(0.,0.));
#1161 = VECTOR('',#1162,1.);
#1162 = DIRECTION('',(0.,1.));
#1163 = ( GEOMETRIC_REPRESENTATION_CONTEXT(2) 
PARAMETRIC_REPRESENTATION_CONTEXT() REPRESENTATION_CONTEXT('2D SPACE',''
  ) );
#1164 = ORIENTED_EDGE('',*,*,#173,.F.);
#1165 = ORIENTED_EDGE('',*,*,#1095,.T.);
#1166 = ORIENTED_EDGE('',*,*,#1167,.F.);
#1167 = EDGE_CURVE('',#1168,#952,#1170,.T.);
#1168 = VERTEX_POINT('',#1169);
#1169 = CARTESIAN_POINT('',(-23.29529868602,-6.,4.));
#1170 = SURFACE_CURVE('',#1171,(#1175,#1182),.PCURVE_S1.);
#1171 = LINE('',#1172,#1173);
#1172 = CARTESIAN_POINT('',(-23.29529868602,-6.,4.));
#1173 = VECTOR('',#1174,1.);
#1174 = DIRECTION('',(0.,0.,1.));
#1175 = PCURVE('',#189,#1176);
#1176 = DEFINITIONAL_REPRESENTATION('',(#1177),#1181);
#1177 = LINE('',#1178,#1179);
#1178 = CARTESIAN_POINT('',(1.95,5.20470131398));
#1179 = VECTOR('',#1180,1.);
#1180 = DIRECTION('',(1.,0.));
#1181 = ( GEOMETRIC_REPRESENTATION_CONTEXT(2) 
PARAMETRIC_REPRESENTATION_CONTEXT() REPRESENTATION_CONTEXT('2D SPACE',''
  ) );
#1182 = PCURVE('',#989,#1183);
#1183 = DEFINITIONAL_REPRESENTATION('',(#1184),#1187);
#1184 = B_SPLINE_CURVE_WITH_KNOTS('',1,(#1185,#1186),.UNSPECIFIED.,.F.,
  .F.,(2,2),(-5.999999999062E-07,3.52),.PIECEWISE_BEZIER_KNOTS.);
#1185 = CARTESIAN_POINT('',(3.502305373953,-5.999999999062E-07));
#1186 = CARTESIAN_POINT('',(3.502305373953,3.52));
#1187 = ( GEOMETRIC_REPRESENTATION_CONTEXT(2) 
PARAMETRIC_REPRESENTATION_CONTEXT() REPRESENTATION_CONTEXT('2D SPACE',''
  ) );
#1188 = ORIENTED_EDGE('',*,*,#1189,.T.);
#1189 = EDGE_CURVE('',#1168,#1190,#1192,.T.);
#1190 = VERTEX_POINT('',#1191);
#1191 = CARTESIAN_POINT('',(-24.47737199332,-6.,4.));
#1192 = SURFACE_CURVE('',#1193,(#1197,#1204),.PCURVE_S1.);
#1193 = LINE('',#1194,#1195);
#1194 = CARTESIAN_POINT('',(-13.75,-6.,4.));
#1195 = VECTOR('',#1196,1.);
#1196 = DIRECTION('',(-1.,0.,-3.545500703517E-29));
#1197 = PCURVE('',#189,#1198);
#1198 = DEFINITIONAL_REPRESENTATION('',(#1199),#1203);
#1199 = LINE('',#1200,#1201);
#1200 = CARTESIAN_POINT('',(1.95,14.75));
#1201 = VECTOR('',#1202,1.);
#1202 = DIRECTION('',(-3.545500703517E-29,-1.));
#1203 = ( GEOMETRIC_REPRESENTATION_CONTEXT(2) 
PARAMETRIC_REPRESENTATION_CONTEXT() REPRESENTATION_CONTEXT('2D SPACE',''
  ) );
#1204 = PCURVE('',#1205,#1210);
#1205 = PLANE('',#1206);
#1206 = AXIS2_PLACEMENT_3D('',#1207,#1208,#1209);
#1207 = CARTESIAN_POINT('',(1.,-4.884981308351E-14,4.));
#1208 = DIRECTION('',(-3.545500703517E-29,3.575598433705E-15,1.));
#1209 = DIRECTION('',(1.,0.,3.545500703517E-29));
#1210 = DEFINITIONAL_REPRESENTATION('',(#1211),#1215);
#1211 = LINE('',#1212,#1213);
#1212 = CARTESIAN_POINT('',(-14.75,-6.));
#1213 = VECTOR('',#1214,1.);
#1214 = DIRECTION('',(-1.,0.));
#1215 = ( GEOMETRIC_REPRESENTATION_CONTEXT(2) 
PARAMETRIC_REPRESENTATION_CONTEXT() REPRESENTATION_CONTEXT('2D SPACE',''
  ) );
#1216 = ORIENTED_EDGE('',*,*,#1217,.T.);
#1217 = EDGE_CURVE('',#1190,#1218,#1220,.T.);
#1218 = VERTEX_POINT('',#1219);
#1219 = CARTESIAN_POINT('',(-24.47737199332,-6.,7.));
#1220 = SURFACE_CURVE('',#1221,(#1225,#1232),.PCURVE_S1.);
#1221 = LINE('',#1222,#1223);
#1222 = CARTESIAN_POINT('',(-24.47737199332,-6.,4.));
#1223 = VECTOR('',#1224,1.);
#1224 = DIRECTION('',(0.,0.,1.));
#1225 = PCURVE('',#189,#1226);
#1226 = DEFINITIONAL_REPRESENTATION('',(#1227),#1231);
#1227 = LINE('',#1228,#1229);
#1228 = CARTESIAN_POINT('',(1.95,4.02262800668));
#1229 = VECTOR('',#1230,1.);
#1230 = DIRECTION('',(1.,0.));
#1231 = ( GEOMETRIC_REPRESENTATION_CONTEXT(2) 
PARAMETRIC_REPRESENTATION_CONTEXT() REPRESENTATION_CONTEXT('2D SPACE',''
  ) );
#1232 = PCURVE('',#1233,#1238);
#1233 = CYLINDRICAL_SURFACE('',#1234,2.);
#1234 = AXIS2_PLACEMENT_3D('',#1235,#1236,#1237);
#1235 = CARTESIAN_POINT('',(-22.5,-5.7,4.));
#1236 = DIRECTION('',(0.,0.,1.));
#1237 = DIRECTION('',(-1.836970198721E-16,-1.,0.));
#1238 = DEFINITIONAL_REPRESENTATION('',(#1239),#1242);
#1239 = B_SPLINE_CURVE_WITH_KNOTS('',1,(#1240,#1241),.UNSPECIFIED.,.F.,
  .F.,(2,2),(-6.000000052353E-07,3.0000006),.PIECEWISE_BEZIER_KNOTS.);
#1240 = CARTESIAN_POINT('',(-1.420228054019,-6.000000052353E-07));
#1241 = CARTESIAN_POINT('',(-1.420228054019,3.0000006));
#1242 = ( GEOMETRIC_REPRESENTATION_CONTEXT(2) 
PARAMETRIC_REPRESENTATION_CONTEXT() REPRESENTATION_CONTEXT('2D SPACE',''
  ) );
#1243 = ORIENTED_EDGE('',*,*,#1244,.T.);
#1244 = EDGE_CURVE('',#1218,#1120,#1245,.T.);
#1245 = SURFACE_CURVE('',#1246,(#1250,#1257),.PCURVE_S1.);
#1246 = LINE('',#1247,#1248);
#1247 = CARTESIAN_POINT('',(-13.75,-6.,7.));
#1248 = VECTOR('',#1249,1.);
#1249 = DIRECTION('',(-1.,0.,0.));
#1250 = PCURVE('',#189,#1251);
#1251 = DEFINITIONAL_REPRESENTATION('',(#1252),#1256);
#1252 = LINE('',#1253,#1254);
#1253 = CARTESIAN_POINT('',(4.95,14.75));
#1254 = VECTOR('',#1255,1.);
#1255 = DIRECTION('',(0.,-1.));
#1256 = ( GEOMETRIC_REPRESENTATION_CONTEXT(2) 
PARAMETRIC_REPRESENTATION_CONTEXT() REPRESENTATION_CONTEXT('2D SPACE',''
  ) );
#1257 = PCURVE('',#1258,#1263);
#1258 = PLANE('',#1259);
#1259 = AXIS2_PLACEMENT_3D('',#1260,#1261,#1262);
#1260 = CARTESIAN_POINT('',(1.,-5.107025913276E-14,7.));
#1261 = DIRECTION('',(0.,0.,1.));
#1262 = DIRECTION('',(1.,0.,-0.));
#1263 = DEFINITIONAL_REPRESENTATION('',(#1264),#1268);
#1264 = LINE('',#1265,#1266);
#1265 = CARTESIAN_POINT('',(-14.75,-6.));
#1266 = VECTOR('',#1267,1.);
#1267 = DIRECTION('',(-1.,0.));
#1268 = ( GEOMETRIC_REPRESENTATION_CONTEXT(2) 
PARAMETRIC_REPRESENTATION_CONTEXT() REPRESENTATION_CONTEXT('2D SPACE',''
  ) );
#1269 = ADVANCED_FACE('',(#1270),#222,.F.);
#1270 = FACE_BOUND('',#1271,.F.);
#1271 = EDGE_LOOP('',(#1272,#1273,#1274,#1297));
#1272 = ORIENTED_EDGE('',*,*,#1144,.F.);
#1273 = ORIENTED_EDGE('',*,*,#201,.T.);
#1274 = ORIENTED_EDGE('',*,*,#1275,.T.);
#1275 = EDGE_CURVE('',#202,#1276,#1278,.T.);
#1276 = VERTEX_POINT('',#1277);
#1277 = CARTESIAN_POINT('',(-25.1,-4.6,2.05));
#1278 = SURFACE_CURVE('',#1279,(#1283,#1290),.PCURVE_S1.);
#1279 = LINE('',#1280,#1281);
#1280 = CARTESIAN_POINT('',(-28.5,-4.6,2.05));
#1281 = VECTOR('',#1282,1.);
#1282 = DIRECTION('',(1.,0.,0.));
#1283 = PCURVE('',#222,#1284);
#1284 = DEFINITIONAL_REPRESENTATION('',(#1285),#1289);
#1285 = LINE('',#1286,#1287);
#1286 = CARTESIAN_POINT('',(1.570796326795,0.));
#1287 = VECTOR('',#1288,1.);
#1288 = DIRECTION('',(0.,1.));
#1289 = ( GEOMETRIC_REPRESENTATION_CONTEXT(2) 
PARAMETRIC_REPRESENTATION_CONTEXT() REPRESENTATION_CONTEXT('2D SPACE',''
  ) );
#1290 = PCURVE('',#250,#1291);
#1291 = DEFINITIONAL_REPRESENTATION('',(#1292),#1296);
#1292 = LINE('',#1293,#1294);
#1293 = CARTESIAN_POINT('',(0.,1.4));
#1294 = VECTOR('',#1295,1.);
#1295 = DIRECTION('',(1.,0.));
#1296 = ( GEOMETRIC_REPRESENTATION_CONTEXT(2) 
PARAMETRIC_REPRESENTATION_CONTEXT() REPRESENTATION_CONTEXT('2D SPACE',''
  ) );
#1297 = ORIENTED_EDGE('',*,*,#1298,.F.);
#1298 = EDGE_CURVE('',#1122,#1276,#1299,.T.);
#1299 = SURFACE_CURVE('',#1300,(#1305,#1312),.PCURVE_S1.);
#1300 = CIRCLE('',#1301,1.4);
#1301 = AXIS2_PLACEMENT_3D('',#1302,#1303,#1304);
#1302 = CARTESIAN_POINT('',(-25.1,-4.6,3.45));
#1303 = DIRECTION('',(1.,0.,0.));
#1304 = DIRECTION('',(0.,-1.,0.));
#1305 = PCURVE('',#222,#1306);
#1306 = DEFINITIONAL_REPRESENTATION('',(#1307),#1311);
#1307 = LINE('',#1308,#1309);
#1308 = CARTESIAN_POINT('',(0.,3.4));
#1309 = VECTOR('',#1310,1.);
#1310 = DIRECTION('',(1.,0.));
#1311 = ( GEOMETRIC_REPRESENTATION_CONTEXT(2) 
PARAMETRIC_REPRESENTATION_CONTEXT() REPRESENTATION_CONTEXT('2D SPACE',''
  ) );
#1312 = PCURVE('',#721,#1313);
#1313 = DEFINITIONAL_REPRESENTATION('',(#1314),#1322);
#1314 = ( BOUNDED_CURVE() B_SPLINE_CURVE(2,(#1315,#1316,#1317,#1318,
#1319,#1320,#1321),.UNSPECIFIED.,.T.,.F.) B_SPLINE_CURVE_WITH_KNOTS((1,2
    ,2,2,2,1),(-2.094395102393,0.,2.094395102393,4.188790204786,
6.28318530718,8.377580409573),.UNSPECIFIED.) CURVE() 
GEOMETRIC_REPRESENTATION_ITEM() RATIONAL_B_SPLINE_CURVE((1.,0.5,1.,0.5,
1.,0.5,1.)) REPRESENTATION_ITEM('') );
#1315 = CARTESIAN_POINT('',(5.5,-3.45));
#1316 = CARTESIAN_POINT('',(5.5,-1.025128869404));
#1317 = CARTESIAN_POINT('',(7.6,-2.237564434702));
#1318 = CARTESIAN_POINT('',(9.7,-3.45));
#1319 = CARTESIAN_POINT('',(7.6,-4.662435565298));
#1320 = CARTESIAN_POINT('',(5.5,-5.874871130596));
#1321 = CARTESIAN_POINT('',(5.5,-3.45));
#1322 = ( GEOMETRIC_REPRESENTATION_CONTEXT(2) 
PARAMETRIC_REPRESENTATION_CONTEXT() REPRESENTATION_CONTEXT('2D SPACE',''
  ) );
#1323 = ADVANCED_FACE('',(#1324),#250,.T.);
#1324 = FACE_BOUND('',#1325,.T.);
#1325 = EDGE_LOOP('',(#1326,#1327,#1328,#1351));
#1326 = ORIENTED_EDGE('',*,*,#234,.F.);
#1327 = ORIENTED_EDGE('',*,*,#1275,.T.);
#1328 = ORIENTED_EDGE('',*,*,#1329,.T.);
#1329 = EDGE_CURVE('',#1276,#1330,#1332,.T.);
#1330 = VERTEX_POINT('',#1331);
#1331 = CARTESIAN_POINT('',(-25.1,4.6,2.05));
#1332 = SURFACE_CURVE('',#1333,(#1337,#1344),.PCURVE_S1.);
#1333 = LINE('',#1334,#1335);
#1334 = CARTESIAN_POINT('',(-25.1,-8.75,2.05));
#1335 = VECTOR('',#1336,1.);
#1336 = DIRECTION('',(0.,1.,-0.));
#1337 = PCURVE('',#250,#1338);
#1338 = DEFINITIONAL_REPRESENTATION('',(#1339),#1343);
#1339 = LINE('',#1340,#1341);
#1340 = CARTESIAN_POINT('',(3.4,-2.75));
#1341 = VECTOR('',#1342,1.);
#1342 = DIRECTION('',(0.,1.));
#1343 = ( GEOMETRIC_REPRESENTATION_CONTEXT(2) 
PARAMETRIC_REPRESENTATION_CONTEXT() REPRESENTATION_CONTEXT('2D SPACE',''
  ) );
#1344 = PCURVE('',#721,#1345);
#1345 = DEFINITIONAL_REPRESENTATION('',(#1346),#1350);
#1346 = LINE('',#1347,#1348);
#1347 = CARTESIAN_POINT('',(2.75,-2.05));
#1348 = VECTOR('',#1349,1.);
#1349 = DIRECTION('',(1.,0.));
#1350 = ( GEOMETRIC_REPRESENTATION_CONTEXT(2) 
PARAMETRIC_REPRESENTATION_CONTEXT() REPRESENTATION_CONTEXT('2D SPACE',''
  ) );
#1351 = ORIENTED_EDGE('',*,*,#1352,.F.);
#1352 = EDGE_CURVE('',#235,#1330,#1353,.T.);
#1353 = SURFACE_CURVE('',#1354,(#1358,#1365),.PCURVE_S1.);
#1354 = LINE('',#1355,#1356);
#1355 = CARTESIAN_POINT('',(-28.5,4.6,2.05));
#1356 = VECTOR('',#1357,1.);
#1357 = DIRECTION('',(1.,0.,0.));
#1358 = PCURVE('',#250,#1359);
#1359 = DEFINITIONAL_REPRESENTATION('',(#1360),#1364);
#1360 = LINE('',#1361,#1362);
#1361 = CARTESIAN_POINT('',(0.,10.6));
#1362 = VECTOR('',#1363,1.);
#1363 = DIRECTION('',(1.,0.));
#1364 = ( GEOMETRIC_REPRESENTATION_CONTEXT(2) 
PARAMETRIC_REPRESENTATION_CONTEXT() REPRESENTATION_CONTEXT('2D SPACE',''
  ) );
#1365 = PCURVE('',#283,#1366);
#1366 = DEFINITIONAL_REPRESENTATION('',(#1367),#1371);
#1367 = LINE('',#1368,#1369);
#1368 = CARTESIAN_POINT('',(4.712388980385,0.));
#1369 = VECTOR('',#1370,1.);
#1370 = DIRECTION('',(-0.,1.));
#1371 = ( GEOMETRIC_REPRESENTATION_CONTEXT(2) 
PARAMETRIC_REPRESENTATION_CONTEXT() REPRESENTATION_CONTEXT('2D SPACE',''
  ) );
#1372 = ADVANCED_FACE('',(#1373),#283,.F.);
#1373 = FACE_BOUND('',#1374,.F.);
#1374 = EDGE_LOOP('',(#1375,#1403,#1404,#1405));
#1375 = ORIENTED_EDGE('',*,*,#1376,.F.);
#1376 = EDGE_CURVE('',#1330,#1377,#1379,.T.);
#1377 = VERTEX_POINT('',#1378);
#1378 = CARTESIAN_POINT('',(-25.1,6.,3.45));
#1379 = SURFACE_CURVE('',#1380,(#1385,#1392),.PCURVE_S1.);
#1380 = CIRCLE('',#1381,1.4);
#1381 = AXIS2_PLACEMENT_3D('',#1382,#1383,#1384);
#1382 = CARTESIAN_POINT('',(-25.1,4.6,3.45));
#1383 = DIRECTION('',(1.,0.,0.));
#1384 = DIRECTION('',(-0.,1.,0.));
#1385 = PCURVE('',#283,#1386);
#1386 = DEFINITIONAL_REPRESENTATION('',(#1387),#1391);
#1387 = LINE('',#1388,#1389);
#1388 = CARTESIAN_POINT('',(-4.138911435803E-13,3.4));
#1389 = VECTOR('',#1390,1.);
#1390 = DIRECTION('',(1.,-0.));
#1391 = ( GEOMETRIC_REPRESENTATION_CONTEXT(2) 
PARAMETRIC_REPRESENTATION_CONTEXT() REPRESENTATION_CONTEXT('2D SPACE',''
  ) );
#1392 = PCURVE('',#721,#1393);
#1393 = DEFINITIONAL_REPRESENTATION('',(#1394),#1402);
#1394 = ( BOUNDED_CURVE() B_SPLINE_CURVE(2,(#1395,#1396,#1397,#1398,
#1399,#1400,#1401),.UNSPECIFIED.,.T.,.F.) B_SPLINE_CURVE_WITH_KNOTS((1,2
    ,2,2,2,1),(-2.094395102393,0.,2.094395102393,4.188790204786,
6.28318530718,8.377580409573),.UNSPECIFIED.) CURVE() 
GEOMETRIC_REPRESENTATION_ITEM() RATIONAL_B_SPLINE_CURVE((1.,0.5,1.,0.5,
1.,0.5,1.)) REPRESENTATION_ITEM('') );
#1395 = CARTESIAN_POINT('',(17.5,-3.45));
#1396 = CARTESIAN_POINT('',(17.5,-5.874871130596));
#1397 = CARTESIAN_POINT('',(15.4,-4.662435565298));
#1398 = CARTESIAN_POINT('',(13.3,-3.45));
#1399 = CARTESIAN_POINT('',(15.4,-2.237564434702));
#1400 = CARTESIAN_POINT('',(17.5,-1.025128869404));
#1401 = CARTESIAN_POINT('',(17.5,-3.45));
#1402 = ( GEOMETRIC_REPRESENTATION_CONTEXT(2) 
PARAMETRIC_REPRESENTATION_CONTEXT() REPRESENTATION_CONTEXT('2D SPACE',''
  ) );
#1403 = ORIENTED_EDGE('',*,*,#1352,.F.);
#1404 = ORIENTED_EDGE('',*,*,#262,.T.);
#1405 = ORIENTED_EDGE('',*,*,#1406,.T.);
#1406 = EDGE_CURVE('',#263,#1377,#1407,.T.);
#1407 = SURFACE_CURVE('',#1408,(#1412,#1419),.PCURVE_S1.);
#1408 = LINE('',#1409,#1410);
#1409 = CARTESIAN_POINT('',(-28.5,6.,3.45));
#1410 = VECTOR('',#1411,1.);
#1411 = DIRECTION('',(1.,0.,0.));
#1412 = PCURVE('',#283,#1413);
#1413 = DEFINITIONAL_REPRESENTATION('',(#1414),#1418);
#1414 = LINE('',#1415,#1416);
#1415 = CARTESIAN_POINT('',(6.28318530718,0.));
#1416 = VECTOR('',#1417,1.);
#1417 = DIRECTION('',(-0.,1.));
#1418 = ( GEOMETRIC_REPRESENTATION_CONTEXT(2) 
PARAMETRIC_REPRESENTATION_CONTEXT() REPRESENTATION_CONTEXT('2D SPACE',''
  ) );
#1419 = PCURVE('',#311,#1420);
#1420 = DEFINITIONAL_REPRESENTATION('',(#1421),#1425);
#1421 = LINE('',#1422,#1423);
#1422 = CARTESIAN_POINT('',(1.4,0.));
#1423 = VECTOR('',#1424,1.);
#1424 = DIRECTION('',(0.,1.));
#1425 = ( GEOMETRIC_REPRESENTATION_CONTEXT(2) 
PARAMETRIC_REPRESENTATION_CONTEXT() REPRESENTATION_CONTEXT('2D SPACE',''
  ) );
#1426 = ADVANCED_FACE('',(#1427),#311,.F.);
#1427 = FACE_BOUND('',#1428,.F.);
#1428 = EDGE_LOOP('',(#1429,#1452,#1453,#1454,#1477,#1504,#1532,#1559));
#1429 = ORIENTED_EDGE('',*,*,#1430,.T.);
#1430 = EDGE_CURVE('',#1431,#1377,#1433,.T.);
#1431 = VERTEX_POINT('',#1432);
#1432 = CARTESIAN_POINT('',(-25.1,6.,7.));
#1433 = SURFACE_CURVE('',#1434,(#1438,#1445),.PCURVE_S1.);
#1434 = LINE('',#1435,#1436);
#1435 = CARTESIAN_POINT('',(-25.1,6.,1.025));
#1436 = VECTOR('',#1437,1.);
#1437 = DIRECTION('',(0.,0.,-1.));
#1438 = PCURVE('',#311,#1439);
#1439 = DEFINITIONAL_REPRESENTATION('',(#1440),#1444);
#1440 = LINE('',#1441,#1442);
#1441 = CARTESIAN_POINT('',(-1.025,3.4));
#1442 = VECTOR('',#1443,1.);
#1443 = DIRECTION('',(-1.,0.));
#1444 = ( GEOMETRIC_REPRESENTATION_CONTEXT(2) 
PARAMETRIC_REPRESENTATION_CONTEXT() REPRESENTATION_CONTEXT('2D SPACE',''
  ) );
#1445 = PCURVE('',#721,#1446);
#1446 = DEFINITIONAL_REPRESENTATION('',(#1447),#1451);
#1447 = LINE('',#1448,#1449);
#1448 = CARTESIAN_POINT('',(17.5,-1.025));
#1449 = VECTOR('',#1450,1.);
#1450 = DIRECTION('',(0.,1.));
#1451 = ( GEOMETRIC_REPRESENTATION_CONTEXT(2) 
PARAMETRIC_REPRESENTATION_CONTEXT() REPRESENTATION_CONTEXT('2D SPACE',''
  ) );
#1452 = ORIENTED_EDGE('',*,*,#1406,.F.);
#1453 = ORIENTED_EDGE('',*,*,#295,.F.);
#1454 = ORIENTED_EDGE('',*,*,#1455,.T.);
#1455 = EDGE_CURVE('',#296,#1456,#1458,.T.);
#1456 = VERTEX_POINT('',#1457);
#1457 = CARTESIAN_POINT('',(-23.29529868602,6.,7.15));
#1458 = SURFACE_CURVE('',#1459,(#1463,#1470),.PCURVE_S1.);
#1459 = LINE('',#1460,#1461);
#1460 = CARTESIAN_POINT('',(-28.5,6.,7.15));
#1461 = VECTOR('',#1462,1.);
#1462 = DIRECTION('',(1.,0.,0.));
#1463 = PCURVE('',#311,#1464);
#1464 = DEFINITIONAL_REPRESENTATION('',(#1465),#1469);
#1465 = LINE('',#1466,#1467);
#1466 = CARTESIAN_POINT('',(5.1,0.));
#1467 = VECTOR('',#1468,1.);
#1468 = DIRECTION('',(0.,1.));
#1469 = ( GEOMETRIC_REPRESENTATION_CONTEXT(2) 
PARAMETRIC_REPRESENTATION_CONTEXT() REPRESENTATION_CONTEXT('2D SPACE',''
  ) );
#1470 = PCURVE('',#344,#1471);
#1471 = DEFINITIONAL_REPRESENTATION('',(#1472),#1476);
#1472 = LINE('',#1473,#1474);
#1473 = CARTESIAN_POINT('',(0.,0.));
#1474 = VECTOR('',#1475,1.);
#1475 = DIRECTION('',(0.,1.));
#1476 = ( GEOMETRIC_REPRESENTATION_CONTEXT(2) 
PARAMETRIC_REPRESENTATION_CONTEXT() REPRESENTATION_CONTEXT('2D SPACE',''
  ) );
#1477 = ORIENTED_EDGE('',*,*,#1478,.F.);
#1478 = EDGE_CURVE('',#1479,#1456,#1481,.T.);
#1479 = VERTEX_POINT('',#1480);
#1480 = CARTESIAN_POINT('',(-23.29529868602,6.,4.));
#1481 = SURFACE_CURVE('',#1482,(#1486,#1493),.PCURVE_S1.);
#1482 = LINE('',#1483,#1484);
#1483 = CARTESIAN_POINT('',(-23.29529868602,6.,4.));
#1484 = VECTOR('',#1485,1.);
#1485 = DIRECTION('',(0.,0.,1.));
#1486 = PCURVE('',#311,#1487);
#1487 = DEFINITIONAL_REPRESENTATION('',(#1488),#1492);
#1488 = LINE('',#1489,#1490);
#1489 = CARTESIAN_POINT('',(1.95,5.20470131398));
#1490 = VECTOR('',#1491,1.);
#1491 = DIRECTION('',(1.,0.));
#1492 = ( GEOMETRIC_REPRESENTATION_CONTEXT(2) 
PARAMETRIC_REPRESENTATION_CONTEXT() REPRESENTATION_CONTEXT('2D SPACE',''
  ) );
#1493 = PCURVE('',#1494,#1499);
#1494 = CYLINDRICAL_SURFACE('',#1495,0.85);
#1495 = AXIS2_PLACEMENT_3D('',#1496,#1497,#1498);
#1496 = CARTESIAN_POINT('',(-22.5,5.7,4.));
#1497 = DIRECTION('',(0.,0.,1.));
#1498 = DIRECTION('',(1.,0.,-0.));
#1499 = DEFINITIONAL_REPRESENTATION('',(#1500),#1503);
#1500 = B_SPLINE_CURVE_WITH_KNOTS('',1,(#1501,#1502),.UNSPECIFIED.,.F.,
  .F.,(2,2),(-5.999999999062E-07,3.52),.PIECEWISE_BEZIER_KNOTS.);
#1501 = CARTESIAN_POINT('',(2.780879933226,-5.999999999062E-07));
#1502 = CARTESIAN_POINT('',(2.780879933226,3.52));
#1503 = ( GEOMETRIC_REPRESENTATION_CONTEXT(2) 
PARAMETRIC_REPRESENTATION_CONTEXT() REPRESENTATION_CONTEXT('2D SPACE',''
  ) );
#1504 = ORIENTED_EDGE('',*,*,#1505,.T.);
#1505 = EDGE_CURVE('',#1479,#1506,#1508,.T.);
#1506 = VERTEX_POINT('',#1507);
#1507 = CARTESIAN_POINT('',(-24.47737199332,6.,4.));
#1508 = SURFACE_CURVE('',#1509,(#1513,#1520),.PCURVE_S1.);
#1509 = LINE('',#1510,#1511);
#1510 = CARTESIAN_POINT('',(-13.75,6.,4.));
#1511 = VECTOR('',#1512,1.);
#1512 = DIRECTION('',(-1.,0.,-3.545500703517E-29));
#1513 = PCURVE('',#311,#1514);
#1514 = DEFINITIONAL_REPRESENTATION('',(#1515),#1519);
#1515 = LINE('',#1516,#1517);
#1516 = CARTESIAN_POINT('',(1.95,14.75));
#1517 = VECTOR('',#1518,1.);
#1518 = DIRECTION('',(-3.545500703517E-29,-1.));
#1519 = ( GEOMETRIC_REPRESENTATION_CONTEXT(2) 
PARAMETRIC_REPRESENTATION_CONTEXT() REPRESENTATION_CONTEXT('2D SPACE',''
  ) );
#1520 = PCURVE('',#1521,#1526);
#1521 = PLANE('',#1522);
#1522 = AXIS2_PLACEMENT_3D('',#1523,#1524,#1525);
#1523 = CARTESIAN_POINT('',(1.,-4.884981308351E-14,4.));
#1524 = DIRECTION('',(-3.545500703517E-29,3.575598433705E-15,1.));
#1525 = DIRECTION('',(1.,0.,3.545500703517E-29));
#1526 = DEFINITIONAL_REPRESENTATION('',(#1527),#1531);
#1527 = LINE('',#1528,#1529);
#1528 = CARTESIAN_POINT('',(-14.75,6.));
#1529 = VECTOR('',#1530,1.);
#1530 = DIRECTION('',(-1.,0.));
#1531 = ( GEOMETRIC_REPRESENTATION_CONTEXT(2) 
PARAMETRIC_REPRESENTATION_CONTEXT() REPRESENTATION_CONTEXT('2D SPACE',''
  ) );
#1532 = ORIENTED_EDGE('',*,*,#1533,.T.);
#1533 = EDGE_CURVE('',#1506,#1534,#1536,.T.);
#1534 = VERTEX_POINT('',#1535);
#1535 = CARTESIAN_POINT('',(-24.47737199332,6.,7.));
#1536 = SURFACE_CURVE('',#1537,(#1541,#1548),.PCURVE_S1.);
#1537 = LINE('',#1538,#1539);
#1538 = CARTESIAN_POINT('',(-24.47737199332,6.,4.));
#1539 = VECTOR('',#1540,1.);
#1540 = DIRECTION('',(0.,0.,1.));
#1541 = PCURVE('',#311,#1542);
#1542 = DEFINITIONAL_REPRESENTATION('',(#1543),#1547);
#1543 = LINE('',#1544,#1545);
#1544 = CARTESIAN_POINT('',(1.95,4.02262800668));
#1545 = VECTOR('',#1546,1.);
#1546 = DIRECTION('',(1.,0.));
#1547 = ( GEOMETRIC_REPRESENTATION_CONTEXT(2) 
PARAMETRIC_REPRESENTATION_CONTEXT() REPRESENTATION_CONTEXT('2D SPACE',''
  ) );
#1548 = PCURVE('',#1549,#1554);
#1549 = CYLINDRICAL_SURFACE('',#1550,2.);
#1550 = AXIS2_PLACEMENT_3D('',#1551,#1552,#1553);
#1551 = CARTESIAN_POINT('',(-22.5,5.7,4.));
#1552 = DIRECTION('',(0.,0.,1.));
#1553 = DIRECTION('',(6.123233995737E-17,1.,-0.));
#1554 = DEFINITIONAL_REPRESENTATION('',(#1555),#1558);
#1555 = B_SPLINE_CURVE_WITH_KNOTS('',1,(#1556,#1557),.UNSPECIFIED.,.F.,
  .F.,(2,2),(-6.000000203343E-07,3.0000006),.PIECEWISE_BEZIER_KNOTS.);
#1556 = CARTESIAN_POINT('',(7.703413361198,-6.000000203343E-07));
#1557 = CARTESIAN_POINT('',(7.703413361198,3.0000006));
#1558 = ( GEOMETRIC_REPRESENTATION_CONTEXT(2) 
PARAMETRIC_REPRESENTATION_CONTEXT() REPRESENTATION_CONTEXT('2D SPACE',''
  ) );
#1559 = ORIENTED_EDGE('',*,*,#1560,.T.);
#1560 = EDGE_CURVE('',#1534,#1431,#1561,.T.);
#1561 = SURFACE_CURVE('',#1562,(#1566,#1573),.PCURVE_S1.);
#1562 = LINE('',#1563,#1564);
#1563 = CARTESIAN_POINT('',(-13.75,6.,7.));
#1564 = VECTOR('',#1565,1.);
#1565 = DIRECTION('',(-1.,0.,0.));
#1566 = PCURVE('',#311,#1567);
#1567 = DEFINITIONAL_REPRESENTATION('',(#1568),#1572);
#1568 = LINE('',#1569,#1570);
#1569 = CARTESIAN_POINT('',(4.95,14.75));
#1570 = VECTOR('',#1571,1.);
#1571 = DIRECTION('',(0.,-1.));
#1572 = ( GEOMETRIC_REPRESENTATION_CONTEXT(2) 
PARAMETRIC_REPRESENTATION_CONTEXT() REPRESENTATION_CONTEXT('2D SPACE',''
  ) );
#1573 = PCURVE('',#1258,#1574);
#1574 = DEFINITIONAL_REPRESENTATION('',(#1575),#1579);
#1575 = LINE('',#1576,#1577);
#1576 = CARTESIAN_POINT('',(-14.75,6.));
#1577 = VECTOR('',#1578,1.);
#1578 = DIRECTION('',(-1.,0.));
#1579 = ( GEOMETRIC_REPRESENTATION_CONTEXT(2) 
PARAMETRIC_REPRESENTATION_CONTEXT() REPRESENTATION_CONTEXT('2D SPACE',''
  ) );
#1580 = ADVANCED_FACE('',(#1581),#344,.F.);
#1581 = FACE_BOUND('',#1582,.F.);
#1582 = EDGE_LOOP('',(#1583,#1584,#1585,#1586,#1609,#1633,#1660));
#1583 = ORIENTED_EDGE('',*,*,#1455,.F.);
#1584 = ORIENTED_EDGE('',*,*,#323,.T.);
#1585 = ORIENTED_EDGE('',*,*,#864,.F.);
#1586 = ORIENTED_EDGE('',*,*,#1587,.T.);
#1587 = EDGE_CURVE('',#865,#1588,#1590,.T.);
#1588 = VERTEX_POINT('',#1589);
#1589 = CARTESIAN_POINT('',(-22.5,4.6,8.55));
#1590 = SURFACE_CURVE('',#1591,(#1595,#1602),.PCURVE_S1.);
#1591 = LINE('',#1592,#1593);
#1592 = CARTESIAN_POINT('',(-28.5,4.6,8.55));
#1593 = VECTOR('',#1594,1.);
#1594 = DIRECTION('',(1.,0.,0.));
#1595 = PCURVE('',#344,#1596);
#1596 = DEFINITIONAL_REPRESENTATION('',(#1597),#1601);
#1597 = LINE('',#1598,#1599);
#1598 = CARTESIAN_POINT('',(1.570796326795,0.));
#1599 = VECTOR('',#1600,1.);
#1600 = DIRECTION('',(0.,1.));
#1601 = ( GEOMETRIC_REPRESENTATION_CONTEXT(2) 
PARAMETRIC_REPRESENTATION_CONTEXT() REPRESENTATION_CONTEXT('2D SPACE',''
  ) );
#1602 = PCURVE('',#908,#1603);
#1603 = DEFINITIONAL_REPRESENTATION('',(#1604),#1608);
#1604 = LINE('',#1605,#1606);
#1605 = CARTESIAN_POINT('',(0.,10.6));
#1606 = VECTOR('',#1607,1.);
#1607 = DIRECTION('',(1.,0.));
#1608 = ( GEOMETRIC_REPRESENTATION_CONTEXT(2) 
PARAMETRIC_REPRESENTATION_CONTEXT() REPRESENTATION_CONTEXT('2D SPACE',''
  ) );
#1609 = ORIENTED_EDGE('',*,*,#1610,.F.);
#1610 = EDGE_CURVE('',#1611,#1588,#1613,.T.);
#1611 = VERTEX_POINT('',#1612);
#1612 = CARTESIAN_POINT('',(-22.5,5.712429773064,8.));
#1613 = SURFACE_CURVE('',#1614,(#1619,#1626),.PCURVE_S1.);
#1614 = CIRCLE('',#1615,1.4);
#1615 = AXIS2_PLACEMENT_3D('',#1616,#1617,#1618);
#1616 = CARTESIAN_POINT('',(-22.5,4.6,7.15));
#1617 = DIRECTION('',(1.,0.,0.));
#1618 = DIRECTION('',(-0.,0.,1.));
#1619 = PCURVE('',#344,#1620);
#1620 = DEFINITIONAL_REPRESENTATION('',(#1621),#1625);
#1621 = LINE('',#1622,#1623);
#1622 = CARTESIAN_POINT('',(-4.712388980385,6.));
#1623 = VECTOR('',#1624,1.);
#1624 = DIRECTION('',(1.,0.));
#1625 = ( GEOMETRIC_REPRESENTATION_CONTEXT(2) 
PARAMETRIC_REPRESENTATION_CONTEXT() REPRESENTATION_CONTEXT('2D SPACE',''
  ) );
#1626 = PCURVE('',#1056,#1627);
#1627 = DEFINITIONAL_REPRESENTATION('',(#1628),#1632);
#1628 = CIRCLE('',#1629,1.4);
#1629 = AXIS2_PLACEMENT_2D('',#1630,#1631);
#1630 = CARTESIAN_POINT('',(5.1,-10.6));
#1631 = DIRECTION('',(1.,0.));
#1632 = ( GEOMETRIC_REPRESENTATION_CONTEXT(2) 
PARAMETRIC_REPRESENTATION_CONTEXT() REPRESENTATION_CONTEXT('2D SPACE',''
  ) );
#1633 = ORIENTED_EDGE('',*,*,#1634,.F.);
#1634 = EDGE_CURVE('',#1635,#1611,#1637,.T.);
#1635 = VERTEX_POINT('',#1636);
#1636 = CARTESIAN_POINT('',(-23.34990911322,5.712429773064,8.));
#1637 = SURFACE_CURVE('',#1638,(#1642,#1648),.PCURVE_S1.);
#1638 = LINE('',#1639,#1640);
#1639 = CARTESIAN_POINT('',(-28.5,5.712429773064,8.));
#1640 = VECTOR('',#1641,1.);
#1641 = DIRECTION('',(1.,0.,0.));
#1642 = PCURVE('',#344,#1643);
#1643 = DEFINITIONAL_REPRESENTATION('',(#1644),#1647);
#1644 = B_SPLINE_CURVE_WITH_KNOTS('',1,(#1645,#1646),.UNSPECIFIED.,.F.,
  .F.,(2,2),(4.98,6.0000006),.PIECEWISE_BEZIER_KNOTS.);
#1645 = CARTESIAN_POINT('',(0.652459897318,4.98));
#1646 = CARTESIAN_POINT('',(0.652459897318,6.0000006));
#1647 = ( GEOMETRIC_REPRESENTATION_CONTEXT(2) 
PARAMETRIC_REPRESENTATION_CONTEXT() REPRESENTATION_CONTEXT('2D SPACE',''
  ) );
#1648 = PCURVE('',#1649,#1654);
#1649 = PLANE('',#1650);
#1650 = AXIS2_PLACEMENT_3D('',#1651,#1652,#1653);
#1651 = CARTESIAN_POINT('',(1.,-4.884981308351E-14,8.));
#1652 = DIRECTION('',(3.545500703517E-29,-3.575598433705E-15,-1.));
#1653 = DIRECTION('',(-1.,0.,-3.545500703517E-29));
#1654 = DEFINITIONAL_REPRESENTATION('',(#1655),#1659);
#1655 = LINE('',#1656,#1657);
#1656 = CARTESIAN_POINT('',(29.5,5.712429773064));
#1657 = VECTOR('',#1658,1.);
#1658 = DIRECTION('',(-1.,1.26772867622E-43));
#1659 = ( GEOMETRIC_REPRESENTATION_CONTEXT(2) 
PARAMETRIC_REPRESENTATION_CONTEXT() REPRESENTATION_CONTEXT('2D SPACE',''
  ) );
#1660 = ORIENTED_EDGE('',*,*,#1661,.F.);
#1661 = EDGE_CURVE('',#1456,#1635,#1662,.T.);
#1662 = SURFACE_CURVE('',#1663,(#1678,#1696),.PCURVE_S1.);
#1663 = B_SPLINE_CURVE_WITH_KNOTS('',7,(#1664,#1665,#1666,#1667,#1668,
    #1669,#1670,#1671,#1672,#1673,#1674,#1675,#1676,#1677),
  .UNSPECIFIED.,.F.,.F.,(8,6,8),(0.,0.662155593016,1.),.UNSPECIFIED.);
#1664 = CARTESIAN_POINT('',(-23.29529868602,6.,7.15));
#1665 = CARTESIAN_POINT('',(-23.29529868602,6.,7.237825463649));
#1666 = CARTESIAN_POINT('',(-23.29772339763,5.993572242508,
    7.325228617906));
#1667 = CARTESIAN_POINT('',(-23.30253045043,5.980827998351,
    7.411781082141));
#1668 = CARTESIAN_POINT('',(-23.30930504292,5.961879786393,
    7.497048159851));
#1669 = CARTESIAN_POINT('',(-23.31728098357,5.936860630526,
    7.580493119106));
#1670 = CARTESIAN_POINT('',(-23.32547138802,5.906048395029,7.66146922953
    ));
#1671 = CARTESIAN_POINT('',(-23.3366012494,5.851499561166,7.77901960057)
  );
#1672 = CARTESIAN_POINT('',(-23.34015656608,5.831646131454,
    7.818008014027));
#1673 = CARTESIAN_POINT('',(-23.34337078392,5.810404559841,
    7.856211536652));
#1674 = CARTESIAN_POINT('',(-23.34610198687,5.787814593796,
    7.893571003633));
#1675 = CARTESIAN_POINT('',(-23.34820334474,5.763920665521,
    7.930027707391));
#1676 = CARTESIAN_POINT('',(-23.34952386088,5.738773098594,
    7.965523450733));
#1677 = CARTESIAN_POINT('',(-23.34990911992,5.712429314608,8.0000006));
#1678 = PCURVE('',#344,#1679);
#1679 = DEFINITIONAL_REPRESENTATION('',(#1680),#1695);
#1680 = B_SPLINE_CURVE_WITH_KNOTS('',7,(#1681,#1682,#1683,#1684,#1685,
    #1686,#1687,#1688,#1689,#1690,#1691,#1692,#1693,#1694),
  .UNSPECIFIED.,.F.,.F.,(8,6,8),(0.,0.662155593016,1.),.UNSPECIFIED.);
#1681 = CARTESIAN_POINT('',(0.,5.204701313971));
#1682 = CARTESIAN_POINT('',(6.273247403511E-02,5.204701313971));
#1683 = CARTESIAN_POINT('',(0.125163248843,5.20227660237));
#1684 = CARTESIAN_POINT('',(0.187389916067,5.197469549562));
#1685 = CARTESIAN_POINT('',(0.249486540282,5.190694957075));
#1686 = CARTESIAN_POINT('',(0.311450740516,5.182719016423));
#1687 = CARTESIAN_POINT('',(0.373181236809,5.174528611974));
#1688 = CARTESIAN_POINT('',(0.465745789594,5.163398750598));
#1689 = CARTESIAN_POINT('',(0.496976547155,5.159843433914));
#1690 = CARTESIAN_POINT('',(0.528166017979,5.156629216078));
#1691 = CARTESIAN_POINT('',(0.559313358796,5.153898013122));
#1692 = CARTESIAN_POINT('',(0.590415772799,5.151796655253));
#1693 = CARTESIAN_POINT('',(0.621467771514,5.15047613912));
#1694 = CARTESIAN_POINT('',(0.652460436678,5.150090880071));
#1695 = ( GEOMETRIC_REPRESENTATION_CONTEXT(2) 
PARAMETRIC_REPRESENTATION_CONTEXT() REPRESENTATION_CONTEXT('2D SPACE',''
  ) );
#1696 = PCURVE('',#1494,#1697);
#1697 = DEFINITIONAL_REPRESENTATION('',(#1698),#1713);
#1698 = B_SPLINE_CURVE_WITH_KNOTS('',7,(#1699,#1700,#1701,#1702,#1703,
    #1704,#1705,#1706,#1707,#1708,#1709,#1710,#1711,#1712),
  .UNSPECIFIED.,.F.,.F.,(8,6,8),(0.,0.662155593016,1.),.UNSPECIFIED.);
#1699 = CARTESIAN_POINT('',(2.780879933226,3.15));
#1700 = CARTESIAN_POINT('',(2.780879933226,3.237825463649));
#1701 = CARTESIAN_POINT('',(2.788962191172,3.325228617906));
#1702 = CARTESIAN_POINT('',(2.804986295865,3.411781082141));
#1703 = CARTESIAN_POINT('',(2.828657546144,3.497048159851));
#1704 = CARTESIAN_POINT('',(2.859506841577,3.580493119106));
#1705 = CARTESIAN_POINT('',(2.896951092109,3.66146922953));
#1706 = CARTESIAN_POINT('',(2.962448381628,3.77901960057));
#1707 = CARTESIAN_POINT('',(2.986170037657,3.818008014027));
#1708 = CARTESIAN_POINT('',(3.011429318498,3.856211536652));
#1709 = CARTESIAN_POINT('',(3.038176205827,3.893571003633));
#1710 = CARTESIAN_POINT('',(3.066368481585,3.930027707391));
#1711 = CARTESIAN_POINT('',(3.095973408292,3.965523450733));
#1712 = CARTESIAN_POINT('',(3.126969409356,4.0000006));
#1713 = ( GEOMETRIC_REPRESENTATION_CONTEXT(2) 
PARAMETRIC_REPRESENTATION_CONTEXT() REPRESENTATION_CONTEXT('2D SPACE',''
  ) );
#1714 = ADVANCED_FACE('',(#1715),#420,.T.);
#1715 = FACE_BOUND('',#1716,.T.);
#1716 = EDGE_LOOP('',(#1717,#1743,#1744));
#1717 = ORIENTED_EDGE('',*,*,#1718,.F.);
#1718 = EDGE_CURVE('',#405,#815,#1719,.T.);
#1719 = SURFACE_CURVE('',#1720,(#1724,#1731),.PCURVE_S1.);
#1720 = LINE('',#1721,#1722);
#1721 = CARTESIAN_POINT('',(-26.3,13.5,8.2));
#1722 = VECTOR('',#1723,1.);
#1723 = DIRECTION('',(-3.925231146706E-15,-0.707106781187,0.707106781187
    ));
#1724 = PCURVE('',#420,#1725);
#1725 = DEFINITIONAL_REPRESENTATION('',(#1726),#1730);
#1726 = LINE('',#1727,#1728);
#1727 = CARTESIAN_POINT('',(0.565685424949,0.979795897113));
#1728 = VECTOR('',#1729,1.);
#1729 = DIRECTION('',(0.5,-0.866025403784));
#1730 = ( GEOMETRIC_REPRESENTATION_CONTEXT(2) 
PARAMETRIC_REPRESENTATION_CONTEXT() REPRESENTATION_CONTEXT('2D SPACE',''
  ) );
#1731 = PCURVE('',#1732,#1737);
#1732 = PLANE('',#1733);
#1733 = AXIS2_PLACEMENT_3D('',#1734,#1735,#1736);
#1734 = CARTESIAN_POINT('',(-12.05,13.1,8.6));
#1735 = DIRECTION('',(0.,0.707106781187,0.707106781187));
#1736 = DIRECTION('',(1.,0.,-0.));
#1737 = DEFINITIONAL_REPRESENTATION('',(#1738),#1742);
#1738 = LINE('',#1739,#1740);
#1739 = CARTESIAN_POINT('',(-14.25,0.565685424949));
#1740 = VECTOR('',#1741,1.);
#1741 = DIRECTION('',(-3.925231146706E-15,-1.));
#1742 = ( GEOMETRIC_REPRESENTATION_CONTEXT(2) 
PARAMETRIC_REPRESENTATION_CONTEXT() REPRESENTATION_CONTEXT('2D SPACE',''
  ) );
#1743 = ORIENTED_EDGE('',*,*,#404,.F.);
#1744 = ORIENTED_EDGE('',*,*,#842,.F.);
#1745 = ADVANCED_FACE('',(#1746),#446,.T.);
#1746 = FACE_BOUND('',#1747,.T.);
#1747 = EDGE_LOOP('',(#1748,#1749,#1750,#1773));
#1748 = ORIENTED_EDGE('',*,*,#462,.T.);
#1749 = ORIENTED_EDGE('',*,*,#432,.F.);
#1750 = ORIENTED_EDGE('',*,*,#1751,.F.);
#1751 = EDGE_CURVE('',#1752,#405,#1754,.T.);
#1752 = VERTEX_POINT('',#1753);
#1753 = CARTESIAN_POINT('',(28.3,13.5,8.2));
#1754 = SURFACE_CURVE('',#1755,(#1759,#1766),.PCURVE_S1.);
#1755 = LINE('',#1756,#1757);
#1756 = CARTESIAN_POINT('',(-12.05,13.5,8.2));
#1757 = VECTOR('',#1758,1.);
#1758 = DIRECTION('',(-1.,0.,0.));
#1759 = PCURVE('',#446,#1760);
#1760 = DEFINITIONAL_REPRESENTATION('',(#1761),#1765);
#1761 = LINE('',#1762,#1763);
#1762 = CARTESIAN_POINT('',(13.05,-8.2));
#1763 = VECTOR('',#1764,1.);
#1764 = DIRECTION('',(-1.,0.));
#1765 = ( GEOMETRIC_REPRESENTATION_CONTEXT(2) 
PARAMETRIC_REPRESENTATION_CONTEXT() REPRESENTATION_CONTEXT('2D SPACE',''
  ) );
#1766 = PCURVE('',#1732,#1767);
#1767 = DEFINITIONAL_REPRESENTATION('',(#1768),#1772);
#1768 = LINE('',#1769,#1770);
#1769 = CARTESIAN_POINT('',(0.,0.565685424949));
#1770 = VECTOR('',#1771,1.);
#1771 = DIRECTION('',(-1.,0.));
#1772 = ( GEOMETRIC_REPRESENTATION_CONTEXT(2) 
PARAMETRIC_REPRESENTATION_CONTEXT() REPRESENTATION_CONTEXT('2D SPACE',''
  ) );
#1773 = ORIENTED_EDGE('',*,*,#1774,.F.);
#1774 = EDGE_CURVE('',#463,#1752,#1775,.T.);
#1775 = SURFACE_CURVE('',#1776,(#1780,#1787),.PCURVE_S1.);
#1776 = LINE('',#1777,#1778);
#1777 = CARTESIAN_POINT('',(28.3,13.5,0.));
#1778 = VECTOR('',#1779,1.);
#1779 = DIRECTION('',(0.,0.,1.));
#1780 = PCURVE('',#446,#1781);
#1781 = DEFINITIONAL_REPRESENTATION('',(#1782),#1786);
#1782 = LINE('',#1783,#1784);
#1783 = CARTESIAN_POINT('',(53.4,0.));
#1784 = VECTOR('',#1785,1.);
#1785 = DIRECTION('',(0.,-1.));
#1786 = ( GEOMETRIC_REPRESENTATION_CONTEXT(2) 
PARAMETRIC_REPRESENTATION_CONTEXT() REPRESENTATION_CONTEXT('2D SPACE',''
  ) );
#1787 = PCURVE('',#501,#1788);
#1788 = DEFINITIONAL_REPRESENTATION('',(#1789),#1793);
#1789 = LINE('',#1790,#1791);
#1790 = CARTESIAN_POINT('',(0.,0.565685424949));
#1791 = VECTOR('',#1792,1.);
#1792 = DIRECTION('',(-1.,0.));
#1793 = ( GEOMETRIC_REPRESENTATION_CONTEXT(2) 
PARAMETRIC_REPRESENTATION_CONTEXT() REPRESENTATION_CONTEXT('2D SPACE',''
  ) );
#1794 = ADVANCED_FACE('',(#1795),#501,.T.);
#1795 = FACE_BOUND('',#1796,.T.);
#1796 = EDGE_LOOP('',(#1797,#1798,#1799,#1827));
#1797 = ORIENTED_EDGE('',*,*,#485,.T.);
#1798 = ORIENTED_EDGE('',*,*,#1774,.T.);
#1799 = ORIENTED_EDGE('',*,*,#1800,.T.);
#1800 = EDGE_CURVE('',#1752,#1801,#1803,.T.);
#1801 = VERTEX_POINT('',#1802);
#1802 = CARTESIAN_POINT('',(29.1,12.7,8.2));
#1803 = SURFACE_CURVE('',#1804,(#1808,#1815),.PCURVE_S1.);
#1804 = LINE('',#1805,#1806);
#1805 = CARTESIAN_POINT('',(28.3,13.5,8.2));
#1806 = VECTOR('',#1807,1.);
#1807 = DIRECTION('',(0.707106781187,-0.707106781187,0.));
#1808 = PCURVE('',#501,#1809);
#1809 = DEFINITIONAL_REPRESENTATION('',(#1810),#1814);
#1810 = LINE('',#1811,#1812);
#1811 = CARTESIAN_POINT('',(-8.2,0.565685424949));
#1812 = VECTOR('',#1813,1.);
#1813 = DIRECTION('',(0.,-1.));
#1814 = ( GEOMETRIC_REPRESENTATION_CONTEXT(2) 
PARAMETRIC_REPRESENTATION_CONTEXT() REPRESENTATION_CONTEXT('2D SPACE',''
  ) );
#1815 = PCURVE('',#1816,#1821);
#1816 = PLANE('',#1817);
#1817 = AXIS2_PLACEMENT_3D('',#1818,#1819,#1820);
#1818 = CARTESIAN_POINT('',(28.3,13.5,8.2));
#1819 = DIRECTION('',(0.57735026919,0.57735026919,0.57735026919));
#1820 = DIRECTION('',(0.707106781187,0.,-0.707106781187));
#1821 = DEFINITIONAL_REPRESENTATION('',(#1822),#1826);
#1822 = LINE('',#1823,#1824);
#1823 = CARTESIAN_POINT('',(0.,0.));
#1824 = VECTOR('',#1825,1.);
#1825 = DIRECTION('',(0.5,-0.866025403784));
#1826 = ( GEOMETRIC_REPRESENTATION_CONTEXT(2) 
PARAMETRIC_REPRESENTATION_CONTEXT() REPRESENTATION_CONTEXT('2D SPACE',''
  ) );
#1827 = ORIENTED_EDGE('',*,*,#1828,.T.);
#1828 = EDGE_CURVE('',#1801,#486,#1829,.T.);
#1829 = SURFACE_CURVE('',#1830,(#1834,#1841),.PCURVE_S1.);
#1830 = LINE('',#1831,#1832);
#1831 = CARTESIAN_POINT('',(29.1,12.7,0.));
#1832 = VECTOR('',#1833,1.);
#1833 = DIRECTION('',(0.,0.,-1.));
#1834 = PCURVE('',#501,#1835);
#1835 = DEFINITIONAL_REPRESENTATION('',(#1836),#1840);
#1836 = LINE('',#1837,#1838);
#1837 = CARTESIAN_POINT('',(0.,-0.565685424949));
#1838 = VECTOR('',#1839,1.);
#1839 = DIRECTION('',(1.,0.));
#1840 = ( GEOMETRIC_REPRESENTATION_CONTEXT(2) 
PARAMETRIC_REPRESENTATION_CONTEXT() REPRESENTATION_CONTEXT('2D SPACE',''
  ) );
#1841 = PCURVE('',#529,#1842);
#1842 = DEFINITIONAL_REPRESENTATION('',(#1843),#1847);
#1843 = LINE('',#1844,#1845);
#1844 = CARTESIAN_POINT('',(-1.2,0.));
#1845 = VECTOR('',#1846,1.);
#1846 = DIRECTION('',(0.,1.));
#1847 = ( GEOMETRIC_REPRESENTATION_CONTEXT(2) 
PARAMETRIC_REPRESENTATION_CONTEXT() REPRESENTATION_CONTEXT('2D SPACE',''
  ) );
#1848 = ADVANCED_FACE('',(#1849),#529,.T.);
#1849 = FACE_BOUND('',#1850,.T.);
#1850 = EDGE_LOOP('',(#1851,#1852,#1853,#1881));
#1851 = ORIENTED_EDGE('',*,*,#513,.T.);
#1852 = ORIENTED_EDGE('',*,*,#1828,.F.);
#1853 = ORIENTED_EDGE('',*,*,#1854,.F.);
#1854 = EDGE_CURVE('',#1855,#1801,#1857,.T.);
#1855 = VERTEX_POINT('',#1856);
#1856 = CARTESIAN_POINT('',(29.1,-12.7,8.2));
#1857 = SURFACE_CURVE('',#1858,(#1862,#1869),.PCURVE_S1.);
#1858 = LINE('',#1859,#1860);
#1859 = CARTESIAN_POINT('',(29.1,5.75,8.2));
#1860 = VECTOR('',#1861,1.);
#1861 = DIRECTION('',(-1.930822651522E-16,1.,0.));
#1862 = PCURVE('',#529,#1863);
#1863 = DEFINITIONAL_REPRESENTATION('',(#1864),#1868);
#1864 = LINE('',#1865,#1866);
#1865 = CARTESIAN_POINT('',(5.75,-8.2));
#1866 = VECTOR('',#1867,1.);
#1867 = DIRECTION('',(-1.,0.));
#1868 = ( GEOMETRIC_REPRESENTATION_CONTEXT(2) 
PARAMETRIC_REPRESENTATION_CONTEXT() REPRESENTATION_CONTEXT('2D SPACE',''
  ) );
#1869 = PCURVE('',#1870,#1875);
#1870 = PLANE('',#1871);
#1871 = AXIS2_PLACEMENT_3D('',#1872,#1873,#1874);
#1872 = CARTESIAN_POINT('',(28.7,5.75,8.6));
#1873 = DIRECTION('',(0.707106781187,1.365297790159E-16,0.707106781187)
  );
#1874 = DIRECTION('',(0.707106781187,0.,-0.707106781187));
#1875 = DEFINITIONAL_REPRESENTATION('',(#1876),#1880);
#1876 = LINE('',#1877,#1878);
#1877 = CARTESIAN_POINT('',(0.565685424949,0.));
#1878 = VECTOR('',#1879,1.);
#1879 = DIRECTION('',(-1.36529779016E-16,1.));
#1880 = ( GEOMETRIC_REPRESENTATION_CONTEXT(2) 
PARAMETRIC_REPRESENTATION_CONTEXT() REPRESENTATION_CONTEXT('2D SPACE',''
  ) );
#1881 = ORIENTED_EDGE('',*,*,#1882,.F.);
#1882 = EDGE_CURVE('',#514,#1855,#1883,.T.);
#1883 = SURFACE_CURVE('',#1884,(#1888,#1895),.PCURVE_S1.);
#1884 = LINE('',#1885,#1886);
#1885 = CARTESIAN_POINT('',(29.1,-12.7,0.));
#1886 = VECTOR('',#1887,1.);
#1887 = DIRECTION('',(0.,0.,1.));
#1888 = PCURVE('',#529,#1889);
#1889 = DEFINITIONAL_REPRESENTATION('',(#1890),#1894);
#1890 = LINE('',#1891,#1892);
#1891 = CARTESIAN_POINT('',(24.2,0.));
#1892 = VECTOR('',#1893,1.);
#1893 = DIRECTION('',(0.,-1.));
#1894 = ( GEOMETRIC_REPRESENTATION_CONTEXT(2) 
PARAMETRIC_REPRESENTATION_CONTEXT() REPRESENTATION_CONTEXT('2D SPACE',''
  ) );
#1895 = PCURVE('',#557,#1896);
#1896 = DEFINITIONAL_REPRESENTATION('',(#1897),#1901);
#1897 = LINE('',#1898,#1899);
#1898 = CARTESIAN_POINT('',(0.,0.565685424949));
#1899 = VECTOR('',#1900,1.);
#1900 = DIRECTION('',(-1.,0.));
#1901 = ( GEOMETRIC_REPRESENTATION_CONTEXT(2) 
PARAMETRIC_REPRESENTATION_CONTEXT() REPRESENTATION_CONTEXT('2D SPACE',''
  ) );
#1902 = ADVANCED_FACE('',(#1903),#557,.T.);
#1903 = FACE_BOUND('',#1904,.T.);
#1904 = EDGE_LOOP('',(#1905,#1906,#1907,#1935));
#1905 = ORIENTED_EDGE('',*,*,#541,.T.);
#1906 = ORIENTED_EDGE('',*,*,#1882,.T.);
#1907 = ORIENTED_EDGE('',*,*,#1908,.T.);
#1908 = EDGE_CURVE('',#1855,#1909,#1911,.T.);
#1909 = VERTEX_POINT('',#1910);
#1910 = CARTESIAN_POINT('',(28.3,-13.5,8.2));
#1911 = SURFACE_CURVE('',#1912,(#1916,#1923),.PCURVE_S1.);
#1912 = LINE('',#1913,#1914);
#1913 = CARTESIAN_POINT('',(29.1,-12.7,8.2));
#1914 = VECTOR('',#1915,1.);
#1915 = DIRECTION('',(-0.707106781187,-0.707106781187,0.));
#1916 = PCURVE('',#557,#1917);
#1917 = DEFINITIONAL_REPRESENTATION('',(#1918),#1922);
#1918 = LINE('',#1919,#1920);
#1919 = CARTESIAN_POINT('',(-8.2,0.565685424949));
#1920 = VECTOR('',#1921,1.);
#1921 = DIRECTION('',(-0.,-1.));
#1922 = ( GEOMETRIC_REPRESENTATION_CONTEXT(2) 
PARAMETRIC_REPRESENTATION_CONTEXT() REPRESENTATION_CONTEXT('2D SPACE',''
  ) );
#1923 = PCURVE('',#1924,#1929);
#1924 = PLANE('',#1925);
#1925 = AXIS2_PLACEMENT_3D('',#1926,#1927,#1928);
#1926 = CARTESIAN_POINT('',(29.1,-12.7,8.2));
#1927 = DIRECTION('',(0.57735026919,-0.57735026919,0.57735026919));
#1928 = DIRECTION('',(0.707106781187,0.,-0.707106781187));
#1929 = DEFINITIONAL_REPRESENTATION('',(#1930),#1934);
#1930 = LINE('',#1931,#1932);
#1931 = CARTESIAN_POINT('',(0.,0.));
#1932 = VECTOR('',#1933,1.);
#1933 = DIRECTION('',(-0.5,-0.866025403784));
#1934 = ( GEOMETRIC_REPRESENTATION_CONTEXT(2) 
PARAMETRIC_REPRESENTATION_CONTEXT() REPRESENTATION_CONTEXT('2D SPACE',''
  ) );
#1935 = ORIENTED_EDGE('',*,*,#1936,.T.);
#1936 = EDGE_CURVE('',#1909,#542,#1937,.T.);
#1937 = SURFACE_CURVE('',#1938,(#1942,#1949),.PCURVE_S1.);
#1938 = LINE('',#1939,#1940);
#1939 = CARTESIAN_POINT('',(28.3,-13.5,0.));
#1940 = VECTOR('',#1941,1.);
#1941 = DIRECTION('',(0.,0.,-1.));
#1942 = PCURVE('',#557,#1943);
#1943 = DEFINITIONAL_REPRESENTATION('',(#1944),#1948);
#1944 = LINE('',#1945,#1946);
#1945 = CARTESIAN_POINT('',(-0.,-0.565685424949));
#1946 = VECTOR('',#1947,1.);
#1947 = DIRECTION('',(1.,0.));
#1948 = ( GEOMETRIC_REPRESENTATION_CONTEXT(2) 
PARAMETRIC_REPRESENTATION_CONTEXT() REPRESENTATION_CONTEXT('2D SPACE',''
  ) );
#1949 = PCURVE('',#585,#1950);
#1950 = DEFINITIONAL_REPRESENTATION('',(#1951),#1955);
#1951 = LINE('',#1952,#1953);
#1952 = CARTESIAN_POINT('',(-1.2,-0.));
#1953 = VECTOR('',#1954,1.);
#1954 = DIRECTION('',(0.,1.));
#1955 = ( GEOMETRIC_REPRESENTATION_CONTEXT(2) 
PARAMETRIC_REPRESENTATION_CONTEXT() REPRESENTATION_CONTEXT('2D SPACE',''
  ) );
#1956 = ADVANCED_FACE('',(#1957),#585,.T.);
#1957 = FACE_BOUND('',#1958,.T.);
#1958 = EDGE_LOOP('',(#1959,#1960,#1961,#1987));
#1959 = ORIENTED_EDGE('',*,*,#569,.T.);
#1960 = ORIENTED_EDGE('',*,*,#1936,.F.);
#1961 = ORIENTED_EDGE('',*,*,#1962,.F.);
#1962 = EDGE_CURVE('',#738,#1909,#1963,.T.);
#1963 = SURFACE_CURVE('',#1964,(#1968,#1975),.PCURVE_S1.);
#1964 = LINE('',#1965,#1966);
#1965 = CARTESIAN_POINT('',(14.05,-13.5,8.2));
#1966 = VECTOR('',#1967,1.);
#1967 = DIRECTION('',(1.,0.,0.));
#1968 = PCURVE('',#585,#1969);
#1969 = DEFINITIONAL_REPRESENTATION('',(#1970),#1974);
#1970 = LINE('',#1971,#1972);
#1971 = CARTESIAN_POINT('',(13.05,-8.2));
#1972 = VECTOR('',#1973,1.);
#1973 = DIRECTION('',(-1.,-0.));
#1974 = ( GEOMETRIC_REPRESENTATION_CONTEXT(2) 
PARAMETRIC_REPRESENTATION_CONTEXT() REPRESENTATION_CONTEXT('2D SPACE',''
  ) );
#1975 = PCURVE('',#1976,#1981);
#1976 = PLANE('',#1977);
#1977 = AXIS2_PLACEMENT_3D('',#1978,#1979,#1980);
#1978 = CARTESIAN_POINT('',(14.05,-13.1,8.6));
#1979 = DIRECTION('',(0.,-0.707106781187,0.707106781187));
#1980 = DIRECTION('',(1.,0.,0.));
#1981 = DEFINITIONAL_REPRESENTATION('',(#1982),#1986);
#1982 = LINE('',#1983,#1984);
#1983 = CARTESIAN_POINT('',(0.,-0.565685424949));
#1984 = VECTOR('',#1985,1.);
#1985 = DIRECTION('',(1.,0.));
#1986 = ( GEOMETRIC_REPRESENTATION_CONTEXT(2) 
PARAMETRIC_REPRESENTATION_CONTEXT() REPRESENTATION_CONTEXT('2D SPACE',''
  ) );
#1987 = ORIENTED_EDGE('',*,*,#737,.F.);
#1988 = ADVANCED_FACE('',(#1989),#639,.F.);
#1989 = FACE_BOUND('',#1990,.T.);
#1990 = EDGE_LOOP('',(#1991,#1992,#2015,#2038));
#1991 = ORIENTED_EDGE('',*,*,#621,.T.);
#1992 = ORIENTED_EDGE('',*,*,#1993,.T.);
#1993 = EDGE_CURVE('',#624,#1994,#1996,.T.);
#1994 = VERTEX_POINT('',#1995);
#1995 = CARTESIAN_POINT('',(-25.1,-11.5,7.));
#1996 = SURFACE_CURVE('',#1997,(#2001,#2008),.PCURVE_S1.);
#1997 = LINE('',#1998,#1999);
#1998 = CARTESIAN_POINT('',(-25.1,-11.5,0.));
#1999 = VECTOR('',#2000,1.);
#2000 = DIRECTION('',(0.,0.,1.));
#2001 = PCURVE('',#639,#2002);
#2002 = DEFINITIONAL_REPRESENTATION('',(#2003),#2007);
#2003 = LINE('',#2004,#2005);
#2004 = CARTESIAN_POINT('',(52.2,0.));
#2005 = VECTOR('',#2006,1.);
#2006 = DIRECTION('',(0.,-1.));
#2007 = ( GEOMETRIC_REPRESENTATION_CONTEXT(2) 
PARAMETRIC_REPRESENTATION_CONTEXT() REPRESENTATION_CONTEXT('2D SPACE',''
  ) );
#2008 = PCURVE('',#721,#2009);
#2009 = DEFINITIONAL_REPRESENTATION('',(#2010),#2014);
#2010 = LINE('',#2011,#2012);
#2011 = CARTESIAN_POINT('',(0.,0.));
#2012 = VECTOR('',#2013,1.);
#2013 = DIRECTION('',(0.,-1.));
#2014 = ( GEOMETRIC_REPRESENTATION_CONTEXT(2) 
PARAMETRIC_REPRESENTATION_CONTEXT() REPRESENTATION_CONTEXT('2D SPACE',''
  ) );
#2015 = ORIENTED_EDGE('',*,*,#2016,.T.);
#2016 = EDGE_CURVE('',#1994,#2017,#2019,.T.);
#2017 = VERTEX_POINT('',#2018);
#2018 = CARTESIAN_POINT('',(27.1,-11.5,7.));
#2019 = SURFACE_CURVE('',#2020,(#2024,#2031),.PCURVE_S1.);
#2020 = LINE('',#2021,#2022);
#2021 = CARTESIAN_POINT('',(-25.1,-11.5,7.));
#2022 = VECTOR('',#2023,1.);
#2023 = DIRECTION('',(1.,0.,0.));
#2024 = PCURVE('',#639,#2025);
#2025 = DEFINITIONAL_REPRESENTATION('',(#2026),#2030);
#2026 = LINE('',#2027,#2028);
#2027 = CARTESIAN_POINT('',(52.2,-7.));
#2028 = VECTOR('',#2029,1.);
#2029 = DIRECTION('',(-1.,-0.));
#2030 = ( GEOMETRIC_REPRESENTATION_CONTEXT(2) 
PARAMETRIC_REPRESENTATION_CONTEXT() REPRESENTATION_CONTEXT('2D SPACE',''
  ) );
#2031 = PCURVE('',#1258,#2032);
#2032 = DEFINITIONAL_REPRESENTATION('',(#2033),#2037);
#2033 = LINE('',#2034,#2035);
#2034 = CARTESIAN_POINT('',(-26.1,-11.5));
#2035 = VECTOR('',#2036,1.);
#2036 = DIRECTION('',(1.,0.));
#2037 = ( GEOMETRIC_REPRESENTATION_CONTEXT(2) 
PARAMETRIC_REPRESENTATION_CONTEXT() REPRESENTATION_CONTEXT('2D SPACE',''
  ) );
#2038 = ORIENTED_EDGE('',*,*,#2039,.F.);
#2039 = EDGE_CURVE('',#622,#2017,#2040,.T.);
#2040 = SURFACE_CURVE('',#2041,(#2045,#2052),.PCURVE_S1.);
#2041 = LINE('',#2042,#2043);
#2042 = CARTESIAN_POINT('',(27.1,-11.5,0.));
#2043 = VECTOR('',#2044,1.);
#2044 = DIRECTION('',(0.,0.,1.));
#2045 = PCURVE('',#639,#2046);
#2046 = DEFINITIONAL_REPRESENTATION('',(#2047),#2051);
#2047 = LINE('',#2048,#2049);
#2048 = CARTESIAN_POINT('',(0.,-0.));
#2049 = VECTOR('',#2050,1.);
#2050 = DIRECTION('',(0.,-1.));
#2051 = ( GEOMETRIC_REPRESENTATION_CONTEXT(2) 
PARAMETRIC_REPRESENTATION_CONTEXT() REPRESENTATION_CONTEXT('2D SPACE',''
  ) );
#2052 = PCURVE('',#667,#2053);
#2053 = DEFINITIONAL_REPRESENTATION('',(#2054),#2058);
#2054 = LINE('',#2055,#2056);
#2055 = CARTESIAN_POINT('',(23.,0.));
#2056 = VECTOR('',#2057,1.);
#2057 = DIRECTION('',(0.,-1.));
#2058 = ( GEOMETRIC_REPRESENTATION_CONTEXT(2) 
PARAMETRIC_REPRESENTATION_CONTEXT() REPRESENTATION_CONTEXT('2D SPACE',''
  ) );
#2059 = ADVANCED_FACE('',(#2060),#667,.F.);
#2060 = FACE_BOUND('',#2061,.T.);
#2061 = EDGE_LOOP('',(#2062,#2063,#2064,#2087));
#2062 = ORIENTED_EDGE('',*,*,#651,.T.);
#2063 = ORIENTED_EDGE('',*,*,#2039,.T.);
#2064 = ORIENTED_EDGE('',*,*,#2065,.T.);
#2065 = EDGE_CURVE('',#2017,#2066,#2068,.T.);
#2066 = VERTEX_POINT('',#2067);
#2067 = CARTESIAN_POINT('',(27.1,11.5,7.));
#2068 = SURFACE_CURVE('',#2069,(#2073,#2080),.PCURVE_S1.);
#2069 = LINE('',#2070,#2071);
#2070 = CARTESIAN_POINT('',(27.1,-11.5,7.));
#2071 = VECTOR('',#2072,1.);
#2072 = DIRECTION('',(-1.930822651522E-16,1.,0.));
#2073 = PCURVE('',#667,#2074);
#2074 = DEFINITIONAL_REPRESENTATION('',(#2075),#2079);
#2075 = LINE('',#2076,#2077);
#2076 = CARTESIAN_POINT('',(23.,-7.));
#2077 = VECTOR('',#2078,1.);
#2078 = DIRECTION('',(-1.,0.));
#2079 = ( GEOMETRIC_REPRESENTATION_CONTEXT(2) 
PARAMETRIC_REPRESENTATION_CONTEXT() REPRESENTATION_CONTEXT('2D SPACE',''
  ) );
#2080 = PCURVE('',#1258,#2081);
#2081 = DEFINITIONAL_REPRESENTATION('',(#2082),#2086);
#2082 = LINE('',#2083,#2084);
#2083 = CARTESIAN_POINT('',(26.1,-11.5));
#2084 = VECTOR('',#2085,1.);
#2085 = DIRECTION('',(-1.930822651522E-16,1.));
#2086 = ( GEOMETRIC_REPRESENTATION_CONTEXT(2) 
PARAMETRIC_REPRESENTATION_CONTEXT() REPRESENTATION_CONTEXT('2D SPACE',''
  ) );
#2087 = ORIENTED_EDGE('',*,*,#2088,.F.);
#2088 = EDGE_CURVE('',#652,#2066,#2089,.T.);
#2089 = SURFACE_CURVE('',#2090,(#2094,#2101),.PCURVE_S1.);
#2090 = LINE('',#2091,#2092);
#2091 = CARTESIAN_POINT('',(27.1,11.5,0.));
#2092 = VECTOR('',#2093,1.);
#2093 = DIRECTION('',(0.,0.,1.));
#2094 = PCURVE('',#667,#2095);
#2095 = DEFINITIONAL_REPRESENTATION('',(#2096),#2100);
#2096 = LINE('',#2097,#2098);
#2097 = CARTESIAN_POINT('',(0.,0.));
#2098 = VECTOR('',#2099,1.);
#2099 = DIRECTION('',(0.,-1.));
#2100 = ( GEOMETRIC_REPRESENTATION_CONTEXT(2) 
PARAMETRIC_REPRESENTATION_CONTEXT() REPRESENTATION_CONTEXT('2D SPACE',''
  ) );
#2101 = PCURVE('',#695,#2102);
#2102 = DEFINITIONAL_REPRESENTATION('',(#2103),#2107);
#2103 = LINE('',#2104,#2105);
#2104 = CARTESIAN_POINT('',(52.2,0.));
#2105 = VECTOR('',#2106,1.);
#2106 = DIRECTION('',(0.,-1.));
#2107 = ( GEOMETRIC_REPRESENTATION_CONTEXT(2) 
PARAMETRIC_REPRESENTATION_CONTEXT() REPRESENTATION_CONTEXT('2D SPACE',''
  ) );
#2108 = ADVANCED_FACE('',(#2109),#695,.F.);
#2109 = FACE_BOUND('',#2110,.T.);
#2110 = EDGE_LOOP('',(#2111,#2112,#2113,#2136));
#2111 = ORIENTED_EDGE('',*,*,#679,.T.);
#2112 = ORIENTED_EDGE('',*,*,#2088,.T.);
#2113 = ORIENTED_EDGE('',*,*,#2114,.T.);
#2114 = EDGE_CURVE('',#2066,#2115,#2117,.T.);
#2115 = VERTEX_POINT('',#2116);
#2116 = CARTESIAN_POINT('',(-25.1,11.5,7.));
#2117 = SURFACE_CURVE('',#2118,(#2122,#2129),.PCURVE_S1.);
#2118 = LINE('',#2119,#2120);
#2119 = CARTESIAN_POINT('',(27.1,11.5,7.));
#2120 = VECTOR('',#2121,1.);
#2121 = DIRECTION('',(-1.,0.,0.));
#2122 = PCURVE('',#695,#2123);
#2123 = DEFINITIONAL_REPRESENTATION('',(#2124),#2128);
#2124 = LINE('',#2125,#2126);
#2125 = CARTESIAN_POINT('',(52.2,-7.));
#2126 = VECTOR('',#2127,1.);
#2127 = DIRECTION('',(-1.,0.));
#2128 = ( GEOMETRIC_REPRESENTATION_CONTEXT(2) 
PARAMETRIC_REPRESENTATION_CONTEXT() REPRESENTATION_CONTEXT('2D SPACE',''
  ) );
#2129 = PCURVE('',#1258,#2130);
#2130 = DEFINITIONAL_REPRESENTATION('',(#2131),#2135);
#2131 = LINE('',#2132,#2133);
#2132 = CARTESIAN_POINT('',(26.1,11.5));
#2133 = VECTOR('',#2134,1.);
#2134 = DIRECTION('',(-1.,0.));
#2135 = ( GEOMETRIC_REPRESENTATION_CONTEXT(2) 
PARAMETRIC_REPRESENTATION_CONTEXT() REPRESENTATION_CONTEXT('2D SPACE',''
  ) );
#2136 = ORIENTED_EDGE('',*,*,#2137,.T.);
#2137 = EDGE_CURVE('',#2115,#680,#2138,.T.);
#2138 = SURFACE_CURVE('',#2139,(#2143,#2150),.PCURVE_S1.);
#2139 = LINE('',#2140,#2141);
#2140 = CARTESIAN_POINT('',(-25.1,11.5,0.));
#2141 = VECTOR('',#2142,1.);
#2142 = DIRECTION('',(0.,0.,-1.));
#2143 = PCURVE('',#695,#2144);
#2144 = DEFINITIONAL_REPRESENTATION('',(#2145),#2149);
#2145 = LINE('',#2146,#2147);
#2146 = CARTESIAN_POINT('',(0.,0.));
#2147 = VECTOR('',#2148,1.);
#2148 = DIRECTION('',(0.,1.));
#2149 = ( GEOMETRIC_REPRESENTATION_CONTEXT(2) 
PARAMETRIC_REPRESENTATION_CONTEXT() REPRESENTATION_CONTEXT('2D SPACE',''
  ) );
#2150 = PCURVE('',#721,#2151);
#2151 = DEFINITIONAL_REPRESENTATION('',(#2152),#2156);
#2152 = LINE('',#2153,#2154);
#2153 = CARTESIAN_POINT('',(23.,0.));
#2154 = VECTOR('',#2155,1.);
#2155 = DIRECTION('',(0.,1.));
#2156 = ( GEOMETRIC_REPRESENTATION_CONTEXT(2) 
PARAMETRIC_REPRESENTATION_CONTEXT() REPRESENTATION_CONTEXT('2D SPACE',''
  ) );
#2157 = ADVANCED_FACE('',(#2158),#721,.F.);
#2158 = FACE_BOUND('',#2159,.F.);
#2159 = EDGE_LOOP('',(#2160,#2161,#2182,#2183,#2184,#2185,#2206,#2207,
    #2208,#2209));
#2160 = ORIENTED_EDGE('',*,*,#1430,.F.);
#2161 = ORIENTED_EDGE('',*,*,#2162,.F.);
#2162 = EDGE_CURVE('',#2115,#1431,#2163,.T.);
#2163 = SURFACE_CURVE('',#2164,(#2168,#2175),.PCURVE_S1.);
#2164 = LINE('',#2165,#2166);
#2165 = CARTESIAN_POINT('',(-25.1,11.5,7.));
#2166 = VECTOR('',#2167,1.);
#2167 = DIRECTION('',(0.,-1.,0.));
#2168 = PCURVE('',#721,#2169);
#2169 = DEFINITIONAL_REPRESENTATION('',(#2170),#2174);
#2170 = LINE('',#2171,#2172);
#2171 = CARTESIAN_POINT('',(23.,-7.));
#2172 = VECTOR('',#2173,1.);
#2173 = DIRECTION('',(-1.,0.));
#2174 = ( GEOMETRIC_REPRESENTATION_CONTEXT(2) 
PARAMETRIC_REPRESENTATION_CONTEXT() REPRESENTATION_CONTEXT('2D SPACE',''
  ) );
#2175 = PCURVE('',#1258,#2176);
#2176 = DEFINITIONAL_REPRESENTATION('',(#2177),#2181);
#2177 = LINE('',#2178,#2179);
#2178 = CARTESIAN_POINT('',(-26.1,11.5));
#2179 = VECTOR('',#2180,1.);
#2180 = DIRECTION('',(0.,-1.));
#2181 = ( GEOMETRIC_REPRESENTATION_CONTEXT(2) 
PARAMETRIC_REPRESENTATION_CONTEXT() REPRESENTATION_CONTEXT('2D SPACE',''
  ) );
#2182 = ORIENTED_EDGE('',*,*,#2137,.T.);
#2183 = ORIENTED_EDGE('',*,*,#707,.F.);
#2184 = ORIENTED_EDGE('',*,*,#1993,.T.);
#2185 = ORIENTED_EDGE('',*,*,#2186,.F.);
#2186 = EDGE_CURVE('',#1120,#1994,#2187,.T.);
#2187 = SURFACE_CURVE('',#2188,(#2192,#2199),.PCURVE_S1.);
#2188 = LINE('',#2189,#2190);
#2189 = CARTESIAN_POINT('',(-25.1,11.5,7.));
#2190 = VECTOR('',#2191,1.);
#2191 = DIRECTION('',(0.,-1.,0.));
#2192 = PCURVE('',#721,#2193);
#2193 = DEFINITIONAL_REPRESENTATION('',(#2194),#2198);
#2194 = LINE('',#2195,#2196);
#2195 = CARTESIAN_POINT('',(23.,-7.));
#2196 = VECTOR('',#2197,1.);
#2197 = DIRECTION('',(-1.,0.));
#2198 = ( GEOMETRIC_REPRESENTATION_CONTEXT(2) 
PARAMETRIC_REPRESENTATION_CONTEXT() REPRESENTATION_CONTEXT('2D SPACE',''
  ) );
#2199 = PCURVE('',#1258,#2200);
#2200 = DEFINITIONAL_REPRESENTATION('',(#2201),#2205);
#2201 = LINE('',#2202,#2203);
#2202 = CARTESIAN_POINT('',(-26.1,11.5));
#2203 = VECTOR('',#2204,1.);
#2204 = DIRECTION('',(0.,-1.));
#2205 = ( GEOMETRIC_REPRESENTATION_CONTEXT(2) 
PARAMETRIC_REPRESENTATION_CONTEXT() REPRESENTATION_CONTEXT('2D SPACE',''
  ) );
#2206 = ORIENTED_EDGE('',*,*,#1119,.T.);
#2207 = ORIENTED_EDGE('',*,*,#1298,.T.);
#2208 = ORIENTED_EDGE('',*,*,#1329,.T.);
#2209 = ORIENTED_EDGE('',*,*,#1376,.T.);
#2210 = ADVANCED_FACE('',(#2211),#774,.T.);
#2211 = FACE_BOUND('',#2212,.T.);
#2212 = EDGE_LOOP('',(#2213,#2214,#2215));
#2213 = ORIENTED_EDGE('',*,*,#791,.F.);
#2214 = ORIENTED_EDGE('',*,*,#760,.F.);
#2215 = ORIENTED_EDGE('',*,*,#2216,.F.);
#2216 = EDGE_CURVE('',#792,#738,#2217,.T.);
#2217 = SURFACE_CURVE('',#2218,(#2222,#2229),.PCURVE_S1.);
#2218 = LINE('',#2219,#2220);
#2219 = CARTESIAN_POINT('',(-26.3,-12.7,9.));
#2220 = VECTOR('',#2221,1.);
#2221 = DIRECTION('',(0.,-0.707106781187,-0.707106781187));
#2222 = PCURVE('',#774,#2223);
#2223 = DEFINITIONAL_REPRESENTATION('',(#2224),#2228);
#2224 = LINE('',#2225,#2226);
#2225 = CARTESIAN_POINT('',(0.565685424949,0.979795897113));
#2226 = VECTOR('',#2227,1.);
#2227 = DIRECTION('',(-0.5,-0.866025403784));
#2228 = ( GEOMETRIC_REPRESENTATION_CONTEXT(2) 
PARAMETRIC_REPRESENTATION_CONTEXT() REPRESENTATION_CONTEXT('2D SPACE',''
  ) );
#2229 = PCURVE('',#1976,#2230);
#2230 = DEFINITIONAL_REPRESENTATION('',(#2231),#2235);
#2231 = LINE('',#2232,#2233);
#2232 = CARTESIAN_POINT('',(-40.35,0.565685424949));
#2233 = VECTOR('',#2234,1.);
#2234 = DIRECTION('',(0.,-1.));
#2235 = ( GEOMETRIC_REPRESENTATION_CONTEXT(2) 
PARAMETRIC_REPRESENTATION_CONTEXT() REPRESENTATION_CONTEXT('2D SPACE',''
  ) );
#2236 = ADVANCED_FACE('',(#2237,#2307,#2342,#2552),#830,.T.);
#2237 = FACE_BOUND('',#2238,.T.);
#2238 = EDGE_LOOP('',(#2239,#2262,#2285,#2306));
#2239 = ORIENTED_EDGE('',*,*,#2240,.F.);
#2240 = EDGE_CURVE('',#2241,#792,#2243,.T.);
#2241 = VERTEX_POINT('',#2242);
#2242 = CARTESIAN_POINT('',(28.3,-12.7,9.));
#2243 = SURFACE_CURVE('',#2244,(#2248,#2255),.PCURVE_S1.);
#2244 = LINE('',#2245,#2246);
#2245 = CARTESIAN_POINT('',(14.05,-12.7,9.));
#2246 = VECTOR('',#2247,1.);
#2247 = DIRECTION('',(-1.,0.,0.));
#2248 = PCURVE('',#830,#2249);
#2249 = DEFINITIONAL_REPRESENTATION('',(#2250),#2254);
#2250 = LINE('',#2251,#2252);
#2251 = CARTESIAN_POINT('',(13.05,-12.7));
#2252 = VECTOR('',#2253,1.);
#2253 = DIRECTION('',(-1.,0.));
#2254 = ( GEOMETRIC_REPRESENTATION_CONTEXT(2) 
PARAMETRIC_REPRESENTATION_CONTEXT() REPRESENTATION_CONTEXT('2D SPACE',''
  ) );
#2255 = PCURVE('',#1976,#2256);
#2256 = DEFINITIONAL_REPRESENTATION('',(#2257),#2261);
#2257 = LINE('',#2258,#2259);
#2258 = CARTESIAN_POINT('',(0.,0.565685424949));
#2259 = VECTOR('',#2260,1.);
#2260 = DIRECTION('',(-1.,0.));
#2261 = ( GEOMETRIC_REPRESENTATION_CONTEXT(2) 
PARAMETRIC_REPRESENTATION_CONTEXT() REPRESENTATION_CONTEXT('2D SPACE',''
  ) );
#2262 = ORIENTED_EDGE('',*,*,#2263,.F.);
#2263 = EDGE_CURVE('',#2264,#2241,#2266,.T.);
#2264 = VERTEX_POINT('',#2265);
#2265 = CARTESIAN_POINT('',(28.3,12.7,9.));
#2266 = SURFACE_CURVE('',#2267,(#2271,#2278),.PCURVE_S1.);
#2267 = LINE('',#2268,#2269);
#2268 = CARTESIAN_POINT('',(28.3,5.75,9.));
#2269 = VECTOR('',#2270,1.);
#2270 = DIRECTION('',(1.930822651522E-16,-1.,0.));
#2271 = PCURVE('',#830,#2272);
#2272 = DEFINITIONAL_REPRESENTATION('',(#2273),#2277);
#2273 = LINE('',#2274,#2275);
#2274 = CARTESIAN_POINT('',(27.3,5.75));
#2275 = VECTOR('',#2276,1.);
#2276 = DIRECTION('',(1.930822651522E-16,-1.));
#2277 = ( GEOMETRIC_REPRESENTATION_CONTEXT(2) 
PARAMETRIC_REPRESENTATION_CONTEXT() REPRESENTATION_CONTEXT('2D SPACE',''
  ) );
#2278 = PCURVE('',#1870,#2279);
#2279 = DEFINITIONAL_REPRESENTATION('',(#2280),#2284);
#2280 = LINE('',#2281,#2282);
#2281 = CARTESIAN_POINT('',(-0.565685424949,0.));
#2282 = VECTOR('',#2283,1.);
#2283 = DIRECTION('',(1.36529779016E-16,-1.));
#2284 = ( GEOMETRIC_REPRESENTATION_CONTEXT(2) 
PARAMETRIC_REPRESENTATION_CONTEXT() REPRESENTATION_CONTEXT('2D SPACE',''
  ) );
#2285 = ORIENTED_EDGE('',*,*,#2286,.F.);
#2286 = EDGE_CURVE('',#815,#2264,#2287,.T.);
#2287 = SURFACE_CURVE('',#2288,(#2292,#2299),.PCURVE_S1.);
#2288 = LINE('',#2289,#2290);
#2289 = CARTESIAN_POINT('',(-12.05,12.7,9.));
#2290 = VECTOR('',#2291,1.);
#2291 = DIRECTION('',(1.,0.,0.));
#2292 = PCURVE('',#830,#2293);
#2293 = DEFINITIONAL_REPRESENTATION('',(#2294),#2298);
#2294 = LINE('',#2295,#2296);
#2295 = CARTESIAN_POINT('',(-13.05,12.7));
#2296 = VECTOR('',#2297,1.);
#2297 = DIRECTION('',(1.,0.));
#2298 = ( GEOMETRIC_REPRESENTATION_CONTEXT(2) 
PARAMETRIC_REPRESENTATION_CONTEXT() REPRESENTATION_CONTEXT('2D SPACE',''
  ) );
#2299 = PCURVE('',#1732,#2300);
#2300 = DEFINITIONAL_REPRESENTATION('',(#2301),#2305);
#2301 = LINE('',#2302,#2303);
#2302 = CARTESIAN_POINT('',(0.,-0.565685424949));
#2303 = VECTOR('',#2304,1.);
#2304 = DIRECTION('',(1.,0.));
#2305 = ( GEOMETRIC_REPRESENTATION_CONTEXT(2) 
PARAMETRIC_REPRESENTATION_CONTEXT() REPRESENTATION_CONTEXT('2D SPACE',''
  ) );
#2306 = ORIENTED_EDGE('',*,*,#814,.F.);
#2307 = FACE_BOUND('',#2308,.T.);
#2308 = EDGE_LOOP('',(#2309));
#2309 = ORIENTED_EDGE('',*,*,#2310,.T.);
#2310 = EDGE_CURVE('',#2311,#2311,#2313,.T.);
#2311 = VERTEX_POINT('',#2312);
#2312 = CARTESIAN_POINT('',(-11.,-3.5,9.));
#2313 = SURFACE_CURVE('',#2314,(#2319,#2330),.PCURVE_S1.);
#2314 = CIRCLE('',#2315,1.5);
#2315 = AXIS2_PLACEMENT_3D('',#2316,#2317,#2318);
#2316 = CARTESIAN_POINT('',(-12.5,-3.5,9.));
#2317 = DIRECTION('',(0.,0.,-1.));
#2318 = DIRECTION('',(-1.,9.90874049478E-15,0.));
#2319 = PCURVE('',#830,#2320);
#2320 = DEFINITIONAL_REPRESENTATION('',(#2321),#2329);
#2321 = ( BOUNDED_CURVE() B_SPLINE_CURVE(2,(#2322,#2323,#2324,#2325,
#2326,#2327,#2328),.UNSPECIFIED.,.T.,.F.) B_SPLINE_CURVE_WITH_KNOTS((1,2
    ,2,2,2,1),(-2.094395102393,0.,2.094395102393,4.188790204786,
6.28318530718,8.377580409573),.UNSPECIFIED.) CURVE() 
GEOMETRIC_REPRESENTATION_ITEM() RATIONAL_B_SPLINE_CURVE((1.,0.5,1.,0.5,
1.,0.5,1.)) REPRESENTATION_ITEM('') );
#2322 = CARTESIAN_POINT('',(-15.,-3.5));
#2323 = CARTESIAN_POINT('',(-15.,-0.901923788647));
#2324 = CARTESIAN_POINT('',(-12.75,-2.200961894323));
#2325 = CARTESIAN_POINT('',(-10.5,-3.5));
#2326 = CARTESIAN_POINT('',(-12.75,-4.799038105677));
#2327 = CARTESIAN_POINT('',(-15.,-6.098076211353));
#2328 = CARTESIAN_POINT('',(-15.,-3.5));
#2329 = ( GEOMETRIC_REPRESENTATION_CONTEXT(2) 
PARAMETRIC_REPRESENTATION_CONTEXT() REPRESENTATION_CONTEXT('2D SPACE',''
  ) );
#2330 = PCURVE('',#2331,#2336);
#2331 = CYLINDRICAL_SURFACE('',#2332,1.5);
#2332 = AXIS2_PLACEMENT_3D('',#2333,#2334,#2335);
#2333 = CARTESIAN_POINT('',(-12.5,-3.5,7.));
#2334 = DIRECTION('',(0.,-5.046468293751E-16,1.));
#2335 = DIRECTION('',(-1.,9.90874049478E-15,5.000414473791E-30));
#2336 = DEFINITIONAL_REPRESENTATION('',(#2337),#2341);
#2337 = LINE('',#2338,#2339);
#2338 = CARTESIAN_POINT('',(12.56637061436,2.));
#2339 = VECTOR('',#2340,1.);
#2340 = DIRECTION('',(-1.,0.));
#2341 = ( GEOMETRIC_REPRESENTATION_CONTEXT(2) 
PARAMETRIC_REPRESENTATION_CONTEXT() REPRESENTATION_CONTEXT('2D SPACE',''
  ) );
#2342 = FACE_BOUND('',#2343,.T.);
#2343 = EDGE_LOOP('',(#2344,#2372,#2398,#2424,#2450,#2476,#2502,#2528));
#2344 = ORIENTED_EDGE('',*,*,#2345,.T.);
#2345 = EDGE_CURVE('',#2346,#2348,#2350,.T.);
#2346 = VERTEX_POINT('',#2347);
#2347 = CARTESIAN_POINT('',(-19.841796875,-2.76953125,9.));
#2348 = VERTEX_POINT('',#2349);
#2349 = CARTESIAN_POINT('',(-20.673828125,-2.76953125,9.));
#2350 = SURFACE_CURVE('',#2351,(#2355,#2361),.PCURVE_S1.);
#2351 = LINE('',#2352,#2353);
#2352 = CARTESIAN_POINT('',(-9.4208984375,-2.76953125,9.));
#2353 = VECTOR('',#2354,1.);
#2354 = DIRECTION('',(-1.,0.,0.));
#2355 = PCURVE('',#830,#2356);
#2356 = DEFINITIONAL_REPRESENTATION('',(#2357),#2360);
#2357 = B_SPLINE_CURVE_WITH_KNOTS('',1,(#2358,#2359),.UNSPECIFIED.,.F.,
  .F.,(2,2),(10.4208984375,11.2529296875),.PIECEWISE_BEZIER_KNOTS.);
#2358 = CARTESIAN_POINT('',(-20.841796875,-2.76953125));
#2359 = CARTESIAN_POINT('',(-21.673828125,-2.76953125));
#2360 = ( GEOMETRIC_REPRESENTATION_CONTEXT(2) 
PARAMETRIC_REPRESENTATION_CONTEXT() REPRESENTATION_CONTEXT('2D SPACE',''
  ) );
#2361 = PCURVE('',#2362,#2367);
#2362 = PLANE('',#2363);
#2363 = AXIS2_PLACEMENT_3D('',#2364,#2365,#2366);
#2364 = CARTESIAN_POINT('',(-19.841796875,-2.76953125,9.05));
#2365 = DIRECTION('',(0.,1.,0.));
#2366 = DIRECTION('',(-1.,0.,0.));
#2367 = DEFINITIONAL_REPRESENTATION('',(#2368),#2371);
#2368 = B_SPLINE_CURVE_WITH_KNOTS('',1,(#2369,#2370),.UNSPECIFIED.,.F.,
  .F.,(2,2),(10.4208984375,11.2529296875),.PIECEWISE_BEZIER_KNOTS.);
#2369 = CARTESIAN_POINT('',(0.,-5.E-02));
#2370 = CARTESIAN_POINT('',(0.83203125,-5.E-02));
#2371 = ( GEOMETRIC_REPRESENTATION_CONTEXT(2) 
PARAMETRIC_REPRESENTATION_CONTEXT() REPRESENTATION_CONTEXT('2D SPACE',''
  ) );
#2372 = ORIENTED_EDGE('',*,*,#2373,.T.);
#2373 = EDGE_CURVE('',#2348,#2374,#2376,.T.);
#2374 = VERTEX_POINT('',#2375);
#2375 = CARTESIAN_POINT('',(-18.447265625,3.0625,9.));
#2376 = SURFACE_CURVE('',#2377,(#2381,#2387),.PCURVE_S1.);
#2377 = LINE('',#2378,#2379);
#2378 = CARTESIAN_POINT('',(-18.83379029596,2.050076607466,9.));
#2379 = VECTOR('',#2380,1.);
#2380 = DIRECTION('',(0.356671776907,0.934229759512,-0.));
#2381 = PCURVE('',#830,#2382);
#2382 = DEFINITIONAL_REPRESENTATION('',(#2383),#2386);
#2383 = B_SPLINE_CURVE_WITH_KNOTS('',1,(#2384,#2385),.UNSPECIFIED.,.F.,
  .F.,(2,2),(-5.158910651683,1.083698503741),.PIECEWISE_BEZIER_KNOTS.);
#2384 = CARTESIAN_POINT('',(-21.673828125,-2.76953125));
#2385 = CARTESIAN_POINT('',(-19.447265625,3.0625));
#2386 = ( GEOMETRIC_REPRESENTATION_CONTEXT(2) 
PARAMETRIC_REPRESENTATION_CONTEXT() REPRESENTATION_CONTEXT('2D SPACE',''
  ) );
#2387 = PCURVE('',#2388,#2393);
#2388 = PLANE('',#2389);
#2389 = AXIS2_PLACEMENT_3D('',#2390,#2391,#2392);
#2390 = CARTESIAN_POINT('',(-20.673828125,-2.76953125,9.05));
#2391 = DIRECTION('',(0.934229759512,-0.356671776907,0.));
#2392 = DIRECTION('',(0.356671776907,0.934229759512,0.));
#2393 = DEFINITIONAL_REPRESENTATION('',(#2394),#2397);
#2394 = B_SPLINE_CURVE_WITH_KNOTS('',1,(#2395,#2396),.UNSPECIFIED.,.F.,
  .F.,(2,2),(-5.158910651683,1.083698503741),.PIECEWISE_BEZIER_KNOTS.);
#2395 = CARTESIAN_POINT('',(0.,-5.E-02));
#2396 = CARTESIAN_POINT('',(6.242609155424,-5.E-02));
#2397 = ( GEOMETRIC_REPRESENTATION_CONTEXT(2) 
PARAMETRIC_REPRESENTATION_CONTEXT() REPRESENTATION_CONTEXT('2D SPACE',''
  ) );
#2398 = ORIENTED_EDGE('',*,*,#2399,.T.);
#2399 = EDGE_CURVE('',#2374,#2400,#2402,.T.);
#2400 = VERTEX_POINT('',#2401);
#2401 = CARTESIAN_POINT('',(-17.552734375,3.0625,9.));
#2402 = SURFACE_CURVE('',#2403,(#2407,#2413),.PCURVE_S1.);
#2403 = LINE('',#2404,#2405);
#2404 = CARTESIAN_POINT('',(-8.7236328125,3.0625,9.));
#2405 = VECTOR('',#2406,1.);
#2406 = DIRECTION('',(1.,0.,-0.));
#2407 = PCURVE('',#830,#2408);
#2408 = DEFINITIONAL_REPRESENTATION('',(#2409),#2412);
#2409 = B_SPLINE_CURVE_WITH_KNOTS('',1,(#2410,#2411),.UNSPECIFIED.,.F.,
  .F.,(2,2),(-9.7236328125,-8.8291015625),.PIECEWISE_BEZIER_KNOTS.);
#2410 = CARTESIAN_POINT('',(-19.447265625,3.0625));
#2411 = CARTESIAN_POINT('',(-18.552734375,3.0625));
#2412 = ( GEOMETRIC_REPRESENTATION_CONTEXT(2) 
PARAMETRIC_REPRESENTATION_CONTEXT() REPRESENTATION_CONTEXT('2D SPACE',''
  ) );
#2413 = PCURVE('',#2414,#2419);
#2414 = PLANE('',#2415);
#2415 = AXIS2_PLACEMENT_3D('',#2416,#2417,#2418);
#2416 = CARTESIAN_POINT('',(-18.447265625,3.0625,9.05));
#2417 = DIRECTION('',(0.,-1.,0.));
#2418 = DIRECTION('',(1.,0.,0.));
#2419 = DEFINITIONAL_REPRESENTATION('',(#2420),#2423);
#2420 = B_SPLINE_CURVE_WITH_KNOTS('',1,(#2421,#2422),.UNSPECIFIED.,.F.,
  .F.,(2,2),(-9.7236328125,-8.8291015625),.PIECEWISE_BEZIER_KNOTS.);
#2421 = CARTESIAN_POINT('',(0.,-5.E-02));
#2422 = CARTESIAN_POINT('',(0.89453125,-5.E-02));
#2423 = ( GEOMETRIC_REPRESENTATION_CONTEXT(2) 
PARAMETRIC_REPRESENTATION_CONTEXT() REPRESENTATION_CONTEXT('2D SPACE',''
  ) );
#2424 = ORIENTED_EDGE('',*,*,#2425,.T.);
#2425 = EDGE_CURVE('',#2400,#2426,#2428,.T.);
#2426 = VERTEX_POINT('',#2427);
#2427 = CARTESIAN_POINT('',(-15.330078125,-2.76953125,9.));
#2428 = SURFACE_CURVE('',#2429,(#2433,#2439),.PCURVE_S1.);
#2429 = LINE('',#2430,#2431);
#2430 = CARTESIAN_POINT('',(-15.86669082955,-1.36151232574,9.));
#2431 = VECTOR('',#2432,1.);
#2432 = DIRECTION('',(0.35612545751,-0.934438151251,0.));
#2433 = PCURVE('',#830,#2434);
#2434 = DEFINITIONAL_REPRESENTATION('',(#2435),#2438);
#2435 = B_SPLINE_CURVE_WITH_KNOTS('',1,(#2436,#2437),.UNSPECIFIED.,.F.,
  .F.,(2,2),(-4.734408927779,1.506808045427),.PIECEWISE_BEZIER_KNOTS.);
#2436 = CARTESIAN_POINT('',(-18.552734375,3.0625));
#2437 = CARTESIAN_POINT('',(-16.330078125,-2.76953125));
#2438 = ( GEOMETRIC_REPRESENTATION_CONTEXT(2) 
PARAMETRIC_REPRESENTATION_CONTEXT() REPRESENTATION_CONTEXT('2D SPACE',''
  ) );
#2439 = PCURVE('',#2440,#2445);
#2440 = PLANE('',#2441);
#2441 = AXIS2_PLACEMENT_3D('',#2442,#2443,#2444);
#2442 = CARTESIAN_POINT('',(-17.552734375,3.0625,9.05));
#2443 = DIRECTION('',(-0.934438151251,-0.35612545751,0.));
#2444 = DIRECTION('',(0.35612545751,-0.934438151251,0.));
#2445 = DEFINITIONAL_REPRESENTATION('',(#2446),#2449);
#2446 = B_SPLINE_CURVE_WITH_KNOTS('',1,(#2447,#2448),.UNSPECIFIED.,.F.,
  .F.,(2,2),(-4.734408927779,1.506808045427),.PIECEWISE_BEZIER_KNOTS.);
#2447 = CARTESIAN_POINT('',(0.,-5.E-02));
#2448 = CARTESIAN_POINT('',(6.241216973206,-5.E-02));
#2449 = ( GEOMETRIC_REPRESENTATION_CONTEXT(2) 
PARAMETRIC_REPRESENTATION_CONTEXT() REPRESENTATION_CONTEXT('2D SPACE',''
  ) );
#2450 = ORIENTED_EDGE('',*,*,#2451,.T.);
#2451 = EDGE_CURVE('',#2426,#2452,#2454,.T.);
#2452 = VERTEX_POINT('',#2453);
#2453 = CARTESIAN_POINT('',(-16.150390625,-2.76953125,9.));
#2454 = SURFACE_CURVE('',#2455,(#2459,#2465),.PCURVE_S1.);
#2455 = LINE('',#2456,#2457);
#2456 = CARTESIAN_POINT('',(-7.1650390625,-2.76953125,9.));
#2457 = VECTOR('',#2458,1.);
#2458 = DIRECTION('',(-1.,0.,0.));
#2459 = PCURVE('',#830,#2460);
#2460 = DEFINITIONAL_REPRESENTATION('',(#2461),#2464);
#2461 = B_SPLINE_CURVE_WITH_KNOTS('',1,(#2462,#2463),.UNSPECIFIED.,.F.,
  .F.,(2,2),(8.1650390625,8.9853515625),.PIECEWISE_BEZIER_KNOTS.);
#2462 = CARTESIAN_POINT('',(-16.330078125,-2.76953125));
#2463 = CARTESIAN_POINT('',(-17.150390625,-2.76953125));
#2464 = ( GEOMETRIC_REPRESENTATION_CONTEXT(2) 
PARAMETRIC_REPRESENTATION_CONTEXT() REPRESENTATION_CONTEXT('2D SPACE',''
  ) );
#2465 = PCURVE('',#2466,#2471);
#2466 = PLANE('',#2467);
#2467 = AXIS2_PLACEMENT_3D('',#2468,#2469,#2470);
#2468 = CARTESIAN_POINT('',(-15.330078125,-2.76953125,9.05));
#2469 = DIRECTION('',(0.,1.,0.));
#2470 = DIRECTION('',(-1.,0.,0.));
#2471 = DEFINITIONAL_REPRESENTATION('',(#2472),#2475);
#2472 = B_SPLINE_CURVE_WITH_KNOTS('',1,(#2473,#2474),.UNSPECIFIED.,.F.,
  .F.,(2,2),(8.1650390625,8.9853515625),.PIECEWISE_BEZIER_KNOTS.);
#2473 = CARTESIAN_POINT('',(0.,-5.E-02));
#2474 = CARTESIAN_POINT('',(0.8203125,-5.E-02));
#2475 = ( GEOMETRIC_REPRESENTATION_CONTEXT(2) 
PARAMETRIC_REPRESENTATION_CONTEXT() REPRESENTATION_CONTEXT('2D SPACE',''
  ) );
#2476 = ORIENTED_EDGE('',*,*,#2477,.T.);
#2477 = EDGE_CURVE('',#2452,#2478,#2480,.T.);
#2478 = VERTEX_POINT('',#2479);
#2479 = CARTESIAN_POINT('',(-16.681640625,-1.2734375,9.));
#2480 = SURFACE_CURVE('',#2481,(#2485,#2491),.PCURVE_S1.);
#2481 = LINE('',#2482,#2483);
#2482 = CARTESIAN_POINT('',(-15.62687371592,-4.243847251283,9.));
#2483 = VECTOR('',#2484,1.);
#2484 = DIRECTION('',(-0.334621317278,0.942352680276,0.));
#2485 = PCURVE('',#830,#2486);
#2486 = DEFINITIONAL_REPRESENTATION('',(#2487),#2490);
#2487 = B_SPLINE_CURVE_WITH_KNOTS('',1,(#2488,#2489),.UNSPECIFIED.,.F.,
  .F.,(2,2),(1.564505553113,3.152121083174),.PIECEWISE_BEZIER_KNOTS.);
#2488 = CARTESIAN_POINT('',(-17.150390625,-2.76953125));
#2489 = CARTESIAN_POINT('',(-17.681640625,-1.2734375));
#2490 = ( GEOMETRIC_REPRESENTATION_CONTEXT(2) 
PARAMETRIC_REPRESENTATION_CONTEXT() REPRESENTATION_CONTEXT('2D SPACE',''
  ) );
#2491 = PCURVE('',#2492,#2497);
#2492 = PLANE('',#2493);
#2493 = AXIS2_PLACEMENT_3D('',#2494,#2495,#2496);
#2494 = CARTESIAN_POINT('',(-16.150390625,-2.76953125,9.05));
#2495 = DIRECTION('',(0.942352680276,0.334621317278,0.));
#2496 = DIRECTION('',(-0.334621317278,0.942352680276,0.));
#2497 = DEFINITIONAL_REPRESENTATION('',(#2498),#2501);
#2498 = B_SPLINE_CURVE_WITH_KNOTS('',1,(#2499,#2500),.UNSPECIFIED.,.F.,
  .F.,(2,2),(1.564505553113,3.152121083174),.PIECEWISE_BEZIER_KNOTS.);
#2499 = CARTESIAN_POINT('',(0.,-5.E-02));
#2500 = CARTESIAN_POINT('',(1.58761553006,-5.E-02));
#2501 = ( GEOMETRIC_REPRESENTATION_CONTEXT(2) 
PARAMETRIC_REPRESENTATION_CONTEXT() REPRESENTATION_CONTEXT('2D SPACE',''
  ) );
#2502 = ORIENTED_EDGE('',*,*,#2503,.T.);
#2503 = EDGE_CURVE('',#2478,#2504,#2506,.T.);
#2504 = VERTEX_POINT('',#2505);
#2505 = CARTESIAN_POINT('',(-19.310546875,-1.2734375,9.));
#2506 = SURFACE_CURVE('',#2507,(#2511,#2517),.PCURVE_S1.);
#2507 = LINE('',#2508,#2509);
#2508 = CARTESIAN_POINT('',(-7.8408203125,-1.2734375,9.));
#2509 = VECTOR('',#2510,1.);
#2510 = DIRECTION('',(-1.,0.,0.));
#2511 = PCURVE('',#830,#2512);
#2512 = DEFINITIONAL_REPRESENTATION('',(#2513),#2516);
#2513 = B_SPLINE_CURVE_WITH_KNOTS('',1,(#2514,#2515),.UNSPECIFIED.,.F.,
  .F.,(2,2),(8.8408203125,11.4697265625),.PIECEWISE_BEZIER_KNOTS.);
#2514 = CARTESIAN_POINT('',(-17.681640625,-1.2734375));
#2515 = CARTESIAN_POINT('',(-20.310546875,-1.2734375));
#2516 = ( GEOMETRIC_REPRESENTATION_CONTEXT(2) 
PARAMETRIC_REPRESENTATION_CONTEXT() REPRESENTATION_CONTEXT('2D SPACE',''
  ) );
#2517 = PCURVE('',#2518,#2523);
#2518 = PLANE('',#2519);
#2519 = AXIS2_PLACEMENT_3D('',#2520,#2521,#2522);
#2520 = CARTESIAN_POINT('',(-16.681640625,-1.2734375,9.05));
#2521 = DIRECTION('',(0.,1.,0.));
#2522 = DIRECTION('',(-1.,0.,0.));
#2523 = DEFINITIONAL_REPRESENTATION('',(#2524),#2527);
#2524 = B_SPLINE_CURVE_WITH_KNOTS('',1,(#2525,#2526),.UNSPECIFIED.,.F.,
  .F.,(2,2),(8.8408203125,11.4697265625),.PIECEWISE_BEZIER_KNOTS.);
#2525 = CARTESIAN_POINT('',(0.,-5.E-02));
#2526 = CARTESIAN_POINT('',(2.62890625,-5.E-02));
#2527 = ( GEOMETRIC_REPRESENTATION_CONTEXT(2) 
PARAMETRIC_REPRESENTATION_CONTEXT() REPRESENTATION_CONTEXT('2D SPACE',''
  ) );
#2528 = ORIENTED_EDGE('',*,*,#2529,.T.);
#2529 = EDGE_CURVE('',#2504,#2346,#2530,.T.);
#2530 = SURFACE_CURVE('',#2531,(#2535,#2541),.PCURVE_S1.);
#2531 = LINE('',#2532,#2533);
#2532 = CARTESIAN_POINT('',(-17.97266907889,2.49426246992,9.));
#2533 = VECTOR('',#2534,1.);
#2534 = DIRECTION('',(-0.334621317278,-0.942352680276,0.));
#2535 = PCURVE('',#830,#2536);
#2536 = DEFINITIONAL_REPRESENTATION('',(#2537),#2540);
#2537 = B_SPLINE_CURVE_WITH_KNOTS('',1,(#2538,#2539),.UNSPECIFIED.,.F.,
  .F.,(2,2),(3.99818459562,5.58580012568),.PIECEWISE_BEZIER_KNOTS.);
#2538 = CARTESIAN_POINT('',(-20.310546875,-1.2734375));
#2539 = CARTESIAN_POINT('',(-20.841796875,-2.76953125));
#2540 = ( GEOMETRIC_REPRESENTATION_CONTEXT(2) 
PARAMETRIC_REPRESENTATION_CONTEXT() REPRESENTATION_CONTEXT('2D SPACE',''
  ) );
#2541 = PCURVE('',#2542,#2547);
#2542 = PLANE('',#2543);
#2543 = AXIS2_PLACEMENT_3D('',#2544,#2545,#2546);
#2544 = CARTESIAN_POINT('',(-19.310546875,-1.2734375,9.05));
#2545 = DIRECTION('',(-0.942352680276,0.334621317278,0.));
#2546 = DIRECTION('',(-0.334621317278,-0.942352680276,0.));
#2547 = DEFINITIONAL_REPRESENTATION('',(#2548),#2551);
#2548 = B_SPLINE_CURVE_WITH_KNOTS('',1,(#2549,#2550),.UNSPECIFIED.,.F.,
  .F.,(2,2),(3.99818459562,5.58580012568),.PIECEWISE_BEZIER_KNOTS.);
#2549 = CARTESIAN_POINT('',(0.,-5.E-02));
#2550 = CARTESIAN_POINT('',(1.58761553006,-5.E-02));
#2551 = ( GEOMETRIC_REPRESENTATION_CONTEXT(2) 
PARAMETRIC_REPRESENTATION_CONTEXT() REPRESENTATION_CONTEXT('2D SPACE',''
  ) );
#2552 = FACE_BOUND('',#2553,.T.);
#2553 = EDGE_LOOP('',(#2554,#2582,#2608,#2634,#2691,#2754,#2805,#2862,
    #2919,#2976,#3039));
#2554 = ORIENTED_EDGE('',*,*,#2555,.T.);
#2555 = EDGE_CURVE('',#2556,#2558,#2560,.T.);
#2556 = VERTEX_POINT('',#2557);
#2557 = CARTESIAN_POINT('',(18.134765625,-2.76953125,9.));
#2558 = VERTEX_POINT('',#2559);
#2559 = CARTESIAN_POINT('',(16.041015625,-2.76953125,9.));
#2560 = SURFACE_CURVE('',#2561,(#2565,#2571),.PCURVE_S1.);
#2561 = LINE('',#2562,#2563);
#2562 = CARTESIAN_POINT('',(9.5673828125,-2.76953125,9.));
#2563 = VECTOR('',#2564,1.);
#2564 = DIRECTION('',(-1.,0.,0.));
#2565 = PCURVE('',#830,#2566);
#2566 = DEFINITIONAL_REPRESENTATION('',(#2567),#2570);
#2567 = B_SPLINE_CURVE_WITH_KNOTS('',1,(#2568,#2569),.UNSPECIFIED.,.F.,
  .F.,(2,2),(-8.5673828125,-6.4736328125),.PIECEWISE_BEZIER_KNOTS.);
#2568 = CARTESIAN_POINT('',(17.134765625,-2.76953125));
#2569 = CARTESIAN_POINT('',(15.041015625,-2.76953125));
#2570 = ( GEOMETRIC_REPRESENTATION_CONTEXT(2) 
PARAMETRIC_REPRESENTATION_CONTEXT() REPRESENTATION_CONTEXT('2D SPACE',''
  ) );
#2571 = PCURVE('',#2572,#2577);
#2572 = PLANE('',#2573);
#2573 = AXIS2_PLACEMENT_3D('',#2574,#2575,#2576);
#2574 = CARTESIAN_POINT('',(18.134765625,-2.76953125,9.05));
#2575 = DIRECTION('',(0.,1.,0.));
#2576 = DIRECTION('',(-1.,0.,0.));
#2577 = DEFINITIONAL_REPRESENTATION('',(#2578),#2581);
#2578 = B_SPLINE_CURVE_WITH_KNOTS('',1,(#2579,#2580),.UNSPECIFIED.,.F.,
  .F.,(2,2),(-8.5673828125,-6.4736328125),.PIECEWISE_BEZIER_KNOTS.);
#2579 = CARTESIAN_POINT('',(0.,-5.E-02));
#2580 = CARTESIAN_POINT('',(2.09375,-5.E-02));
#2581 = ( GEOMETRIC_REPRESENTATION_CONTEXT(2) 
PARAMETRIC_REPRESENTATION_CONTEXT() REPRESENTATION_CONTEXT('2D SPACE',''
  ) );
#2582 = ORIENTED_EDGE('',*,*,#2583,.T.);
#2583 = EDGE_CURVE('',#2558,#2584,#2586,.T.);
#2584 = VERTEX_POINT('',#2585);
#2585 = CARTESIAN_POINT('',(16.041015625,3.0625,9.));
#2586 = SURFACE_CURVE('',#2587,(#2591,#2597),.PCURVE_S1.);
#2587 = LINE('',#2588,#2589);
#2588 = CARTESIAN_POINT('',(16.041015625,-1.384765625,9.));
#2589 = VECTOR('',#2590,1.);
#2590 = DIRECTION('',(0.,1.,0.));
#2591 = PCURVE('',#830,#2592);
#2592 = DEFINITIONAL_REPRESENTATION('',(#2593),#2596);
#2593 = B_SPLINE_CURVE_WITH_KNOTS('',1,(#2594,#2595),.UNSPECIFIED.,.F.,
  .F.,(2,2),(-1.384765625,4.447265625),.PIECEWISE_BEZIER_KNOTS.);
#2594 = CARTESIAN_POINT('',(15.041015625,-2.76953125));
#2595 = CARTESIAN_POINT('',(15.041015625,3.0625));
#2596 = ( GEOMETRIC_REPRESENTATION_CONTEXT(2) 
PARAMETRIC_REPRESENTATION_CONTEXT() REPRESENTATION_CONTEXT('2D SPACE',''
  ) );
#2597 = PCURVE('',#2598,#2603);
#2598 = PLANE('',#2599);
#2599 = AXIS2_PLACEMENT_3D('',#2600,#2601,#2602);
#2600 = CARTESIAN_POINT('',(16.041015625,-2.76953125,9.05));
#2601 = DIRECTION('',(1.,0.,0.));
#2602 = DIRECTION('',(0.,1.,0.));
#2603 = DEFINITIONAL_REPRESENTATION('',(#2604),#2607);
#2604 = B_SPLINE_CURVE_WITH_KNOTS('',1,(#2605,#2606),.UNSPECIFIED.,.F.,
  .F.,(2,2),(-1.384765625,4.447265625),.PIECEWISE_BEZIER_KNOTS.);
#2605 = CARTESIAN_POINT('',(0.,-5.E-02));
#2606 = CARTESIAN_POINT('',(5.83203125,-5.E-02));
#2607 = ( GEOMETRIC_REPRESENTATION_CONTEXT(2) 
PARAMETRIC_REPRESENTATION_CONTEXT() REPRESENTATION_CONTEXT('2D SPACE',''
  ) );
#2608 = ORIENTED_EDGE('',*,*,#2609,.T.);
#2609 = EDGE_CURVE('',#2584,#2610,#2612,.T.);
#2610 = VERTEX_POINT('',#2611);
#2611 = CARTESIAN_POINT('',(18.056640625,3.0625,9.));
#2612 = SURFACE_CURVE('',#2613,(#2617,#2623),.PCURVE_S1.);
#2613 = LINE('',#2614,#2615);
#2614 = CARTESIAN_POINT('',(8.5205078125,3.0625,9.));
#2615 = VECTOR('',#2616,1.);
#2616 = DIRECTION('',(1.,0.,-0.));
#2617 = PCURVE('',#830,#2618);
#2618 = DEFINITIONAL_REPRESENTATION('',(#2619),#2622);
#2619 = B_SPLINE_CURVE_WITH_KNOTS('',1,(#2620,#2621),.UNSPECIFIED.,.F.,
  .F.,(2,2),(7.5205078125,9.5361328125),.PIECEWISE_BEZIER_KNOTS.);
#2620 = CARTESIAN_POINT('',(15.041015625,3.0625));
#2621 = CARTESIAN_POINT('',(17.056640625,3.0625));
#2622 = ( GEOMETRIC_REPRESENTATION_CONTEXT(2) 
PARAMETRIC_REPRESENTATION_CONTEXT() REPRESENTATION_CONTEXT('2D SPACE',''
  ) );
#2623 = PCURVE('',#2624,#2629);
#2624 = PLANE('',#2625);
#2625 = AXIS2_PLACEMENT_3D('',#2626,#2627,#2628);
#2626 = CARTESIAN_POINT('',(16.041015625,3.0625,9.05));
#2627 = DIRECTION('',(0.,-1.,0.));
#2628 = DIRECTION('',(1.,0.,0.));
#2629 = DEFINITIONAL_REPRESENTATION('',(#2630),#2633);
#2630 = B_SPLINE_CURVE_WITH_KNOTS('',1,(#2631,#2632),.UNSPECIFIED.,.F.,
  .F.,(2,2),(7.5205078125,9.5361328125),.PIECEWISE_BEZIER_KNOTS.);
#2631 = CARTESIAN_POINT('',(0.,-5.E-02));
#2632 = CARTESIAN_POINT('',(2.015625,-5.E-02));
#2633 = ( GEOMETRIC_REPRESENTATION_CONTEXT(2) 
PARAMETRIC_REPRESENTATION_CONTEXT() REPRESENTATION_CONTEXT('2D SPACE',''
  ) );
#2634 = ORIENTED_EDGE('',*,*,#2635,.F.);
#2635 = EDGE_CURVE('',#2636,#2610,#2638,.T.);
#2636 = VERTEX_POINT('',#2637);
#2637 = CARTESIAN_POINT('',(19.447265625,2.6875,9.));
#2638 = SURFACE_CURVE('',#2639,(#2652,#2668),.PCURVE_S1.);
#2639 = B_SPLINE_CURVE_WITH_KNOTS('',6,(#2640,#2641,#2642,#2643,#2644,
    #2645,#2646,#2647,#2648,#2649,#2650,#2651),.UNSPECIFIED.,.F.,.F.,(7,
    5,7),(0.,0.486511593758,1.),.UNSPECIFIED.);
#2640 = CARTESIAN_POINT('',(19.447265625,2.6875,9.));
#2641 = CARTESIAN_POINT('',(19.358536046788,2.755644316067,9.));
#2642 = CARTESIAN_POINT('',(19.262548916076,2.815631999658,9.));
#2643 = CARTESIAN_POINT('',(19.160263093835,2.867276389143,9.));
#2644 = CARTESIAN_POINT('',(19.052777708949,2.910921118028,9.));
#2645 = CARTESIAN_POINT('',(18.941106487551,2.947111811844,9.));
#2646 = CARTESIAN_POINT('',(18.70468156862,3.007434758989,9.));
#2647 = CARTESIAN_POINT('',(18.579539487293,3.03078845784,9.));
#2648 = CARTESIAN_POINT('',(18.451541475414,3.047262082844,9.));
#2649 = CARTESIAN_POINT('',(18.321410679858,3.057609775235,9.));
#2650 = CARTESIAN_POINT('',(18.189670758432,3.0625,9.));
#2651 = CARTESIAN_POINT('',(18.056640625,3.0625,9.));
#2652 = PCURVE('',#830,#2653);
#2653 = DEFINITIONAL_REPRESENTATION('',(#2654),#2667);
#2654 = B_SPLINE_CURVE_WITH_KNOTS('',6,(#2655,#2656,#2657,#2658,#2659,
    #2660,#2661,#2662,#2663,#2664,#2665,#2666),.UNSPECIFIED.,.F.,.F.,(7,
    5,7),(0.,0.486511593758,1.),.UNSPECIFIED.);
#2655 = CARTESIAN_POINT('',(18.447265625,2.6875));
#2656 = CARTESIAN_POINT('',(18.358536046788,2.755644316067));
#2657 = CARTESIAN_POINT('',(18.262548916076,2.815631999658));
#2658 = CARTESIAN_POINT('',(18.160263093835,2.867276389143));
#2659 = CARTESIAN_POINT('',(18.052777708949,2.910921118028));
#2660 = CARTESIAN_POINT('',(17.941106487551,2.947111811844));
#2661 = CARTESIAN_POINT('',(17.70468156862,3.007434758989));
#2662 = CARTESIAN_POINT('',(17.579539487293,3.03078845784));
#2663 = CARTESIAN_POINT('',(17.451541475414,3.047262082844));
#2664 = CARTESIAN_POINT('',(17.321410679858,3.057609775235));
#2665 = CARTESIAN_POINT('',(17.189670758432,3.0625));
#2666 = CARTESIAN_POINT('',(17.056640625,3.0625));
#2667 = ( GEOMETRIC_REPRESENTATION_CONTEXT(2) 
PARAMETRIC_REPRESENTATION_CONTEXT() REPRESENTATION_CONTEXT('2D SPACE',''
  ) );
#2668 = PCURVE('',#2669,#2676);
#2669 = SURFACE_OF_LINEAR_EXTRUSION('',#2670,#2674);
#2670 = B_SPLINE_CURVE_WITH_KNOTS('',2,(#2671,#2672,#2673),
  .UNSPECIFIED.,.F.,.F.,(3,3),(0.,1.),.PIECEWISE_BEZIER_KNOTS.);
#2671 = CARTESIAN_POINT('',(18.056640625,3.0625,9.05));
#2672 = CARTESIAN_POINT('',(18.958984375,3.0625,9.05));
#2673 = CARTESIAN_POINT('',(19.447265625,2.6875,9.05));
#2674 = VECTOR('',#2675,1.);
#2675 = DIRECTION('',(0.,0.,1.));
#2676 = DEFINITIONAL_REPRESENTATION('',(#2677),#2690);
#2677 = B_SPLINE_CURVE_WITH_KNOTS('',6,(#2678,#2679,#2680,#2681,#2682,
    #2683,#2684,#2685,#2686,#2687,#2688,#2689),.UNSPECIFIED.,.F.,.F.,(7,
    5,7),(0.,0.486511593758,1.),.UNSPECIFIED.);
#2678 = CARTESIAN_POINT('',(1.,-5.E-02));
#2679 = CARTESIAN_POINT('',(0.909140911911,-5.E-02));
#2680 = CARTESIAN_POINT('',(0.819250816621,-5.E-02));
#2681 = CARTESIAN_POINT('',(0.730975236704,-5.E-02));
#2682 = CARTESIAN_POINT('',(0.644712967089,-5.E-02));
#2683 = CARTESIAN_POINT('',(0.560691894657,-5.E-02));
#2684 = CARTESIAN_POINT('',(0.392778332668,-5.E-02));
#2685 = CARTESIAN_POINT('',(0.309146979793,-5.E-02));
#2686 = CARTESIAN_POINT('',(0.228142573496,-5.E-02));
#2687 = CARTESIAN_POINT('',(0.14970441034,-5.E-02));
#2688 = CARTESIAN_POINT('',(7.371366701015E-02,-5.E-02));
#2689 = CARTESIAN_POINT('',(0.,-5.E-02));
#2690 = ( GEOMETRIC_REPRESENTATION_CONTEXT(2) 
PARAMETRIC_REPRESENTATION_CONTEXT() REPRESENTATION_CONTEXT('2D SPACE',''
  ) );
#2691 = ORIENTED_EDGE('',*,*,#2692,.F.);
#2692 = EDGE_CURVE('',#2693,#2636,#2695,.T.);
#2693 = VERTEX_POINT('',#2694);
#2694 = CARTESIAN_POINT('',(19.935546875,1.62109375,9.));
#2695 = SURFACE_CURVE('',#2696,(#2711,#2729),.PCURVE_S1.);
#2696 = B_SPLINE_CURVE_WITH_KNOTS('',5,(#2697,#2698,#2699,#2700,#2701,
    #2702,#2703,#2704,#2705,#2706,#2707,#2708,#2709,#2710),
  .UNSPECIFIED.,.F.,.F.,(6,4,4,6),(0.,0.233044829306,0.651988741185,1.),
  .UNSPECIFIED.);
#2697 = CARTESIAN_POINT('',(19.935546875,1.62109375,9.));
#2698 = CARTESIAN_POINT('',(19.935546875,1.680641073617,9.));
#2699 = CARTESIAN_POINT('',(19.93328317651,1.739684781009,9.));
#2700 = CARTESIAN_POINT('',(19.928609653534,1.798106447361,9.));
#2701 = CARTESIAN_POINT('',(19.921381163305,1.855760825512,9.));
#2702 = CARTESIAN_POINT('',(19.893687487443,2.014456066891,9.));
#2703 = CARTESIAN_POINT('',(19.867256331718,2.113456685337,9.));
#2704 = CARTESIAN_POINT('',(19.831527322271,2.208441116497,9.));
#2705 = CARTESIAN_POINT('',(19.78618635276,2.298347435175,9.));
#2706 = CARTESIAN_POINT('',(19.686584063169,2.452128436444,9.));
#2707 = CARTESIAN_POINT('',(19.635116354076,2.517859130778,9.));
#2708 = CARTESIAN_POINT('',(19.577673937193,2.579072837401,9.));
#2709 = CARTESIAN_POINT('',(19.514828525671,2.635611692284,9.));
#2710 = CARTESIAN_POINT('',(19.447265625,2.6875,9.));
#2711 = PCURVE('',#830,#2712);
#2712 = DEFINITIONAL_REPRESENTATION('',(#2713),#2728);
#2713 = B_SPLINE_CURVE_WITH_KNOTS('',5,(#2714,#2715,#2716,#2717,#2718,
    #2719,#2720,#2721,#2722,#2723,#2724,#2725,#2726,#2727),
  .UNSPECIFIED.,.F.,.F.,(6,4,4,6),(0.,0.233044829306,0.651988741185,1.),
  .UNSPECIFIED.);
#2714 = CARTESIAN_POINT('',(18.935546875,1.62109375));
#2715 = CARTESIAN_POINT('',(18.935546875,1.680641073617));
#2716 = CARTESIAN_POINT('',(18.93328317651,1.739684781009));
#2717 = CARTESIAN_POINT('',(18.928609653534,1.798106447361));
#2718 = CARTESIAN_POINT('',(18.921381163305,1.855760825512));
#2719 = CARTESIAN_POINT('',(18.893687487443,2.014456066892));
#2720 = CARTESIAN_POINT('',(18.867256331718,2.113456685337));
#2721 = CARTESIAN_POINT('',(18.831527322271,2.208441116497));
#2722 = CARTESIAN_POINT('',(18.78618635276,2.298347435175));
#2723 = CARTESIAN_POINT('',(18.686584063169,2.452128436444));
#2724 = CARTESIAN_POINT('',(18.635116354076,2.517859130778));
#2725 = CARTESIAN_POINT('',(18.577673937193,2.579072837401));
#2726 = CARTESIAN_POINT('',(18.514828525671,2.635611692284));
#2727 = CARTESIAN_POINT('',(18.447265625,2.6875));
#2728 = ( GEOMETRIC_REPRESENTATION_CONTEXT(2) 
PARAMETRIC_REPRESENTATION_CONTEXT() REPRESENTATION_CONTEXT('2D SPACE',''
  ) );
#2729 = PCURVE('',#2730,#2737);
#2730 = SURFACE_OF_LINEAR_EXTRUSION('',#2731,#2735);
#2731 = B_SPLINE_CURVE_WITH_KNOTS('',2,(#2732,#2733,#2734),
  .UNSPECIFIED.,.F.,.F.,(3,3),(0.,1.),.PIECEWISE_BEZIER_KNOTS.);
#2732 = CARTESIAN_POINT('',(19.447265625,2.6875,9.05));
#2733 = CARTESIAN_POINT('',(19.935546875,2.3125,9.05));
#2734 = CARTESIAN_POINT('',(19.935546875,1.62109375,9.05));
#2735 = VECTOR('',#2736,1.);
#2736 = DIRECTION('',(0.,0.,1.));
#2737 = DEFINITIONAL_REPRESENTATION('',(#2738),#2753);
#2738 = B_SPLINE_CURVE_WITH_KNOTS('',5,(#2739,#2740,#2741,#2742,#2743,
    #2744,#2745,#2746,#2747,#2748,#2749,#2750,#2751,#2752),
  .UNSPECIFIED.,.F.,.F.,(6,4,4,6),(0.,0.233044829306,0.651988741185,1.),
  .UNSPECIFIED.);
#2739 = CARTESIAN_POINT('',(1.,-5.E-02));
#2740 = CARTESIAN_POINT('',(0.956937528683,-5.E-02));
#2741 = CARTESIAN_POINT('',(0.913178462278,-5.E-02));
#2742 = CARTESIAN_POINT('',(0.868739965201,-5.E-02));
#2743 = CARTESIAN_POINT('',(0.823659059569,-5.E-02));
#2744 = CARTESIAN_POINT('',(0.695918860996,-5.E-02));
#2745 = CARTESIAN_POINT('',(0.611939285056,-5.E-02));
#2746 = CARTESIAN_POINT('',(0.526507001733,-5.E-02));
#2747 = CARTESIAN_POINT('',(0.440242763508,-5.E-02));
#2748 = CARTESIAN_POINT('',(0.282359258027,-5.E-02));
#2749 = CARTESIAN_POINT('',(0.210706904706,-5.E-02));
#2750 = CARTESIAN_POINT('',(0.139521264742,-5.E-02));
#2751 = CARTESIAN_POINT('',(6.918441028744E-02,-5.E-02));
#2752 = CARTESIAN_POINT('',(0.,-5.E-02));
#2753 = ( GEOMETRIC_REPRESENTATION_CONTEXT(2) 
PARAMETRIC_REPRESENTATION_CONTEXT() REPRESENTATION_CONTEXT('2D SPACE',''
  ) );
#2754 = ORIENTED_EDGE('',*,*,#2755,.F.);
#2755 = EDGE_CURVE('',#2756,#2693,#2758,.T.);
#2756 = VERTEX_POINT('',#2757);
#2757 = CARTESIAN_POINT('',(19.685546875,0.76953125,9.));
#2758 = SURFACE_CURVE('',#2759,(#2770,#2784),.PCURVE_S1.);
#2759 = B_SPLINE_CURVE_WITH_KNOTS('',5,(#2760,#2761,#2762,#2763,#2764,
    #2765,#2766,#2767,#2768,#2769),.UNSPECIFIED.,.F.,.F.,(6,4,6),(0.,
    0.485057316366,1.),.UNSPECIFIED.);
#2760 = CARTESIAN_POINT('',(19.685546875,0.76953125,9.));
#2761 = CARTESIAN_POINT('',(19.736505350205,0.834025570181,9.));
#2762 = CARTESIAN_POINT('',(19.780872072832,0.904074160792,9.));
#2763 = CARTESIAN_POINT('',(19.81838407897,0.979234210099,9.));
#2764 = CARTESIAN_POINT('',(19.849169149573,1.058876651081,9.));
#2765 = CARTESIAN_POINT('',(19.899424500032,1.230923017775,9.));
#2766 = CARTESIAN_POINT('',(19.918083387655,1.323822191076,9.));
#2767 = CARTESIAN_POINT('',(19.929918494672,1.420263047904,9.));
#2768 = CARTESIAN_POINT('',(19.935546875,1.519530981723,9.));
#2769 = CARTESIAN_POINT('',(19.935546875,1.62109375,9.));
#2770 = PCURVE('',#830,#2771);
#2771 = DEFINITIONAL_REPRESENTATION('',(#2772),#2783);
#2772 = B_SPLINE_CURVE_WITH_KNOTS('',5,(#2773,#2774,#2775,#2776,#2777,
    #2778,#2779,#2780,#2781,#2782),.UNSPECIFIED.,.F.,.F.,(6,4,6),(0.,
    0.485057316366,1.),.UNSPECIFIED.);
#2773 = CARTESIAN_POINT('',(18.685546875,0.76953125));
#2774 = CARTESIAN_POINT('',(18.736505350205,0.834025570181));
#2775 = CARTESIAN_POINT('',(18.780872072832,0.904074160792));
#2776 = CARTESIAN_POINT('',(18.81838407897,0.979234210099));
#2777 = CARTESIAN_POINT('',(18.849169149573,1.058876651081));
#2778 = CARTESIAN_POINT('',(18.899424500032,1.230923017775));
#2779 = CARTESIAN_POINT('',(18.918083387655,1.323822191076));
#2780 = CARTESIAN_POINT('',(18.929918494672,1.420263047904));
#2781 = CARTESIAN_POINT('',(18.935546875,1.519530981724));
#2782 = CARTESIAN_POINT('',(18.935546875,1.62109375));
#2783 = ( GEOMETRIC_REPRESENTATION_CONTEXT(2) 
PARAMETRIC_REPRESENTATION_CONTEXT() REPRESENTATION_CONTEXT('2D SPACE',''
  ) );
#2784 = PCURVE('',#2785,#2792);
#2785 = SURFACE_OF_LINEAR_EXTRUSION('',#2786,#2790);
#2786 = B_SPLINE_CURVE_WITH_KNOTS('',2,(#2787,#2788,#2789),
  .UNSPECIFIED.,.F.,.F.,(3,3),(0.,1.),.PIECEWISE_BEZIER_KNOTS.);
#2787 = CARTESIAN_POINT('',(19.935546875,1.62109375,9.05));
#2788 = CARTESIAN_POINT('',(19.935546875,1.0859375,9.05));
#2789 = CARTESIAN_POINT('',(19.685546875,0.76953125,9.05));
#2790 = VECTOR('',#2791,1.);
#2791 = DIRECTION('',(0.,0.,1.));
#2792 = DEFINITIONAL_REPRESENTATION('',(#2793),#2804);
#2793 = B_SPLINE_CURVE_WITH_KNOTS('',5,(#2794,#2795,#2796,#2797,#2798,
    #2799,#2800,#2801,#2802,#2803),.UNSPECIFIED.,.F.,.F.,(6,4,6),(0.,
    0.485057316366,1.),.UNSPECIFIED.);
#2794 = CARTESIAN_POINT('',(1.,-5.E-02));
#2795 = CARTESIAN_POINT('',(0.89808304959,-5.E-02));
#2796 = CARTESIAN_POINT('',(0.796365585849,-5.E-02));
#2797 = CARTESIAN_POINT('',(0.695476308487,-5.E-02));
#2798 = CARTESIAN_POINT('',(0.595898495689,-5.E-02));
#2799 = CARTESIAN_POINT('',(0.394069778987,-5.E-02));
#2800 = CARTESIAN_POINT('',(0.292019489962,-5.E-02));
#2801 = CARTESIAN_POINT('',(0.19223874792,-5.E-02));
#2802 = CARTESIAN_POINT('',(9.489076160144E-02,-5.E-02));
#2803 = CARTESIAN_POINT('',(0.,-5.E-02));
#2804 = ( GEOMETRIC_REPRESENTATION_CONTEXT(2) 
PARAMETRIC_REPRESENTATION_CONTEXT() REPRESENTATION_CONTEXT('2D SPACE',''
  ) );
#2805 = ORIENTED_EDGE('',*,*,#2806,.F.);
#2806 = EDGE_CURVE('',#2807,#2756,#2809,.T.);
#2807 = VERTEX_POINT('',#2808);
#2808 = CARTESIAN_POINT('',(18.951171875,0.375,9.));
#2809 = SURFACE_CURVE('',#2810,(#2823,#2839),.PCURVE_S1.);
#2810 = B_SPLINE_CURVE_WITH_KNOTS('',6,(#2811,#2812,#2813,#2814,#2815,
    #2816,#2817,#2818,#2819,#2820,#2821,#2822),.UNSPECIFIED.,.F.,.F.,(7,
    5,7),(0.,0.853822094483,1.),.UNSPECIFIED.);
#2811 = CARTESIAN_POINT('',(18.951171875,0.375,9.));
#2812 = CARTESIAN_POINT('',(19.080581329523,0.395872492665,9.));
#2813 = CARTESIAN_POINT('',(19.20408535654,0.427616524797,9.));
#2814 = CARTESIAN_POINT('',(19.319992679008,0.471374342971,9.));
#2815 = CARTESIAN_POINT('',(19.426485433285,0.528047730184,9.));
#2816 = CARTESIAN_POINT('',(19.521908223488,0.597918776731,9.));
#2817 = CARTESIAN_POINT('',(19.619545910016,0.694018335321,9.));
#2818 = CARTESIAN_POINT('',(19.633466063714,0.708424100314,9.));
#2819 = CARTESIAN_POINT('',(19.647029493877,0.723183633689,9.));
#2820 = CARTESIAN_POINT('',(19.660232561055,0.7382919077,9.));
#2821 = CARTESIAN_POINT('',(19.673072391067,0.753743231272,9.));
#2822 = CARTESIAN_POINT('',(19.685546875,0.76953125,9.));
#2823 = PCURVE('',#830,#2824);
#2824 = DEFINITIONAL_REPRESENTATION('',(#2825),#2838);
#2825 = B_SPLINE_CURVE_WITH_KNOTS('',6,(#2826,#2827,#2828,#2829,#2830,
    #2831,#2832,#2833,#2834,#2835,#2836,#2837),.UNSPECIFIED.,.F.,.F.,(7,
    5,7),(0.,0.853822094483,1.),.UNSPECIFIED.);
#2826 = CARTESIAN_POINT('',(17.951171875,0.375));
#2827 = CARTESIAN_POINT('',(18.080581329523,0.395872492665));
#2828 = CARTESIAN_POINT('',(18.20408535654,0.427616524797));
#2829 = CARTESIAN_POINT('',(18.319992679008,0.471374342971));
#2830 = CARTESIAN_POINT('',(18.426485433285,0.528047730184));
#2831 = CARTESIAN_POINT('',(18.521908223488,0.597918776731));
#2832 = CARTESIAN_POINT('',(18.619545910016,0.694018335321));
#2833 = CARTESIAN_POINT('',(18.633466063714,0.708424100314));
#2834 = CARTESIAN_POINT('',(18.647029493877,0.723183633689));
#2835 = CARTESIAN_POINT('',(18.660232561055,0.7382919077));
#2836 = CARTESIAN_POINT('',(18.673072391067,0.753743231272));
#2837 = CARTESIAN_POINT('',(18.685546875,0.76953125));
#2838 = ( GEOMETRIC_REPRESENTATION_CONTEXT(2) 
PARAMETRIC_REPRESENTATION_CONTEXT() REPRESENTATION_CONTEXT('2D SPACE',''
  ) );
#2839 = PCURVE('',#2840,#2847);
#2840 = SURFACE_OF_LINEAR_EXTRUSION('',#2841,#2845);
#2841 = B_SPLINE_CURVE_WITH_KNOTS('',2,(#2842,#2843,#2844),
  .UNSPECIFIED.,.F.,.F.,(3,3),(0.,1.),.PIECEWISE_BEZIER_KNOTS.);
#2842 = CARTESIAN_POINT('',(19.685546875,0.76953125,9.05));
#2843 = CARTESIAN_POINT('',(19.435546875,0.453125,9.05));
#2844 = CARTESIAN_POINT('',(18.951171875,0.375,9.05));
#2845 = VECTOR('',#2846,1.);
#2846 = DIRECTION('',(0.,0.,1.));
#2847 = DEFINITIONAL_REPRESENTATION('',(#2848),#2861);
#2848 = B_SPLINE_CURVE_WITH_KNOTS('',6,(#2849,#2850,#2851,#2852,#2853,
    #2854,#2855,#2856,#2857,#2858,#2859,#2860),.UNSPECIFIED.,.F.,.F.,(7,
    5,7),(0.,0.853822094483,1.),.UNSPECIFIED.);
#2849 = CARTESIAN_POINT('',(1.,-5.E-02));
#2850 = CARTESIAN_POINT('',(0.866416046944,-5.E-02));
#2851 = CARTESIAN_POINT('',(0.728566479426,-5.E-02));
#2852 = CARTESIAN_POINT('',(0.586957120982,-5.E-02));
#2853 = CARTESIAN_POINT('',(0.442417294511,-5.E-02));
#2854 = CARTESIAN_POINT('',(0.296174621829,-5.E-02));
#2855 = CARTESIAN_POINT('',(0.124974294766,-5.E-02));
#2856 = CARTESIAN_POINT('',(9.994864035925E-02,-5.E-02));
#2857 = CARTESIAN_POINT('',(7.493078560944E-02,-5.E-02));
#2858 = CARTESIAN_POINT('',(4.992837883983E-02,-5.E-02));
#2859 = CARTESIAN_POINT('',(2.49489678668E-02,-5.E-02));
#2860 = CARTESIAN_POINT('',(0.,-5.E-02));
#2861 = ( GEOMETRIC_REPRESENTATION_CONTEXT(2) 
PARAMETRIC_REPRESENTATION_CONTEXT() REPRESENTATION_CONTEXT('2D SPACE',''
  ) );
#2862 = ORIENTED_EDGE('',*,*,#2863,.F.);
#2863 = EDGE_CURVE('',#2864,#2807,#2866,.T.);
#2864 = VERTEX_POINT('',#2865);
#2865 = CARTESIAN_POINT('',(19.85546875,-0.146484375,9.));
#2866 = SURFACE_CURVE('',#2867,(#2880,#2896),.PCURVE_S1.);
#2867 = B_SPLINE_CURVE_WITH_KNOTS('',6,(#2868,#2869,#2870,#2871,#2872,
    #2873,#2874,#2875,#2876,#2877,#2878,#2879),.UNSPECIFIED.,.F.,.F.,(7,
    5,7),(0.,0.165901028075,1.),.UNSPECIFIED.);
#2868 = CARTESIAN_POINT('',(19.85546875,-0.146484375,9.));
#2869 = CARTESIAN_POINT('',(19.837255490588,-0.124076546753,9.));
#2870 = CARTESIAN_POINT('',(19.818515459183,-0.102153374756,9.));
#2871 = CARTESIAN_POINT('',(19.799252741157,-8.072670727965E-02,9.));
#2872 = CARTESIAN_POINT('',(19.779472881207,-5.980715067966E-02,9.));
#2873 = CARTESIAN_POINT('',(19.759182883352,-3.940406939261E-02,9.));
#2874 = CARTESIAN_POINT('',(19.633857123435,8.041727038885E-02,9.));
#2875 = CARTESIAN_POINT('',(19.516595646107,0.167144576645,9.));
#2876 = CARTESIAN_POINT('',(19.38781630803,0.239457987982,9.));
#2877 = CARTESIAN_POINT('',(19.249360259052,0.297561330391,9.));
#2878 = CARTESIAN_POINT('',(19.103204422379,0.342348714657,9.));
#2879 = CARTESIAN_POINT('',(18.951171875,0.375,9.));
#2880 = PCURVE('',#830,#2881);
#2881 = DEFINITIONAL_REPRESENTATION('',(#2882),#2895);
#2882 = B_SPLINE_CURVE_WITH_KNOTS('',6,(#2883,#2884,#2885,#2886,#2887,
    #2888,#2889,#2890,#2891,#2892,#2893,#2894),.UNSPECIFIED.,.F.,.F.,(7,
    5,7),(0.,0.165901028075,1.),.UNSPECIFIED.);
#2883 = CARTESIAN_POINT('',(18.85546875,-0.146484375));
#2884 = CARTESIAN_POINT('',(18.837255490588,-0.124076546753));
#2885 = CARTESIAN_POINT('',(18.818515459183,-0.102153374756));
#2886 = CARTESIAN_POINT('',(18.799252741157,-8.07267072796E-02));
#2887 = CARTESIAN_POINT('',(18.779472881207,-5.980715067961E-02));
#2888 = CARTESIAN_POINT('',(18.759182883352,-3.940406939256E-02));
#2889 = CARTESIAN_POINT('',(18.633857123435,8.04172703889E-02));
#2890 = CARTESIAN_POINT('',(18.516595646107,0.167144576645));
#2891 = CARTESIAN_POINT('',(18.38781630803,0.239457987982));
#2892 = CARTESIAN_POINT('',(18.249360259052,0.297561330391));
#2893 = CARTESIAN_POINT('',(18.103204422379,0.342348714657));
#2894 = CARTESIAN_POINT('',(17.951171875,0.375));
#2895 = ( GEOMETRIC_REPRESENTATION_CONTEXT(2) 
PARAMETRIC_REPRESENTATION_CONTEXT() REPRESENTATION_CONTEXT('2D SPACE',''
  ) );
#2896 = PCURVE('',#2897,#2904);
#2897 = SURFACE_OF_LINEAR_EXTRUSION('',#2898,#2902);
#2898 = B_SPLINE_CURVE_WITH_KNOTS('',2,(#2899,#2900,#2901),
  .UNSPECIFIED.,.F.,.F.,(3,3),(0.,1.),.PIECEWISE_BEZIER_KNOTS.);
#2899 = CARTESIAN_POINT('',(18.951171875,0.375,9.05));
#2900 = CARTESIAN_POINT('',(19.533203125,0.25,9.05));
#2901 = CARTESIAN_POINT('',(19.85546875,-0.146484375,9.05));
#2902 = VECTOR('',#2903,1.);
#2903 = DIRECTION('',(0.,0.,1.));
#2904 = DEFINITIONAL_REPRESENTATION('',(#2905),#2918);
#2905 = B_SPLINE_CURVE_WITH_KNOTS('',6,(#2906,#2907,#2908,#2909,#2910,
    #2911,#2912,#2913,#2914,#2915,#2916,#2917),.UNSPECIFIED.,.F.,.F.,(7,
    5,7),(0.,0.165901028075,1.),.UNSPECIFIED.);
#2906 = CARTESIAN_POINT('',(1.,-5.E-02));
#2907 = CARTESIAN_POINT('',(0.971741852063,-5.E-02));
#2908 = CARTESIAN_POINT('',(0.943438783259,-5.E-02));
#2909 = CARTESIAN_POINT('',(0.915101783771,-5.E-02));
#2910 = CARTESIAN_POINT('',(0.886742036913,-5.E-02));
#2911 = CARTESIAN_POINT('',(0.858370919131,-5.E-02));
#2912 = CARTESIAN_POINT('',(0.687359808109,-5.E-02));
#2913 = CARTESIAN_POINT('',(0.544660970991,-5.E-02));
#2914 = CARTESIAN_POINT('',(0.403582527539,-5.E-02));
#2915 = CARTESIAN_POINT('',(0.26529753837,-5.E-02));
#2916 = CARTESIAN_POINT('',(0.130605141373,-5.E-02));
#2917 = CARTESIAN_POINT('',(0.,-5.E-02));
#2918 = ( GEOMETRIC_REPRESENTATION_CONTEXT(2) 
PARAMETRIC_REPRESENTATION_CONTEXT() REPRESENTATION_CONTEXT('2D SPACE',''
  ) );
#2919 = ORIENTED_EDGE('',*,*,#2920,.F.);
#2920 = EDGE_CURVE('',#2921,#2864,#2923,.T.);
#2921 = VERTEX_POINT('',#2922);
#2922 = CARTESIAN_POINT('',(20.177734375,-1.13671875,9.));
#2923 = SURFACE_CURVE('',#2924,(#2937,#2953),.PCURVE_S1.);
#2924 = B_SPLINE_CURVE_WITH_KNOTS('',6,(#2925,#2926,#2927,#2928,#2929,
    #2930,#2931,#2932,#2933,#2934,#2935,#2936),.UNSPECIFIED.,.F.,.F.,(7,
    5,7),(0.,0.824209450401,1.),.UNSPECIFIED.);
#2925 = CARTESIAN_POINT('',(20.177734375,-1.13671875,9.));
#2926 = CARTESIAN_POINT('',(20.177734375,-0.98339742366,9.));
#2927 = CARTESIAN_POINT('',(20.164840957367,-0.83321719829,9.));
#2928 = CARTESIAN_POINT('',(20.137556738506,-0.687676479693,9.));
#2929 = CARTESIAN_POINT('',(20.094629626444,-0.548474393129,9.));
#2930 = CARTESIAN_POINT('',(20.035494950833,-0.417319612252,9.));
#2931 = CARTESIAN_POINT('',(19.945163564743,-0.269651497135,9.));
#2932 = CARTESIAN_POINT('',(19.928585843593,-0.244120061566,9.));
#2933 = CARTESIAN_POINT('',(19.911317201589,-0.219027863577,9.));
#2934 = CARTESIAN_POINT('',(19.893366970797,-0.194385419839,9.));
#2935 = CARTESIAN_POINT('',(19.874746419061,-0.170201749663,9.));
#2936 = CARTESIAN_POINT('',(19.85546875,-0.146484375,9.));
#2937 = PCURVE('',#830,#2938);
#2938 = DEFINITIONAL_REPRESENTATION('',(#2939),#2952);
#2939 = B_SPLINE_CURVE_WITH_KNOTS('',6,(#2940,#2941,#2942,#2943,#2944,
    #2945,#2946,#2947,#2948,#2949,#2950,#2951),.UNSPECIFIED.,.F.,.F.,(7,
    5,7),(0.,0.824209450401,1.),.UNSPECIFIED.);
#2940 = CARTESIAN_POINT('',(19.177734375,-1.13671875));
#2941 = CARTESIAN_POINT('',(19.177734375,-0.98339742366));
#2942 = CARTESIAN_POINT('',(19.164840957367,-0.83321719829));
#2943 = CARTESIAN_POINT('',(19.137556738506,-0.687676479693));
#2944 = CARTESIAN_POINT('',(19.094629626444,-0.548474393129));
#2945 = CARTESIAN_POINT('',(19.035494950833,-0.417319612252));
#2946 = CARTESIAN_POINT('',(18.945163564743,-0.269651497135));
#2947 = CARTESIAN_POINT('',(18.928585843593,-0.244120061566));
#2948 = CARTESIAN_POINT('',(18.911317201589,-0.219027863577));
#2949 = CARTESIAN_POINT('',(18.893366970797,-0.194385419839));
#2950 = CARTESIAN_POINT('',(18.874746419061,-0.170201749663));
#2951 = CARTESIAN_POINT('',(18.85546875,-0.146484375));
#2952 = ( GEOMETRIC_REPRESENTATION_CONTEXT(2) 
PARAMETRIC_REPRESENTATION_CONTEXT() REPRESENTATION_CONTEXT('2D SPACE',''
  ) );
#2953 = PCURVE('',#2954,#2961);
#2954 = SURFACE_OF_LINEAR_EXTRUSION('',#2955,#2959);
#2955 = B_SPLINE_CURVE_WITH_KNOTS('',2,(#2956,#2957,#2958),
  .UNSPECIFIED.,.F.,.F.,(3,3),(0.,1.),.PIECEWISE_BEZIER_KNOTS.);
#2956 = CARTESIAN_POINT('',(19.85546875,-0.146484375,9.05));
#2957 = CARTESIAN_POINT('',(20.177734375,-0.54296875,9.05));
#2958 = CARTESIAN_POINT('',(20.177734375,-1.13671875,9.05));
#2959 = VECTOR('',#2960,1.);
#2960 = DIRECTION('',(0.,0.,1.));
#2961 = DEFINITIONAL_REPRESENTATION('',(#2962),#2975);
#2962 = B_SPLINE_CURVE_WITH_KNOTS('',6,(#2963,#2964,#2965,#2966,#2967,
    #2968,#2969,#2970,#2971,#2972,#2973,#2974),.UNSPECIFIED.,.F.,.F.,(7,
    5,7),(0.,0.824209450401,1.),.UNSPECIFIED.);
#2963 = CARTESIAN_POINT('',(1.,-5.E-02));
#2964 = CARTESIAN_POINT('',(0.870887304135,-5.E-02));
#2965 = CARTESIAN_POINT('',(0.737773569566,-5.E-02));
#2966 = CARTESIAN_POINT('',(0.601148754646,-5.E-02));
#2967 = CARTESIAN_POINT('',(0.46179828523,-5.E-02));
#2968 = CARTESIAN_POINT('',(0.320869973491,-5.E-02));
#2969 = CARTESIAN_POINT('',(0.1499547123,-5.E-02));
#2970 = CARTESIAN_POINT('',(0.119909229914,-5.E-02));
#2971 = CARTESIAN_POINT('',(8.987748249108E-02,-5.E-02));
#2972 = CARTESIAN_POINT('',(5.987313658148E-02,-5.E-02));
#2973 = CARTESIAN_POINT('',(2.990959563476E-02,-5.E-02));
#2974 = CARTESIAN_POINT('',(0.,-5.E-02));
#2975 = ( GEOMETRIC_REPRESENTATION_CONTEXT(2) 
PARAMETRIC_REPRESENTATION_CONTEXT() REPRESENTATION_CONTEXT('2D SPACE',''
  ) );
#2976 = ORIENTED_EDGE('',*,*,#2977,.F.);
#2977 = EDGE_CURVE('',#2978,#2921,#2980,.T.);
#2978 = VERTEX_POINT('',#2979);
#2979 = CARTESIAN_POINT('',(19.646484375,-2.34375,9.));
#2980 = SURFACE_CURVE('',#2981,(#2996,#3014),.PCURVE_S1.);
#2981 = B_SPLINE_CURVE_WITH_KNOTS('',5,(#2982,#2983,#2984,#2985,#2986,
    #2987,#2988,#2989,#2990,#2991,#2992,#2993,#2994,#2995),
  .UNSPECIFIED.,.F.,.F.,(6,4,4,6),(0.,0.312690770949,0.748479392013,1.),
  .UNSPECIFIED.);
#2982 = CARTESIAN_POINT('',(19.646484375,-2.34375,9.));
#2983 = CARTESIAN_POINT('',(19.713134847863,-2.290331606309,9.));
#2984 = CARTESIAN_POINT('',(19.775527338154,-2.232640225098,9.));
#2985 = CARTESIAN_POINT('',(19.833094868902,-2.170683830444,9.));
#2986 = CARTESIAN_POINT('',(19.885368302724,-2.104621019709,9.));
#2987 = CARTESIAN_POINT('',(19.997191294071,-1.937612027875,9.));
#2988 = CARTESIAN_POINT('',(20.051534796046,-1.83312432809,9.));
#2989 = CARTESIAN_POINT('',(20.09435520366,-1.722496920488,9.));
#2990 = CARTESIAN_POINT('',(20.126099352683,-1.607156161953,9.));
#2991 = CARTESIAN_POINT('',(20.160075990509,-1.419950849819,9.));
#2992 = CARTESIAN_POINT('',(20.169114992672,-1.350306789322,9.));
#2993 = CARTESIAN_POINT('',(20.174930342944,-1.279760158169,9.));
#2994 = CARTESIAN_POINT('',(20.177734375,-1.208512135595,9.));
#2995 = CARTESIAN_POINT('',(20.177734375,-1.13671875,9.));
#2996 = PCURVE('',#830,#2997);
#2997 = DEFINITIONAL_REPRESENTATION('',(#2998),#3013);
#2998 = B_SPLINE_CURVE_WITH_KNOTS('',5,(#2999,#3000,#3001,#3002,#3003,
    #3004,#3005,#3006,#3007,#3008,#3009,#3010,#3011,#3012),
  .UNSPECIFIED.,.F.,.F.,(6,4,4,6),(0.,0.312690770949,0.748479392013,1.),
  .UNSPECIFIED.);
#2999 = CARTESIAN_POINT('',(18.646484375,-2.34375));
#3000 = CARTESIAN_POINT('',(18.713134847863,-2.290331606309));
#3001 = CARTESIAN_POINT('',(18.775527338154,-2.232640225098));
#3002 = CARTESIAN_POINT('',(18.833094868902,-2.170683830444));
#3003 = CARTESIAN_POINT('',(18.885368302724,-2.104621019709));
#3004 = CARTESIAN_POINT('',(18.997191294071,-1.937612027875));
#3005 = CARTESIAN_POINT('',(19.051534796046,-1.83312432809));
#3006 = CARTESIAN_POINT('',(19.09435520366,-1.722496920488));
#3007 = CARTESIAN_POINT('',(19.126099352683,-1.607156161952));
#3008 = CARTESIAN_POINT('',(19.160075990509,-1.419950849818));
#3009 = CARTESIAN_POINT('',(19.169114992672,-1.350306789322));
#3010 = CARTESIAN_POINT('',(19.174930342944,-1.279760158169));
#3011 = CARTESIAN_POINT('',(19.177734375,-1.208512135595));
#3012 = CARTESIAN_POINT('',(19.177734375,-1.13671875));
#3013 = ( GEOMETRIC_REPRESENTATION_CONTEXT(2) 
PARAMETRIC_REPRESENTATION_CONTEXT() REPRESENTATION_CONTEXT('2D SPACE',''
  ) );
#3014 = PCURVE('',#3015,#3022);
#3015 = SURFACE_OF_LINEAR_EXTRUSION('',#3016,#3020);
#3016 = B_SPLINE_CURVE_WITH_KNOTS('',2,(#3017,#3018,#3019),
  .UNSPECIFIED.,.F.,.F.,(3,3),(0.,1.),.PIECEWISE_BEZIER_KNOTS.);
#3017 = CARTESIAN_POINT('',(20.177734375,-1.13671875,9.05));
#3018 = CARTESIAN_POINT('',(20.177734375,-1.91796875,9.05));
#3019 = CARTESIAN_POINT('',(19.646484375,-2.34375,9.05));
#3020 = VECTOR('',#3021,1.);
#3021 = DIRECTION('',(0.,0.,1.));
#3022 = DEFINITIONAL_REPRESENTATION('',(#3023),#3038);
#3023 = B_SPLINE_CURVE_WITH_KNOTS('',5,(#3024,#3025,#3026,#3027,#3028,
    #3029,#3030,#3031,#3032,#3033,#3034,#3035,#3036,#3037),
  .UNSPECIFIED.,.F.,.F.,(6,4,4,6),(0.,0.312690770949,0.748479392013,1.),
  .UNSPECIFIED.);
#3024 = CARTESIAN_POINT('',(1.,-5.E-02));
#3025 = CARTESIAN_POINT('',(0.937270143188,-5.E-02));
#3026 = CARTESIAN_POINT('',(0.873628992783,-5.E-02));
#3027 = CARTESIAN_POINT('',(0.809324451742,-5.E-02));
#3028 = CARTESIAN_POINT('',(0.744658923565,-5.E-02));
#3029 = CARTESIAN_POINT('',(0.589886617202,-5.E-02));
#3030 = CARTESIAN_POINT('',(0.499742683789,-5.E-02));
#3031 = CARTESIAN_POINT('',(0.410603933074,-5.E-02));
#3032 = CARTESIAN_POINT('',(0.323191882618,-5.E-02));
#3033 = CARTESIAN_POINT('',(0.18883048736,-5.E-02));
#3034 = CARTESIAN_POINT('',(0.140387468892,-5.E-02));
#3035 = CARTESIAN_POINT('',(9.274728672023E-02,-5.E-02));
#3036 = CARTESIAN_POINT('',(4.594776678061E-02,-5.E-02));
#3037 = CARTESIAN_POINT('',(0.,-5.E-02));
#3038 = ( GEOMETRIC_REPRESENTATION_CONTEXT(2) 
PARAMETRIC_REPRESENTATION_CONTEXT() REPRESENTATION_CONTEXT('2D SPACE',''
  ) );
#3039 = ORIENTED_EDGE('',*,*,#3040,.F.);
#3040 = EDGE_CURVE('',#2556,#2978,#3041,.T.);
#3041 = SURFACE_CURVE('',#3042,(#3060,#3081),.PCURVE_S1.);
#3042 = B_SPLINE_CURVE_WITH_KNOTS('',6,(#3043,#3044,#3045,#3046,#3047,
    #3048,#3049,#3050,#3051,#3052,#3053,#3054,#3055,#3056,#3057,#3058,
    #3059),.UNSPECIFIED.,.F.,.F.,(7,5,5,7),(0.,0.502942997317,
    0.758209815866,1.),.UNSPECIFIED.);
#3043 = CARTESIAN_POINT('',(18.134765625,-2.76953125,9.));
#3044 = CARTESIAN_POINT('',(18.275881428545,-2.76953125,9.));
#3045 = CARTESIAN_POINT('',(18.415819098548,-2.764239369499,9.));
#3046 = CARTESIAN_POINT('',(18.554258987009,-2.753035187617,9.));
#3047 = CARTESIAN_POINT('',(18.690656733776,-2.735186412361,9.));
#3048 = CARTESIAN_POINT('',(18.824248981569,-2.709867031784,9.));
#3049 = CARTESIAN_POINT('',(19.019997385086,-2.659225396932,9.));
#3050 = CARTESIAN_POINT('',(19.084927682644,-2.640046598099,9.));
#3051 = CARTESIAN_POINT('',(19.148755540361,-2.618637077411,9.));
#3052 = CARTESIAN_POINT('',(19.211331930595,-2.594899785108,9.));
#3053 = CARTESIAN_POINT('',(19.272494703578,-2.568752633779,9.));
#3054 = CARTESIAN_POINT('',(19.38850873117,-2.513036094421,9.));
#3055 = CARTESIAN_POINT('',(19.443524214072,-2.483719603967,9.));
#3056 = CARTESIAN_POINT('',(19.496973462217,-2.452143575866,9.));
#3057 = CARTESIAN_POINT('',(19.548708655313,-2.41828189328,9.));
#3058 = CARTESIAN_POINT('',(19.598588372926,-2.382137236956,9.));
#3059 = CARTESIAN_POINT('',(19.646484375,-2.34375,9.));
#3060 = PCURVE('',#830,#3061);
#3061 = DEFINITIONAL_REPRESENTATION('',(#3062),#3080);
#3062 = B_SPLINE_CURVE_WITH_KNOTS('',6,(#3063,#3064,#3065,#3066,#3067,
    #3068,#3069,#3070,#3071,#3072,#3073,#3074,#3075,#3076,#3077,#3078,
    #3079),.UNSPECIFIED.,.F.,.F.,(7,5,5,7),(0.,0.502942997317,
    0.758209815866,1.),.UNSPECIFIED.);
#3063 = CARTESIAN_POINT('',(17.134765625,-2.76953125));
#3064 = CARTESIAN_POINT('',(17.275881428545,-2.76953125));
#3065 = CARTESIAN_POINT('',(17.415819098548,-2.764239369499));
#3066 = CARTESIAN_POINT('',(17.554258987009,-2.753035187617));
#3067 = CARTESIAN_POINT('',(17.690656733776,-2.735186412361));
#3068 = CARTESIAN_POINT('',(17.824248981569,-2.709867031784));
#3069 = CARTESIAN_POINT('',(18.019997385086,-2.659225396932));
#3070 = CARTESIAN_POINT('',(18.084927682644,-2.640046598099));
#3071 = CARTESIAN_POINT('',(18.148755540361,-2.618637077411));
#3072 = CARTESIAN_POINT('',(18.211331930595,-2.594899785108));
#3073 = CARTESIAN_POINT('',(18.272494703578,-2.568752633779));
#3074 = CARTESIAN_POINT('',(18.38850873117,-2.513036094421));
#3075 = CARTESIAN_POINT('',(18.443524214072,-2.483719603967));
#3076 = CARTESIAN_POINT('',(18.496973462217,-2.452143575866));
#3077 = CARTESIAN_POINT('',(18.548708655313,-2.41828189328));
#3078 = CARTESIAN_POINT('',(18.598588372926,-2.382137236956));
#3079 = CARTESIAN_POINT('',(18.646484375,-2.34375));
#3080 = ( GEOMETRIC_REPRESENTATION_CONTEXT(2) 
PARAMETRIC_REPRESENTATION_CONTEXT() REPRESENTATION_CONTEXT('2D SPACE',''
  ) );
#3081 = PCURVE('',#3082,#3089);
#3082 = SURFACE_OF_LINEAR_EXTRUSION('',#3083,#3087);
#3083 = B_SPLINE_CURVE_WITH_KNOTS('',2,(#3084,#3085,#3086),
  .UNSPECIFIED.,.F.,.F.,(3,3),(0.,1.),.PIECEWISE_BEZIER_KNOTS.);
#3084 = CARTESIAN_POINT('',(19.646484375,-2.34375,9.05));
#3085 = CARTESIAN_POINT('',(19.115234375,-2.76953125,9.05));
#3086 = CARTESIAN_POINT('',(18.134765625,-2.76953125,9.05));
#3087 = VECTOR('',#3088,1.);
#3088 = DIRECTION('',(0.,0.,1.));
#3089 = DEFINITIONAL_REPRESENTATION('',(#3090),#3108);
#3090 = B_SPLINE_CURVE_WITH_KNOTS('',6,(#3091,#3092,#3093,#3094,#3095,
    #3096,#3097,#3098,#3099,#3100,#3101,#3102,#3103,#3104,#3105,#3106,
    #3107),.UNSPECIFIED.,.F.,.F.,(7,5,5,7),(0.,0.502942997317,
    0.758209815866,1.),.UNSPECIFIED.);
#3091 = CARTESIAN_POINT('',(1.,-5.E-02));
#3092 = CARTESIAN_POINT('',(0.928036562336,-5.E-02));
#3093 = CARTESIAN_POINT('',(0.853826728173,-5.E-02));
#3094 = CARTESIAN_POINT('',(0.777199699367,-5.E-02));
#3095 = CARTESIAN_POINT('',(0.698039081849,-5.E-02));
#3096 = CARTESIAN_POINT('',(0.616289737089,-5.E-02));
#3097 = CARTESIAN_POINT('',(0.489219062324,-5.E-02));
#3098 = CARTESIAN_POINT('',(0.445788402199,-5.E-02));
#3099 = CARTESIAN_POINT('',(0.401719744156,-5.E-02));
#3100 = CARTESIAN_POINT('',(0.357036870541,-5.E-02));
#3101 = CARTESIAN_POINT('',(0.311778305673,-5.E-02));
#3102 = CARTESIAN_POINT('',(0.222638528184,-5.E-02));
#3103 = CARTESIAN_POINT('',(0.178809632503,-5.E-02));
#3104 = CARTESIAN_POINT('',(0.134563752034,-5.E-02));
#3105 = CARTESIAN_POINT('',(8.996221755767E-02,-5.E-02));
#3106 = CARTESIAN_POINT('',(4.507859018736E-02,-5.E-02));
#3107 = CARTESIAN_POINT('',(0.,-5.E-02));
#3108 = ( GEOMETRIC_REPRESENTATION_CONTEXT(2) 
PARAMETRIC_REPRESENTATION_CONTEXT() REPRESENTATION_CONTEXT('2D SPACE',''
  ) );
#3109 = ADVANCED_FACE('',(#3110),#908,.F.);
#3110 = FACE_BOUND('',#3111,.F.);
#3111 = EDGE_LOOP('',(#3112,#3113,#3114,#3135));
#3112 = ORIENTED_EDGE('',*,*,#892,.F.);
#3113 = ORIENTED_EDGE('',*,*,#1072,.T.);
#3114 = ORIENTED_EDGE('',*,*,#3115,.T.);
#3115 = EDGE_CURVE('',#1040,#1588,#3116,.T.);
#3116 = SURFACE_CURVE('',#3117,(#3121,#3128),.PCURVE_S1.);
#3117 = LINE('',#3118,#3119);
#3118 = CARTESIAN_POINT('',(-22.5,-6.,8.55));
#3119 = VECTOR('',#3120,1.);
#3120 = DIRECTION('',(0.,1.,0.));
#3121 = PCURVE('',#908,#3122);
#3122 = DEFINITIONAL_REPRESENTATION('',(#3123),#3127);
#3123 = LINE('',#3124,#3125);
#3124 = CARTESIAN_POINT('',(6.,0.));
#3125 = VECTOR('',#3126,1.);
#3126 = DIRECTION('',(0.,1.));
#3127 = ( GEOMETRIC_REPRESENTATION_CONTEXT(2) 
PARAMETRIC_REPRESENTATION_CONTEXT() REPRESENTATION_CONTEXT('2D SPACE',''
  ) );
#3128 = PCURVE('',#1056,#3129);
#3129 = DEFINITIONAL_REPRESENTATION('',(#3130),#3134);
#3130 = LINE('',#3131,#3132);
#3131 = CARTESIAN_POINT('',(6.5,0.));
#3132 = VECTOR('',#3133,1.);
#3133 = DIRECTION('',(0.,-1.));
#3134 = ( GEOMETRIC_REPRESENTATION_CONTEXT(2) 
PARAMETRIC_REPRESENTATION_CONTEXT() REPRESENTATION_CONTEXT('2D SPACE',''
  ) );
#3135 = ORIENTED_EDGE('',*,*,#1587,.F.);
#3136 = ADVANCED_FACE('',(#3137),#989,.F.);
#3137 = FACE_BOUND('',#3138,.F.);
#3138 = EDGE_LOOP('',(#3139,#3140,#3164,#3186,#3212));
#3139 = ORIENTED_EDGE('',*,*,#1167,.F.);
#3140 = ORIENTED_EDGE('',*,*,#3141,.T.);
#3141 = EDGE_CURVE('',#1168,#3142,#3144,.T.);
#3142 = VERTEX_POINT('',#3143);
#3143 = CARTESIAN_POINT('',(-22.5,-4.85,4.));
#3144 = SURFACE_CURVE('',#3145,(#3150,#3157),.PCURVE_S1.);
#3145 = CIRCLE('',#3146,0.85);
#3146 = AXIS2_PLACEMENT_3D('',#3147,#3148,#3149);
#3147 = CARTESIAN_POINT('',(-22.5,-5.7,4.));
#3148 = DIRECTION('',(-3.545500703517E-29,3.575598433705E-15,1.));
#3149 = DIRECTION('',(1.,1.267728676219E-43,3.545500703517E-29));
#3150 = PCURVE('',#989,#3151);
#3151 = DEFINITIONAL_REPRESENTATION('',(#3152),#3156);
#3152 = LINE('',#3153,#3154);
#3153 = CARTESIAN_POINT('',(0.,0.));
#3154 = VECTOR('',#3155,1.);
#3155 = DIRECTION('',(1.,0.));
#3156 = ( GEOMETRIC_REPRESENTATION_CONTEXT(2) 
PARAMETRIC_REPRESENTATION_CONTEXT() REPRESENTATION_CONTEXT('2D SPACE',''
  ) );
#3157 = PCURVE('',#1205,#3158);
#3158 = DEFINITIONAL_REPRESENTATION('',(#3159),#3163);
#3159 = CIRCLE('',#3160,0.85);
#3160 = AXIS2_PLACEMENT_2D('',#3161,#3162);
#3161 = CARTESIAN_POINT('',(-23.5,-5.7));
#3162 = DIRECTION('',(1.,1.267728676219E-43));
#3163 = ( GEOMETRIC_REPRESENTATION_CONTEXT(2) 
PARAMETRIC_REPRESENTATION_CONTEXT() REPRESENTATION_CONTEXT('2D SPACE',''
  ) );
#3164 = ORIENTED_EDGE('',*,*,#3165,.T.);
#3165 = EDGE_CURVE('',#3142,#3166,#3168,.T.);
#3166 = VERTEX_POINT('',#3167);
#3167 = CARTESIAN_POINT('',(-22.5,-4.85,8.));
#3168 = SURFACE_CURVE('',#3169,(#3173,#3179),.PCURVE_S1.);
#3169 = LINE('',#3170,#3171);
#3170 = CARTESIAN_POINT('',(-22.5,-4.85,4.));
#3171 = VECTOR('',#3172,1.);
#3172 = DIRECTION('',(0.,0.,1.));
#3173 = PCURVE('',#989,#3174);
#3174 = DEFINITIONAL_REPRESENTATION('',(#3175),#3178);
#3175 = B_SPLINE_CURVE_WITH_KNOTS('',1,(#3176,#3177),.UNSPECIFIED.,.F.,
  .F.,(2,2),(-5.999999999062E-07,4.0000006),.PIECEWISE_BEZIER_KNOTS.);
#3176 = CARTESIAN_POINT('',(7.853981633974,-5.999999999062E-07));
#3177 = CARTESIAN_POINT('',(7.853981633974,4.0000006));
#3178 = ( GEOMETRIC_REPRESENTATION_CONTEXT(2) 
PARAMETRIC_REPRESENTATION_CONTEXT() REPRESENTATION_CONTEXT('2D SPACE',''
  ) );
#3179 = PCURVE('',#1056,#3180);
#3180 = DEFINITIONAL_REPRESENTATION('',(#3181),#3185);
#3181 = LINE('',#3182,#3183);
#3182 = CARTESIAN_POINT('',(1.95,-1.15));
#3183 = VECTOR('',#3184,1.);
#3184 = DIRECTION('',(1.,0.));
#3185 = ( GEOMETRIC_REPRESENTATION_CONTEXT(2) 
PARAMETRIC_REPRESENTATION_CONTEXT() REPRESENTATION_CONTEXT('2D SPACE',''
  ) );
#3186 = ORIENTED_EDGE('',*,*,#3187,.F.);
#3187 = EDGE_CURVE('',#950,#3166,#3188,.T.);
#3188 = SURFACE_CURVE('',#3189,(#3194,#3201),.PCURVE_S1.);
#3189 = CIRCLE('',#3190,0.85);
#3190 = AXIS2_PLACEMENT_3D('',#3191,#3192,#3193);
#3191 = CARTESIAN_POINT('',(-22.5,-5.7,8.));
#3192 = DIRECTION('',(-3.545500703517E-29,3.575598433705E-15,1.));
#3193 = DIRECTION('',(1.,1.267728676219E-43,3.545500703517E-29));
#3194 = PCURVE('',#989,#3195);
#3195 = DEFINITIONAL_REPRESENTATION('',(#3196),#3200);
#3196 = LINE('',#3197,#3198);
#3197 = CARTESIAN_POINT('',(0.,4.));
#3198 = VECTOR('',#3199,1.);
#3199 = DIRECTION('',(1.,0.));
#3200 = ( GEOMETRIC_REPRESENTATION_CONTEXT(2) 
PARAMETRIC_REPRESENTATION_CONTEXT() REPRESENTATION_CONTEXT('2D SPACE',''
  ) );
#3201 = PCURVE('',#1027,#3202);
#3202 = DEFINITIONAL_REPRESENTATION('',(#3203),#3211);
#3203 = ( BOUNDED_CURVE() B_SPLINE_CURVE(2,(#3204,#3205,#3206,#3207,
#3208,#3209,#3210),.UNSPECIFIED.,.T.,.F.) B_SPLINE_CURVE_WITH_KNOTS((1,2
    ,2,2,2,1),(-2.094395102393,0.,2.094395102393,4.188790204786,
6.28318530718,8.377580409573),.UNSPECIFIED.) CURVE() 
GEOMETRIC_REPRESENTATION_ITEM() RATIONAL_B_SPLINE_CURVE((1.,0.5,1.,0.5,
1.,0.5,1.)) REPRESENTATION_ITEM('') );
#3204 = CARTESIAN_POINT('',(22.65,-5.7));
#3205 = CARTESIAN_POINT('',(22.65,-4.227756813566));
#3206 = CARTESIAN_POINT('',(23.925,-4.963878406783));
#3207 = CARTESIAN_POINT('',(25.2,-5.7));
#3208 = CARTESIAN_POINT('',(23.925,-6.436121593217));
#3209 = CARTESIAN_POINT('',(22.65,-7.172243186433));
#3210 = CARTESIAN_POINT('',(22.65,-5.7));
#3211 = ( GEOMETRIC_REPRESENTATION_CONTEXT(2) 
PARAMETRIC_REPRESENTATION_CONTEXT() REPRESENTATION_CONTEXT('2D SPACE',''
  ) );
#3212 = ORIENTED_EDGE('',*,*,#949,.T.);
#3213 = ADVANCED_FACE('',(#3214),#1027,.T.);
#3214 = FACE_BOUND('',#3215,.T.);
#3215 = EDGE_LOOP('',(#3216,#3217,#3218));
#3216 = ORIENTED_EDGE('',*,*,#3187,.F.);
#3217 = ORIENTED_EDGE('',*,*,#1012,.T.);
#3218 = ORIENTED_EDGE('',*,*,#3219,.F.);
#3219 = EDGE_CURVE('',#3166,#1013,#3220,.T.);
#3220 = SURFACE_CURVE('',#3221,(#3225,#3232),.PCURVE_S1.);
#3221 = LINE('',#3222,#3223);
#3222 = CARTESIAN_POINT('',(-22.5,-3.,8.));
#3223 = VECTOR('',#3224,1.);
#3224 = DIRECTION('',(0.,-1.,3.575598433705E-15));
#3225 = PCURVE('',#1027,#3226);
#3226 = DEFINITIONAL_REPRESENTATION('',(#3227),#3231);
#3227 = LINE('',#3228,#3229);
#3228 = CARTESIAN_POINT('',(23.5,-3.));
#3229 = VECTOR('',#3230,1.);
#3230 = DIRECTION('',(-1.26772867622E-43,-1.));
#3231 = ( GEOMETRIC_REPRESENTATION_CONTEXT(2) 
PARAMETRIC_REPRESENTATION_CONTEXT() REPRESENTATION_CONTEXT('2D SPACE',''
  ) );
#3232 = PCURVE('',#1056,#3233);
#3233 = DEFINITIONAL_REPRESENTATION('',(#3234),#3238);
#3234 = LINE('',#3235,#3236);
#3235 = CARTESIAN_POINT('',(5.95,-3.));
#3236 = VECTOR('',#3237,1.);
#3237 = DIRECTION('',(3.575598433705E-15,1.));
#3238 = ( GEOMETRIC_REPRESENTATION_CONTEXT(2) 
PARAMETRIC_REPRESENTATION_CONTEXT() REPRESENTATION_CONTEXT('2D SPACE',''
  ) );
#3239 = ADVANCED_FACE('',(#3240),#1056,.F.);
#3240 = FACE_BOUND('',#3241,.F.);
#3241 = EDGE_LOOP('',(#3242,#3243,#3244,#3245,#3268,#3296,#3319,#3347,
    #3370,#3392,#3413,#3414));
#3242 = ORIENTED_EDGE('',*,*,#1039,.F.);
#3243 = ORIENTED_EDGE('',*,*,#3219,.F.);
#3244 = ORIENTED_EDGE('',*,*,#3165,.F.);
#3245 = ORIENTED_EDGE('',*,*,#3246,.T.);
#3246 = EDGE_CURVE('',#3142,#3247,#3249,.T.);
#3247 = VERTEX_POINT('',#3248);
#3248 = CARTESIAN_POINT('',(-22.5,-4.19,4.));
#3249 = SURFACE_CURVE('',#3250,(#3254,#3261),.PCURVE_S1.);
#3250 = LINE('',#3251,#3252);
#3251 = CARTESIAN_POINT('',(-22.5,-3.,4.));
#3252 = VECTOR('',#3253,1.);
#3253 = DIRECTION('',(0.,1.,-3.575598433705E-15));
#3254 = PCURVE('',#1056,#3255);
#3255 = DEFINITIONAL_REPRESENTATION('',(#3256),#3260);
#3256 = LINE('',#3257,#3258);
#3257 = CARTESIAN_POINT('',(1.95,-3.));
#3258 = VECTOR('',#3259,1.);
#3259 = DIRECTION('',(-3.575598433705E-15,-1.));
#3260 = ( GEOMETRIC_REPRESENTATION_CONTEXT(2) 
PARAMETRIC_REPRESENTATION_CONTEXT() REPRESENTATION_CONTEXT('2D SPACE',''
  ) );
#3261 = PCURVE('',#1205,#3262);
#3262 = DEFINITIONAL_REPRESENTATION('',(#3263),#3267);
#3263 = LINE('',#3264,#3265);
#3264 = CARTESIAN_POINT('',(-23.5,-3.));
#3265 = VECTOR('',#3266,1.);
#3266 = DIRECTION('',(-1.26772867622E-43,1.));
#3267 = ( GEOMETRIC_REPRESENTATION_CONTEXT(2) 
PARAMETRIC_REPRESENTATION_CONTEXT() REPRESENTATION_CONTEXT('2D SPACE',''
  ) );
#3268 = ORIENTED_EDGE('',*,*,#3269,.F.);
#3269 = EDGE_CURVE('',#3270,#3247,#3272,.T.);
#3270 = VERTEX_POINT('',#3271);
#3271 = CARTESIAN_POINT('',(-22.5,-4.19,7.));
#3272 = SURFACE_CURVE('',#3273,(#3277,#3284),.PCURVE_S1.);
#3273 = LINE('',#3274,#3275);
#3274 = CARTESIAN_POINT('',(-22.5,-4.19,3.025));
#3275 = VECTOR('',#3276,1.);
#3276 = DIRECTION('',(0.,0.,-1.));
#3277 = PCURVE('',#1056,#3278);
#3278 = DEFINITIONAL_REPRESENTATION('',(#3279),#3283);
#3279 = LINE('',#3280,#3281);
#3280 = CARTESIAN_POINT('',(0.975,-1.81));
#3281 = VECTOR('',#3282,1.);
#3282 = DIRECTION('',(-1.,0.));
#3283 = ( GEOMETRIC_REPRESENTATION_CONTEXT(2) 
PARAMETRIC_REPRESENTATION_CONTEXT() REPRESENTATION_CONTEXT('2D SPACE',''
  ) );
#3284 = PCURVE('',#3285,#3290);
#3285 = PLANE('',#3286);
#3286 = AXIS2_PLACEMENT_3D('',#3287,#3288,#3289);
#3287 = CARTESIAN_POINT('',(-21.18855042033,-4.19,4.));
#3288 = DIRECTION('',(0.,1.,0.));
#3289 = DIRECTION('',(-1.,0.,-3.545500703517E-29));
#3290 = DEFINITIONAL_REPRESENTATION('',(#3291),#3295);
#3291 = LINE('',#3292,#3293);
#3292 = CARTESIAN_POINT('',(1.31144957967,-0.975));
#3293 = VECTOR('',#3294,1.);
#3294 = DIRECTION('',(3.545500703517E-29,-1.));
#3295 = ( GEOMETRIC_REPRESENTATION_CONTEXT(2) 
PARAMETRIC_REPRESENTATION_CONTEXT() REPRESENTATION_CONTEXT('2D SPACE',''
  ) );
#3296 = ORIENTED_EDGE('',*,*,#3297,.T.);
#3297 = EDGE_CURVE('',#3270,#3298,#3300,.T.);
#3298 = VERTEX_POINT('',#3299);
#3299 = CARTESIAN_POINT('',(-22.5,4.19,7.));
#3300 = SURFACE_CURVE('',#3301,(#3305,#3312),.PCURVE_S1.);
#3301 = LINE('',#3302,#3303);
#3302 = CARTESIAN_POINT('',(-22.5,-3.,7.));
#3303 = VECTOR('',#3304,1.);
#3304 = DIRECTION('',(0.,1.,0.));
#3305 = PCURVE('',#1056,#3306);
#3306 = DEFINITIONAL_REPRESENTATION('',(#3307),#3311);
#3307 = LINE('',#3308,#3309);
#3308 = CARTESIAN_POINT('',(4.95,-3.));
#3309 = VECTOR('',#3310,1.);
#3310 = DIRECTION('',(0.,-1.));
#3311 = ( GEOMETRIC_REPRESENTATION_CONTEXT(2) 
PARAMETRIC_REPRESENTATION_CONTEXT() REPRESENTATION_CONTEXT('2D SPACE',''
  ) );
#3312 = PCURVE('',#1258,#3313);
#3313 = DEFINITIONAL_REPRESENTATION('',(#3314),#3318);
#3314 = LINE('',#3315,#3316);
#3315 = CARTESIAN_POINT('',(-23.5,-3.));
#3316 = VECTOR('',#3317,1.);
#3317 = DIRECTION('',(0.,1.));
#3318 = ( GEOMETRIC_REPRESENTATION_CONTEXT(2) 
PARAMETRIC_REPRESENTATION_CONTEXT() REPRESENTATION_CONTEXT('2D SPACE',''
  ) );
#3319 = ORIENTED_EDGE('',*,*,#3320,.F.);
#3320 = EDGE_CURVE('',#3321,#3298,#3323,.T.);
#3321 = VERTEX_POINT('',#3322);
#3322 = CARTESIAN_POINT('',(-22.5,4.19,4.));
#3323 = SURFACE_CURVE('',#3324,(#3328,#3335),.PCURVE_S1.);
#3324 = LINE('',#3325,#3326);
#3325 = CARTESIAN_POINT('',(-22.5,4.19,3.025));
#3326 = VECTOR('',#3327,1.);
#3327 = DIRECTION('',(-0.,0.,1.));
#3328 = PCURVE('',#1056,#3329);
#3329 = DEFINITIONAL_REPRESENTATION('',(#3330),#3334);
#3330 = LINE('',#3331,#3332);
#3331 = CARTESIAN_POINT('',(0.975,-10.19));
#3332 = VECTOR('',#3333,1.);
#3333 = DIRECTION('',(1.,0.));
#3334 = ( GEOMETRIC_REPRESENTATION_CONTEXT(2) 
PARAMETRIC_REPRESENTATION_CONTEXT() REPRESENTATION_CONTEXT('2D SPACE',''
  ) );
#3335 = PCURVE('',#3336,#3341);
#3336 = PLANE('',#3337);
#3337 = AXIS2_PLACEMENT_3D('',#3338,#3339,#3340);
#3338 = CARTESIAN_POINT('',(-23.81144957966,4.19,4.));
#3339 = DIRECTION('',(0.,-1.,0.));
#3340 = DIRECTION('',(1.,0.,3.545500703517E-29));
#3341 = DEFINITIONAL_REPRESENTATION('',(#3342),#3346);
#3342 = LINE('',#3343,#3344);
#3343 = CARTESIAN_POINT('',(1.31144957966,-0.975));
#3344 = VECTOR('',#3345,1.);
#3345 = DIRECTION('',(3.545500703517E-29,1.));
#3346 = ( GEOMETRIC_REPRESENTATION_CONTEXT(2) 
PARAMETRIC_REPRESENTATION_CONTEXT() REPRESENTATION_CONTEXT('2D SPACE',''
  ) );
#3347 = ORIENTED_EDGE('',*,*,#3348,.T.);
#3348 = EDGE_CURVE('',#3321,#3349,#3351,.T.);
#3349 = VERTEX_POINT('',#3350);
#3350 = CARTESIAN_POINT('',(-22.5,4.85,4.));
#3351 = SURFACE_CURVE('',#3352,(#3356,#3363),.PCURVE_S1.);
#3352 = LINE('',#3353,#3354);
#3353 = CARTESIAN_POINT('',(-22.5,-3.,4.));
#3354 = VECTOR('',#3355,1.);
#3355 = DIRECTION('',(0.,1.,-3.575598433705E-15));
#3356 = PCURVE('',#1056,#3357);
#3357 = DEFINITIONAL_REPRESENTATION('',(#3358),#3362);
#3358 = LINE('',#3359,#3360);
#3359 = CARTESIAN_POINT('',(1.95,-3.));
#3360 = VECTOR('',#3361,1.);
#3361 = DIRECTION('',(-3.575598433705E-15,-1.));
#3362 = ( GEOMETRIC_REPRESENTATION_CONTEXT(2) 
PARAMETRIC_REPRESENTATION_CONTEXT() REPRESENTATION_CONTEXT('2D SPACE',''
  ) );
#3363 = PCURVE('',#1521,#3364);
#3364 = DEFINITIONAL_REPRESENTATION('',(#3365),#3369);
#3365 = LINE('',#3366,#3367);
#3366 = CARTESIAN_POINT('',(-23.5,-3.));
#3367 = VECTOR('',#3368,1.);
#3368 = DIRECTION('',(-1.26772867622E-43,1.));
#3369 = ( GEOMETRIC_REPRESENTATION_CONTEXT(2) 
PARAMETRIC_REPRESENTATION_CONTEXT() REPRESENTATION_CONTEXT('2D SPACE',''
  ) );
#3370 = ORIENTED_EDGE('',*,*,#3371,.T.);
#3371 = EDGE_CURVE('',#3349,#3372,#3374,.T.);
#3372 = VERTEX_POINT('',#3373);
#3373 = CARTESIAN_POINT('',(-22.5,4.85,8.));
#3374 = SURFACE_CURVE('',#3375,(#3379,#3386),.PCURVE_S1.);
#3375 = LINE('',#3376,#3377);
#3376 = CARTESIAN_POINT('',(-22.5,4.85,4.));
#3377 = VECTOR('',#3378,1.);
#3378 = DIRECTION('',(0.,0.,1.));
#3379 = PCURVE('',#1056,#3380);
#3380 = DEFINITIONAL_REPRESENTATION('',(#3381),#3385);
#3381 = LINE('',#3382,#3383);
#3382 = CARTESIAN_POINT('',(1.95,-10.85));
#3383 = VECTOR('',#3384,1.);
#3384 = DIRECTION('',(1.,0.));
#3385 = ( GEOMETRIC_REPRESENTATION_CONTEXT(2) 
PARAMETRIC_REPRESENTATION_CONTEXT() REPRESENTATION_CONTEXT('2D SPACE',''
  ) );
#3386 = PCURVE('',#1494,#3387);
#3387 = DEFINITIONAL_REPRESENTATION('',(#3388),#3391);
#3388 = B_SPLINE_CURVE_WITH_KNOTS('',1,(#3389,#3390),.UNSPECIFIED.,.F.,
  .F.,(2,2),(-5.999999999062E-07,4.0000006),.PIECEWISE_BEZIER_KNOTS.);
#3389 = CARTESIAN_POINT('',(-1.570796326795,-5.999999999062E-07));
#3390 = CARTESIAN_POINT('',(-1.570796326795,4.0000006));
#3391 = ( GEOMETRIC_REPRESENTATION_CONTEXT(2) 
PARAMETRIC_REPRESENTATION_CONTEXT() REPRESENTATION_CONTEXT('2D SPACE',''
  ) );
#3392 = ORIENTED_EDGE('',*,*,#3393,.F.);
#3393 = EDGE_CURVE('',#1611,#3372,#3394,.T.);
#3394 = SURFACE_CURVE('',#3395,(#3399,#3406),.PCURVE_S1.);
#3395 = LINE('',#3396,#3397);
#3396 = CARTESIAN_POINT('',(-22.5,-3.,8.));
#3397 = VECTOR('',#3398,1.);
#3398 = DIRECTION('',(0.,-1.,3.575598433705E-15));
#3399 = PCURVE('',#1056,#3400);
#3400 = DEFINITIONAL_REPRESENTATION('',(#3401),#3405);
#3401 = LINE('',#3402,#3403);
#3402 = CARTESIAN_POINT('',(5.95,-3.));
#3403 = VECTOR('',#3404,1.);
#3404 = DIRECTION('',(3.575598433705E-15,1.));
#3405 = ( GEOMETRIC_REPRESENTATION_CONTEXT(2) 
PARAMETRIC_REPRESENTATION_CONTEXT() REPRESENTATION_CONTEXT('2D SPACE',''
  ) );
#3406 = PCURVE('',#1649,#3407);
#3407 = DEFINITIONAL_REPRESENTATION('',(#3408),#3412);
#3408 = LINE('',#3409,#3410);
#3409 = CARTESIAN_POINT('',(23.5,-3.));
#3410 = VECTOR('',#3411,1.);
#3411 = DIRECTION('',(-1.26772867622E-43,-1.));
#3412 = ( GEOMETRIC_REPRESENTATION_CONTEXT(2) 
PARAMETRIC_REPRESENTATION_CONTEXT() REPRESENTATION_CONTEXT('2D SPACE',''
  ) );
#3413 = ORIENTED_EDGE('',*,*,#1610,.T.);
#3414 = ORIENTED_EDGE('',*,*,#3115,.F.);
#3415 = ADVANCED_FACE('',(#3416),#1205,.F.);
#3416 = FACE_BOUND('',#3417,.F.);
#3417 = EDGE_LOOP('',(#3418,#3441,#3442,#3443,#3444));
#3418 = ORIENTED_EDGE('',*,*,#3419,.F.);
#3419 = EDGE_CURVE('',#3247,#3420,#3422,.T.);
#3420 = VERTEX_POINT('',#3421);
#3421 = CARTESIAN_POINT('',(-21.18855042033,-4.19,4.));
#3422 = SURFACE_CURVE('',#3423,(#3427,#3434),.PCURVE_S1.);
#3423 = LINE('',#3424,#3425);
#3424 = CARTESIAN_POINT('',(-10.09427521016,-4.19,4.));
#3425 = VECTOR('',#3426,1.);
#3426 = DIRECTION('',(1.,0.,3.545500703517E-29));
#3427 = PCURVE('',#1205,#3428);
#3428 = DEFINITIONAL_REPRESENTATION('',(#3429),#3433);
#3429 = LINE('',#3430,#3431);
#3430 = CARTESIAN_POINT('',(-11.09427521016,-4.19));
#3431 = VECTOR('',#3432,1.);
#3432 = DIRECTION('',(1.,0.));
#3433 = ( GEOMETRIC_REPRESENTATION_CONTEXT(2) 
PARAMETRIC_REPRESENTATION_CONTEXT() REPRESENTATION_CONTEXT('2D SPACE',''
  ) );
#3434 = PCURVE('',#3285,#3435);
#3435 = DEFINITIONAL_REPRESENTATION('',(#3436),#3440);
#3436 = LINE('',#3437,#3438);
#3437 = CARTESIAN_POINT('',(-11.09427521017,-3.933476056267E-28));
#3438 = VECTOR('',#3439,1.);
#3439 = DIRECTION('',(-1.,0.));
#3440 = ( GEOMETRIC_REPRESENTATION_CONTEXT(2) 
PARAMETRIC_REPRESENTATION_CONTEXT() REPRESENTATION_CONTEXT('2D SPACE',''
  ) );
#3441 = ORIENTED_EDGE('',*,*,#3246,.F.);
#3442 = ORIENTED_EDGE('',*,*,#3141,.F.);
#3443 = ORIENTED_EDGE('',*,*,#1189,.T.);
#3444 = ORIENTED_EDGE('',*,*,#3445,.F.);
#3445 = EDGE_CURVE('',#3420,#1190,#3446,.T.);
#3446 = SURFACE_CURVE('',#3447,(#3452,#3463),.PCURVE_S1.);
#3447 = CIRCLE('',#3448,2.);
#3448 = AXIS2_PLACEMENT_3D('',#3449,#3450,#3451);
#3449 = CARTESIAN_POINT('',(-22.5,-5.7,4.));
#3450 = DIRECTION('',(3.545500703517E-29,-3.575598433705E-15,-1.));
#3451 = DIRECTION('',(1.,1.267728676219E-43,3.545500703517E-29));
#3452 = PCURVE('',#1205,#3453);
#3453 = DEFINITIONAL_REPRESENTATION('',(#3454),#3462);
#3454 = ( BOUNDED_CURVE() B_SPLINE_CURVE(2,(#3455,#3456,#3457,#3458,
#3459,#3460,#3461),.UNSPECIFIED.,.T.,.F.) B_SPLINE_CURVE_WITH_KNOTS((1,2
    ,2,2,2,1),(-2.094395102393,0.,2.094395102393,4.188790204786,
6.28318530718,8.377580409573),.UNSPECIFIED.) CURVE() 
GEOMETRIC_REPRESENTATION_ITEM() RATIONAL_B_SPLINE_CURVE((1.,0.5,1.,0.5,
1.,0.5,1.)) REPRESENTATION_ITEM('') );
#3455 = CARTESIAN_POINT('',(-21.5,-5.7));
#3456 = CARTESIAN_POINT('',(-21.5,-9.164101615138));
#3457 = CARTESIAN_POINT('',(-24.5,-7.432050807569));
#3458 = CARTESIAN_POINT('',(-27.5,-5.7));
#3459 = CARTESIAN_POINT('',(-24.5,-3.967949192431));
#3460 = CARTESIAN_POINT('',(-21.5,-2.235898384862));
#3461 = CARTESIAN_POINT('',(-21.5,-5.7));
#3462 = ( GEOMETRIC_REPRESENTATION_CONTEXT(2) 
PARAMETRIC_REPRESENTATION_CONTEXT() REPRESENTATION_CONTEXT('2D SPACE',''
  ) );
#3463 = PCURVE('',#1233,#3464);
#3464 = DEFINITIONAL_REPRESENTATION('',(#3465),#3469);
#3465 = LINE('',#3466,#3467);
#3466 = CARTESIAN_POINT('',(7.853981633974,-5.329070518201E-15));
#3467 = VECTOR('',#3468,1.);
#3468 = DIRECTION('',(-1.,0.));
#3469 = ( GEOMETRIC_REPRESENTATION_CONTEXT(2) 
PARAMETRIC_REPRESENTATION_CONTEXT() REPRESENTATION_CONTEXT('2D SPACE',''
  ) );
#3470 = ADVANCED_FACE('',(#3471),#1233,.T.);
#3471 = FACE_BOUND('',#3472,.T.);
#3472 = EDGE_LOOP('',(#3473,#3497,#3498,#3499));
#3473 = ORIENTED_EDGE('',*,*,#3474,.F.);
#3474 = EDGE_CURVE('',#1218,#3475,#3477,.T.);
#3475 = VERTEX_POINT('',#3476);
#3476 = CARTESIAN_POINT('',(-21.18855042033,-4.19,7.));
#3477 = SURFACE_CURVE('',#3478,(#3483,#3490),.PCURVE_S1.);
#3478 = CIRCLE('',#3479,2.);
#3479 = AXIS2_PLACEMENT_3D('',#3480,#3481,#3482);
#3480 = CARTESIAN_POINT('',(-22.5,-5.7,7.));
#3481 = DIRECTION('',(0.,0.,1.));
#3482 = DIRECTION('',(1.,0.,-0.));
#3483 = PCURVE('',#1233,#3484);
#3484 = DEFINITIONAL_REPRESENTATION('',(#3485),#3489);
#3485 = LINE('',#3486,#3487);
#3486 = CARTESIAN_POINT('',(-4.712388980385,3.));
#3487 = VECTOR('',#3488,1.);
#3488 = DIRECTION('',(1.,0.));
#3489 = ( GEOMETRIC_REPRESENTATION_CONTEXT(2) 
PARAMETRIC_REPRESENTATION_CONTEXT() REPRESENTATION_CONTEXT('2D SPACE',''
  ) );
#3490 = PCURVE('',#1258,#3491);
#3491 = DEFINITIONAL_REPRESENTATION('',(#3492),#3496);
#3492 = CIRCLE('',#3493,2.);
#3493 = AXIS2_PLACEMENT_2D('',#3494,#3495);
#3494 = CARTESIAN_POINT('',(-23.5,-5.7));
#3495 = DIRECTION('',(1.,0.));
#3496 = ( GEOMETRIC_REPRESENTATION_CONTEXT(2) 
PARAMETRIC_REPRESENTATION_CONTEXT() REPRESENTATION_CONTEXT('2D SPACE',''
  ) );
#3497 = ORIENTED_EDGE('',*,*,#1217,.F.);
#3498 = ORIENTED_EDGE('',*,*,#3445,.F.);
#3499 = ORIENTED_EDGE('',*,*,#3500,.T.);
#3500 = EDGE_CURVE('',#3420,#3475,#3501,.T.);
#3501 = SURFACE_CURVE('',#3502,(#3506,#3513),.PCURVE_S1.);
#3502 = LINE('',#3503,#3504);
#3503 = CARTESIAN_POINT('',(-21.18855042033,-4.19,4.));
#3504 = VECTOR('',#3505,1.);
#3505 = DIRECTION('',(0.,0.,1.));
#3506 = PCURVE('',#1233,#3507);
#3507 = DEFINITIONAL_REPRESENTATION('',(#3508),#3512);
#3508 = LINE('',#3509,#3510);
#3509 = CARTESIAN_POINT('',(2.426450446298,9.769962616701E-15));
#3510 = VECTOR('',#3511,1.);
#3511 = DIRECTION('',(0.,1.));
#3512 = ( GEOMETRIC_REPRESENTATION_CONTEXT(2) 
PARAMETRIC_REPRESENTATION_CONTEXT() REPRESENTATION_CONTEXT('2D SPACE',''
  ) );
#3513 = PCURVE('',#3285,#3514);
#3514 = DEFINITIONAL_REPRESENTATION('',(#3515),#3519);
#3515 = LINE('',#3516,#3517);
#3516 = CARTESIAN_POINT('',(0.,0.));
#3517 = VECTOR('',#3518,1.);
#3518 = DIRECTION('',(-3.545500703517E-29,1.));
#3519 = ( GEOMETRIC_REPRESENTATION_CONTEXT(2) 
PARAMETRIC_REPRESENTATION_CONTEXT() REPRESENTATION_CONTEXT('2D SPACE',''
  ) );
#3520 = ADVANCED_FACE('',(#3521,#3598,#3624,#3655),#1258,.F.);
#3521 = FACE_BOUND('',#3522,.F.);
#3522 = EDGE_LOOP('',(#3523,#3524,#3525,#3526,#3550,#3571,#3572,#3593,
    #3594,#3595,#3596,#3597));
#3523 = ORIENTED_EDGE('',*,*,#2114,.T.);
#3524 = ORIENTED_EDGE('',*,*,#2162,.T.);
#3525 = ORIENTED_EDGE('',*,*,#1560,.F.);
#3526 = ORIENTED_EDGE('',*,*,#3527,.F.);
#3527 = EDGE_CURVE('',#3528,#1534,#3530,.T.);
#3528 = VERTEX_POINT('',#3529);
#3529 = CARTESIAN_POINT('',(-21.18855042033,4.19,7.));
#3530 = SURFACE_CURVE('',#3531,(#3536,#3543),.PCURVE_S1.);
#3531 = CIRCLE('',#3532,2.);
#3532 = AXIS2_PLACEMENT_3D('',#3533,#3534,#3535);
#3533 = CARTESIAN_POINT('',(-22.5,5.7,7.));
#3534 = DIRECTION('',(0.,0.,1.));
#3535 = DIRECTION('',(1.,0.,-0.));
#3536 = PCURVE('',#1258,#3537);
#3537 = DEFINITIONAL_REPRESENTATION('',(#3538),#3542);
#3538 = CIRCLE('',#3539,2.);
#3539 = AXIS2_PLACEMENT_2D('',#3540,#3541);
#3540 = CARTESIAN_POINT('',(-23.5,5.7));
#3541 = DIRECTION('',(1.,0.));
#3542 = ( GEOMETRIC_REPRESENTATION_CONTEXT(2) 
PARAMETRIC_REPRESENTATION_CONTEXT() REPRESENTATION_CONTEXT('2D SPACE',''
  ) );
#3543 = PCURVE('',#1549,#3544);
#3544 = DEFINITIONAL_REPRESENTATION('',(#3545),#3549);
#3545 = LINE('',#3546,#3547);
#3546 = CARTESIAN_POINT('',(-1.570796326795,3.));
#3547 = VECTOR('',#3548,1.);
#3548 = DIRECTION('',(1.,0.));
#3549 = ( GEOMETRIC_REPRESENTATION_CONTEXT(2) 
PARAMETRIC_REPRESENTATION_CONTEXT() REPRESENTATION_CONTEXT('2D SPACE',''
  ) );
#3550 = ORIENTED_EDGE('',*,*,#3551,.F.);
#3551 = EDGE_CURVE('',#3298,#3528,#3552,.T.);
#3552 = SURFACE_CURVE('',#3553,(#3557,#3564),.PCURVE_S1.);
#3553 = LINE('',#3554,#3555);
#3554 = CARTESIAN_POINT('',(-11.40572478983,4.19,7.));
#3555 = VECTOR('',#3556,1.);
#3556 = DIRECTION('',(1.,0.,0.));
#3557 = PCURVE('',#1258,#3558);
#3558 = DEFINITIONAL_REPRESENTATION('',(#3559),#3563);
#3559 = LINE('',#3560,#3561);
#3560 = CARTESIAN_POINT('',(-12.40572478983,4.19));
#3561 = VECTOR('',#3562,1.);
#3562 = DIRECTION('',(1.,0.));
#3563 = ( GEOMETRIC_REPRESENTATION_CONTEXT(2) 
PARAMETRIC_REPRESENTATION_CONTEXT() REPRESENTATION_CONTEXT('2D SPACE',''
  ) );
#3564 = PCURVE('',#3336,#3565);
#3565 = DEFINITIONAL_REPRESENTATION('',(#3566),#3570);
#3566 = LINE('',#3567,#3568);
#3567 = CARTESIAN_POINT('',(12.40572478983,3.));
#3568 = VECTOR('',#3569,1.);
#3569 = DIRECTION('',(1.,-3.545500703517E-29));
#3570 = ( GEOMETRIC_REPRESENTATION_CONTEXT(2) 
PARAMETRIC_REPRESENTATION_CONTEXT() REPRESENTATION_CONTEXT('2D SPACE',''
  ) );
#3571 = ORIENTED_EDGE('',*,*,#3297,.F.);
#3572 = ORIENTED_EDGE('',*,*,#3573,.F.);
#3573 = EDGE_CURVE('',#3475,#3270,#3574,.T.);
#3574 = SURFACE_CURVE('',#3575,(#3579,#3586),.PCURVE_S1.);
#3575 = LINE('',#3576,#3577);
#3576 = CARTESIAN_POINT('',(-10.09427521016,-4.19,7.));
#3577 = VECTOR('',#3578,1.);
#3578 = DIRECTION('',(-1.,0.,0.));
#3579 = PCURVE('',#1258,#3580);
#3580 = DEFINITIONAL_REPRESENTATION('',(#3581),#3585);
#3581 = LINE('',#3582,#3583);
#3582 = CARTESIAN_POINT('',(-11.09427521016,-4.19));
#3583 = VECTOR('',#3584,1.);
#3584 = DIRECTION('',(-1.,0.));
#3585 = ( GEOMETRIC_REPRESENTATION_CONTEXT(2) 
PARAMETRIC_REPRESENTATION_CONTEXT() REPRESENTATION_CONTEXT('2D SPACE',''
  ) );
#3586 = PCURVE('',#3285,#3587);
#3587 = DEFINITIONAL_REPRESENTATION('',(#3588),#3592);
#3588 = LINE('',#3589,#3590);
#3589 = CARTESIAN_POINT('',(-11.09427521017,3.));
#3590 = VECTOR('',#3591,1.);
#3591 = DIRECTION('',(1.,3.545500703517E-29));
#3592 = ( GEOMETRIC_REPRESENTATION_CONTEXT(2) 
PARAMETRIC_REPRESENTATION_CONTEXT() REPRESENTATION_CONTEXT('2D SPACE',''
  ) );
#3593 = ORIENTED_EDGE('',*,*,#3474,.F.);
#3594 = ORIENTED_EDGE('',*,*,#1244,.T.);
#3595 = ORIENTED_EDGE('',*,*,#2186,.T.);
#3596 = ORIENTED_EDGE('',*,*,#2016,.T.);
#3597 = ORIENTED_EDGE('',*,*,#2065,.T.);
#3598 = FACE_BOUND('',#3599,.F.);
#3599 = EDGE_LOOP('',(#3600));
#3600 = ORIENTED_EDGE('',*,*,#3601,.F.);
#3601 = EDGE_CURVE('',#3602,#3602,#3604,.T.);
#3602 = VERTEX_POINT('',#3603);
#3603 = CARTESIAN_POINT('',(-11.,-3.5,7.));
#3604 = SURFACE_CURVE('',#3605,(#3610,#3617),.PCURVE_S1.);
#3605 = CIRCLE('',#3606,1.5);
#3606 = AXIS2_PLACEMENT_3D('',#3607,#3608,#3609);
#3607 = CARTESIAN_POINT('',(-12.5,-3.5,7.));
#3608 = DIRECTION('',(0.,0.,1.));
#3609 = DIRECTION('',(-1.,9.90874049478E-15,0.));
#3610 = PCURVE('',#1258,#3611);
#3611 = DEFINITIONAL_REPRESENTATION('',(#3612),#3616);
#3612 = CIRCLE('',#3613,1.5);
#3613 = AXIS2_PLACEMENT_2D('',#3614,#3615);
#3614 = CARTESIAN_POINT('',(-13.5,-3.5));
#3615 = DIRECTION('',(-1.,9.90874049478E-15));
#3616 = ( GEOMETRIC_REPRESENTATION_CONTEXT(2) 
PARAMETRIC_REPRESENTATION_CONTEXT() REPRESENTATION_CONTEXT('2D SPACE',''
  ) );
#3617 = PCURVE('',#2331,#3618);
#3618 = DEFINITIONAL_REPRESENTATION('',(#3619),#3623);
#3619 = LINE('',#3620,#3621);
#3620 = CARTESIAN_POINT('',(-4.138911435803E-13,0.));
#3621 = VECTOR('',#3622,1.);
#3622 = DIRECTION('',(1.,0.));
#3623 = ( GEOMETRIC_REPRESENTATION_CONTEXT(2) 
PARAMETRIC_REPRESENTATION_CONTEXT() REPRESENTATION_CONTEXT('2D SPACE',''
  ) );
#3624 = FACE_BOUND('',#3625,.F.);
#3625 = EDGE_LOOP('',(#3626));
#3626 = ORIENTED_EDGE('',*,*,#3627,.F.);
#3627 = EDGE_CURVE('',#3628,#3628,#3630,.T.);
#3628 = VERTEX_POINT('',#3629);
#3629 = CARTESIAN_POINT('',(22.5,-5.7,7.));
#3630 = SURFACE_CURVE('',#3631,(#3636,#3643),.PCURVE_S1.);
#3631 = CIRCLE('',#3632,2.);
#3632 = AXIS2_PLACEMENT_3D('',#3633,#3634,#3635);
#3633 = CARTESIAN_POINT('',(24.5,-5.7,7.));
#3634 = DIRECTION('',(0.,0.,1.));
#3635 = DIRECTION('',(1.,0.,-0.));
#3636 = PCURVE('',#1258,#3637);
#3637 = DEFINITIONAL_REPRESENTATION('',(#3638),#3642);
#3638 = CIRCLE('',#3639,2.);
#3639 = AXIS2_PLACEMENT_2D('',#3640,#3641);
#3640 = CARTESIAN_POINT('',(23.5,-5.7));
#3641 = DIRECTION('',(1.,0.));
#3642 = ( GEOMETRIC_REPRESENTATION_CONTEXT(2) 
PARAMETRIC_REPRESENTATION_CONTEXT() REPRESENTATION_CONTEXT('2D SPACE',''
  ) );
#3643 = PCURVE('',#3644,#3649);
#3644 = CYLINDRICAL_SURFACE('',#3645,2.);
#3645 = AXIS2_PLACEMENT_3D('',#3646,#3647,#3648);
#3646 = CARTESIAN_POINT('',(24.5,-5.7,4.));
#3647 = DIRECTION('',(0.,0.,1.));
#3648 = DIRECTION('',(1.,0.,-0.));
#3649 = DEFINITIONAL_REPRESENTATION('',(#3650),#3654);
#3650 = LINE('',#3651,#3652);
#3651 = CARTESIAN_POINT('',(-4.138911435803E-13,3.));
#3652 = VECTOR('',#3653,1.);
#3653 = DIRECTION('',(1.,0.));
#3654 = ( GEOMETRIC_REPRESENTATION_CONTEXT(2) 
PARAMETRIC_REPRESENTATION_CONTEXT() REPRESENTATION_CONTEXT('2D SPACE',''
  ) );
#3655 = FACE_BOUND('',#3656,.F.);
#3656 = EDGE_LOOP('',(#3657));
#3657 = ORIENTED_EDGE('',*,*,#3658,.F.);
#3658 = EDGE_CURVE('',#3659,#3659,#3661,.T.);
#3659 = VERTEX_POINT('',#3660);
#3660 = CARTESIAN_POINT('',(22.5,5.7,7.));
#3661 = SURFACE_CURVE('',#3662,(#3667,#3674),.PCURVE_S1.);
#3662 = CIRCLE('',#3663,2.);
#3663 = AXIS2_PLACEMENT_3D('',#3664,#3665,#3666);
#3664 = CARTESIAN_POINT('',(24.5,5.7,7.));
#3665 = DIRECTION('',(0.,0.,1.));
#3666 = DIRECTION('',(1.,0.,-0.));
#3667 = PCURVE('',#1258,#3668);
#3668 = DEFINITIONAL_REPRESENTATION('',(#3669),#3673);
#3669 = CIRCLE('',#3670,2.);
#3670 = AXIS2_PLACEMENT_2D('',#3671,#3672);
#3671 = CARTESIAN_POINT('',(23.5,5.7));
#3672 = DIRECTION('',(1.,0.));
#3673 = ( GEOMETRIC_REPRESENTATION_CONTEXT(2) 
PARAMETRIC_REPRESENTATION_CONTEXT() REPRESENTATION_CONTEXT('2D SPACE',''
  ) );
#3674 = PCURVE('',#3675,#3680);
#3675 = CYLINDRICAL_SURFACE('',#3676,2.);
#3676 = AXIS2_PLACEMENT_3D('',#3677,#3678,#3679);
#3677 = CARTESIAN_POINT('',(24.5,5.7,4.));
#3678 = DIRECTION('',(0.,0.,1.));
#3679 = DIRECTION('',(1.,0.,-0.));
#3680 = DEFINITIONAL_REPRESENTATION('',(#3681),#3685);
#3681 = LINE('',#3682,#3683);
#3682 = CARTESIAN_POINT('',(-4.138911435803E-13,3.));
#3683 = VECTOR('',#3684,1.);
#3684 = DIRECTION('',(1.,0.));
#3685 = ( GEOMETRIC_REPRESENTATION_CONTEXT(2) 
PARAMETRIC_REPRESENTATION_CONTEXT() REPRESENTATION_CONTEXT('2D SPACE',''
  ) );
#3686 = ADVANCED_FACE('',(#3687),#1494,.F.);
#3687 = FACE_BOUND('',#3688,.F.);
#3688 = EDGE_LOOP('',(#3689,#3690,#3712,#3713,#3714));
#3689 = ORIENTED_EDGE('',*,*,#3371,.F.);
#3690 = ORIENTED_EDGE('',*,*,#3691,.T.);
#3691 = EDGE_CURVE('',#3349,#1479,#3692,.T.);
#3692 = SURFACE_CURVE('',#3693,(#3698,#3705),.PCURVE_S1.);
#3693 = CIRCLE('',#3694,0.85);
#3694 = AXIS2_PLACEMENT_3D('',#3695,#3696,#3697);
#3695 = CARTESIAN_POINT('',(-22.5,5.7,4.));
#3696 = DIRECTION('',(-3.545500703517E-29,3.575598433705E-15,1.));
#3697 = DIRECTION('',(1.,1.267728676219E-43,3.545500703517E-29));
#3698 = PCURVE('',#1494,#3699);
#3699 = DEFINITIONAL_REPRESENTATION('',(#3700),#3704);
#3700 = LINE('',#3701,#3702);
#3701 = CARTESIAN_POINT('',(-6.28318530718,0.));
#3702 = VECTOR('',#3703,1.);
#3703 = DIRECTION('',(1.,0.));
#3704 = ( GEOMETRIC_REPRESENTATION_CONTEXT(2) 
PARAMETRIC_REPRESENTATION_CONTEXT() REPRESENTATION_CONTEXT('2D SPACE',''
  ) );
#3705 = PCURVE('',#1521,#3706);
#3706 = DEFINITIONAL_REPRESENTATION('',(#3707),#3711);
#3707 = CIRCLE('',#3708,0.85);
#3708 = AXIS2_PLACEMENT_2D('',#3709,#3710);
#3709 = CARTESIAN_POINT('',(-23.5,5.7));
#3710 = DIRECTION('',(1.,1.267728676219E-43));
#3711 = ( GEOMETRIC_REPRESENTATION_CONTEXT(2) 
PARAMETRIC_REPRESENTATION_CONTEXT() REPRESENTATION_CONTEXT('2D SPACE',''
  ) );
#3712 = ORIENTED_EDGE('',*,*,#1478,.T.);
#3713 = ORIENTED_EDGE('',*,*,#1661,.T.);
#3714 = ORIENTED_EDGE('',*,*,#3715,.F.);
#3715 = EDGE_CURVE('',#3372,#1635,#3716,.T.);
#3716 = SURFACE_CURVE('',#3717,(#3722,#3729),.PCURVE_S1.);
#3717 = CIRCLE('',#3718,0.85);
#3718 = AXIS2_PLACEMENT_3D('',#3719,#3720,#3721);
#3719 = CARTESIAN_POINT('',(-22.5,5.7,8.));
#3720 = DIRECTION('',(-3.545500703517E-29,3.575598433705E-15,1.));
#3721 = DIRECTION('',(1.,1.267728676219E-43,3.545500703517E-29));
#3722 = PCURVE('',#1494,#3723);
#3723 = DEFINITIONAL_REPRESENTATION('',(#3724),#3728);
#3724 = LINE('',#3725,#3726);
#3725 = CARTESIAN_POINT('',(-6.28318530718,4.));
#3726 = VECTOR('',#3727,1.);
#3727 = DIRECTION('',(1.,0.));
#3728 = ( GEOMETRIC_REPRESENTATION_CONTEXT(2) 
PARAMETRIC_REPRESENTATION_CONTEXT() REPRESENTATION_CONTEXT('2D SPACE',''
  ) );
#3729 = PCURVE('',#1649,#3730);
#3730 = DEFINITIONAL_REPRESENTATION('',(#3731),#3739);
#3731 = ( BOUNDED_CURVE() B_SPLINE_CURVE(2,(#3732,#3733,#3734,#3735,
#3736,#3737,#3738),.UNSPECIFIED.,.T.,.F.) B_SPLINE_CURVE_WITH_KNOTS((1,2
    ,2,2,2,1),(-2.094395102393,0.,2.094395102393,4.188790204786,
6.28318530718,8.377580409573),.UNSPECIFIED.) CURVE() 
GEOMETRIC_REPRESENTATION_ITEM() RATIONAL_B_SPLINE_CURVE((1.,0.5,1.,0.5,
1.,0.5,1.)) REPRESENTATION_ITEM('') );
#3732 = CARTESIAN_POINT('',(22.65,5.7));
#3733 = CARTESIAN_POINT('',(22.65,7.172243186434));
#3734 = CARTESIAN_POINT('',(23.925,6.436121593217));
#3735 = CARTESIAN_POINT('',(25.2,5.7));
#3736 = CARTESIAN_POINT('',(23.925,4.963878406783));
#3737 = CARTESIAN_POINT('',(22.65,4.227756813567));
#3738 = CARTESIAN_POINT('',(22.65,5.7));
#3739 = ( GEOMETRIC_REPRESENTATION_CONTEXT(2) 
PARAMETRIC_REPRESENTATION_CONTEXT() REPRESENTATION_CONTEXT('2D SPACE',''
  ) );
#3740 = ADVANCED_FACE('',(#3741),#1521,.F.);
#3741 = FACE_BOUND('',#3742,.F.);
#3742 = EDGE_LOOP('',(#3743,#3771,#3772,#3773,#3774));
#3743 = ORIENTED_EDGE('',*,*,#3744,.F.);
#3744 = EDGE_CURVE('',#1506,#3745,#3747,.T.);
#3745 = VERTEX_POINT('',#3746);
#3746 = CARTESIAN_POINT('',(-21.18855042033,4.19,4.));
#3747 = SURFACE_CURVE('',#3748,(#3753,#3764),.PCURVE_S1.);
#3748 = CIRCLE('',#3749,2.);
#3749 = AXIS2_PLACEMENT_3D('',#3750,#3751,#3752);
#3750 = CARTESIAN_POINT('',(-22.5,5.7,4.));
#3751 = DIRECTION('',(3.545500703517E-29,-3.575598433705E-15,-1.));
#3752 = DIRECTION('',(1.,1.267728676219E-43,3.545500703517E-29));
#3753 = PCURVE('',#1521,#3754);
#3754 = DEFINITIONAL_REPRESENTATION('',(#3755),#3763);
#3755 = ( BOUNDED_CURVE() B_SPLINE_CURVE(2,(#3756,#3757,#3758,#3759,
#3760,#3761,#3762),.UNSPECIFIED.,.T.,.F.) B_SPLINE_CURVE_WITH_KNOTS((1,2
    ,2,2,2,1),(-2.094395102393,0.,2.094395102393,4.188790204786,
6.28318530718,8.377580409573),.UNSPECIFIED.) CURVE() 
GEOMETRIC_REPRESENTATION_ITEM() RATIONAL_B_SPLINE_CURVE((1.,0.5,1.,0.5,
1.,0.5,1.)) REPRESENTATION_ITEM('') );
#3756 = CARTESIAN_POINT('',(-21.5,5.7));
#3757 = CARTESIAN_POINT('',(-21.5,2.235898384862));
#3758 = CARTESIAN_POINT('',(-24.5,3.967949192431));
#3759 = CARTESIAN_POINT('',(-27.5,5.7));
#3760 = CARTESIAN_POINT('',(-24.5,7.432050807569));
#3761 = CARTESIAN_POINT('',(-21.5,9.164101615138));
#3762 = CARTESIAN_POINT('',(-21.5,5.7));
#3763 = ( GEOMETRIC_REPRESENTATION_CONTEXT(2) 
PARAMETRIC_REPRESENTATION_CONTEXT() REPRESENTATION_CONTEXT('2D SPACE',''
  ) );
#3764 = PCURVE('',#1549,#3765);
#3765 = DEFINITIONAL_REPRESENTATION('',(#3766),#3770);
#3766 = LINE('',#3767,#3768);
#3767 = CARTESIAN_POINT('',(10.995574287565,5.329070518201E-15));
#3768 = VECTOR('',#3769,1.);
#3769 = DIRECTION('',(-1.,0.));
#3770 = ( GEOMETRIC_REPRESENTATION_CONTEXT(2) 
PARAMETRIC_REPRESENTATION_CONTEXT() REPRESENTATION_CONTEXT('2D SPACE',''
  ) );
#3771 = ORIENTED_EDGE('',*,*,#1505,.F.);
#3772 = ORIENTED_EDGE('',*,*,#3691,.F.);
#3773 = ORIENTED_EDGE('',*,*,#3348,.F.);
#3774 = ORIENTED_EDGE('',*,*,#3775,.F.);
#3775 = EDGE_CURVE('',#3745,#3321,#3776,.T.);
#3776 = SURFACE_CURVE('',#3777,(#3781,#3788),.PCURVE_S1.);
#3777 = LINE('',#3778,#3779);
#3778 = CARTESIAN_POINT('',(-11.40572478983,4.19,4.));
#3779 = VECTOR('',#3780,1.);
#3780 = DIRECTION('',(-1.,0.,-3.545500703517E-29));
#3781 = PCURVE('',#1521,#3782);
#3782 = DEFINITIONAL_REPRESENTATION('',(#3783),#3787);
#3783 = LINE('',#3784,#3785);
#3784 = CARTESIAN_POINT('',(-12.40572478983,4.19));
#3785 = VECTOR('',#3786,1.);
#3786 = DIRECTION('',(-1.,0.));
#3787 = ( GEOMETRIC_REPRESENTATION_CONTEXT(2) 
PARAMETRIC_REPRESENTATION_CONTEXT() REPRESENTATION_CONTEXT('2D SPACE',''
  ) );
#3788 = PCURVE('',#3336,#3789);
#3789 = DEFINITIONAL_REPRESENTATION('',(#3790),#3794);
#3790 = LINE('',#3791,#3792);
#3791 = CARTESIAN_POINT('',(12.40572478983,-4.398450596998E-28));
#3792 = VECTOR('',#3793,1.);
#3793 = DIRECTION('',(-1.,0.));
#3794 = ( GEOMETRIC_REPRESENTATION_CONTEXT(2) 
PARAMETRIC_REPRESENTATION_CONTEXT() REPRESENTATION_CONTEXT('2D SPACE',''
  ) );
#3795 = ADVANCED_FACE('',(#3796),#1549,.T.);
#3796 = FACE_BOUND('',#3797,.T.);
#3797 = EDGE_LOOP('',(#3798,#3799,#3820,#3821));
#3798 = ORIENTED_EDGE('',*,*,#3527,.F.);
#3799 = ORIENTED_EDGE('',*,*,#3800,.F.);
#3800 = EDGE_CURVE('',#3745,#3528,#3801,.T.);
#3801 = SURFACE_CURVE('',#3802,(#3806,#3813),.PCURVE_S1.);
#3802 = LINE('',#3803,#3804);
#3803 = CARTESIAN_POINT('',(-21.18855042033,4.19,4.));
#3804 = VECTOR('',#3805,1.);
#3805 = DIRECTION('',(0.,0.,1.));
#3806 = PCURVE('',#1549,#3807);
#3807 = DEFINITIONAL_REPRESENTATION('',(#3808),#3812);
#3808 = LINE('',#3809,#3810);
#3809 = CARTESIAN_POINT('',(3.856734860881,-2.04281036531E-14));
#3810 = VECTOR('',#3811,1.);
#3811 = DIRECTION('',(0.,1.));
#3812 = ( GEOMETRIC_REPRESENTATION_CONTEXT(2) 
PARAMETRIC_REPRESENTATION_CONTEXT() REPRESENTATION_CONTEXT('2D SPACE',''
  ) );
#3813 = PCURVE('',#3336,#3814);
#3814 = DEFINITIONAL_REPRESENTATION('',(#3815),#3819);
#3815 = LINE('',#3816,#3817);
#3816 = CARTESIAN_POINT('',(2.62289915933,-9.299490814659E-29));
#3817 = VECTOR('',#3818,1.);
#3818 = DIRECTION('',(3.545500703517E-29,1.));
#3819 = ( GEOMETRIC_REPRESENTATION_CONTEXT(2) 
PARAMETRIC_REPRESENTATION_CONTEXT() REPRESENTATION_CONTEXT('2D SPACE',''
  ) );
#3820 = ORIENTED_EDGE('',*,*,#3744,.F.);
#3821 = ORIENTED_EDGE('',*,*,#1533,.T.);
#3822 = ADVANCED_FACE('',(#3823),#1649,.T.);
#3823 = FACE_BOUND('',#3824,.T.);
#3824 = EDGE_LOOP('',(#3825,#3826,#3827));
#3825 = ORIENTED_EDGE('',*,*,#3715,.F.);
#3826 = ORIENTED_EDGE('',*,*,#3393,.F.);
#3827 = ORIENTED_EDGE('',*,*,#1634,.F.);
#3828 = ADVANCED_FACE('',(#3829),#1732,.T.);
#3829 = FACE_BOUND('',#3830,.T.);
#3830 = EDGE_LOOP('',(#3831,#3832,#3833,#3854));
#3831 = ORIENTED_EDGE('',*,*,#1718,.T.);
#3832 = ORIENTED_EDGE('',*,*,#2286,.T.);
#3833 = ORIENTED_EDGE('',*,*,#3834,.T.);
#3834 = EDGE_CURVE('',#2264,#1752,#3835,.T.);
#3835 = SURFACE_CURVE('',#3836,(#3840,#3847),.PCURVE_S1.);
#3836 = LINE('',#3837,#3838);
#3837 = CARTESIAN_POINT('',(28.3,12.7,9.));
#3838 = VECTOR('',#3839,1.);
#3839 = DIRECTION('',(0.,0.707106781187,-0.707106781187));
#3840 = PCURVE('',#1732,#3841);
#3841 = DEFINITIONAL_REPRESENTATION('',(#3842),#3846);
#3842 = LINE('',#3843,#3844);
#3843 = CARTESIAN_POINT('',(40.35,-0.565685424949));
#3844 = VECTOR('',#3845,1.);
#3845 = DIRECTION('',(0.,1.));
#3846 = ( GEOMETRIC_REPRESENTATION_CONTEXT(2) 
PARAMETRIC_REPRESENTATION_CONTEXT() REPRESENTATION_CONTEXT('2D SPACE',''
  ) );
#3847 = PCURVE('',#1816,#3848);
#3848 = DEFINITIONAL_REPRESENTATION('',(#3849),#3853);
#3849 = LINE('',#3850,#3851);
#3850 = CARTESIAN_POINT('',(-0.565685424949,-0.979795897113));
#3851 = VECTOR('',#3852,1.);
#3852 = DIRECTION('',(0.5,0.866025403784));
#3853 = ( GEOMETRIC_REPRESENTATION_CONTEXT(2) 
PARAMETRIC_REPRESENTATION_CONTEXT() REPRESENTATION_CONTEXT('2D SPACE',''
  ) );
#3854 = ORIENTED_EDGE('',*,*,#1751,.T.);
#3855 = ADVANCED_FACE('',(#3856),#1816,.T.);
#3856 = FACE_BOUND('',#3857,.T.);
#3857 = EDGE_LOOP('',(#3858,#3879,#3880));
#3858 = ORIENTED_EDGE('',*,*,#3859,.F.);
#3859 = EDGE_CURVE('',#1801,#2264,#3860,.T.);
#3860 = SURFACE_CURVE('',#3861,(#3865,#3872),.PCURVE_S1.);
#3861 = LINE('',#3862,#3863);
#3862 = CARTESIAN_POINT('',(29.1,12.7,8.2));
#3863 = VECTOR('',#3864,1.);
#3864 = DIRECTION('',(-0.707106781187,0.,0.707106781187));
#3865 = PCURVE('',#1816,#3866);
#3866 = DEFINITIONAL_REPRESENTATION('',(#3867),#3871);
#3867 = LINE('',#3868,#3869);
#3868 = CARTESIAN_POINT('',(0.565685424949,-0.979795897113));
#3869 = VECTOR('',#3870,1.);
#3870 = DIRECTION('',(-1.,0.));
#3871 = ( GEOMETRIC_REPRESENTATION_CONTEXT(2) 
PARAMETRIC_REPRESENTATION_CONTEXT() REPRESENTATION_CONTEXT('2D SPACE',''
  ) );
#3872 = PCURVE('',#1870,#3873);
#3873 = DEFINITIONAL_REPRESENTATION('',(#3874),#3878);
#3874 = LINE('',#3875,#3876);
#3875 = CARTESIAN_POINT('',(0.565685424949,6.95));
#3876 = VECTOR('',#3877,1.);
#3877 = DIRECTION('',(-1.,0.));
#3878 = ( GEOMETRIC_REPRESENTATION_CONTEXT(2) 
PARAMETRIC_REPRESENTATION_CONTEXT() REPRESENTATION_CONTEXT('2D SPACE',''
  ) );
#3879 = ORIENTED_EDGE('',*,*,#1800,.F.);
#3880 = ORIENTED_EDGE('',*,*,#3834,.F.);
#3881 = ADVANCED_FACE('',(#3882),#1870,.T.);
#3882 = FACE_BOUND('',#3883,.T.);
#3883 = EDGE_LOOP('',(#3884,#3885,#3886,#3907));
#3884 = ORIENTED_EDGE('',*,*,#3859,.T.);
#3885 = ORIENTED_EDGE('',*,*,#2263,.T.);
#3886 = ORIENTED_EDGE('',*,*,#3887,.T.);
#3887 = EDGE_CURVE('',#2241,#1855,#3888,.T.);
#3888 = SURFACE_CURVE('',#3889,(#3893,#3900),.PCURVE_S1.);
#3889 = LINE('',#3890,#3891);
#3890 = CARTESIAN_POINT('',(28.3,-12.7,9.));
#3891 = VECTOR('',#3892,1.);
#3892 = DIRECTION('',(0.707106781187,0.,-0.707106781187));
#3893 = PCURVE('',#1870,#3894);
#3894 = DEFINITIONAL_REPRESENTATION('',(#3895),#3899);
#3895 = LINE('',#3896,#3897);
#3896 = CARTESIAN_POINT('',(-0.565685424949,-18.45));
#3897 = VECTOR('',#3898,1.);
#3898 = DIRECTION('',(1.,0.));
#3899 = ( GEOMETRIC_REPRESENTATION_CONTEXT(2) 
PARAMETRIC_REPRESENTATION_CONTEXT() REPRESENTATION_CONTEXT('2D SPACE',''
  ) );
#3900 = PCURVE('',#1924,#3901);
#3901 = DEFINITIONAL_REPRESENTATION('',(#3902),#3906);
#3902 = LINE('',#3903,#3904);
#3903 = CARTESIAN_POINT('',(-1.131370849898,0.));
#3904 = VECTOR('',#3905,1.);
#3905 = DIRECTION('',(1.,0.));
#3906 = ( GEOMETRIC_REPRESENTATION_CONTEXT(2) 
PARAMETRIC_REPRESENTATION_CONTEXT() REPRESENTATION_CONTEXT('2D SPACE',''
  ) );
#3907 = ORIENTED_EDGE('',*,*,#1854,.T.);
#3908 = ADVANCED_FACE('',(#3909),#1924,.T.);
#3909 = FACE_BOUND('',#3910,.T.);
#3910 = EDGE_LOOP('',(#3911,#3932,#3933));
#3911 = ORIENTED_EDGE('',*,*,#3912,.F.);
#3912 = EDGE_CURVE('',#1909,#2241,#3913,.T.);
#3913 = SURFACE_CURVE('',#3914,(#3918,#3925),.PCURVE_S1.);
#3914 = LINE('',#3915,#3916);
#3915 = CARTESIAN_POINT('',(28.3,-13.5,8.2));
#3916 = VECTOR('',#3917,1.);
#3917 = DIRECTION('',(0.,0.707106781187,0.707106781187));
#3918 = PCURVE('',#1924,#3919);
#3919 = DEFINITIONAL_REPRESENTATION('',(#3920),#3924);
#3920 = LINE('',#3921,#3922);
#3921 = CARTESIAN_POINT('',(-0.565685424949,-0.979795897113));
#3922 = VECTOR('',#3923,1.);
#3923 = DIRECTION('',(-0.5,0.866025403784));
#3924 = ( GEOMETRIC_REPRESENTATION_CONTEXT(2) 
PARAMETRIC_REPRESENTATION_CONTEXT() REPRESENTATION_CONTEXT('2D SPACE',''
  ) );
#3925 = PCURVE('',#1976,#3926);
#3926 = DEFINITIONAL_REPRESENTATION('',(#3927),#3931);
#3927 = LINE('',#3928,#3929);
#3928 = CARTESIAN_POINT('',(14.25,-0.565685424949));
#3929 = VECTOR('',#3930,1.);
#3930 = DIRECTION('',(0.,1.));
#3931 = ( GEOMETRIC_REPRESENTATION_CONTEXT(2) 
PARAMETRIC_REPRESENTATION_CONTEXT() REPRESENTATION_CONTEXT('2D SPACE',''
  ) );
#3932 = ORIENTED_EDGE('',*,*,#1908,.F.);
#3933 = ORIENTED_EDGE('',*,*,#3887,.F.);
#3934 = ADVANCED_FACE('',(#3935),#1976,.T.);
#3935 = FACE_BOUND('',#3936,.T.);
#3936 = EDGE_LOOP('',(#3937,#3938,#3939,#3940));
#3937 = ORIENTED_EDGE('',*,*,#3912,.T.);
#3938 = ORIENTED_EDGE('',*,*,#2240,.T.);
#3939 = ORIENTED_EDGE('',*,*,#2216,.T.);
#3940 = ORIENTED_EDGE('',*,*,#1962,.T.);
#3941 = ADVANCED_FACE('',(#3942),#2331,.F.);
#3942 = FACE_BOUND('',#3943,.F.);
#3943 = EDGE_LOOP('',(#3944,#3965,#3966,#3967));
#3944 = ORIENTED_EDGE('',*,*,#3945,.T.);
#3945 = EDGE_CURVE('',#3602,#2311,#3946,.T.);
#3946 = SEAM_CURVE('',#3947,(#3951,#3958),.PCURVE_S1.);
#3947 = LINE('',#3948,#3949);
#3948 = CARTESIAN_POINT('',(-11.,-3.5,7.));
#3949 = VECTOR('',#3950,1.);
#3950 = DIRECTION('',(0.,-5.046468293751E-16,1.));
#3951 = PCURVE('',#2331,#3952);
#3952 = DEFINITIONAL_REPRESENTATION('',(#3953),#3957);
#3953 = LINE('',#3954,#3955);
#3954 = CARTESIAN_POINT('',(9.424777960769,0.));
#3955 = VECTOR('',#3956,1.);
#3956 = DIRECTION('',(0.,1.));
#3957 = ( GEOMETRIC_REPRESENTATION_CONTEXT(2) 
PARAMETRIC_REPRESENTATION_CONTEXT() REPRESENTATION_CONTEXT('2D SPACE',''
  ) );
#3958 = PCURVE('',#2331,#3959);
#3959 = DEFINITIONAL_REPRESENTATION('',(#3960),#3964);
#3960 = LINE('',#3961,#3962);
#3961 = CARTESIAN_POINT('',(3.14159265359,0.));
#3962 = VECTOR('',#3963,1.);
#3963 = DIRECTION('',(0.,1.));
#3964 = ( GEOMETRIC_REPRESENTATION_CONTEXT(2) 
PARAMETRIC_REPRESENTATION_CONTEXT() REPRESENTATION_CONTEXT('2D SPACE',''
  ) );
#3965 = ORIENTED_EDGE('',*,*,#2310,.T.);
#3966 = ORIENTED_EDGE('',*,*,#3945,.F.);
#3967 = ORIENTED_EDGE('',*,*,#3601,.T.);
#3968 = ADVANCED_FACE('',(#3969),#2362,.T.);
#3969 = FACE_BOUND('',#3970,.T.);
#3970 = EDGE_LOOP('',(#3971,#3972,#3995,#4023));
#3971 = ORIENTED_EDGE('',*,*,#2345,.F.);
#3972 = ORIENTED_EDGE('',*,*,#3973,.T.);
#3973 = EDGE_CURVE('',#2346,#3974,#3976,.T.);
#3974 = VERTEX_POINT('',#3975);
#3975 = CARTESIAN_POINT('',(-19.841796875,-2.76953125,8.4));
#3976 = SURFACE_CURVE('',#3977,(#3981,#3988),.PCURVE_S1.);
#3977 = LINE('',#3978,#3979);
#3978 = CARTESIAN_POINT('',(-19.841796875,-2.76953125,9.05));
#3979 = VECTOR('',#3980,1.);
#3980 = DIRECTION('',(-0.,-0.,-1.));
#3981 = PCURVE('',#2362,#3982);
#3982 = DEFINITIONAL_REPRESENTATION('',(#3983),#3987);
#3983 = LINE('',#3984,#3985);
#3984 = CARTESIAN_POINT('',(0.,0.));
#3985 = VECTOR('',#3986,1.);
#3986 = DIRECTION('',(0.,-1.));
#3987 = ( GEOMETRIC_REPRESENTATION_CONTEXT(2) 
PARAMETRIC_REPRESENTATION_CONTEXT() REPRESENTATION_CONTEXT('2D SPACE',''
  ) );
#3988 = PCURVE('',#2542,#3989);
#3989 = DEFINITIONAL_REPRESENTATION('',(#3990),#3994);
#3990 = LINE('',#3991,#3992);
#3991 = CARTESIAN_POINT('',(1.58761553006,0.));
#3992 = VECTOR('',#3993,1.);
#3993 = DIRECTION('',(0.,-1.));
#3994 = ( GEOMETRIC_REPRESENTATION_CONTEXT(2) 
PARAMETRIC_REPRESENTATION_CONTEXT() REPRESENTATION_CONTEXT('2D SPACE',''
  ) );
#3995 = ORIENTED_EDGE('',*,*,#3996,.T.);
#3996 = EDGE_CURVE('',#3974,#3997,#3999,.T.);
#3997 = VERTEX_POINT('',#3998);
#3998 = CARTESIAN_POINT('',(-20.673828125,-2.76953125,8.4));
#3999 = SURFACE_CURVE('',#4000,(#4004,#4011),.PCURVE_S1.);
#4000 = LINE('',#4001,#4002);
#4001 = CARTESIAN_POINT('',(-19.841796875,-2.76953125,8.4));
#4002 = VECTOR('',#4003,1.);
#4003 = DIRECTION('',(-1.,0.,0.));
#4004 = PCURVE('',#2362,#4005);
#4005 = DEFINITIONAL_REPRESENTATION('',(#4006),#4010);
#4006 = LINE('',#4007,#4008);
#4007 = CARTESIAN_POINT('',(0.,-0.65));
#4008 = VECTOR('',#4009,1.);
#4009 = DIRECTION('',(1.,0.));
#4010 = ( GEOMETRIC_REPRESENTATION_CONTEXT(2) 
PARAMETRIC_REPRESENTATION_CONTEXT() REPRESENTATION_CONTEXT('2D SPACE',''
  ) );
#4011 = PCURVE('',#4012,#4017);
#4012 = PLANE('',#4013);
#4013 = AXIS2_PLACEMENT_3D('',#4014,#4015,#4016);
#4014 = CARTESIAN_POINT('',(-20.736328125,-2.76953125,8.4));
#4015 = DIRECTION('',(0.,0.,1.));
#4016 = DIRECTION('',(1.,0.,0.));
#4017 = DEFINITIONAL_REPRESENTATION('',(#4018),#4022);
#4018 = LINE('',#4019,#4020);
#4019 = CARTESIAN_POINT('',(0.89453125,0.));
#4020 = VECTOR('',#4021,1.);
#4021 = DIRECTION('',(-1.,0.));
#4022 = ( GEOMETRIC_REPRESENTATION_CONTEXT(2) 
PARAMETRIC_REPRESENTATION_CONTEXT() REPRESENTATION_CONTEXT('2D SPACE',''
  ) );
#4023 = ORIENTED_EDGE('',*,*,#4024,.F.);
#4024 = EDGE_CURVE('',#2348,#3997,#4025,.T.);
#4025 = SURFACE_CURVE('',#4026,(#4030,#4037),.PCURVE_S1.);
#4026 = LINE('',#4027,#4028);
#4027 = CARTESIAN_POINT('',(-20.673828125,-2.76953125,9.05));
#4028 = VECTOR('',#4029,1.);
#4029 = DIRECTION('',(-0.,-0.,-1.));
#4030 = PCURVE('',#2362,#4031);
#4031 = DEFINITIONAL_REPRESENTATION('',(#4032),#4036);
#4032 = LINE('',#4033,#4034);
#4033 = CARTESIAN_POINT('',(0.83203125,0.));
#4034 = VECTOR('',#4035,1.);
#4035 = DIRECTION('',(0.,-1.));
#4036 = ( GEOMETRIC_REPRESENTATION_CONTEXT(2) 
PARAMETRIC_REPRESENTATION_CONTEXT() REPRESENTATION_CONTEXT('2D SPACE',''
  ) );
#4037 = PCURVE('',#2388,#4038);
#4038 = DEFINITIONAL_REPRESENTATION('',(#4039),#4043);
#4039 = LINE('',#4040,#4041);
#4040 = CARTESIAN_POINT('',(0.,0.));
#4041 = VECTOR('',#4042,1.);
#4042 = DIRECTION('',(0.,-1.));
#4043 = ( GEOMETRIC_REPRESENTATION_CONTEXT(2) 
PARAMETRIC_REPRESENTATION_CONTEXT() REPRESENTATION_CONTEXT('2D SPACE',''
  ) );
#4044 = ADVANCED_FACE('',(#4045),#2542,.T.);
#4045 = FACE_BOUND('',#4046,.T.);
#4046 = EDGE_LOOP('',(#4047,#4048,#4071,#4092));
#4047 = ORIENTED_EDGE('',*,*,#2529,.F.);
#4048 = ORIENTED_EDGE('',*,*,#4049,.T.);
#4049 = EDGE_CURVE('',#2504,#4050,#4052,.T.);
#4050 = VERTEX_POINT('',#4051);
#4051 = CARTESIAN_POINT('',(-19.310546875,-1.2734375,8.4));
#4052 = SURFACE_CURVE('',#4053,(#4057,#4064),.PCURVE_S1.);
#4053 = LINE('',#4054,#4055);
#4054 = CARTESIAN_POINT('',(-19.310546875,-1.2734375,9.05));
#4055 = VECTOR('',#4056,1.);
#4056 = DIRECTION('',(-0.,-0.,-1.));
#4057 = PCURVE('',#2542,#4058);
#4058 = DEFINITIONAL_REPRESENTATION('',(#4059),#4063);
#4059 = LINE('',#4060,#4061);
#4060 = CARTESIAN_POINT('',(0.,0.));
#4061 = VECTOR('',#4062,1.);
#4062 = DIRECTION('',(0.,-1.));
#4063 = ( GEOMETRIC_REPRESENTATION_CONTEXT(2) 
PARAMETRIC_REPRESENTATION_CONTEXT() REPRESENTATION_CONTEXT('2D SPACE',''
  ) );
#4064 = PCURVE('',#2518,#4065);
#4065 = DEFINITIONAL_REPRESENTATION('',(#4066),#4070);
#4066 = LINE('',#4067,#4068);
#4067 = CARTESIAN_POINT('',(2.62890625,0.));
#4068 = VECTOR('',#4069,1.);
#4069 = DIRECTION('',(0.,-1.));
#4070 = ( GEOMETRIC_REPRESENTATION_CONTEXT(2) 
PARAMETRIC_REPRESENTATION_CONTEXT() REPRESENTATION_CONTEXT('2D SPACE',''
  ) );
#4071 = ORIENTED_EDGE('',*,*,#4072,.T.);
#4072 = EDGE_CURVE('',#4050,#3974,#4073,.T.);
#4073 = SURFACE_CURVE('',#4074,(#4078,#4085),.PCURVE_S1.);
#4074 = LINE('',#4075,#4076);
#4075 = CARTESIAN_POINT('',(-19.310546875,-1.2734375,8.4));
#4076 = VECTOR('',#4077,1.);
#4077 = DIRECTION('',(-0.334621317278,-0.942352680276,0.));
#4078 = PCURVE('',#2542,#4079);
#4079 = DEFINITIONAL_REPRESENTATION('',(#4080),#4084);
#4080 = LINE('',#4081,#4082);
#4081 = CARTESIAN_POINT('',(-0.,-0.65));
#4082 = VECTOR('',#4083,1.);
#4083 = DIRECTION('',(1.,0.));
#4084 = ( GEOMETRIC_REPRESENTATION_CONTEXT(2) 
PARAMETRIC_REPRESENTATION_CONTEXT() REPRESENTATION_CONTEXT('2D SPACE',''
  ) );
#4085 = PCURVE('',#4012,#4086);
#4086 = DEFINITIONAL_REPRESENTATION('',(#4087),#4091);
#4087 = LINE('',#4088,#4089);
#4088 = CARTESIAN_POINT('',(1.42578125,1.49609375));
#4089 = VECTOR('',#4090,1.);
#4090 = DIRECTION('',(-0.334621317278,-0.942352680276));
#4091 = ( GEOMETRIC_REPRESENTATION_CONTEXT(2) 
PARAMETRIC_REPRESENTATION_CONTEXT() REPRESENTATION_CONTEXT('2D SPACE',''
  ) );
#4092 = ORIENTED_EDGE('',*,*,#3973,.F.);
#4093 = ADVANCED_FACE('',(#4094),#2388,.T.);
#4094 = FACE_BOUND('',#4095,.T.);
#4095 = EDGE_LOOP('',(#4096,#4097,#4098,#4121));
#4096 = ORIENTED_EDGE('',*,*,#2373,.F.);
#4097 = ORIENTED_EDGE('',*,*,#4024,.T.);
#4098 = ORIENTED_EDGE('',*,*,#4099,.T.);
#4099 = EDGE_CURVE('',#3997,#4100,#4102,.T.);
#4100 = VERTEX_POINT('',#4101);
#4101 = CARTESIAN_POINT('',(-18.447265625,3.0625,8.4));
#4102 = SURFACE_CURVE('',#4103,(#4107,#4114),.PCURVE_S1.);
#4103 = LINE('',#4104,#4105);
#4104 = CARTESIAN_POINT('',(-20.673828125,-2.76953125,8.4));
#4105 = VECTOR('',#4106,1.);
#4106 = DIRECTION('',(0.356671776907,0.934229759512,0.));
#4107 = PCURVE('',#2388,#4108);
#4108 = DEFINITIONAL_REPRESENTATION('',(#4109),#4113);
#4109 = LINE('',#4110,#4111);
#4110 = CARTESIAN_POINT('',(0.,-0.65));
#4111 = VECTOR('',#4112,1.);
#4112 = DIRECTION('',(1.,0.));
#4113 = ( GEOMETRIC_REPRESENTATION_CONTEXT(2) 
PARAMETRIC_REPRESENTATION_CONTEXT() REPRESENTATION_CONTEXT('2D SPACE',''
  ) );
#4114 = PCURVE('',#4012,#4115);
#4115 = DEFINITIONAL_REPRESENTATION('',(#4116),#4120);
#4116 = LINE('',#4117,#4118);
#4117 = CARTESIAN_POINT('',(6.25E-02,0.));
#4118 = VECTOR('',#4119,1.);
#4119 = DIRECTION('',(0.356671776907,0.934229759512));
#4120 = ( GEOMETRIC_REPRESENTATION_CONTEXT(2) 
PARAMETRIC_REPRESENTATION_CONTEXT() REPRESENTATION_CONTEXT('2D SPACE',''
  ) );
#4121 = ORIENTED_EDGE('',*,*,#4122,.F.);
#4122 = EDGE_CURVE('',#2374,#4100,#4123,.T.);
#4123 = SURFACE_CURVE('',#4124,(#4128,#4135),.PCURVE_S1.);
#4124 = LINE('',#4125,#4126);
#4125 = CARTESIAN_POINT('',(-18.447265625,3.0625,9.05));
#4126 = VECTOR('',#4127,1.);
#4127 = DIRECTION('',(-0.,-0.,-1.));
#4128 = PCURVE('',#2388,#4129);
#4129 = DEFINITIONAL_REPRESENTATION('',(#4130),#4134);
#4130 = LINE('',#4131,#4132);
#4131 = CARTESIAN_POINT('',(6.242609155424,0.));
#4132 = VECTOR('',#4133,1.);
#4133 = DIRECTION('',(0.,-1.));
#4134 = ( GEOMETRIC_REPRESENTATION_CONTEXT(2) 
PARAMETRIC_REPRESENTATION_CONTEXT() REPRESENTATION_CONTEXT('2D SPACE',''
  ) );
#4135 = PCURVE('',#2414,#4136);
#4136 = DEFINITIONAL_REPRESENTATION('',(#4137),#4141);
#4137 = LINE('',#4138,#4139);
#4138 = CARTESIAN_POINT('',(0.,0.));
#4139 = VECTOR('',#4140,1.);
#4140 = DIRECTION('',(0.,-1.));
#4141 = ( GEOMETRIC_REPRESENTATION_CONTEXT(2) 
PARAMETRIC_REPRESENTATION_CONTEXT() REPRESENTATION_CONTEXT('2D SPACE',''
  ) );
#4142 = ADVANCED_FACE('',(#4143),#2518,.T.);
#4143 = FACE_BOUND('',#4144,.T.);
#4144 = EDGE_LOOP('',(#4145,#4146,#4169,#4190));
#4145 = ORIENTED_EDGE('',*,*,#2503,.F.);
#4146 = ORIENTED_EDGE('',*,*,#4147,.T.);
#4147 = EDGE_CURVE('',#2478,#4148,#4150,.T.);
#4148 = VERTEX_POINT('',#4149);
#4149 = CARTESIAN_POINT('',(-16.681640625,-1.2734375,8.4));
#4150 = SURFACE_CURVE('',#4151,(#4155,#4162),.PCURVE_S1.);
#4151 = LINE('',#4152,#4153);
#4152 = CARTESIAN_POINT('',(-16.681640625,-1.2734375,9.05));
#4153 = VECTOR('',#4154,1.);
#4154 = DIRECTION('',(-0.,-0.,-1.));
#4155 = PCURVE('',#2518,#4156);
#4156 = DEFINITIONAL_REPRESENTATION('',(#4157),#4161);
#4157 = LINE('',#4158,#4159);
#4158 = CARTESIAN_POINT('',(0.,0.));
#4159 = VECTOR('',#4160,1.);
#4160 = DIRECTION('',(0.,-1.));
#4161 = ( GEOMETRIC_REPRESENTATION_CONTEXT(2) 
PARAMETRIC_REPRESENTATION_CONTEXT() REPRESENTATION_CONTEXT('2D SPACE',''
  ) );
#4162 = PCURVE('',#2492,#4163);
#4163 = DEFINITIONAL_REPRESENTATION('',(#4164),#4168);
#4164 = LINE('',#4165,#4166);
#4165 = CARTESIAN_POINT('',(1.58761553006,0.));
#4166 = VECTOR('',#4167,1.);
#4167 = DIRECTION('',(0.,-1.));
#4168 = ( GEOMETRIC_REPRESENTATION_CONTEXT(2) 
PARAMETRIC_REPRESENTATION_CONTEXT() REPRESENTATION_CONTEXT('2D SPACE',''
  ) );
#4169 = ORIENTED_EDGE('',*,*,#4170,.T.);
#4170 = EDGE_CURVE('',#4148,#4050,#4171,.T.);
#4171 = SURFACE_CURVE('',#4172,(#4176,#4183),.PCURVE_S1.);
#4172 = LINE('',#4173,#4174);
#4173 = CARTESIAN_POINT('',(-16.681640625,-1.2734375,8.4));
#4174 = VECTOR('',#4175,1.);
#4175 = DIRECTION('',(-1.,0.,0.));
#4176 = PCURVE('',#2518,#4177);
#4177 = DEFINITIONAL_REPRESENTATION('',(#4178),#4182);
#4178 = LINE('',#4179,#4180);
#4179 = CARTESIAN_POINT('',(0.,-0.65));
#4180 = VECTOR('',#4181,1.);
#4181 = DIRECTION('',(1.,0.));
#4182 = ( GEOMETRIC_REPRESENTATION_CONTEXT(2) 
PARAMETRIC_REPRESENTATION_CONTEXT() REPRESENTATION_CONTEXT('2D SPACE',''
  ) );
#4183 = PCURVE('',#4012,#4184);
#4184 = DEFINITIONAL_REPRESENTATION('',(#4185),#4189);
#4185 = LINE('',#4186,#4187);
#4186 = CARTESIAN_POINT('',(4.0546875,1.49609375));
#4187 = VECTOR('',#4188,1.);
#4188 = DIRECTION('',(-1.,0.));
#4189 = ( GEOMETRIC_REPRESENTATION_CONTEXT(2) 
PARAMETRIC_REPRESENTATION_CONTEXT() REPRESENTATION_CONTEXT('2D SPACE',''
  ) );
#4190 = ORIENTED_EDGE('',*,*,#4049,.F.);
#4191 = ADVANCED_FACE('',(#4192),#2414,.T.);
#4192 = FACE_BOUND('',#4193,.T.);
#4193 = EDGE_LOOP('',(#4194,#4195,#4196,#4219));
#4194 = ORIENTED_EDGE('',*,*,#2399,.F.);
#4195 = ORIENTED_EDGE('',*,*,#4122,.T.);
#4196 = ORIENTED_EDGE('',*,*,#4197,.T.);
#4197 = EDGE_CURVE('',#4100,#4198,#4200,.T.);
#4198 = VERTEX_POINT('',#4199);
#4199 = CARTESIAN_POINT('',(-17.552734375,3.0625,8.4));
#4200 = SURFACE_CURVE('',#4201,(#4205,#4212),.PCURVE_S1.);
#4201 = LINE('',#4202,#4203);
#4202 = CARTESIAN_POINT('',(-18.447265625,3.0625,8.4));
#4203 = VECTOR('',#4204,1.);
#4204 = DIRECTION('',(1.,0.,0.));
#4205 = PCURVE('',#2414,#4206);
#4206 = DEFINITIONAL_REPRESENTATION('',(#4207),#4211);
#4207 = LINE('',#4208,#4209);
#4208 = CARTESIAN_POINT('',(0.,-0.65));
#4209 = VECTOR('',#4210,1.);
#4210 = DIRECTION('',(1.,0.));
#4211 = ( GEOMETRIC_REPRESENTATION_CONTEXT(2) 
PARAMETRIC_REPRESENTATION_CONTEXT() REPRESENTATION_CONTEXT('2D SPACE',''
  ) );
#4212 = PCURVE('',#4012,#4213);
#4213 = DEFINITIONAL_REPRESENTATION('',(#4214),#4218);
#4214 = LINE('',#4215,#4216);
#4215 = CARTESIAN_POINT('',(2.2890625,5.83203125));
#4216 = VECTOR('',#4217,1.);
#4217 = DIRECTION('',(1.,0.));
#4218 = ( GEOMETRIC_REPRESENTATION_CONTEXT(2) 
PARAMETRIC_REPRESENTATION_CONTEXT() REPRESENTATION_CONTEXT('2D SPACE',''
  ) );
#4219 = ORIENTED_EDGE('',*,*,#4220,.F.);
#4220 = EDGE_CURVE('',#2400,#4198,#4221,.T.);
#4221 = SURFACE_CURVE('',#4222,(#4226,#4233),.PCURVE_S1.);
#4222 = LINE('',#4223,#4224);
#4223 = CARTESIAN_POINT('',(-17.552734375,3.0625,9.05));
#4224 = VECTOR('',#4225,1.);
#4225 = DIRECTION('',(-0.,-0.,-1.));
#4226 = PCURVE('',#2414,#4227);
#4227 = DEFINITIONAL_REPRESENTATION('',(#4228),#4232);
#4228 = LINE('',#4229,#4230);
#4229 = CARTESIAN_POINT('',(0.89453125,0.));
#4230 = VECTOR('',#4231,1.);
#4231 = DIRECTION('',(0.,-1.));
#4232 = ( GEOMETRIC_REPRESENTATION_CONTEXT(2) 
PARAMETRIC_REPRESENTATION_CONTEXT() REPRESENTATION_CONTEXT('2D SPACE',''
  ) );
#4233 = PCURVE('',#2440,#4234);
#4234 = DEFINITIONAL_REPRESENTATION('',(#4235),#4239);
#4235 = LINE('',#4236,#4237);
#4236 = CARTESIAN_POINT('',(0.,0.));
#4237 = VECTOR('',#4238,1.);
#4238 = DIRECTION('',(0.,-1.));
#4239 = ( GEOMETRIC_REPRESENTATION_CONTEXT(2) 
PARAMETRIC_REPRESENTATION_CONTEXT() REPRESENTATION_CONTEXT('2D SPACE',''
  ) );
#4240 = ADVANCED_FACE('',(#4241),#2492,.T.);
#4241 = FACE_BOUND('',#4242,.T.);
#4242 = EDGE_LOOP('',(#4243,#4244,#4267,#4288));
#4243 = ORIENTED_EDGE('',*,*,#2477,.F.);
#4244 = ORIENTED_EDGE('',*,*,#4245,.T.);
#4245 = EDGE_CURVE('',#2452,#4246,#4248,.T.);
#4246 = VERTEX_POINT('',#4247);
#4247 = CARTESIAN_POINT('',(-16.150390625,-2.76953125,8.4));
#4248 = SURFACE_CURVE('',#4249,(#4253,#4260),.PCURVE_S1.);
#4249 = LINE('',#4250,#4251);
#4250 = CARTESIAN_POINT('',(-16.150390625,-2.76953125,9.05));
#4251 = VECTOR('',#4252,1.);
#4252 = DIRECTION('',(-0.,-0.,-1.));
#4253 = PCURVE('',#2492,#4254);
#4254 = DEFINITIONAL_REPRESENTATION('',(#4255),#4259);
#4255 = LINE('',#4256,#4257);
#4256 = CARTESIAN_POINT('',(0.,0.));
#4257 = VECTOR('',#4258,1.);
#4258 = DIRECTION('',(0.,-1.));
#4259 = ( GEOMETRIC_REPRESENTATION_CONTEXT(2) 
PARAMETRIC_REPRESENTATION_CONTEXT() REPRESENTATION_CONTEXT('2D SPACE',''
  ) );
#4260 = PCURVE('',#2466,#4261);
#4261 = DEFINITIONAL_REPRESENTATION('',(#4262),#4266);
#4262 = LINE('',#4263,#4264);
#4263 = CARTESIAN_POINT('',(0.8203125,0.));
#4264 = VECTOR('',#4265,1.);
#4265 = DIRECTION('',(0.,-1.));
#4266 = ( GEOMETRIC_REPRESENTATION_CONTEXT(2) 
PARAMETRIC_REPRESENTATION_CONTEXT() REPRESENTATION_CONTEXT('2D SPACE',''
  ) );
#4267 = ORIENTED_EDGE('',*,*,#4268,.T.);
#4268 = EDGE_CURVE('',#4246,#4148,#4269,.T.);
#4269 = SURFACE_CURVE('',#4270,(#4274,#4281),.PCURVE_S1.);
#4270 = LINE('',#4271,#4272);
#4271 = CARTESIAN_POINT('',(-16.150390625,-2.76953125,8.4));
#4272 = VECTOR('',#4273,1.);
#4273 = DIRECTION('',(-0.334621317278,0.942352680276,0.));
#4274 = PCURVE('',#2492,#4275);
#4275 = DEFINITIONAL_REPRESENTATION('',(#4276),#4280);
#4276 = LINE('',#4277,#4278);
#4277 = CARTESIAN_POINT('',(0.,-0.65));
#4278 = VECTOR('',#4279,1.);
#4279 = DIRECTION('',(1.,0.));
#4280 = ( GEOMETRIC_REPRESENTATION_CONTEXT(2) 
PARAMETRIC_REPRESENTATION_CONTEXT() REPRESENTATION_CONTEXT('2D SPACE',''
  ) );
#4281 = PCURVE('',#4012,#4282);
#4282 = DEFINITIONAL_REPRESENTATION('',(#4283),#4287);
#4283 = LINE('',#4284,#4285);
#4284 = CARTESIAN_POINT('',(4.5859375,0.));
#4285 = VECTOR('',#4286,1.);
#4286 = DIRECTION('',(-0.334621317278,0.942352680276));
#4287 = ( GEOMETRIC_REPRESENTATION_CONTEXT(2) 
PARAMETRIC_REPRESENTATION_CONTEXT() REPRESENTATION_CONTEXT('2D SPACE',''
  ) );
#4288 = ORIENTED_EDGE('',*,*,#4147,.F.);
#4289 = ADVANCED_FACE('',(#4290),#2440,.T.);
#4290 = FACE_BOUND('',#4291,.T.);
#4291 = EDGE_LOOP('',(#4292,#4293,#4294,#4317));
#4292 = ORIENTED_EDGE('',*,*,#2425,.F.);
#4293 = ORIENTED_EDGE('',*,*,#4220,.T.);
#4294 = ORIENTED_EDGE('',*,*,#4295,.T.);
#4295 = EDGE_CURVE('',#4198,#4296,#4298,.T.);
#4296 = VERTEX_POINT('',#4297);
#4297 = CARTESIAN_POINT('',(-15.330078125,-2.76953125,8.4));
#4298 = SURFACE_CURVE('',#4299,(#4303,#4310),.PCURVE_S1.);
#4299 = LINE('',#4300,#4301);
#4300 = CARTESIAN_POINT('',(-17.552734375,3.0625,8.4));
#4301 = VECTOR('',#4302,1.);
#4302 = DIRECTION('',(0.35612545751,-0.934438151251,0.));
#4303 = PCURVE('',#2440,#4304);
#4304 = DEFINITIONAL_REPRESENTATION('',(#4305),#4309);
#4305 = LINE('',#4306,#4307);
#4306 = CARTESIAN_POINT('',(0.,-0.65));
#4307 = VECTOR('',#4308,1.);
#4308 = DIRECTION('',(1.,0.));
#4309 = ( GEOMETRIC_REPRESENTATION_CONTEXT(2) 
PARAMETRIC_REPRESENTATION_CONTEXT() REPRESENTATION_CONTEXT('2D SPACE',''
  ) );
#4310 = PCURVE('',#4012,#4311);
#4311 = DEFINITIONAL_REPRESENTATION('',(#4312),#4316);
#4312 = LINE('',#4313,#4314);
#4313 = CARTESIAN_POINT('',(3.18359375,5.83203125));
#4314 = VECTOR('',#4315,1.);
#4315 = DIRECTION('',(0.35612545751,-0.934438151251));
#4316 = ( GEOMETRIC_REPRESENTATION_CONTEXT(2) 
PARAMETRIC_REPRESENTATION_CONTEXT() REPRESENTATION_CONTEXT('2D SPACE',''
  ) );
#4317 = ORIENTED_EDGE('',*,*,#4318,.F.);
#4318 = EDGE_CURVE('',#2426,#4296,#4319,.T.);
#4319 = SURFACE_CURVE('',#4320,(#4324,#4331),.PCURVE_S1.);
#4320 = LINE('',#4321,#4322);
#4321 = CARTESIAN_POINT('',(-15.330078125,-2.76953125,9.05));
#4322 = VECTOR('',#4323,1.);
#4323 = DIRECTION('',(-0.,-0.,-1.));
#4324 = PCURVE('',#2440,#4325);
#4325 = DEFINITIONAL_REPRESENTATION('',(#4326),#4330);
#4326 = LINE('',#4327,#4328);
#4327 = CARTESIAN_POINT('',(6.241216973206,0.));
#4328 = VECTOR('',#4329,1.);
#4329 = DIRECTION('',(0.,-1.));
#4330 = ( GEOMETRIC_REPRESENTATION_CONTEXT(2) 
PARAMETRIC_REPRESENTATION_CONTEXT() REPRESENTATION_CONTEXT('2D SPACE',''
  ) );
#4331 = PCURVE('',#2466,#4332);
#4332 = DEFINITIONAL_REPRESENTATION('',(#4333),#4337);
#4333 = LINE('',#4334,#4335);
#4334 = CARTESIAN_POINT('',(0.,0.));
#4335 = VECTOR('',#4336,1.);
#4336 = DIRECTION('',(0.,-1.));
#4337 = ( GEOMETRIC_REPRESENTATION_CONTEXT(2) 
PARAMETRIC_REPRESENTATION_CONTEXT() REPRESENTATION_CONTEXT('2D SPACE',''
  ) );
#4338 = ADVANCED_FACE('',(#4339),#2466,.T.);
#4339 = FACE_BOUND('',#4340,.T.);
#4340 = EDGE_LOOP('',(#4341,#4342,#4343,#4364));
#4341 = ORIENTED_EDGE('',*,*,#2451,.F.);
#4342 = ORIENTED_EDGE('',*,*,#4318,.T.);
#4343 = ORIENTED_EDGE('',*,*,#4344,.T.);
#4344 = EDGE_CURVE('',#4296,#4246,#4345,.T.);
#4345 = SURFACE_CURVE('',#4346,(#4350,#4357),.PCURVE_S1.);
#4346 = LINE('',#4347,#4348);
#4347 = CARTESIAN_POINT('',(-15.330078125,-2.76953125,8.4));
#4348 = VECTOR('',#4349,1.);
#4349 = DIRECTION('',(-1.,0.,0.));
#4350 = PCURVE('',#2466,#4351);
#4351 = DEFINITIONAL_REPRESENTATION('',(#4352),#4356);
#4352 = LINE('',#4353,#4354);
#4353 = CARTESIAN_POINT('',(0.,-0.65));
#4354 = VECTOR('',#4355,1.);
#4355 = DIRECTION('',(1.,0.));
#4356 = ( GEOMETRIC_REPRESENTATION_CONTEXT(2) 
PARAMETRIC_REPRESENTATION_CONTEXT() REPRESENTATION_CONTEXT('2D SPACE',''
  ) );
#4357 = PCURVE('',#4012,#4358);
#4358 = DEFINITIONAL_REPRESENTATION('',(#4359),#4363);
#4359 = LINE('',#4360,#4361);
#4360 = CARTESIAN_POINT('',(5.40625,0.));
#4361 = VECTOR('',#4362,1.);
#4362 = DIRECTION('',(-1.,0.));
#4363 = ( GEOMETRIC_REPRESENTATION_CONTEXT(2) 
PARAMETRIC_REPRESENTATION_CONTEXT() REPRESENTATION_CONTEXT('2D SPACE',''
  ) );
#4364 = ORIENTED_EDGE('',*,*,#4245,.F.);
#4365 = ADVANCED_FACE('',(#4366),#2572,.T.);
#4366 = FACE_BOUND('',#4367,.T.);
#4367 = EDGE_LOOP('',(#4368,#4369,#4392,#4420));
#4368 = ORIENTED_EDGE('',*,*,#2555,.F.);
#4369 = ORIENTED_EDGE('',*,*,#4370,.T.);
#4370 = EDGE_CURVE('',#2556,#4371,#4373,.T.);
#4371 = VERTEX_POINT('',#4372);
#4372 = CARTESIAN_POINT('',(18.134765625,-2.76953125,8.4));
#4373 = SURFACE_CURVE('',#4374,(#4378,#4385),.PCURVE_S1.);
#4374 = LINE('',#4375,#4376);
#4375 = CARTESIAN_POINT('',(18.134765625,-2.76953125,9.05));
#4376 = VECTOR('',#4377,1.);
#4377 = DIRECTION('',(-0.,-0.,-1.));
#4378 = PCURVE('',#2572,#4379);
#4379 = DEFINITIONAL_REPRESENTATION('',(#4380),#4384);
#4380 = LINE('',#4381,#4382);
#4381 = CARTESIAN_POINT('',(0.,0.));
#4382 = VECTOR('',#4383,1.);
#4383 = DIRECTION('',(0.,-1.));
#4384 = ( GEOMETRIC_REPRESENTATION_CONTEXT(2) 
PARAMETRIC_REPRESENTATION_CONTEXT() REPRESENTATION_CONTEXT('2D SPACE',''
  ) );
#4385 = PCURVE('',#3082,#4386);
#4386 = DEFINITIONAL_REPRESENTATION('',(#4387),#4391);
#4387 = LINE('',#4388,#4389);
#4388 = CARTESIAN_POINT('',(1.,0.));
#4389 = VECTOR('',#4390,1.);
#4390 = DIRECTION('',(0.,-1.));
#4391 = ( GEOMETRIC_REPRESENTATION_CONTEXT(2) 
PARAMETRIC_REPRESENTATION_CONTEXT() REPRESENTATION_CONTEXT('2D SPACE',''
  ) );
#4392 = ORIENTED_EDGE('',*,*,#4393,.T.);
#4393 = EDGE_CURVE('',#4371,#4394,#4396,.T.);
#4394 = VERTEX_POINT('',#4395);
#4395 = CARTESIAN_POINT('',(16.041015625,-2.76953125,8.4));
#4396 = SURFACE_CURVE('',#4397,(#4401,#4408),.PCURVE_S1.);
#4397 = LINE('',#4398,#4399);
#4398 = CARTESIAN_POINT('',(18.134765625,-2.76953125,8.4));
#4399 = VECTOR('',#4400,1.);
#4400 = DIRECTION('',(-1.,0.,0.));
#4401 = PCURVE('',#2572,#4402);
#4402 = DEFINITIONAL_REPRESENTATION('',(#4403),#4407);
#4403 = LINE('',#4404,#4405);
#4404 = CARTESIAN_POINT('',(0.,-0.65));
#4405 = VECTOR('',#4406,1.);
#4406 = DIRECTION('',(1.,0.));
#4407 = ( GEOMETRIC_REPRESENTATION_CONTEXT(2) 
PARAMETRIC_REPRESENTATION_CONTEXT() REPRESENTATION_CONTEXT('2D SPACE',''
  ) );
#4408 = PCURVE('',#4409,#4414);
#4409 = PLANE('',#4410);
#4410 = AXIS2_PLACEMENT_3D('',#4411,#4412,#4413);
#4411 = CARTESIAN_POINT('',(15.255859375,-2.76953125,8.4));
#4412 = DIRECTION('',(0.,0.,1.));
#4413 = DIRECTION('',(1.,0.,0.));
#4414 = DEFINITIONAL_REPRESENTATION('',(#4415),#4419);
#4415 = LINE('',#4416,#4417);
#4416 = CARTESIAN_POINT('',(2.87890625,0.));
#4417 = VECTOR('',#4418,1.);
#4418 = DIRECTION('',(-1.,0.));
#4419 = ( GEOMETRIC_REPRESENTATION_CONTEXT(2) 
PARAMETRIC_REPRESENTATION_CONTEXT() REPRESENTATION_CONTEXT('2D SPACE',''
  ) );
#4420 = ORIENTED_EDGE('',*,*,#4421,.F.);
#4421 = EDGE_CURVE('',#2558,#4394,#4422,.T.);
#4422 = SURFACE_CURVE('',#4423,(#4427,#4434),.PCURVE_S1.);
#4423 = LINE('',#4424,#4425);
#4424 = CARTESIAN_POINT('',(16.041015625,-2.76953125,9.05));
#4425 = VECTOR('',#4426,1.);
#4426 = DIRECTION('',(-0.,-0.,-1.));
#4427 = PCURVE('',#2572,#4428);
#4428 = DEFINITIONAL_REPRESENTATION('',(#4429),#4433);
#4429 = LINE('',#4430,#4431);
#4430 = CARTESIAN_POINT('',(2.09375,0.));
#4431 = VECTOR('',#4432,1.);
#4432 = DIRECTION('',(0.,-1.));
#4433 = ( GEOMETRIC_REPRESENTATION_CONTEXT(2) 
PARAMETRIC_REPRESENTATION_CONTEXT() REPRESENTATION_CONTEXT('2D SPACE',''
  ) );
#4434 = PCURVE('',#2598,#4435);
#4435 = DEFINITIONAL_REPRESENTATION('',(#4436),#4440);
#4436 = LINE('',#4437,#4438);
#4437 = CARTESIAN_POINT('',(0.,0.));
#4438 = VECTOR('',#4439,1.);
#4439 = DIRECTION('',(0.,-1.));
#4440 = ( GEOMETRIC_REPRESENTATION_CONTEXT(2) 
PARAMETRIC_REPRESENTATION_CONTEXT() REPRESENTATION_CONTEXT('2D SPACE',''
  ) );
#4441 = ADVANCED_FACE('',(#4442),#3082,.T.);
#4442 = FACE_BOUND('',#4443,.T.);
#4443 = EDGE_LOOP('',(#4444,#4445,#4468,#4489));
#4444 = ORIENTED_EDGE('',*,*,#3040,.T.);
#4445 = ORIENTED_EDGE('',*,*,#4446,.T.);
#4446 = EDGE_CURVE('',#2978,#4447,#4449,.T.);
#4447 = VERTEX_POINT('',#4448);
#4448 = CARTESIAN_POINT('',(19.646484375,-2.34375,8.4));
#4449 = SURFACE_CURVE('',#4450,(#4454,#4461),.PCURVE_S1.);
#4450 = LINE('',#4451,#4452);
#4451 = CARTESIAN_POINT('',(19.646484375,-2.34375,9.05));
#4452 = VECTOR('',#4453,1.);
#4453 = DIRECTION('',(-0.,-0.,-1.));
#4454 = PCURVE('',#3082,#4455);
#4455 = DEFINITIONAL_REPRESENTATION('',(#4456),#4460);
#4456 = LINE('',#4457,#4458);
#4457 = CARTESIAN_POINT('',(0.,0.));
#4458 = VECTOR('',#4459,1.);
#4459 = DIRECTION('',(0.,-1.));
#4460 = ( GEOMETRIC_REPRESENTATION_CONTEXT(2) 
PARAMETRIC_REPRESENTATION_CONTEXT() REPRESENTATION_CONTEXT('2D SPACE',''
  ) );
#4461 = PCURVE('',#3015,#4462);
#4462 = DEFINITIONAL_REPRESENTATION('',(#4463),#4467);
#4463 = LINE('',#4464,#4465);
#4464 = CARTESIAN_POINT('',(1.,0.));
#4465 = VECTOR('',#4466,1.);
#4466 = DIRECTION('',(0.,-1.));
#4467 = ( GEOMETRIC_REPRESENTATION_CONTEXT(2) 
PARAMETRIC_REPRESENTATION_CONTEXT() REPRESENTATION_CONTEXT('2D SPACE',''
  ) );
#4468 = ORIENTED_EDGE('',*,*,#4469,.T.);
#4469 = EDGE_CURVE('',#4447,#4371,#4470,.T.);
#4470 = SURFACE_CURVE('',#4471,(#4475,#4482),.PCURVE_S1.);
#4471 = B_SPLINE_CURVE_WITH_KNOTS('',2,(#4472,#4473,#4474),
  .UNSPECIFIED.,.F.,.F.,(3,3),(0.,1.),.PIECEWISE_BEZIER_KNOTS.);
#4472 = CARTESIAN_POINT('',(19.646484375,-2.34375,8.4));
#4473 = CARTESIAN_POINT('',(19.115234375,-2.76953125,8.4));
#4474 = CARTESIAN_POINT('',(18.134765625,-2.76953125,8.4));
#4475 = PCURVE('',#3082,#4476);
#4476 = DEFINITIONAL_REPRESENTATION('',(#4477),#4481);
#4477 = LINE('',#4478,#4479);
#4478 = CARTESIAN_POINT('',(0.,-0.65));
#4479 = VECTOR('',#4480,1.);
#4480 = DIRECTION('',(1.,0.));
#4481 = ( GEOMETRIC_REPRESENTATION_CONTEXT(2) 
PARAMETRIC_REPRESENTATION_CONTEXT() REPRESENTATION_CONTEXT('2D SPACE',''
  ) );
#4482 = PCURVE('',#4409,#4483);
#4483 = DEFINITIONAL_REPRESENTATION('',(#4484),#4488);
#4484 = B_SPLINE_CURVE_WITH_KNOTS('',2,(#4485,#4486,#4487),
  .UNSPECIFIED.,.F.,.F.,(3,3),(0.,1.),.PIECEWISE_BEZIER_KNOTS.);
#4485 = CARTESIAN_POINT('',(4.390625,0.42578125));
#4486 = CARTESIAN_POINT('',(3.859375,0.));
#4487 = CARTESIAN_POINT('',(2.87890625,0.));
#4488 = ( GEOMETRIC_REPRESENTATION_CONTEXT(2) 
PARAMETRIC_REPRESENTATION_CONTEXT() REPRESENTATION_CONTEXT('2D SPACE',''
  ) );
#4489 = ORIENTED_EDGE('',*,*,#4370,.F.);
#4490 = ADVANCED_FACE('',(#4491),#3015,.T.);
#4491 = FACE_BOUND('',#4492,.T.);
#4492 = EDGE_LOOP('',(#4493,#4494,#4517,#4538));
#4493 = ORIENTED_EDGE('',*,*,#2977,.T.);
#4494 = ORIENTED_EDGE('',*,*,#4495,.T.);
#4495 = EDGE_CURVE('',#2921,#4496,#4498,.T.);
#4496 = VERTEX_POINT('',#4497);
#4497 = CARTESIAN_POINT('',(20.177734375,-1.13671875,8.4));
#4498 = SURFACE_CURVE('',#4499,(#4503,#4510),.PCURVE_S1.);
#4499 = LINE('',#4500,#4501);
#4500 = CARTESIAN_POINT('',(20.177734375,-1.13671875,9.05));
#4501 = VECTOR('',#4502,1.);
#4502 = DIRECTION('',(-0.,-0.,-1.));
#4503 = PCURVE('',#3015,#4504);
#4504 = DEFINITIONAL_REPRESENTATION('',(#4505),#4509);
#4505 = LINE('',#4506,#4507);
#4506 = CARTESIAN_POINT('',(0.,0.));
#4507 = VECTOR('',#4508,1.);
#4508 = DIRECTION('',(0.,-1.));
#4509 = ( GEOMETRIC_REPRESENTATION_CONTEXT(2) 
PARAMETRIC_REPRESENTATION_CONTEXT() REPRESENTATION_CONTEXT('2D SPACE',''
  ) );
#4510 = PCURVE('',#2954,#4511);
#4511 = DEFINITIONAL_REPRESENTATION('',(#4512),#4516);
#4512 = LINE('',#4513,#4514);
#4513 = CARTESIAN_POINT('',(1.,0.));
#4514 = VECTOR('',#4515,1.);
#4515 = DIRECTION('',(0.,-1.));
#4516 = ( GEOMETRIC_REPRESENTATION_CONTEXT(2) 
PARAMETRIC_REPRESENTATION_CONTEXT() REPRESENTATION_CONTEXT('2D SPACE',''
  ) );
#4517 = ORIENTED_EDGE('',*,*,#4518,.T.);
#4518 = EDGE_CURVE('',#4496,#4447,#4519,.T.);
#4519 = SURFACE_CURVE('',#4520,(#4524,#4531),.PCURVE_S1.);
#4520 = B_SPLINE_CURVE_WITH_KNOTS('',2,(#4521,#4522,#4523),
  .UNSPECIFIED.,.F.,.F.,(3,3),(0.,1.),.PIECEWISE_BEZIER_KNOTS.);
#4521 = CARTESIAN_POINT('',(20.177734375,-1.13671875,8.4));
#4522 = CARTESIAN_POINT('',(20.177734375,-1.91796875,8.4));
#4523 = CARTESIAN_POINT('',(19.646484375,-2.34375,8.4));
#4524 = PCURVE('',#3015,#4525);
#4525 = DEFINITIONAL_REPRESENTATION('',(#4526),#4530);
#4526 = LINE('',#4527,#4528);
#4527 = CARTESIAN_POINT('',(0.,-0.65));
#4528 = VECTOR('',#4529,1.);
#4529 = DIRECTION('',(1.,0.));
#4530 = ( GEOMETRIC_REPRESENTATION_CONTEXT(2) 
PARAMETRIC_REPRESENTATION_CONTEXT() REPRESENTATION_CONTEXT('2D SPACE',''
  ) );
#4531 = PCURVE('',#4409,#4532);
#4532 = DEFINITIONAL_REPRESENTATION('',(#4533),#4537);
#4533 = B_SPLINE_CURVE_WITH_KNOTS('',2,(#4534,#4535,#4536),
  .UNSPECIFIED.,.F.,.F.,(3,3),(0.,1.),.PIECEWISE_BEZIER_KNOTS.);
#4534 = CARTESIAN_POINT('',(4.921875,1.6328125));
#4535 = CARTESIAN_POINT('',(4.921875,0.8515625));
#4536 = CARTESIAN_POINT('',(4.390625,0.42578125));
#4537 = ( GEOMETRIC_REPRESENTATION_CONTEXT(2) 
PARAMETRIC_REPRESENTATION_CONTEXT() REPRESENTATION_CONTEXT('2D SPACE',''
  ) );
#4538 = ORIENTED_EDGE('',*,*,#4446,.F.);
#4539 = ADVANCED_FACE('',(#4540),#2954,.T.);
#4540 = FACE_BOUND('',#4541,.T.);
#4541 = EDGE_LOOP('',(#4542,#4543,#4566,#4587));
#4542 = ORIENTED_EDGE('',*,*,#2920,.T.);
#4543 = ORIENTED_EDGE('',*,*,#4544,.T.);
#4544 = EDGE_CURVE('',#2864,#4545,#4547,.T.);
#4545 = VERTEX_POINT('',#4546);
#4546 = CARTESIAN_POINT('',(19.85546875,-0.146484375,8.4));
#4547 = SURFACE_CURVE('',#4548,(#4552,#4559),.PCURVE_S1.);
#4548 = LINE('',#4549,#4550);
#4549 = CARTESIAN_POINT('',(19.85546875,-0.146484375,9.05));
#4550 = VECTOR('',#4551,1.);
#4551 = DIRECTION('',(-0.,-0.,-1.));
#4552 = PCURVE('',#2954,#4553);
#4553 = DEFINITIONAL_REPRESENTATION('',(#4554),#4558);
#4554 = LINE('',#4555,#4556);
#4555 = CARTESIAN_POINT('',(0.,0.));
#4556 = VECTOR('',#4557,1.);
#4557 = DIRECTION('',(0.,-1.));
#4558 = ( GEOMETRIC_REPRESENTATION_CONTEXT(2) 
PARAMETRIC_REPRESENTATION_CONTEXT() REPRESENTATION_CONTEXT('2D SPACE',''
  ) );
#4559 = PCURVE('',#2897,#4560);
#4560 = DEFINITIONAL_REPRESENTATION('',(#4561),#4565);
#4561 = LINE('',#4562,#4563);
#4562 = CARTESIAN_POINT('',(1.,0.));
#4563 = VECTOR('',#4564,1.);
#4564 = DIRECTION('',(0.,-1.));
#4565 = ( GEOMETRIC_REPRESENTATION_CONTEXT(2) 
PARAMETRIC_REPRESENTATION_CONTEXT() REPRESENTATION_CONTEXT('2D SPACE',''
  ) );
#4566 = ORIENTED_EDGE('',*,*,#4567,.T.);
#4567 = EDGE_CURVE('',#4545,#4496,#4568,.T.);
#4568 = SURFACE_CURVE('',#4569,(#4573,#4580),.PCURVE_S1.);
#4569 = B_SPLINE_CURVE_WITH_KNOTS('',2,(#4570,#4571,#4572),
  .UNSPECIFIED.,.F.,.F.,(3,3),(0.,1.),.PIECEWISE_BEZIER_KNOTS.);
#4570 = CARTESIAN_POINT('',(19.85546875,-0.146484375,8.4));
#4571 = CARTESIAN_POINT('',(20.177734375,-0.54296875,8.4));
#4572 = CARTESIAN_POINT('',(20.177734375,-1.13671875,8.4));
#4573 = PCURVE('',#2954,#4574);
#4574 = DEFINITIONAL_REPRESENTATION('',(#4575),#4579);
#4575 = LINE('',#4576,#4577);
#4576 = CARTESIAN_POINT('',(0.,-0.65));
#4577 = VECTOR('',#4578,1.);
#4578 = DIRECTION('',(1.,0.));
#4579 = ( GEOMETRIC_REPRESENTATION_CONTEXT(2) 
PARAMETRIC_REPRESENTATION_CONTEXT() REPRESENTATION_CONTEXT('2D SPACE',''
  ) );
#4580 = PCURVE('',#4409,#4581);
#4581 = DEFINITIONAL_REPRESENTATION('',(#4582),#4586);
#4582 = B_SPLINE_CURVE_WITH_KNOTS('',2,(#4583,#4584,#4585),
  .UNSPECIFIED.,.F.,.F.,(3,3),(0.,1.),.PIECEWISE_BEZIER_KNOTS.);
#4583 = CARTESIAN_POINT('',(4.599609375,2.623046875));
#4584 = CARTESIAN_POINT('',(4.921875,2.2265625));
#4585 = CARTESIAN_POINT('',(4.921875,1.6328125));
#4586 = ( GEOMETRIC_REPRESENTATION_CONTEXT(2) 
PARAMETRIC_REPRESENTATION_CONTEXT() REPRESENTATION_CONTEXT('2D SPACE',''
  ) );
#4587 = ORIENTED_EDGE('',*,*,#4495,.F.);
#4588 = ADVANCED_FACE('',(#4589),#2897,.T.);
#4589 = FACE_BOUND('',#4590,.T.);
#4590 = EDGE_LOOP('',(#4591,#4592,#4615,#4636));
#4591 = ORIENTED_EDGE('',*,*,#2863,.T.);
#4592 = ORIENTED_EDGE('',*,*,#4593,.T.);
#4593 = EDGE_CURVE('',#2807,#4594,#4596,.T.);
#4594 = VERTEX_POINT('',#4595);
#4595 = CARTESIAN_POINT('',(18.951171875,0.375,8.4));
#4596 = SURFACE_CURVE('',#4597,(#4601,#4608),.PCURVE_S1.);
#4597 = LINE('',#4598,#4599);
#4598 = CARTESIAN_POINT('',(18.951171875,0.375,9.05));
#4599 = VECTOR('',#4600,1.);
#4600 = DIRECTION('',(-0.,-0.,-1.));
#4601 = PCURVE('',#2897,#4602);
#4602 = DEFINITIONAL_REPRESENTATION('',(#4603),#4607);
#4603 = LINE('',#4604,#4605);
#4604 = CARTESIAN_POINT('',(0.,0.));
#4605 = VECTOR('',#4606,1.);
#4606 = DIRECTION('',(0.,-1.));
#4607 = ( GEOMETRIC_REPRESENTATION_CONTEXT(2) 
PARAMETRIC_REPRESENTATION_CONTEXT() REPRESENTATION_CONTEXT('2D SPACE',''
  ) );
#4608 = PCURVE('',#2840,#4609);
#4609 = DEFINITIONAL_REPRESENTATION('',(#4610),#4614);
#4610 = LINE('',#4611,#4612);
#4611 = CARTESIAN_POINT('',(1.,0.));
#4612 = VECTOR('',#4613,1.);
#4613 = DIRECTION('',(0.,-1.));
#4614 = ( GEOMETRIC_REPRESENTATION_CONTEXT(2) 
PARAMETRIC_REPRESENTATION_CONTEXT() REPRESENTATION_CONTEXT('2D SPACE',''
  ) );
#4615 = ORIENTED_EDGE('',*,*,#4616,.T.);
#4616 = EDGE_CURVE('',#4594,#4545,#4617,.T.);
#4617 = SURFACE_CURVE('',#4618,(#4622,#4629),.PCURVE_S1.);
#4618 = B_SPLINE_CURVE_WITH_KNOTS('',2,(#4619,#4620,#4621),
  .UNSPECIFIED.,.F.,.F.,(3,3),(0.,1.),.PIECEWISE_BEZIER_KNOTS.);
#4619 = CARTESIAN_POINT('',(18.951171875,0.375,8.4));
#4620 = CARTESIAN_POINT('',(19.533203125,0.25,8.4));
#4621 = CARTESIAN_POINT('',(19.85546875,-0.146484375,8.4));
#4622 = PCURVE('',#2897,#4623);
#4623 = DEFINITIONAL_REPRESENTATION('',(#4624),#4628);
#4624 = LINE('',#4625,#4626);
#4625 = CARTESIAN_POINT('',(0.,-0.65));
#4626 = VECTOR('',#4627,1.);
#4627 = DIRECTION('',(1.,0.));
#4628 = ( GEOMETRIC_REPRESENTATION_CONTEXT(2) 
PARAMETRIC_REPRESENTATION_CONTEXT() REPRESENTATION_CONTEXT('2D SPACE',''
  ) );
#4629 = PCURVE('',#4409,#4630);
#4630 = DEFINITIONAL_REPRESENTATION('',(#4631),#4635);
#4631 = B_SPLINE_CURVE_WITH_KNOTS('',2,(#4632,#4633,#4634),
  .UNSPECIFIED.,.F.,.F.,(3,3),(0.,1.),.PIECEWISE_BEZIER_KNOTS.);
#4632 = CARTESIAN_POINT('',(3.6953125,3.14453125));
#4633 = CARTESIAN_POINT('',(4.27734375,3.01953125));
#4634 = CARTESIAN_POINT('',(4.599609375,2.623046875));
#4635 = ( GEOMETRIC_REPRESENTATION_CONTEXT(2) 
PARAMETRIC_REPRESENTATION_CONTEXT() REPRESENTATION_CONTEXT('2D SPACE',''
  ) );
#4636 = ORIENTED_EDGE('',*,*,#4544,.F.);
#4637 = ADVANCED_FACE('',(#4638),#2840,.T.);
#4638 = FACE_BOUND('',#4639,.T.);
#4639 = EDGE_LOOP('',(#4640,#4641,#4664,#4685));
#4640 = ORIENTED_EDGE('',*,*,#2806,.T.);
#4641 = ORIENTED_EDGE('',*,*,#4642,.T.);
#4642 = EDGE_CURVE('',#2756,#4643,#4645,.T.);
#4643 = VERTEX_POINT('',#4644);
#4644 = CARTESIAN_POINT('',(19.685546875,0.76953125,8.4));
#4645 = SURFACE_CURVE('',#4646,(#4650,#4657),.PCURVE_S1.);
#4646 = LINE('',#4647,#4648);
#4647 = CARTESIAN_POINT('',(19.685546875,0.76953125,9.05));
#4648 = VECTOR('',#4649,1.);
#4649 = DIRECTION('',(-0.,-0.,-1.));
#4650 = PCURVE('',#2840,#4651);
#4651 = DEFINITIONAL_REPRESENTATION('',(#4652),#4656);
#4652 = LINE('',#4653,#4654);
#4653 = CARTESIAN_POINT('',(0.,0.));
#4654 = VECTOR('',#4655,1.);
#4655 = DIRECTION('',(0.,-1.));
#4656 = ( GEOMETRIC_REPRESENTATION_CONTEXT(2) 
PARAMETRIC_REPRESENTATION_CONTEXT() REPRESENTATION_CONTEXT('2D SPACE',''
  ) );
#4657 = PCURVE('',#2785,#4658);
#4658 = DEFINITIONAL_REPRESENTATION('',(#4659),#4663);
#4659 = LINE('',#4660,#4661);
#4660 = CARTESIAN_POINT('',(1.,0.));
#4661 = VECTOR('',#4662,1.);
#4662 = DIRECTION('',(0.,-1.));
#4663 = ( GEOMETRIC_REPRESENTATION_CONTEXT(2) 
PARAMETRIC_REPRESENTATION_CONTEXT() REPRESENTATION_CONTEXT('2D SPACE',''
  ) );
#4664 = ORIENTED_EDGE('',*,*,#4665,.T.);
#4665 = EDGE_CURVE('',#4643,#4594,#4666,.T.);
#4666 = SURFACE_CURVE('',#4667,(#4671,#4678),.PCURVE_S1.);
#4667 = B_SPLINE_CURVE_WITH_KNOTS('',2,(#4668,#4669,#4670),
  .UNSPECIFIED.,.F.,.F.,(3,3),(0.,1.),.PIECEWISE_BEZIER_KNOTS.);
#4668 = CARTESIAN_POINT('',(19.685546875,0.76953125,8.4));
#4669 = CARTESIAN_POINT('',(19.435546875,0.453125,8.4));
#4670 = CARTESIAN_POINT('',(18.951171875,0.375,8.4));
#4671 = PCURVE('',#2840,#4672);
#4672 = DEFINITIONAL_REPRESENTATION('',(#4673),#4677);
#4673 = LINE('',#4674,#4675);
#4674 = CARTESIAN_POINT('',(0.,-0.65));
#4675 = VECTOR('',#4676,1.);
#4676 = DIRECTION('',(1.,0.));
#4677 = ( GEOMETRIC_REPRESENTATION_CONTEXT(2) 
PARAMETRIC_REPRESENTATION_CONTEXT() REPRESENTATION_CONTEXT('2D SPACE',''
  ) );
#4678 = PCURVE('',#4409,#4679);
#4679 = DEFINITIONAL_REPRESENTATION('',(#4680),#4684);
#4680 = B_SPLINE_CURVE_WITH_KNOTS('',2,(#4681,#4682,#4683),
  .UNSPECIFIED.,.F.,.F.,(3,3),(0.,1.),.PIECEWISE_BEZIER_KNOTS.);
#4681 = CARTESIAN_POINT('',(4.4296875,3.5390625));
#4682 = CARTESIAN_POINT('',(4.1796875,3.22265625));
#4683 = CARTESIAN_POINT('',(3.6953125,3.14453125));
#4684 = ( GEOMETRIC_REPRESENTATION_CONTEXT(2) 
PARAMETRIC_REPRESENTATION_CONTEXT() REPRESENTATION_CONTEXT('2D SPACE',''
  ) );
#4685 = ORIENTED_EDGE('',*,*,#4593,.F.);
#4686 = ADVANCED_FACE('',(#4687),#2785,.T.);
#4687 = FACE_BOUND('',#4688,.T.);
#4688 = EDGE_LOOP('',(#4689,#4690,#4713,#4734));
#4689 = ORIENTED_EDGE('',*,*,#2755,.T.);
#4690 = ORIENTED_EDGE('',*,*,#4691,.T.);
#4691 = EDGE_CURVE('',#2693,#4692,#4694,.T.);
#4692 = VERTEX_POINT('',#4693);
#4693 = CARTESIAN_POINT('',(19.935546875,1.62109375,8.4));
#4694 = SURFACE_CURVE('',#4695,(#4699,#4706),.PCURVE_S1.);
#4695 = LINE('',#4696,#4697);
#4696 = CARTESIAN_POINT('',(19.935546875,1.62109375,9.05));
#4697 = VECTOR('',#4698,1.);
#4698 = DIRECTION('',(-0.,-0.,-1.));
#4699 = PCURVE('',#2785,#4700);
#4700 = DEFINITIONAL_REPRESENTATION('',(#4701),#4705);
#4701 = LINE('',#4702,#4703);
#4702 = CARTESIAN_POINT('',(0.,0.));
#4703 = VECTOR('',#4704,1.);
#4704 = DIRECTION('',(0.,-1.));
#4705 = ( GEOMETRIC_REPRESENTATION_CONTEXT(2) 
PARAMETRIC_REPRESENTATION_CONTEXT() REPRESENTATION_CONTEXT('2D SPACE',''
  ) );
#4706 = PCURVE('',#2730,#4707);
#4707 = DEFINITIONAL_REPRESENTATION('',(#4708),#4712);
#4708 = LINE('',#4709,#4710);
#4709 = CARTESIAN_POINT('',(1.,0.));
#4710 = VECTOR('',#4711,1.);
#4711 = DIRECTION('',(0.,-1.));
#4712 = ( GEOMETRIC_REPRESENTATION_CONTEXT(2) 
PARAMETRIC_REPRESENTATION_CONTEXT() REPRESENTATION_CONTEXT('2D SPACE',''
  ) );
#4713 = ORIENTED_EDGE('',*,*,#4714,.T.);
#4714 = EDGE_CURVE('',#4692,#4643,#4715,.T.);
#4715 = SURFACE_CURVE('',#4716,(#4720,#4727),.PCURVE_S1.);
#4716 = B_SPLINE_CURVE_WITH_KNOTS('',2,(#4717,#4718,#4719),
  .UNSPECIFIED.,.F.,.F.,(3,3),(0.,1.),.PIECEWISE_BEZIER_KNOTS.);
#4717 = CARTESIAN_POINT('',(19.935546875,1.62109375,8.4));
#4718 = CARTESIAN_POINT('',(19.935546875,1.0859375,8.4));
#4719 = CARTESIAN_POINT('',(19.685546875,0.76953125,8.4));
#4720 = PCURVE('',#2785,#4721);
#4721 = DEFINITIONAL_REPRESENTATION('',(#4722),#4726);
#4722 = LINE('',#4723,#4724);
#4723 = CARTESIAN_POINT('',(0.,-0.65));
#4724 = VECTOR('',#4725,1.);
#4725 = DIRECTION('',(1.,0.));
#4726 = ( GEOMETRIC_REPRESENTATION_CONTEXT(2) 
PARAMETRIC_REPRESENTATION_CONTEXT() REPRESENTATION_CONTEXT('2D SPACE',''
  ) );
#4727 = PCURVE('',#4409,#4728);
#4728 = DEFINITIONAL_REPRESENTATION('',(#4729),#4733);
#4729 = B_SPLINE_CURVE_WITH_KNOTS('',2,(#4730,#4731,#4732),
  .UNSPECIFIED.,.F.,.F.,(3,3),(0.,1.),.PIECEWISE_BEZIER_KNOTS.);
#4730 = CARTESIAN_POINT('',(4.6796875,4.390625));
#4731 = CARTESIAN_POINT('',(4.6796875,3.85546875));
#4732 = CARTESIAN_POINT('',(4.4296875,3.5390625));
#4733 = ( GEOMETRIC_REPRESENTATION_CONTEXT(2) 
PARAMETRIC_REPRESENTATION_CONTEXT() REPRESENTATION_CONTEXT('2D SPACE',''
  ) );
#4734 = ORIENTED_EDGE('',*,*,#4642,.F.);
#4735 = ADVANCED_FACE('',(#4736),#2730,.T.);
#4736 = FACE_BOUND('',#4737,.T.);
#4737 = EDGE_LOOP('',(#4738,#4739,#4762,#4783));
#4738 = ORIENTED_EDGE('',*,*,#2692,.T.);
#4739 = ORIENTED_EDGE('',*,*,#4740,.T.);
#4740 = EDGE_CURVE('',#2636,#4741,#4743,.T.);
#4741 = VERTEX_POINT('',#4742);
#4742 = CARTESIAN_POINT('',(19.447265625,2.6875,8.4));
#4743 = SURFACE_CURVE('',#4744,(#4748,#4755),.PCURVE_S1.);
#4744 = LINE('',#4745,#4746);
#4745 = CARTESIAN_POINT('',(19.447265625,2.6875,9.05));
#4746 = VECTOR('',#4747,1.);
#4747 = DIRECTION('',(-0.,-0.,-1.));
#4748 = PCURVE('',#2730,#4749);
#4749 = DEFINITIONAL_REPRESENTATION('',(#4750),#4754);
#4750 = LINE('',#4751,#4752);
#4751 = CARTESIAN_POINT('',(0.,0.));
#4752 = VECTOR('',#4753,1.);
#4753 = DIRECTION('',(0.,-1.));
#4754 = ( GEOMETRIC_REPRESENTATION_CONTEXT(2) 
PARAMETRIC_REPRESENTATION_CONTEXT() REPRESENTATION_CONTEXT('2D SPACE',''
  ) );
#4755 = PCURVE('',#2669,#4756);
#4756 = DEFINITIONAL_REPRESENTATION('',(#4757),#4761);
#4757 = LINE('',#4758,#4759);
#4758 = CARTESIAN_POINT('',(1.,0.));
#4759 = VECTOR('',#4760,1.);
#4760 = DIRECTION('',(0.,-1.));
#4761 = ( GEOMETRIC_REPRESENTATION_CONTEXT(2) 
PARAMETRIC_REPRESENTATION_CONTEXT() REPRESENTATION_CONTEXT('2D SPACE',''
  ) );
#4762 = ORIENTED_EDGE('',*,*,#4763,.T.);
#4763 = EDGE_CURVE('',#4741,#4692,#4764,.T.);
#4764 = SURFACE_CURVE('',#4765,(#4769,#4776),.PCURVE_S1.);
#4765 = B_SPLINE_CURVE_WITH_KNOTS('',2,(#4766,#4767,#4768),
  .UNSPECIFIED.,.F.,.F.,(3,3),(0.,1.),.PIECEWISE_BEZIER_KNOTS.);
#4766 = CARTESIAN_POINT('',(19.447265625,2.6875,8.4));
#4767 = CARTESIAN_POINT('',(19.935546875,2.3125,8.4));
#4768 = CARTESIAN_POINT('',(19.935546875,1.62109375,8.4));
#4769 = PCURVE('',#2730,#4770);
#4770 = DEFINITIONAL_REPRESENTATION('',(#4771),#4775);
#4771 = LINE('',#4772,#4773);
#4772 = CARTESIAN_POINT('',(0.,-0.65));
#4773 = VECTOR('',#4774,1.);
#4774 = DIRECTION('',(1.,0.));
#4775 = ( GEOMETRIC_REPRESENTATION_CONTEXT(2) 
PARAMETRIC_REPRESENTATION_CONTEXT() REPRESENTATION_CONTEXT('2D SPACE',''
  ) );
#4776 = PCURVE('',#4409,#4777);
#4777 = DEFINITIONAL_REPRESENTATION('',(#4778),#4782);
#4778 = B_SPLINE_CURVE_WITH_KNOTS('',2,(#4779,#4780,#4781),
  .UNSPECIFIED.,.F.,.F.,(3,3),(0.,1.),.PIECEWISE_BEZIER_KNOTS.);
#4779 = CARTESIAN_POINT('',(4.19140625,5.45703125));
#4780 = CARTESIAN_POINT('',(4.6796875,5.08203125));
#4781 = CARTESIAN_POINT('',(4.6796875,4.390625));
#4782 = ( GEOMETRIC_REPRESENTATION_CONTEXT(2) 
PARAMETRIC_REPRESENTATION_CONTEXT() REPRESENTATION_CONTEXT('2D SPACE',''
  ) );
#4783 = ORIENTED_EDGE('',*,*,#4691,.F.);
#4784 = ADVANCED_FACE('',(#4785),#2669,.T.);
#4785 = FACE_BOUND('',#4786,.T.);
#4786 = EDGE_LOOP('',(#4787,#4788,#4811,#4832));
#4787 = ORIENTED_EDGE('',*,*,#2635,.T.);
#4788 = ORIENTED_EDGE('',*,*,#4789,.T.);
#4789 = EDGE_CURVE('',#2610,#4790,#4792,.T.);
#4790 = VERTEX_POINT('',#4791);
#4791 = CARTESIAN_POINT('',(18.056640625,3.0625,8.4));
#4792 = SURFACE_CURVE('',#4793,(#4797,#4804),.PCURVE_S1.);
#4793 = LINE('',#4794,#4795);
#4794 = CARTESIAN_POINT('',(18.056640625,3.0625,9.05));
#4795 = VECTOR('',#4796,1.);
#4796 = DIRECTION('',(-0.,-0.,-1.));
#4797 = PCURVE('',#2669,#4798);
#4798 = DEFINITIONAL_REPRESENTATION('',(#4799),#4803);
#4799 = LINE('',#4800,#4801);
#4800 = CARTESIAN_POINT('',(0.,0.));
#4801 = VECTOR('',#4802,1.);
#4802 = DIRECTION('',(0.,-1.));
#4803 = ( GEOMETRIC_REPRESENTATION_CONTEXT(2) 
PARAMETRIC_REPRESENTATION_CONTEXT() REPRESENTATION_CONTEXT('2D SPACE',''
  ) );
#4804 = PCURVE('',#2624,#4805);
#4805 = DEFINITIONAL_REPRESENTATION('',(#4806),#4810);
#4806 = LINE('',#4807,#4808);
#4807 = CARTESIAN_POINT('',(2.015625,0.));
#4808 = VECTOR('',#4809,1.);
#4809 = DIRECTION('',(0.,-1.));
#4810 = ( GEOMETRIC_REPRESENTATION_CONTEXT(2) 
PARAMETRIC_REPRESENTATION_CONTEXT() REPRESENTATION_CONTEXT('2D SPACE',''
  ) );
#4811 = ORIENTED_EDGE('',*,*,#4812,.T.);
#4812 = EDGE_CURVE('',#4790,#4741,#4813,.T.);
#4813 = SURFACE_CURVE('',#4814,(#4818,#4825),.PCURVE_S1.);
#4814 = B_SPLINE_CURVE_WITH_KNOTS('',2,(#4815,#4816,#4817),
  .UNSPECIFIED.,.F.,.F.,(3,3),(0.,1.),.PIECEWISE_BEZIER_KNOTS.);
#4815 = CARTESIAN_POINT('',(18.056640625,3.0625,8.4));
#4816 = CARTESIAN_POINT('',(18.958984375,3.0625,8.4));
#4817 = CARTESIAN_POINT('',(19.447265625,2.6875,8.4));
#4818 = PCURVE('',#2669,#4819);
#4819 = DEFINITIONAL_REPRESENTATION('',(#4820),#4824);
#4820 = LINE('',#4821,#4822);
#4821 = CARTESIAN_POINT('',(0.,-0.65));
#4822 = VECTOR('',#4823,1.);
#4823 = DIRECTION('',(1.,0.));
#4824 = ( GEOMETRIC_REPRESENTATION_CONTEXT(2) 
PARAMETRIC_REPRESENTATION_CONTEXT() REPRESENTATION_CONTEXT('2D SPACE',''
  ) );
#4825 = PCURVE('',#4409,#4826);
#4826 = DEFINITIONAL_REPRESENTATION('',(#4827),#4831);
#4827 = B_SPLINE_CURVE_WITH_KNOTS('',2,(#4828,#4829,#4830),
  .UNSPECIFIED.,.F.,.F.,(3,3),(0.,1.),.PIECEWISE_BEZIER_KNOTS.);
#4828 = CARTESIAN_POINT('',(2.80078125,5.83203125));
#4829 = CARTESIAN_POINT('',(3.703125,5.83203125));
#4830 = CARTESIAN_POINT('',(4.19140625,5.45703125));
#4831 = ( GEOMETRIC_REPRESENTATION_CONTEXT(2) 
PARAMETRIC_REPRESENTATION_CONTEXT() REPRESENTATION_CONTEXT('2D SPACE',''
  ) );
#4832 = ORIENTED_EDGE('',*,*,#4740,.F.);
#4833 = ADVANCED_FACE('',(#4834),#2624,.T.);
#4834 = FACE_BOUND('',#4835,.T.);
#4835 = EDGE_LOOP('',(#4836,#4837,#4860,#4881));
#4836 = ORIENTED_EDGE('',*,*,#2609,.F.);
#4837 = ORIENTED_EDGE('',*,*,#4838,.T.);
#4838 = EDGE_CURVE('',#2584,#4839,#4841,.T.);
#4839 = VERTEX_POINT('',#4840);
#4840 = CARTESIAN_POINT('',(16.041015625,3.0625,8.4));
#4841 = SURFACE_CURVE('',#4842,(#4846,#4853),.PCURVE_S1.);
#4842 = LINE('',#4843,#4844);
#4843 = CARTESIAN_POINT('',(16.041015625,3.0625,9.05));
#4844 = VECTOR('',#4845,1.);
#4845 = DIRECTION('',(-0.,-0.,-1.));
#4846 = PCURVE('',#2624,#4847);
#4847 = DEFINITIONAL_REPRESENTATION('',(#4848),#4852);
#4848 = LINE('',#4849,#4850);
#4849 = CARTESIAN_POINT('',(0.,0.));
#4850 = VECTOR('',#4851,1.);
#4851 = DIRECTION('',(0.,-1.));
#4852 = ( GEOMETRIC_REPRESENTATION_CONTEXT(2) 
PARAMETRIC_REPRESENTATION_CONTEXT() REPRESENTATION_CONTEXT('2D SPACE',''
  ) );
#4853 = PCURVE('',#2598,#4854);
#4854 = DEFINITIONAL_REPRESENTATION('',(#4855),#4859);
#4855 = LINE('',#4856,#4857);
#4856 = CARTESIAN_POINT('',(5.83203125,0.));
#4857 = VECTOR('',#4858,1.);
#4858 = DIRECTION('',(0.,-1.));
#4859 = ( GEOMETRIC_REPRESENTATION_CONTEXT(2) 
PARAMETRIC_REPRESENTATION_CONTEXT() REPRESENTATION_CONTEXT('2D SPACE',''
  ) );
#4860 = ORIENTED_EDGE('',*,*,#4861,.T.);
#4861 = EDGE_CURVE('',#4839,#4790,#4862,.T.);
#4862 = SURFACE_CURVE('',#4863,(#4867,#4874),.PCURVE_S1.);
#4863 = LINE('',#4864,#4865);
#4864 = CARTESIAN_POINT('',(16.041015625,3.0625,8.4));
#4865 = VECTOR('',#4866,1.);
#4866 = DIRECTION('',(1.,0.,0.));
#4867 = PCURVE('',#2624,#4868);
#4868 = DEFINITIONAL_REPRESENTATION('',(#4869),#4873);
#4869 = LINE('',#4870,#4871);
#4870 = CARTESIAN_POINT('',(0.,-0.65));
#4871 = VECTOR('',#4872,1.);
#4872 = DIRECTION('',(1.,0.));
#4873 = ( GEOMETRIC_REPRESENTATION_CONTEXT(2) 
PARAMETRIC_REPRESENTATION_CONTEXT() REPRESENTATION_CONTEXT('2D SPACE',''
  ) );
#4874 = PCURVE('',#4409,#4875);
#4875 = DEFINITIONAL_REPRESENTATION('',(#4876),#4880);
#4876 = LINE('',#4877,#4878);
#4877 = CARTESIAN_POINT('',(0.78515625,5.83203125));
#4878 = VECTOR('',#4879,1.);
#4879 = DIRECTION('',(1.,0.));
#4880 = ( GEOMETRIC_REPRESENTATION_CONTEXT(2) 
PARAMETRIC_REPRESENTATION_CONTEXT() REPRESENTATION_CONTEXT('2D SPACE',''
  ) );
#4881 = ORIENTED_EDGE('',*,*,#4789,.F.);
#4882 = ADVANCED_FACE('',(#4883),#2598,.T.);
#4883 = FACE_BOUND('',#4884,.T.);
#4884 = EDGE_LOOP('',(#4885,#4886,#4887,#4908));
#4885 = ORIENTED_EDGE('',*,*,#2583,.F.);
#4886 = ORIENTED_EDGE('',*,*,#4421,.T.);
#4887 = ORIENTED_EDGE('',*,*,#4888,.T.);
#4888 = EDGE_CURVE('',#4394,#4839,#4889,.T.);
#4889 = SURFACE_CURVE('',#4890,(#4894,#4901),.PCURVE_S1.);
#4890 = LINE('',#4891,#4892);
#4891 = CARTESIAN_POINT('',(16.041015625,-2.76953125,8.4));
#4892 = VECTOR('',#4893,1.);
#4893 = DIRECTION('',(0.,1.,0.));
#4894 = PCURVE('',#2598,#4895);
#4895 = DEFINITIONAL_REPRESENTATION('',(#4896),#4900);
#4896 = LINE('',#4897,#4898);
#4897 = CARTESIAN_POINT('',(0.,-0.65));
#4898 = VECTOR('',#4899,1.);
#4899 = DIRECTION('',(1.,0.));
#4900 = ( GEOMETRIC_REPRESENTATION_CONTEXT(2) 
PARAMETRIC_REPRESENTATION_CONTEXT() REPRESENTATION_CONTEXT('2D SPACE',''
  ) );
#4901 = PCURVE('',#4409,#4902);
#4902 = DEFINITIONAL_REPRESENTATION('',(#4903),#4907);
#4903 = LINE('',#4904,#4905);
#4904 = CARTESIAN_POINT('',(0.78515625,0.));
#4905 = VECTOR('',#4906,1.);
#4906 = DIRECTION('',(0.,1.));
#4907 = ( GEOMETRIC_REPRESENTATION_CONTEXT(2) 
PARAMETRIC_REPRESENTATION_CONTEXT() REPRESENTATION_CONTEXT('2D SPACE',''
  ) );
#4908 = ORIENTED_EDGE('',*,*,#4838,.F.);
#4909 = ADVANCED_FACE('',(#4910),#3285,.T.);
#4910 = FACE_BOUND('',#4911,.T.);
#4911 = EDGE_LOOP('',(#4912,#4913,#4914,#4915));
#4912 = ORIENTED_EDGE('',*,*,#3573,.F.);
#4913 = ORIENTED_EDGE('',*,*,#3500,.F.);
#4914 = ORIENTED_EDGE('',*,*,#3419,.F.);
#4915 = ORIENTED_EDGE('',*,*,#3269,.F.);
#4916 = ADVANCED_FACE('',(#4917),#3336,.T.);
#4917 = FACE_BOUND('',#4918,.T.);
#4918 = EDGE_LOOP('',(#4919,#4920,#4921,#4922));
#4919 = ORIENTED_EDGE('',*,*,#3551,.F.);
#4920 = ORIENTED_EDGE('',*,*,#3320,.F.);
#4921 = ORIENTED_EDGE('',*,*,#3775,.F.);
#4922 = ORIENTED_EDGE('',*,*,#3800,.T.);
#4923 = ADVANCED_FACE('',(#4924),#3644,.T.);
#4924 = FACE_BOUND('',#4925,.T.);
#4925 = EDGE_LOOP('',(#4926,#4927,#4950,#4981));
#4926 = ORIENTED_EDGE('',*,*,#3627,.F.);
#4927 = ORIENTED_EDGE('',*,*,#4928,.T.);
#4928 = EDGE_CURVE('',#3628,#4929,#4931,.T.);
#4929 = VERTEX_POINT('',#4930);
#4930 = CARTESIAN_POINT('',(22.5,-5.7,4.));
#4931 = SEAM_CURVE('',#4932,(#4936,#4943),.PCURVE_S1.);
#4932 = LINE('',#4933,#4934);
#4933 = CARTESIAN_POINT('',(22.5,-5.7,4.));
#4934 = VECTOR('',#4935,1.);
#4935 = DIRECTION('',(0.,0.,-1.));
#4936 = PCURVE('',#3644,#4937);
#4937 = DEFINITIONAL_REPRESENTATION('',(#4938),#4942);
#4938 = LINE('',#4939,#4940);
#4939 = CARTESIAN_POINT('',(3.14159265359,0.));
#4940 = VECTOR('',#4941,1.);
#4941 = DIRECTION('',(0.,-1.));
#4942 = ( GEOMETRIC_REPRESENTATION_CONTEXT(2) 
PARAMETRIC_REPRESENTATION_CONTEXT() REPRESENTATION_CONTEXT('2D SPACE',''
  ) );
#4943 = PCURVE('',#3644,#4944);
#4944 = DEFINITIONAL_REPRESENTATION('',(#4945),#4949);
#4945 = LINE('',#4946,#4947);
#4946 = CARTESIAN_POINT('',(9.424777960769,0.));
#4947 = VECTOR('',#4948,1.);
#4948 = DIRECTION('',(0.,-1.));
#4949 = ( GEOMETRIC_REPRESENTATION_CONTEXT(2) 
PARAMETRIC_REPRESENTATION_CONTEXT() REPRESENTATION_CONTEXT('2D SPACE',''
  ) );
#4950 = ORIENTED_EDGE('',*,*,#4951,.F.);
#4951 = EDGE_CURVE('',#4929,#4929,#4952,.T.);
#4952 = SURFACE_CURVE('',#4953,(#4958,#4965),.PCURVE_S1.);
#4953 = CIRCLE('',#4954,2.);
#4954 = AXIS2_PLACEMENT_3D('',#4955,#4956,#4957);
#4955 = CARTESIAN_POINT('',(24.5,-5.7,4.));
#4956 = DIRECTION('',(3.545500703517E-29,-3.575598433705E-15,-1.));
#4957 = DIRECTION('',(1.,1.267728676219E-43,3.545500703517E-29));
#4958 = PCURVE('',#3644,#4959);
#4959 = DEFINITIONAL_REPRESENTATION('',(#4960),#4964);
#4960 = LINE('',#4961,#4962);
#4961 = CARTESIAN_POINT('',(12.56637061436,0.));
#4962 = VECTOR('',#4963,1.);
#4963 = DIRECTION('',(-1.,0.));
#4964 = ( GEOMETRIC_REPRESENTATION_CONTEXT(2) 
PARAMETRIC_REPRESENTATION_CONTEXT() REPRESENTATION_CONTEXT('2D SPACE',''
  ) );
#4965 = PCURVE('',#4966,#4971);
#4966 = PLANE('',#4967);
#4967 = AXIS2_PLACEMENT_3D('',#4968,#4969,#4970);
#4968 = CARTESIAN_POINT('',(1.,-4.884981308351E-14,4.));
#4969 = DIRECTION('',(-3.545500703517E-29,3.575598433705E-15,1.));
#4970 = DIRECTION('',(1.,0.,3.545500703517E-29));
#4971 = DEFINITIONAL_REPRESENTATION('',(#4972),#4980);
#4972 = ( BOUNDED_CURVE() B_SPLINE_CURVE(2,(#4973,#4974,#4975,#4976,
#4977,#4978,#4979),.UNSPECIFIED.,.T.,.F.) B_SPLINE_CURVE_WITH_KNOTS((1,2
    ,2,2,2,1),(-2.094395102393,0.,2.094395102393,4.188790204786,
6.28318530718,8.377580409573),.UNSPECIFIED.) CURVE() 
GEOMETRIC_REPRESENTATION_ITEM() RATIONAL_B_SPLINE_CURVE((1.,0.5,1.,0.5,
1.,0.5,1.)) REPRESENTATION_ITEM('') );
#4973 = CARTESIAN_POINT('',(25.5,-5.7));
#4974 = CARTESIAN_POINT('',(25.5,-9.164101615138));
#4975 = CARTESIAN_POINT('',(22.5,-7.432050807569));
#4976 = CARTESIAN_POINT('',(19.5,-5.7));
#4977 = CARTESIAN_POINT('',(22.5,-3.967949192431));
#4978 = CARTESIAN_POINT('',(25.5,-2.235898384862));
#4979 = CARTESIAN_POINT('',(25.5,-5.7));
#4980 = ( GEOMETRIC_REPRESENTATION_CONTEXT(2) 
PARAMETRIC_REPRESENTATION_CONTEXT() REPRESENTATION_CONTEXT('2D SPACE',''
  ) );
#4981 = ORIENTED_EDGE('',*,*,#4928,.F.);
#4982 = ADVANCED_FACE('',(#4983),#3675,.T.);
#4983 = FACE_BOUND('',#4984,.T.);
#4984 = EDGE_LOOP('',(#4985,#4986,#5009,#5040));
#4985 = ORIENTED_EDGE('',*,*,#3658,.F.);
#4986 = ORIENTED_EDGE('',*,*,#4987,.T.);
#4987 = EDGE_CURVE('',#3659,#4988,#4990,.T.);
#4988 = VERTEX_POINT('',#4989);
#4989 = CARTESIAN_POINT('',(22.5,5.7,4.));
#4990 = SEAM_CURVE('',#4991,(#4995,#5002),.PCURVE_S1.);
#4991 = LINE('',#4992,#4993);
#4992 = CARTESIAN_POINT('',(22.5,5.7,4.));
#4993 = VECTOR('',#4994,1.);
#4994 = DIRECTION('',(0.,0.,-1.));
#4995 = PCURVE('',#3675,#4996);
#4996 = DEFINITIONAL_REPRESENTATION('',(#4997),#5001);
#4997 = LINE('',#4998,#4999);
#4998 = CARTESIAN_POINT('',(3.14159265359,0.));
#4999 = VECTOR('',#5000,1.);
#5000 = DIRECTION('',(0.,-1.));
#5001 = ( GEOMETRIC_REPRESENTATION_CONTEXT(2) 
PARAMETRIC_REPRESENTATION_CONTEXT() REPRESENTATION_CONTEXT('2D SPACE',''
  ) );
#5002 = PCURVE('',#3675,#5003);
#5003 = DEFINITIONAL_REPRESENTATION('',(#5004),#5008);
#5004 = LINE('',#5005,#5006);
#5005 = CARTESIAN_POINT('',(9.424777960769,0.));
#5006 = VECTOR('',#5007,1.);
#5007 = DIRECTION('',(0.,-1.));
#5008 = ( GEOMETRIC_REPRESENTATION_CONTEXT(2) 
PARAMETRIC_REPRESENTATION_CONTEXT() REPRESENTATION_CONTEXT('2D SPACE',''
  ) );
#5009 = ORIENTED_EDGE('',*,*,#5010,.F.);
#5010 = EDGE_CURVE('',#4988,#4988,#5011,.T.);
#5011 = SURFACE_CURVE('',#5012,(#5017,#5024),.PCURVE_S1.);
#5012 = CIRCLE('',#5013,2.);
#5013 = AXIS2_PLACEMENT_3D('',#5014,#5015,#5016);
#5014 = CARTESIAN_POINT('',(24.5,5.7,4.));
#5015 = DIRECTION('',(3.545500703517E-29,-3.575598433705E-15,-1.));
#5016 = DIRECTION('',(1.,1.267728676219E-43,3.545500703517E-29));
#5017 = PCURVE('',#3675,#5018);
#5018 = DEFINITIONAL_REPRESENTATION('',(#5019),#5023);
#5019 = LINE('',#5020,#5021);
#5020 = CARTESIAN_POINT('',(12.56637061436,0.));
#5021 = VECTOR('',#5022,1.);
#5022 = DIRECTION('',(-1.,0.));
#5023 = ( GEOMETRIC_REPRESENTATION_CONTEXT(2) 
PARAMETRIC_REPRESENTATION_CONTEXT() REPRESENTATION_CONTEXT('2D SPACE',''
  ) );
#5024 = PCURVE('',#5025,#5030);
#5025 = PLANE('',#5026);
#5026 = AXIS2_PLACEMENT_3D('',#5027,#5028,#5029);
#5027 = CARTESIAN_POINT('',(1.,-4.884981308351E-14,4.));
#5028 = DIRECTION('',(-3.545500703517E-29,3.575598433705E-15,1.));
#5029 = DIRECTION('',(1.,0.,3.545500703517E-29));
#5030 = DEFINITIONAL_REPRESENTATION('',(#5031),#5039);
#5031 = ( BOUNDED_CURVE() B_SPLINE_CURVE(2,(#5032,#5033,#5034,#5035,
#5036,#5037,#5038),.UNSPECIFIED.,.T.,.F.) B_SPLINE_CURVE_WITH_KNOTS((1,2
    ,2,2,2,1),(-2.094395102393,0.,2.094395102393,4.188790204786,
6.28318530718,8.377580409573),.UNSPECIFIED.) CURVE() 
GEOMETRIC_REPRESENTATION_ITEM() RATIONAL_B_SPLINE_CURVE((1.,0.5,1.,0.5,
1.,0.5,1.)) REPRESENTATION_ITEM('') );
#5032 = CARTESIAN_POINT('',(25.5,5.7));
#5033 = CARTESIAN_POINT('',(25.5,2.235898384862));
#5034 = CARTESIAN_POINT('',(22.5,3.967949192431));
#5035 = CARTESIAN_POINT('',(19.5,5.7));
#5036 = CARTESIAN_POINT('',(22.5,7.432050807569));
#5037 = CARTESIAN_POINT('',(25.5,9.164101615138));
#5038 = CARTESIAN_POINT('',(25.5,5.7));
#5039 = ( GEOMETRIC_REPRESENTATION_CONTEXT(2) 
PARAMETRIC_REPRESENTATION_CONTEXT() REPRESENTATION_CONTEXT('2D SPACE',''
  ) );
#5040 = ORIENTED_EDGE('',*,*,#4987,.F.);
#5041 = ADVANCED_FACE('',(#5042,#5052),#4012,.T.);
#5042 = FACE_BOUND('',#5043,.F.);
#5043 = EDGE_LOOP('',(#5044,#5045,#5046,#5047,#5048,#5049,#5050,#5051));
#5044 = ORIENTED_EDGE('',*,*,#4099,.T.);
#5045 = ORIENTED_EDGE('',*,*,#4197,.T.);
#5046 = ORIENTED_EDGE('',*,*,#4295,.T.);
#5047 = ORIENTED_EDGE('',*,*,#4344,.T.);
#5048 = ORIENTED_EDGE('',*,*,#4268,.T.);
#5049 = ORIENTED_EDGE('',*,*,#4170,.T.);
#5050 = ORIENTED_EDGE('',*,*,#4072,.T.);
#5051 = ORIENTED_EDGE('',*,*,#3996,.T.);
#5052 = FACE_BOUND('',#5053,.F.);
#5053 = EDGE_LOOP('',(#5054,#5084,#5112));
#5054 = ORIENTED_EDGE('',*,*,#5055,.T.);
#5055 = EDGE_CURVE('',#5056,#5058,#5060,.T.);
#5056 = VERTEX_POINT('',#5057);
#5057 = CARTESIAN_POINT('',(-16.927734375,-0.6171875,8.4));
#5058 = VERTEX_POINT('',#5059);
#5059 = CARTESIAN_POINT('',(-18.001953125,2.28515625,8.4));
#5060 = SURFACE_CURVE('',#5061,(#5065,#5072),.PCURVE_S1.);
#5061 = LINE('',#5062,#5063);
#5062 = CARTESIAN_POINT('',(-16.927734375,-0.6171875,8.4));
#5063 = VECTOR('',#5064,1.);
#5064 = DIRECTION('',(-0.347108799995,0.937824866895,0.));
#5065 = PCURVE('',#4012,#5066);
#5066 = DEFINITIONAL_REPRESENTATION('',(#5067),#5071);
#5067 = LINE('',#5068,#5069);
#5068 = CARTESIAN_POINT('',(3.80859375,2.15234375));
#5069 = VECTOR('',#5070,1.);
#5070 = DIRECTION('',(-0.347108799995,0.937824866895));
#5071 = ( GEOMETRIC_REPRESENTATION_CONTEXT(2) 
PARAMETRIC_REPRESENTATION_CONTEXT() REPRESENTATION_CONTEXT('2D SPACE',''
  ) );
#5072 = PCURVE('',#5073,#5078);
#5073 = PLANE('',#5074);
#5074 = AXIS2_PLACEMENT_3D('',#5075,#5076,#5077);
#5075 = CARTESIAN_POINT('',(-16.927734375,-0.6171875,9.05));
#5076 = DIRECTION('',(0.937824866895,0.347108799995,0.));
#5077 = DIRECTION('',(-0.347108799995,0.937824866895,0.));
#5078 = DEFINITIONAL_REPRESENTATION('',(#5079),#5083);
#5079 = LINE('',#5080,#5081);
#5080 = CARTESIAN_POINT('',(0.,-0.65));
#5081 = VECTOR('',#5082,1.);
#5082 = DIRECTION('',(1.,0.));
#5083 = ( GEOMETRIC_REPRESENTATION_CONTEXT(2) 
PARAMETRIC_REPRESENTATION_CONTEXT() REPRESENTATION_CONTEXT('2D SPACE',''
  ) );
#5084 = ORIENTED_EDGE('',*,*,#5085,.T.);
#5085 = EDGE_CURVE('',#5058,#5086,#5088,.T.);
#5086 = VERTEX_POINT('',#5087);
#5087 = CARTESIAN_POINT('',(-19.072265625,-0.6171875,8.4));
#5088 = SURFACE_CURVE('',#5089,(#5093,#5100),.PCURVE_S1.);
#5089 = LINE('',#5090,#5091);
#5090 = CARTESIAN_POINT('',(-18.001953125,2.28515625,8.4));
#5091 = VECTOR('',#5092,1.);
#5092 = DIRECTION('',(-0.345997934185,-0.938235274086,0.));
#5093 = PCURVE('',#4012,#5094);
#5094 = DEFINITIONAL_REPRESENTATION('',(#5095),#5099);
#5095 = LINE('',#5096,#5097);
#5096 = CARTESIAN_POINT('',(2.734375,5.0546875));
#5097 = VECTOR('',#5098,1.);
#5098 = DIRECTION('',(-0.345997934185,-0.938235274086));
#5099 = ( GEOMETRIC_REPRESENTATION_CONTEXT(2) 
PARAMETRIC_REPRESENTATION_CONTEXT() REPRESENTATION_CONTEXT('2D SPACE',''
  ) );
#5100 = PCURVE('',#5101,#5106);
#5101 = PLANE('',#5102);
#5102 = AXIS2_PLACEMENT_3D('',#5103,#5104,#5105);
#5103 = CARTESIAN_POINT('',(-18.001953125,2.28515625,9.05));
#5104 = DIRECTION('',(-0.938235274086,0.345997934185,0.));
#5105 = DIRECTION('',(-0.345997934185,-0.938235274086,0.));
#5106 = DEFINITIONAL_REPRESENTATION('',(#5107),#5111);
#5107 = LINE('',#5108,#5109);
#5108 = CARTESIAN_POINT('',(-0.,-0.65));
#5109 = VECTOR('',#5110,1.);
#5110 = DIRECTION('',(1.,0.));
#5111 = ( GEOMETRIC_REPRESENTATION_CONTEXT(2) 
PARAMETRIC_REPRESENTATION_CONTEXT() REPRESENTATION_CONTEXT('2D SPACE',''
  ) );
#5112 = ORIENTED_EDGE('',*,*,#5113,.T.);
#5113 = EDGE_CURVE('',#5086,#5056,#5114,.T.);
#5114 = SURFACE_CURVE('',#5115,(#5119,#5126),.PCURVE_S1.);
#5115 = LINE('',#5116,#5117);
#5116 = CARTESIAN_POINT('',(-19.072265625,-0.6171875,8.4));
#5117 = VECTOR('',#5118,1.);
#5118 = DIRECTION('',(1.,0.,0.));
#5119 = PCURVE('',#4012,#5120);
#5120 = DEFINITIONAL_REPRESENTATION('',(#5121),#5125);
#5121 = LINE('',#5122,#5123);
#5122 = CARTESIAN_POINT('',(1.6640625,2.15234375));
#5123 = VECTOR('',#5124,1.);
#5124 = DIRECTION('',(1.,0.));
#5125 = ( GEOMETRIC_REPRESENTATION_CONTEXT(2) 
PARAMETRIC_REPRESENTATION_CONTEXT() REPRESENTATION_CONTEXT('2D SPACE',''
  ) );
#5126 = PCURVE('',#5127,#5132);
#5127 = PLANE('',#5128);
#5128 = AXIS2_PLACEMENT_3D('',#5129,#5130,#5131);
#5129 = CARTESIAN_POINT('',(-19.072265625,-0.6171875,9.05));
#5130 = DIRECTION('',(0.,-1.,0.));
#5131 = DIRECTION('',(1.,0.,0.));
#5132 = DEFINITIONAL_REPRESENTATION('',(#5133),#5137);
#5133 = LINE('',#5134,#5135);
#5134 = CARTESIAN_POINT('',(0.,-0.65));
#5135 = VECTOR('',#5136,1.);
#5136 = DIRECTION('',(1.,0.));
#5137 = ( GEOMETRIC_REPRESENTATION_CONTEXT(2) 
PARAMETRIC_REPRESENTATION_CONTEXT() REPRESENTATION_CONTEXT('2D SPACE',''
  ) );
#5138 = ADVANCED_FACE('',(#5139,#5152,#5358),#4409,.T.);
#5139 = FACE_BOUND('',#5140,.F.);
#5140 = EDGE_LOOP('',(#5141,#5142,#5143,#5144,#5145,#5146,#5147,#5148,
    #5149,#5150,#5151));
#5141 = ORIENTED_EDGE('',*,*,#4888,.T.);
#5142 = ORIENTED_EDGE('',*,*,#4861,.T.);
#5143 = ORIENTED_EDGE('',*,*,#4812,.T.);
#5144 = ORIENTED_EDGE('',*,*,#4763,.T.);
#5145 = ORIENTED_EDGE('',*,*,#4714,.T.);
#5146 = ORIENTED_EDGE('',*,*,#4665,.T.);
#5147 = ORIENTED_EDGE('',*,*,#4616,.T.);
#5148 = ORIENTED_EDGE('',*,*,#4567,.T.);
#5149 = ORIENTED_EDGE('',*,*,#4518,.T.);
#5150 = ORIENTED_EDGE('',*,*,#4469,.T.);
#5151 = ORIENTED_EDGE('',*,*,#4393,.T.);
#5152 = FACE_BOUND('',#5153,.F.);
#5153 = EDGE_LOOP('',(#5154,#5184,#5212,#5240,#5270,#5300,#5330));
#5154 = ORIENTED_EDGE('',*,*,#5155,.T.);
#5155 = EDGE_CURVE('',#5156,#5158,#5160,.T.);
#5156 = VERTEX_POINT('',#5157);
#5157 = CARTESIAN_POINT('',(18.095703125,1.5625E-02,8.4));
#5158 = VERTEX_POINT('',#5159);
#5159 = CARTESIAN_POINT('',(16.830078125,1.5625E-02,8.4));
#5160 = SURFACE_CURVE('',#5161,(#5165,#5172),.PCURVE_S1.);
#5161 = LINE('',#5162,#5163);
#5162 = CARTESIAN_POINT('',(18.095703125,1.5625E-02,8.4));
#5163 = VECTOR('',#5164,1.);
#5164 = DIRECTION('',(-1.,0.,0.));
#5165 = PCURVE('',#4409,#5166);
#5166 = DEFINITIONAL_REPRESENTATION('',(#5167),#5171);
#5167 = LINE('',#5168,#5169);
#5168 = CARTESIAN_POINT('',(2.83984375,2.78515625));
#5169 = VECTOR('',#5170,1.);
#5170 = DIRECTION('',(-1.,0.));
#5171 = ( GEOMETRIC_REPRESENTATION_CONTEXT(2) 
PARAMETRIC_REPRESENTATION_CONTEXT() REPRESENTATION_CONTEXT('2D SPACE',''
  ) );
#5172 = PCURVE('',#5173,#5178);
#5173 = PLANE('',#5174);
#5174 = AXIS2_PLACEMENT_3D('',#5175,#5176,#5177);
#5175 = CARTESIAN_POINT('',(18.095703125,1.5625E-02,9.05));
#5176 = DIRECTION('',(0.,1.,0.));
#5177 = DIRECTION('',(-1.,0.,0.));
#5178 = DEFINITIONAL_REPRESENTATION('',(#5179),#5183);
#5179 = LINE('',#5180,#5181);
#5180 = CARTESIAN_POINT('',(0.,-0.65));
#5181 = VECTOR('',#5182,1.);
#5182 = DIRECTION('',(1.,0.));
#5183 = ( GEOMETRIC_REPRESENTATION_CONTEXT(2) 
PARAMETRIC_REPRESENTATION_CONTEXT() REPRESENTATION_CONTEXT('2D SPACE',''
  ) );
#5184 = ORIENTED_EDGE('',*,*,#5185,.T.);
#5185 = EDGE_CURVE('',#5158,#5186,#5188,.T.);
#5186 = VERTEX_POINT('',#5187);
#5187 = CARTESIAN_POINT('',(16.830078125,-2.12109375,8.4));
#5188 = SURFACE_CURVE('',#5189,(#5193,#5200),.PCURVE_S1.);
#5189 = LINE('',#5190,#5191);
#5190 = CARTESIAN_POINT('',(16.830078125,1.5625E-02,8.4));
#5191 = VECTOR('',#5192,1.);
#5192 = DIRECTION('',(0.,-1.,0.));
#5193 = PCURVE('',#4409,#5194);
#5194 = DEFINITIONAL_REPRESENTATION('',(#5195),#5199);
#5195 = LINE('',#5196,#5197);
#5196 = CARTESIAN_POINT('',(1.57421875,2.78515625));
#5197 = VECTOR('',#5198,1.);
#5198 = DIRECTION('',(0.,-1.));
#5199 = ( GEOMETRIC_REPRESENTATION_CONTEXT(2) 
PARAMETRIC_REPRESENTATION_CONTEXT() REPRESENTATION_CONTEXT('2D SPACE',''
  ) );
#5200 = PCURVE('',#5201,#5206);
#5201 = PLANE('',#5202);
#5202 = AXIS2_PLACEMENT_3D('',#5203,#5204,#5205);
#5203 = CARTESIAN_POINT('',(16.830078125,1.5625E-02,9.05));
#5204 = DIRECTION('',(-1.,0.,0.));
#5205 = DIRECTION('',(0.,-1.,0.));
#5206 = DEFINITIONAL_REPRESENTATION('',(#5207),#5211);
#5207 = LINE('',#5208,#5209);
#5208 = CARTESIAN_POINT('',(0.,-0.65));
#5209 = VECTOR('',#5210,1.);
#5210 = DIRECTION('',(1.,0.));
#5211 = ( GEOMETRIC_REPRESENTATION_CONTEXT(2) 
PARAMETRIC_REPRESENTATION_CONTEXT() REPRESENTATION_CONTEXT('2D SPACE',''
  ) );
#5212 = ORIENTED_EDGE('',*,*,#5213,.T.);
#5213 = EDGE_CURVE('',#5186,#5214,#5216,.T.);
#5214 = VERTEX_POINT('',#5215);
#5215 = CARTESIAN_POINT('',(18.095703125,-2.12109375,8.4));
#5216 = SURFACE_CURVE('',#5217,(#5221,#5228),.PCURVE_S1.);
#5217 = LINE('',#5218,#5219);
#5218 = CARTESIAN_POINT('',(16.830078125,-2.12109375,8.4));
#5219 = VECTOR('',#5220,1.);
#5220 = DIRECTION('',(1.,0.,0.));
#5221 = PCURVE('',#4409,#5222);
#5222 = DEFINITIONAL_REPRESENTATION('',(#5223),#5227);
#5223 = LINE('',#5224,#5225);
#5224 = CARTESIAN_POINT('',(1.57421875,0.6484375));
#5225 = VECTOR('',#5226,1.);
#5226 = DIRECTION('',(1.,0.));
#5227 = ( GEOMETRIC_REPRESENTATION_CONTEXT(2) 
PARAMETRIC_REPRESENTATION_CONTEXT() REPRESENTATION_CONTEXT('2D SPACE',''
  ) );
#5228 = PCURVE('',#5229,#5234);
#5229 = PLANE('',#5230);
#5230 = AXIS2_PLACEMENT_3D('',#5231,#5232,#5233);
#5231 = CARTESIAN_POINT('',(16.830078125,-2.12109375,9.05));
#5232 = DIRECTION('',(0.,-1.,0.));
#5233 = DIRECTION('',(1.,0.,0.));
#5234 = DEFINITIONAL_REPRESENTATION('',(#5235),#5239);
#5235 = LINE('',#5236,#5237);
#5236 = CARTESIAN_POINT('',(0.,-0.65));
#5237 = VECTOR('',#5238,1.);
#5238 = DIRECTION('',(1.,0.));
#5239 = ( GEOMETRIC_REPRESENTATION_CONTEXT(2) 
PARAMETRIC_REPRESENTATION_CONTEXT() REPRESENTATION_CONTEXT('2D SPACE',''
  ) );
#5240 = ORIENTED_EDGE('',*,*,#5241,.T.);
#5241 = EDGE_CURVE('',#5214,#5242,#5244,.T.);
#5242 = VERTEX_POINT('',#5243);
#5243 = CARTESIAN_POINT('',(19.0390625,-1.857421875,8.4));
#5244 = SURFACE_CURVE('',#5245,(#5249,#5256),.PCURVE_S1.);
#5245 = B_SPLINE_CURVE_WITH_KNOTS('',2,(#5246,#5247,#5248),
  .UNSPECIFIED.,.F.,.F.,(3,3),(0.,1.),.PIECEWISE_BEZIER_KNOTS.);
#5246 = CARTESIAN_POINT('',(18.095703125,-2.12109375,8.4));
#5247 = CARTESIAN_POINT('',(18.732421875,-2.12109375,8.4));
#5248 = CARTESIAN_POINT('',(19.0390625,-1.857421875,8.4));
#5249 = PCURVE('',#4409,#5250);
#5250 = DEFINITIONAL_REPRESENTATION('',(#5251),#5255);
#5251 = B_SPLINE_CURVE_WITH_KNOTS('',2,(#5252,#5253,#5254),
  .UNSPECIFIED.,.F.,.F.,(3,3),(0.,1.),.PIECEWISE_BEZIER_KNOTS.);
#5252 = CARTESIAN_POINT('',(2.83984375,0.6484375));
#5253 = CARTESIAN_POINT('',(3.4765625,0.6484375));
#5254 = CARTESIAN_POINT('',(3.783203125,0.912109375));
#5255 = ( GEOMETRIC_REPRESENTATION_CONTEXT(2) 
PARAMETRIC_REPRESENTATION_CONTEXT() REPRESENTATION_CONTEXT('2D SPACE',''
  ) );
#5256 = PCURVE('',#5257,#5264);
#5257 = SURFACE_OF_LINEAR_EXTRUSION('',#5258,#5262);
#5258 = B_SPLINE_CURVE_WITH_KNOTS('',2,(#5259,#5260,#5261),
  .UNSPECIFIED.,.F.,.F.,(3,3),(0.,1.),.PIECEWISE_BEZIER_KNOTS.);
#5259 = CARTESIAN_POINT('',(18.095703125,-2.12109375,9.05));
#5260 = CARTESIAN_POINT('',(18.732421875,-2.12109375,9.05));
#5261 = CARTESIAN_POINT('',(19.0390625,-1.857421875,9.05));
#5262 = VECTOR('',#5263,1.);
#5263 = DIRECTION('',(0.,0.,1.));
#5264 = DEFINITIONAL_REPRESENTATION('',(#5265),#5269);
#5265 = LINE('',#5266,#5267);
#5266 = CARTESIAN_POINT('',(0.,-0.65));
#5267 = VECTOR('',#5268,1.);
#5268 = DIRECTION('',(1.,0.));
#5269 = ( GEOMETRIC_REPRESENTATION_CONTEXT(2) 
PARAMETRIC_REPRESENTATION_CONTEXT() REPRESENTATION_CONTEXT('2D SPACE',''
  ) );
#5270 = ORIENTED_EDGE('',*,*,#5271,.T.);
#5271 = EDGE_CURVE('',#5242,#5272,#5274,.T.);
#5272 = VERTEX_POINT('',#5273);
#5273 = CARTESIAN_POINT('',(19.345703125,-1.05078125,8.4));
#5274 = SURFACE_CURVE('',#5275,(#5279,#5286),.PCURVE_S1.);
#5275 = B_SPLINE_CURVE_WITH_KNOTS('',2,(#5276,#5277,#5278),
  .UNSPECIFIED.,.F.,.F.,(3,3),(0.,1.),.PIECEWISE_BEZIER_KNOTS.);
#5276 = CARTESIAN_POINT('',(19.0390625,-1.857421875,8.4));
#5277 = CARTESIAN_POINT('',(19.345703125,-1.59375,8.4));
#5278 = CARTESIAN_POINT('',(19.345703125,-1.05078125,8.4));
#5279 = PCURVE('',#4409,#5280);
#5280 = DEFINITIONAL_REPRESENTATION('',(#5281),#5285);
#5281 = B_SPLINE_CURVE_WITH_KNOTS('',2,(#5282,#5283,#5284),
  .UNSPECIFIED.,.F.,.F.,(3,3),(0.,1.),.PIECEWISE_BEZIER_KNOTS.);
#5282 = CARTESIAN_POINT('',(3.783203125,0.912109375));
#5283 = CARTESIAN_POINT('',(4.08984375,1.17578125));
#5284 = CARTESIAN_POINT('',(4.08984375,1.71875));
#5285 = ( GEOMETRIC_REPRESENTATION_CONTEXT(2) 
PARAMETRIC_REPRESENTATION_CONTEXT() REPRESENTATION_CONTEXT('2D SPACE',''
  ) );
#5286 = PCURVE('',#5287,#5294);
#5287 = SURFACE_OF_LINEAR_EXTRUSION('',#5288,#5292);
#5288 = B_SPLINE_CURVE_WITH_KNOTS('',2,(#5289,#5290,#5291),
  .UNSPECIFIED.,.F.,.F.,(3,3),(0.,1.),.PIECEWISE_BEZIER_KNOTS.);
#5289 = CARTESIAN_POINT('',(19.0390625,-1.857421875,9.05));
#5290 = CARTESIAN_POINT('',(19.345703125,-1.59375,9.05));
#5291 = CARTESIAN_POINT('',(19.345703125,-1.05078125,9.05));
#5292 = VECTOR('',#5293,1.);
#5293 = DIRECTION('',(0.,0.,1.));
#5294 = DEFINITIONAL_REPRESENTATION('',(#5295),#5299);
#5295 = LINE('',#5296,#5297);
#5296 = CARTESIAN_POINT('',(0.,-0.65));
#5297 = VECTOR('',#5298,1.);
#5298 = DIRECTION('',(1.,0.));
#5299 = ( GEOMETRIC_REPRESENTATION_CONTEXT(2) 
PARAMETRIC_REPRESENTATION_CONTEXT() REPRESENTATION_CONTEXT('2D SPACE',''
  ) );
#5300 = ORIENTED_EDGE('',*,*,#5301,.T.);
#5301 = EDGE_CURVE('',#5272,#5302,#5304,.T.);
#5302 = VERTEX_POINT('',#5303);
#5303 = CARTESIAN_POINT('',(19.0390625,-0.244140625,8.4));
#5304 = SURFACE_CURVE('',#5305,(#5309,#5316),.PCURVE_S1.);
#5305 = B_SPLINE_CURVE_WITH_KNOTS('',2,(#5306,#5307,#5308),
  .UNSPECIFIED.,.F.,.F.,(3,3),(0.,1.),.PIECEWISE_BEZIER_KNOTS.);
#5306 = CARTESIAN_POINT('',(19.345703125,-1.05078125,8.4));
#5307 = CARTESIAN_POINT('',(19.345703125,-0.50390625,8.4));
#5308 = CARTESIAN_POINT('',(19.0390625,-0.244140625,8.4));
#5309 = PCURVE('',#4409,#5310);
#5310 = DEFINITIONAL_REPRESENTATION('',(#5311),#5315);
#5311 = B_SPLINE_CURVE_WITH_KNOTS('',2,(#5312,#5313,#5314),
  .UNSPECIFIED.,.F.,.F.,(3,3),(0.,1.),.PIECEWISE_BEZIER_KNOTS.);
#5312 = CARTESIAN_POINT('',(4.08984375,1.71875));
#5313 = CARTESIAN_POINT('',(4.08984375,2.265625));
#5314 = CARTESIAN_POINT('',(3.783203125,2.525390625));
#5315 = ( GEOMETRIC_REPRESENTATION_CONTEXT(2) 
PARAMETRIC_REPRESENTATION_CONTEXT() REPRESENTATION_CONTEXT('2D SPACE',''
  ) );
#5316 = PCURVE('',#5317,#5324);
#5317 = SURFACE_OF_LINEAR_EXTRUSION('',#5318,#5322);
#5318 = B_SPLINE_CURVE_WITH_KNOTS('',2,(#5319,#5320,#5321),
  .UNSPECIFIED.,.F.,.F.,(3,3),(0.,1.),.PIECEWISE_BEZIER_KNOTS.);
#5319 = CARTESIAN_POINT('',(19.345703125,-1.05078125,9.05));
#5320 = CARTESIAN_POINT('',(19.345703125,-0.50390625,9.05));
#5321 = CARTESIAN_POINT('',(19.0390625,-0.244140625,9.05));
#5322 = VECTOR('',#5323,1.);
#5323 = DIRECTION('',(0.,0.,1.));
#5324 = DEFINITIONAL_REPRESENTATION('',(#5325),#5329);
#5325 = LINE('',#5326,#5327);
#5326 = CARTESIAN_POINT('',(0.,-0.65));
#5327 = VECTOR('',#5328,1.);
#5328 = DIRECTION('',(1.,0.));
#5329 = ( GEOMETRIC_REPRESENTATION_CONTEXT(2) 
PARAMETRIC_REPRESENTATION_CONTEXT() REPRESENTATION_CONTEXT('2D SPACE',''
  ) );
#5330 = ORIENTED_EDGE('',*,*,#5331,.T.);
#5331 = EDGE_CURVE('',#5302,#5156,#5332,.T.);
#5332 = SURFACE_CURVE('',#5333,(#5337,#5344),.PCURVE_S1.);
#5333 = B_SPLINE_CURVE_WITH_KNOTS('',2,(#5334,#5335,#5336),
  .UNSPECIFIED.,.F.,.F.,(3,3),(0.,1.),.PIECEWISE_BEZIER_KNOTS.);
#5334 = CARTESIAN_POINT('',(19.0390625,-0.244140625,8.4));
#5335 = CARTESIAN_POINT('',(18.732421875,1.5625E-02,8.4));
#5336 = CARTESIAN_POINT('',(18.095703125,1.5625E-02,8.4));
#5337 = PCURVE('',#4409,#5338);
#5338 = DEFINITIONAL_REPRESENTATION('',(#5339),#5343);
#5339 = B_SPLINE_CURVE_WITH_KNOTS('',2,(#5340,#5341,#5342),
  .UNSPECIFIED.,.F.,.F.,(3,3),(0.,1.),.PIECEWISE_BEZIER_KNOTS.);
#5340 = CARTESIAN_POINT('',(3.783203125,2.525390625));
#5341 = CARTESIAN_POINT('',(3.4765625,2.78515625));
#5342 = CARTESIAN_POINT('',(2.83984375,2.78515625));
#5343 = ( GEOMETRIC_REPRESENTATION_CONTEXT(2) 
PARAMETRIC_REPRESENTATION_CONTEXT() REPRESENTATION_CONTEXT('2D SPACE',''
  ) );
#5344 = PCURVE('',#5345,#5352);
#5345 = SURFACE_OF_LINEAR_EXTRUSION('',#5346,#5350);
#5346 = B_SPLINE_CURVE_WITH_KNOTS('',2,(#5347,#5348,#5349),
  .UNSPECIFIED.,.F.,.F.,(3,3),(0.,1.),.PIECEWISE_BEZIER_KNOTS.);
#5347 = CARTESIAN_POINT('',(19.0390625,-0.244140625,9.05));
#5348 = CARTESIAN_POINT('',(18.732421875,1.5625E-02,9.05));
#5349 = CARTESIAN_POINT('',(18.095703125,1.5625E-02,9.05));
#5350 = VECTOR('',#5351,1.);
#5351 = DIRECTION('',(0.,0.,1.));
#5352 = DEFINITIONAL_REPRESENTATION('',(#5353),#5357);
#5353 = LINE('',#5354,#5355);
#5354 = CARTESIAN_POINT('',(0.,-0.65));
#5355 = VECTOR('',#5356,1.);
#5356 = DIRECTION('',(1.,0.));
#5357 = ( GEOMETRIC_REPRESENTATION_CONTEXT(2) 
PARAMETRIC_REPRESENTATION_CONTEXT() REPRESENTATION_CONTEXT('2D SPACE',''
  ) );
#5358 = FACE_BOUND('',#5359,.F.);
#5359 = EDGE_LOOP('',(#5360,#5390,#5418,#5446,#5476,#5506,#5536));
#5360 = ORIENTED_EDGE('',*,*,#5361,.T.);
#5361 = EDGE_CURVE('',#5362,#5364,#5366,.T.);
#5362 = VERTEX_POINT('',#5363);
#5363 = CARTESIAN_POINT('',(17.998046875,2.4140625,8.4));
#5364 = VERTEX_POINT('',#5365);
#5365 = CARTESIAN_POINT('',(16.830078125,2.4140625,8.4));
#5366 = SURFACE_CURVE('',#5367,(#5371,#5378),.PCURVE_S1.);
#5367 = LINE('',#5368,#5369);
#5368 = CARTESIAN_POINT('',(17.998046875,2.4140625,8.4));
#5369 = VECTOR('',#5370,1.);
#5370 = DIRECTION('',(-1.,0.,0.));
#5371 = PCURVE('',#4409,#5372);
#5372 = DEFINITIONAL_REPRESENTATION('',(#5373),#5377);
#5373 = LINE('',#5374,#5375);
#5374 = CARTESIAN_POINT('',(2.7421875,5.18359375));
#5375 = VECTOR('',#5376,1.);
#5376 = DIRECTION('',(-1.,0.));
#5377 = ( GEOMETRIC_REPRESENTATION_CONTEXT(2) 
PARAMETRIC_REPRESENTATION_CONTEXT() REPRESENTATION_CONTEXT('2D SPACE',''
  ) );
#5378 = PCURVE('',#5379,#5384);
#5379 = PLANE('',#5380);
#5380 = AXIS2_PLACEMENT_3D('',#5381,#5382,#5383);
#5381 = CARTESIAN_POINT('',(17.998046875,2.4140625,9.05));
#5382 = DIRECTION('',(0.,1.,0.));
#5383 = DIRECTION('',(-1.,0.,0.));
#5384 = DEFINITIONAL_REPRESENTATION('',(#5385),#5389);
#5385 = LINE('',#5386,#5387);
#5386 = CARTESIAN_POINT('',(0.,-0.65));
#5387 = VECTOR('',#5388,1.);
#5388 = DIRECTION('',(1.,0.));
#5389 = ( GEOMETRIC_REPRESENTATION_CONTEXT(2) 
PARAMETRIC_REPRESENTATION_CONTEXT() REPRESENTATION_CONTEXT('2D SPACE',''
  ) );
#5390 = ORIENTED_EDGE('',*,*,#5391,.T.);
#5391 = EDGE_CURVE('',#5364,#5392,#5394,.T.);
#5392 = VERTEX_POINT('',#5393);
#5393 = CARTESIAN_POINT('',(16.830078125,0.65625,8.4));
#5394 = SURFACE_CURVE('',#5395,(#5399,#5406),.PCURVE_S1.);
#5395 = LINE('',#5396,#5397);
#5396 = CARTESIAN_POINT('',(16.830078125,2.4140625,8.4));
#5397 = VECTOR('',#5398,1.);
#5398 = DIRECTION('',(0.,-1.,0.));
#5399 = PCURVE('',#4409,#5400);
#5400 = DEFINITIONAL_REPRESENTATION('',(#5401),#5405);
#5401 = LINE('',#5402,#5403);
#5402 = CARTESIAN_POINT('',(1.57421875,5.18359375));
#5403 = VECTOR('',#5404,1.);
#5404 = DIRECTION('',(0.,-1.));
#5405 = ( GEOMETRIC_REPRESENTATION_CONTEXT(2) 
PARAMETRIC_REPRESENTATION_CONTEXT() REPRESENTATION_CONTEXT('2D SPACE',''
  ) );
#5406 = PCURVE('',#5407,#5412);
#5407 = PLANE('',#5408);
#5408 = AXIS2_PLACEMENT_3D('',#5409,#5410,#5411);
#5409 = CARTESIAN_POINT('',(16.830078125,2.4140625,9.05));
#5410 = DIRECTION('',(-1.,0.,0.));
#5411 = DIRECTION('',(0.,-1.,0.));
#5412 = DEFINITIONAL_REPRESENTATION('',(#5413),#5417);
#5413 = LINE('',#5414,#5415);
#5414 = CARTESIAN_POINT('',(0.,-0.65));
#5415 = VECTOR('',#5416,1.);
#5416 = DIRECTION('',(1.,0.));
#5417 = ( GEOMETRIC_REPRESENTATION_CONTEXT(2) 
PARAMETRIC_REPRESENTATION_CONTEXT() REPRESENTATION_CONTEXT('2D SPACE',''
  ) );
#5418 = ORIENTED_EDGE('',*,*,#5419,.T.);
#5419 = EDGE_CURVE('',#5392,#5420,#5422,.T.);
#5420 = VERTEX_POINT('',#5421);
#5421 = CARTESIAN_POINT('',(17.998046875,0.65625,8.4));
#5422 = SURFACE_CURVE('',#5423,(#5427,#5434),.PCURVE_S1.);
#5423 = LINE('',#5424,#5425);
#5424 = CARTESIAN_POINT('',(16.830078125,0.65625,8.4));
#5425 = VECTOR('',#5426,1.);
#5426 = DIRECTION('',(1.,0.,0.));
#5427 = PCURVE('',#4409,#5428);
#5428 = DEFINITIONAL_REPRESENTATION('',(#5429),#5433);
#5429 = LINE('',#5430,#5431);
#5430 = CARTESIAN_POINT('',(1.57421875,3.42578125));
#5431 = VECTOR('',#5432,1.);
#5432 = DIRECTION('',(1.,0.));
#5433 = ( GEOMETRIC_REPRESENTATION_CONTEXT(2) 
PARAMETRIC_REPRESENTATION_CONTEXT() REPRESENTATION_CONTEXT('2D SPACE',''
  ) );
#5434 = PCURVE('',#5435,#5440);
#5435 = PLANE('',#5436);
#5436 = AXIS2_PLACEMENT_3D('',#5437,#5438,#5439);
#5437 = CARTESIAN_POINT('',(16.830078125,0.65625,9.05));
#5438 = DIRECTION('',(0.,-1.,0.));
#5439 = DIRECTION('',(1.,0.,0.));
#5440 = DEFINITIONAL_REPRESENTATION('',(#5441),#5445);
#5441 = LINE('',#5442,#5443);
#5442 = CARTESIAN_POINT('',(0.,-0.65));
#5443 = VECTOR('',#5444,1.);
#5444 = DIRECTION('',(1.,0.));
#5445 = ( GEOMETRIC_REPRESENTATION_CONTEXT(2) 
PARAMETRIC_REPRESENTATION_CONTEXT() REPRESENTATION_CONTEXT('2D SPACE',''
  ) );
#5446 = ORIENTED_EDGE('',*,*,#5447,.T.);
#5447 = EDGE_CURVE('',#5420,#5448,#5450,.T.);
#5448 = VERTEX_POINT('',#5449);
#5449 = CARTESIAN_POINT('',(18.859375,0.873046875,8.4));
#5450 = SURFACE_CURVE('',#5451,(#5455,#5462),.PCURVE_S1.);
#5451 = B_SPLINE_CURVE_WITH_KNOTS('',2,(#5452,#5453,#5454),
  .UNSPECIFIED.,.F.,.F.,(3,3),(0.,1.),.PIECEWISE_BEZIER_KNOTS.);
#5452 = CARTESIAN_POINT('',(17.998046875,0.65625,8.4));
#5453 = CARTESIAN_POINT('',(18.576171875,0.65625,8.4));
#5454 = CARTESIAN_POINT('',(18.859375,0.873046875,8.4));
#5455 = PCURVE('',#4409,#5456);
#5456 = DEFINITIONAL_REPRESENTATION('',(#5457),#5461);
#5457 = B_SPLINE_CURVE_WITH_KNOTS('',2,(#5458,#5459,#5460),
  .UNSPECIFIED.,.F.,.F.,(3,3),(0.,1.),.PIECEWISE_BEZIER_KNOTS.);
#5458 = CARTESIAN_POINT('',(2.7421875,3.42578125));
#5459 = CARTESIAN_POINT('',(3.3203125,3.42578125));
#5460 = CARTESIAN_POINT('',(3.603515625,3.642578125));
#5461 = ( GEOMETRIC_REPRESENTATION_CONTEXT(2) 
PARAMETRIC_REPRESENTATION_CONTEXT() REPRESENTATION_CONTEXT('2D SPACE',''
  ) );
#5462 = PCURVE('',#5463,#5470);
#5463 = SURFACE_OF_LINEAR_EXTRUSION('',#5464,#5468);
#5464 = B_SPLINE_CURVE_WITH_KNOTS('',2,(#5465,#5466,#5467),
  .UNSPECIFIED.,.F.,.F.,(3,3),(0.,1.),.PIECEWISE_BEZIER_KNOTS.);
#5465 = CARTESIAN_POINT('',(17.998046875,0.65625,9.05));
#5466 = CARTESIAN_POINT('',(18.576171875,0.65625,9.05));
#5467 = CARTESIAN_POINT('',(18.859375,0.873046875,9.05));
#5468 = VECTOR('',#5469,1.);
#5469 = DIRECTION('',(0.,0.,1.));
#5470 = DEFINITIONAL_REPRESENTATION('',(#5471),#5475);
#5471 = LINE('',#5472,#5473);
#5472 = CARTESIAN_POINT('',(0.,-0.65));
#5473 = VECTOR('',#5474,1.);
#5474 = DIRECTION('',(1.,0.));
#5475 = ( GEOMETRIC_REPRESENTATION_CONTEXT(2) 
PARAMETRIC_REPRESENTATION_CONTEXT() REPRESENTATION_CONTEXT('2D SPACE',''
  ) );
#5476 = ORIENTED_EDGE('',*,*,#5477,.T.);
#5477 = EDGE_CURVE('',#5448,#5478,#5480,.T.);
#5478 = VERTEX_POINT('',#5479);
#5479 = CARTESIAN_POINT('',(19.142578125,1.53515625,8.4));
#5480 = SURFACE_CURVE('',#5481,(#5485,#5492),.PCURVE_S1.);
#5481 = B_SPLINE_CURVE_WITH_KNOTS('',2,(#5482,#5483,#5484),
  .UNSPECIFIED.,.F.,.F.,(3,3),(0.,1.),.PIECEWISE_BEZIER_KNOTS.);
#5482 = CARTESIAN_POINT('',(18.859375,0.873046875,8.4));
#5483 = CARTESIAN_POINT('',(19.142578125,1.08984375,8.4));
#5484 = CARTESIAN_POINT('',(19.142578125,1.53515625,8.4));
#5485 = PCURVE('',#4409,#5486);
#5486 = DEFINITIONAL_REPRESENTATION('',(#5487),#5491);
#5487 = B_SPLINE_CURVE_WITH_KNOTS('',2,(#5488,#5489,#5490),
  .UNSPECIFIED.,.F.,.F.,(3,3),(0.,1.),.PIECEWISE_BEZIER_KNOTS.);
#5488 = CARTESIAN_POINT('',(3.603515625,3.642578125));
#5489 = CARTESIAN_POINT('',(3.88671875,3.859375));
#5490 = CARTESIAN_POINT('',(3.88671875,4.3046875));
#5491 = ( GEOMETRIC_REPRESENTATION_CONTEXT(2) 
PARAMETRIC_REPRESENTATION_CONTEXT() REPRESENTATION_CONTEXT('2D SPACE',''
  ) );
#5492 = PCURVE('',#5493,#5500);
#5493 = SURFACE_OF_LINEAR_EXTRUSION('',#5494,#5498);
#5494 = B_SPLINE_CURVE_WITH_KNOTS('',2,(#5495,#5496,#5497),
  .UNSPECIFIED.,.F.,.F.,(3,3),(0.,1.),.PIECEWISE_BEZIER_KNOTS.);
#5495 = CARTESIAN_POINT('',(18.859375,0.873046875,9.05));
#5496 = CARTESIAN_POINT('',(19.142578125,1.08984375,9.05));
#5497 = CARTESIAN_POINT('',(19.142578125,1.53515625,9.05));
#5498 = VECTOR('',#5499,1.);
#5499 = DIRECTION('',(0.,0.,1.));
#5500 = DEFINITIONAL_REPRESENTATION('',(#5501),#5505);
#5501 = LINE('',#5502,#5503);
#5502 = CARTESIAN_POINT('',(0.,-0.65));
#5503 = VECTOR('',#5504,1.);
#5504 = DIRECTION('',(1.,0.));
#5505 = ( GEOMETRIC_REPRESENTATION_CONTEXT(2) 
PARAMETRIC_REPRESENTATION_CONTEXT() REPRESENTATION_CONTEXT('2D SPACE',''
  ) );
#5506 = ORIENTED_EDGE('',*,*,#5507,.T.);
#5507 = EDGE_CURVE('',#5478,#5508,#5510,.T.);
#5508 = VERTEX_POINT('',#5509);
#5509 = CARTESIAN_POINT('',(18.859375,2.1953125,8.4));
#5510 = SURFACE_CURVE('',#5511,(#5515,#5522),.PCURVE_S1.);
#5511 = B_SPLINE_CURVE_WITH_KNOTS('',2,(#5512,#5513,#5514),
  .UNSPECIFIED.,.F.,.F.,(3,3),(0.,1.),.PIECEWISE_BEZIER_KNOTS.);
#5512 = CARTESIAN_POINT('',(19.142578125,1.53515625,8.4));
#5513 = CARTESIAN_POINT('',(19.142578125,1.9765625,8.4));
#5514 = CARTESIAN_POINT('',(18.859375,2.1953125,8.4));
#5515 = PCURVE('',#4409,#5516);
#5516 = DEFINITIONAL_REPRESENTATION('',(#5517),#5521);
#5517 = B_SPLINE_CURVE_WITH_KNOTS('',2,(#5518,#5519,#5520),
  .UNSPECIFIED.,.F.,.F.,(3,3),(0.,1.),.PIECEWISE_BEZIER_KNOTS.);
#5518 = CARTESIAN_POINT('',(3.88671875,4.3046875));
#5519 = CARTESIAN_POINT('',(3.88671875,4.74609375));
#5520 = CARTESIAN_POINT('',(3.603515625,4.96484375));
#5521 = ( GEOMETRIC_REPRESENTATION_CONTEXT(2) 
PARAMETRIC_REPRESENTATION_CONTEXT() REPRESENTATION_CONTEXT('2D SPACE',''
  ) );
#5522 = PCURVE('',#5523,#5530);
#5523 = SURFACE_OF_LINEAR_EXTRUSION('',#5524,#5528);
#5524 = B_SPLINE_CURVE_WITH_KNOTS('',2,(#5525,#5526,#5527),
  .UNSPECIFIED.,.F.,.F.,(3,3),(0.,1.),.PIECEWISE_BEZIER_KNOTS.);
#5525 = CARTESIAN_POINT('',(19.142578125,1.53515625,9.05));
#5526 = CARTESIAN_POINT('',(19.142578125,1.9765625,9.05));
#5527 = CARTESIAN_POINT('',(18.859375,2.1953125,9.05));
#5528 = VECTOR('',#5529,1.);
#5529 = DIRECTION('',(0.,0.,1.));
#5530 = DEFINITIONAL_REPRESENTATION('',(#5531),#5535);
#5531 = LINE('',#5532,#5533);
#5532 = CARTESIAN_POINT('',(0.,-0.65));
#5533 = VECTOR('',#5534,1.);
#5534 = DIRECTION('',(1.,0.));
#5535 = ( GEOMETRIC_REPRESENTATION_CONTEXT(2) 
PARAMETRIC_REPRESENTATION_CONTEXT() REPRESENTATION_CONTEXT('2D SPACE',''
  ) );
#5536 = ORIENTED_EDGE('',*,*,#5537,.T.);
#5537 = EDGE_CURVE('',#5508,#5362,#5538,.T.);
#5538 = SURFACE_CURVE('',#5539,(#5543,#5550),.PCURVE_S1.);
#5539 = B_SPLINE_CURVE_WITH_KNOTS('',2,(#5540,#5541,#5542),
  .UNSPECIFIED.,.F.,.F.,(3,3),(0.,1.),.PIECEWISE_BEZIER_KNOTS.);
#5540 = CARTESIAN_POINT('',(18.859375,2.1953125,8.4));
#5541 = CARTESIAN_POINT('',(18.576171875,2.4140625,8.4));
#5542 = CARTESIAN_POINT('',(17.998046875,2.4140625,8.4));
#5543 = PCURVE('',#4409,#5544);
#5544 = DEFINITIONAL_REPRESENTATION('',(#5545),#5549);
#5545 = B_SPLINE_CURVE_WITH_KNOTS('',2,(#5546,#5547,#5548),
  .UNSPECIFIED.,.F.,.F.,(3,3),(0.,1.),.PIECEWISE_BEZIER_KNOTS.);
#5546 = CARTESIAN_POINT('',(3.603515625,4.96484375));
#5547 = CARTESIAN_POINT('',(3.3203125,5.18359375));
#5548 = CARTESIAN_POINT('',(2.7421875,5.18359375));
#5549 = ( GEOMETRIC_REPRESENTATION_CONTEXT(2) 
PARAMETRIC_REPRESENTATION_CONTEXT() REPRESENTATION_CONTEXT('2D SPACE',''
  ) );
#5550 = PCURVE('',#5551,#5558);
#5551 = SURFACE_OF_LINEAR_EXTRUSION('',#5552,#5556);
#5552 = B_SPLINE_CURVE_WITH_KNOTS('',2,(#5553,#5554,#5555),
  .UNSPECIFIED.,.F.,.F.,(3,3),(0.,1.),.PIECEWISE_BEZIER_KNOTS.);
#5553 = CARTESIAN_POINT('',(18.859375,2.1953125,9.05));
#5554 = CARTESIAN_POINT('',(18.576171875,2.4140625,9.05));
#5555 = CARTESIAN_POINT('',(17.998046875,2.4140625,9.05));
#5556 = VECTOR('',#5557,1.);
#5557 = DIRECTION('',(0.,0.,1.));
#5558 = DEFINITIONAL_REPRESENTATION('',(#5559),#5563);
#5559 = LINE('',#5560,#5561);
#5560 = CARTESIAN_POINT('',(0.,-0.65));
#5561 = VECTOR('',#5562,1.);
#5562 = DIRECTION('',(1.,0.));
#5563 = ( GEOMETRIC_REPRESENTATION_CONTEXT(2) 
PARAMETRIC_REPRESENTATION_CONTEXT() REPRESENTATION_CONTEXT('2D SPACE',''
  ) );
#5564 = ADVANCED_FACE('',(#5565,#5568),#4966,.F.);
#5565 = FACE_BOUND('',#5566,.T.);
#5566 = EDGE_LOOP('',(#5567));
#5567 = ORIENTED_EDGE('',*,*,#4951,.T.);
#5568 = FACE_BOUND('',#5569,.T.);
#5569 = EDGE_LOOP('',(#5570));
#5570 = ORIENTED_EDGE('',*,*,#5571,.T.);
#5571 = EDGE_CURVE('',#5572,#5572,#5574,.T.);
#5572 = VERTEX_POINT('',#5573);
#5573 = CARTESIAN_POINT('',(23.65,-5.7,4.));
#5574 = SURFACE_CURVE('',#5575,(#5580,#5587),.PCURVE_S1.);
#5575 = CIRCLE('',#5576,0.85);
#5576 = AXIS2_PLACEMENT_3D('',#5577,#5578,#5579);
#5577 = CARTESIAN_POINT('',(24.5,-5.7,4.));
#5578 = DIRECTION('',(-3.545500703517E-29,3.575598433705E-15,1.));
#5579 = DIRECTION('',(1.,1.267728676219E-43,3.545500703517E-29));
#5580 = PCURVE('',#4966,#5581);
#5581 = DEFINITIONAL_REPRESENTATION('',(#5582),#5586);
#5582 = CIRCLE('',#5583,0.85);
#5583 = AXIS2_PLACEMENT_2D('',#5584,#5585);
#5584 = CARTESIAN_POINT('',(23.5,-5.7));
#5585 = DIRECTION('',(1.,1.267728676219E-43));
#5586 = ( GEOMETRIC_REPRESENTATION_CONTEXT(2) 
PARAMETRIC_REPRESENTATION_CONTEXT() REPRESENTATION_CONTEXT('2D SPACE',''
  ) );
#5587 = PCURVE('',#5588,#5593);
#5588 = CYLINDRICAL_SURFACE('',#5589,0.85);
#5589 = AXIS2_PLACEMENT_3D('',#5590,#5591,#5592);
#5590 = CARTESIAN_POINT('',(24.5,-5.7,4.));
#5591 = DIRECTION('',(0.,0.,1.));
#5592 = DIRECTION('',(1.,0.,-0.));
#5593 = DEFINITIONAL_REPRESENTATION('',(#5594),#5598);
#5594 = LINE('',#5595,#5596);
#5595 = CARTESIAN_POINT('',(0.,0.));
#5596 = VECTOR('',#5597,1.);
#5597 = DIRECTION('',(1.,0.));
#5598 = ( GEOMETRIC_REPRESENTATION_CONTEXT(2) 
PARAMETRIC_REPRESENTATION_CONTEXT() REPRESENTATION_CONTEXT('2D SPACE',''
  ) );
#5599 = ADVANCED_FACE('',(#5600,#5603),#5025,.F.);
#5600 = FACE_BOUND('',#5601,.T.);
#5601 = EDGE_LOOP('',(#5602));
#5602 = ORIENTED_EDGE('',*,*,#5010,.T.);
#5603 = FACE_BOUND('',#5604,.T.);
#5604 = EDGE_LOOP('',(#5605));
#5605 = ORIENTED_EDGE('',*,*,#5606,.T.);
#5606 = EDGE_CURVE('',#5607,#5607,#5609,.T.);
#5607 = VERTEX_POINT('',#5608);
#5608 = CARTESIAN_POINT('',(23.65,5.7,4.));
#5609 = SURFACE_CURVE('',#5610,(#5615,#5622),.PCURVE_S1.);
#5610 = CIRCLE('',#5611,0.85);
#5611 = AXIS2_PLACEMENT_3D('',#5612,#5613,#5614);
#5612 = CARTESIAN_POINT('',(24.5,5.7,4.));
#5613 = DIRECTION('',(-3.545500703517E-29,3.575598433705E-15,1.));
#5614 = DIRECTION('',(1.,1.267728676219E-43,3.545500703517E-29));
#5615 = PCURVE('',#5025,#5616);
#5616 = DEFINITIONAL_REPRESENTATION('',(#5617),#5621);
#5617 = CIRCLE('',#5618,0.85);
#5618 = AXIS2_PLACEMENT_2D('',#5619,#5620);
#5619 = CARTESIAN_POINT('',(23.5,5.7));
#5620 = DIRECTION('',(1.,1.267728676219E-43));
#5621 = ( GEOMETRIC_REPRESENTATION_CONTEXT(2) 
PARAMETRIC_REPRESENTATION_CONTEXT() REPRESENTATION_CONTEXT('2D SPACE',''
  ) );
#5622 = PCURVE('',#5623,#5628);
#5623 = CYLINDRICAL_SURFACE('',#5624,0.85);
#5624 = AXIS2_PLACEMENT_3D('',#5625,#5626,#5627);
#5625 = CARTESIAN_POINT('',(24.5,5.7,4.));
#5626 = DIRECTION('',(0.,0.,1.));
#5627 = DIRECTION('',(1.,0.,-0.));
#5628 = DEFINITIONAL_REPRESENTATION('',(#5629),#5633);
#5629 = LINE('',#5630,#5631);
#5630 = CARTESIAN_POINT('',(0.,0.));
#5631 = VECTOR('',#5632,1.);
#5632 = DIRECTION('',(1.,0.));
#5633 = ( GEOMETRIC_REPRESENTATION_CONTEXT(2) 
PARAMETRIC_REPRESENTATION_CONTEXT() REPRESENTATION_CONTEXT('2D SPACE',''
  ) );
#5634 = ADVANCED_FACE('',(#5635),#5073,.T.);
#5635 = FACE_BOUND('',#5636,.T.);
#5636 = EDGE_LOOP('',(#5637,#5665,#5686,#5687));
#5637 = ORIENTED_EDGE('',*,*,#5638,.F.);
#5638 = EDGE_CURVE('',#5639,#5641,#5643,.T.);
#5639 = VERTEX_POINT('',#5640);
#5640 = CARTESIAN_POINT('',(-16.927734375,-0.6171875,9.));
#5641 = VERTEX_POINT('',#5642);
#5642 = CARTESIAN_POINT('',(-18.001953125,2.28515625,9.));
#5643 = SURFACE_CURVE('',#5644,(#5648,#5654),.PCURVE_S1.);
#5644 = LINE('',#5645,#5646);
#5645 = CARTESIAN_POINT('',(-15.9481828274,-3.263757681324,9.));
#5646 = VECTOR('',#5647,1.);
#5647 = DIRECTION('',(-0.347108799995,0.937824866895,0.));
#5648 = PCURVE('',#5073,#5649);
#5649 = DEFINITIONAL_REPRESENTATION('',(#5650),#5653);
#5650 = B_SPLINE_CURVE_WITH_KNOTS('',1,(#5651,#5652),.UNSPECIFIED.,.F.,
  .F.,(2,2),(2.822030290247,5.916791212518),.PIECEWISE_BEZIER_KNOTS.);
#5651 = CARTESIAN_POINT('',(0.,-5.E-02));
#5652 = CARTESIAN_POINT('',(3.094760922271,-5.E-02));
#5653 = ( GEOMETRIC_REPRESENTATION_CONTEXT(2) 
PARAMETRIC_REPRESENTATION_CONTEXT() REPRESENTATION_CONTEXT('2D SPACE',''
  ) );
#5654 = PCURVE('',#5655,#5660);
#5655 = PLANE('',#5656);
#5656 = AXIS2_PLACEMENT_3D('',#5657,#5658,#5659);
#5657 = CARTESIAN_POINT('',(1.,-5.107025913276E-14,9.));
#5658 = DIRECTION('',(0.,0.,1.));
#5659 = DIRECTION('',(1.,0.,-0.));
#5660 = DEFINITIONAL_REPRESENTATION('',(#5661),#5664);
#5661 = B_SPLINE_CURVE_WITH_KNOTS('',1,(#5662,#5663),.UNSPECIFIED.,.F.,
  .F.,(2,2),(2.822030290247,5.916791212518),.PIECEWISE_BEZIER_KNOTS.);
#5662 = CARTESIAN_POINT('',(-17.927734375,-0.6171875));
#5663 = CARTESIAN_POINT('',(-19.001953125,2.28515625));
#5664 = ( GEOMETRIC_REPRESENTATION_CONTEXT(2) 
PARAMETRIC_REPRESENTATION_CONTEXT() REPRESENTATION_CONTEXT('2D SPACE',''
  ) );
#5665 = ORIENTED_EDGE('',*,*,#5666,.T.);
#5666 = EDGE_CURVE('',#5639,#5056,#5667,.T.);
#5667 = SURFACE_CURVE('',#5668,(#5672,#5679),.PCURVE_S1.);
#5668 = LINE('',#5669,#5670);
#5669 = CARTESIAN_POINT('',(-16.927734375,-0.6171875,9.05));
#5670 = VECTOR('',#5671,1.);
#5671 = DIRECTION('',(-0.,-0.,-1.));
#5672 = PCURVE('',#5073,#5673);
#5673 = DEFINITIONAL_REPRESENTATION('',(#5674),#5678);
#5674 = LINE('',#5675,#5676);
#5675 = CARTESIAN_POINT('',(0.,0.));
#5676 = VECTOR('',#5677,1.);
#5677 = DIRECTION('',(0.,-1.));
#5678 = ( GEOMETRIC_REPRESENTATION_CONTEXT(2) 
PARAMETRIC_REPRESENTATION_CONTEXT() REPRESENTATION_CONTEXT('2D SPACE',''
  ) );
#5679 = PCURVE('',#5127,#5680);
#5680 = DEFINITIONAL_REPRESENTATION('',(#5681),#5685);
#5681 = LINE('',#5682,#5683);
#5682 = CARTESIAN_POINT('',(2.14453125,0.));
#5683 = VECTOR('',#5684,1.);
#5684 = DIRECTION('',(0.,-1.));
#5685 = ( GEOMETRIC_REPRESENTATION_CONTEXT(2) 
PARAMETRIC_REPRESENTATION_CONTEXT() REPRESENTATION_CONTEXT('2D SPACE',''
  ) );
#5686 = ORIENTED_EDGE('',*,*,#5055,.T.);
#5687 = ORIENTED_EDGE('',*,*,#5688,.F.);
#5688 = EDGE_CURVE('',#5641,#5058,#5689,.T.);
#5689 = SURFACE_CURVE('',#5690,(#5694,#5701),.PCURVE_S1.);
#5690 = LINE('',#5691,#5692);
#5691 = CARTESIAN_POINT('',(-18.001953125,2.28515625,9.05));
#5692 = VECTOR('',#5693,1.);
#5693 = DIRECTION('',(-0.,-0.,-1.));
#5694 = PCURVE('',#5073,#5695);
#5695 = DEFINITIONAL_REPRESENTATION('',(#5696),#5700);
#5696 = LINE('',#5697,#5698);
#5697 = CARTESIAN_POINT('',(3.094760922271,0.));
#5698 = VECTOR('',#5699,1.);
#5699 = DIRECTION('',(0.,-1.));
#5700 = ( GEOMETRIC_REPRESENTATION_CONTEXT(2) 
PARAMETRIC_REPRESENTATION_CONTEXT() REPRESENTATION_CONTEXT('2D SPACE',''
  ) );
#5701 = PCURVE('',#5101,#5702);
#5702 = DEFINITIONAL_REPRESENTATION('',(#5703),#5707);
#5703 = LINE('',#5704,#5705);
#5704 = CARTESIAN_POINT('',(0.,0.));
#5705 = VECTOR('',#5706,1.);
#5706 = DIRECTION('',(0.,-1.));
#5707 = ( GEOMETRIC_REPRESENTATION_CONTEXT(2) 
PARAMETRIC_REPRESENTATION_CONTEXT() REPRESENTATION_CONTEXT('2D SPACE',''
  ) );
#5708 = ADVANCED_FACE('',(#5709),#5101,.T.);
#5709 = FACE_BOUND('',#5710,.T.);
#5710 = EDGE_LOOP('',(#5711,#5732,#5733,#5734));
#5711 = ORIENTED_EDGE('',*,*,#5712,.F.);
#5712 = EDGE_CURVE('',#5641,#5713,#5715,.T.);
#5713 = VERTEX_POINT('',#5714);
#5714 = CARTESIAN_POINT('',(-19.072265625,-0.6171875,9.));
#5715 = SURFACE_CURVE('',#5716,(#5720,#5726),.PCURVE_S1.);
#5716 = LINE('',#5717,#5718);
#5717 = CARTESIAN_POINT('',(-17.23546003899,4.363639326291,9.));
#5718 = VECTOR('',#5719,1.);
#5719 = DIRECTION('',(-0.345997934185,-0.938235274086,0.));
#5720 = PCURVE('',#5101,#5721);
#5721 = DEFINITIONAL_REPRESENTATION('',(#5722),#5725);
#5722 = B_SPLINE_CURVE_WITH_KNOTS('',1,(#5723,#5724),.UNSPECIFIED.,.F.,
  .F.,(2,2),(2.215311163093,5.308718360799),.PIECEWISE_BEZIER_KNOTS.);
#5723 = CARTESIAN_POINT('',(0.,-5.E-02));
#5724 = CARTESIAN_POINT('',(3.093407197706,-5.E-02));
#5725 = ( GEOMETRIC_REPRESENTATION_CONTEXT(2) 
PARAMETRIC_REPRESENTATION_CONTEXT() REPRESENTATION_CONTEXT('2D SPACE',''
  ) );
#5726 = PCURVE('',#5655,#5727);
#5727 = DEFINITIONAL_REPRESENTATION('',(#5728),#5731);
#5728 = B_SPLINE_CURVE_WITH_KNOTS('',1,(#5729,#5730),.UNSPECIFIED.,.F.,
  .F.,(2,2),(2.215311163093,5.308718360799),.PIECEWISE_BEZIER_KNOTS.);
#5729 = CARTESIAN_POINT('',(-19.001953125,2.28515625));
#5730 = CARTESIAN_POINT('',(-20.072265625,-0.6171875));
#5731 = ( GEOMETRIC_REPRESENTATION_CONTEXT(2) 
PARAMETRIC_REPRESENTATION_CONTEXT() REPRESENTATION_CONTEXT('2D SPACE',''
  ) );
#5732 = ORIENTED_EDGE('',*,*,#5688,.T.);
#5733 = ORIENTED_EDGE('',*,*,#5085,.T.);
#5734 = ORIENTED_EDGE('',*,*,#5735,.F.);
#5735 = EDGE_CURVE('',#5713,#5086,#5736,.T.);
#5736 = SURFACE_CURVE('',#5737,(#5741,#5748),.PCURVE_S1.);
#5737 = LINE('',#5738,#5739);
#5738 = CARTESIAN_POINT('',(-19.072265625,-0.6171875,9.05));
#5739 = VECTOR('',#5740,1.);
#5740 = DIRECTION('',(-0.,-0.,-1.));
#5741 = PCURVE('',#5101,#5742);
#5742 = DEFINITIONAL_REPRESENTATION('',(#5743),#5747);
#5743 = LINE('',#5744,#5745);
#5744 = CARTESIAN_POINT('',(3.093407197706,0.));
#5745 = VECTOR('',#5746,1.);
#5746 = DIRECTION('',(0.,-1.));
#5747 = ( GEOMETRIC_REPRESENTATION_CONTEXT(2) 
PARAMETRIC_REPRESENTATION_CONTEXT() REPRESENTATION_CONTEXT('2D SPACE',''
  ) );
#5748 = PCURVE('',#5127,#5749);
#5749 = DEFINITIONAL_REPRESENTATION('',(#5750),#5754);
#5750 = LINE('',#5751,#5752);
#5751 = CARTESIAN_POINT('',(0.,0.));
#5752 = VECTOR('',#5753,1.);
#5753 = DIRECTION('',(0.,-1.));
#5754 = ( GEOMETRIC_REPRESENTATION_CONTEXT(2) 
PARAMETRIC_REPRESENTATION_CONTEXT() REPRESENTATION_CONTEXT('2D SPACE',''
  ) );
#5755 = ADVANCED_FACE('',(#5756),#5127,.T.);
#5756 = FACE_BOUND('',#5757,.T.);
#5757 = EDGE_LOOP('',(#5758,#5777,#5778,#5779));
#5758 = ORIENTED_EDGE('',*,*,#5759,.F.);
#5759 = EDGE_CURVE('',#5713,#5639,#5760,.T.);
#5760 = SURFACE_CURVE('',#5761,(#5765,#5771),.PCURVE_S1.);
#5761 = LINE('',#5762,#5763);
#5762 = CARTESIAN_POINT('',(-9.0361328125,-0.6171875,9.));
#5763 = VECTOR('',#5764,1.);
#5764 = DIRECTION('',(1.,0.,-0.));
#5765 = PCURVE('',#5127,#5766);
#5766 = DEFINITIONAL_REPRESENTATION('',(#5767),#5770);
#5767 = B_SPLINE_CURVE_WITH_KNOTS('',1,(#5768,#5769),.UNSPECIFIED.,.F.,
  .F.,(2,2),(-10.0361328125,-7.8916015625),.PIECEWISE_BEZIER_KNOTS.);
#5768 = CARTESIAN_POINT('',(0.,-5.E-02));
#5769 = CARTESIAN_POINT('',(2.14453125,-5.E-02));
#5770 = ( GEOMETRIC_REPRESENTATION_CONTEXT(2) 
PARAMETRIC_REPRESENTATION_CONTEXT() REPRESENTATION_CONTEXT('2D SPACE',''
  ) );
#5771 = PCURVE('',#5655,#5772);
#5772 = DEFINITIONAL_REPRESENTATION('',(#5773),#5776);
#5773 = B_SPLINE_CURVE_WITH_KNOTS('',1,(#5774,#5775),.UNSPECIFIED.,.F.,
  .F.,(2,2),(-10.0361328125,-7.8916015625),.PIECEWISE_BEZIER_KNOTS.);
#5774 = CARTESIAN_POINT('',(-20.072265625,-0.6171875));
#5775 = CARTESIAN_POINT('',(-17.927734375,-0.6171875));
#5776 = ( GEOMETRIC_REPRESENTATION_CONTEXT(2) 
PARAMETRIC_REPRESENTATION_CONTEXT() REPRESENTATION_CONTEXT('2D SPACE',''
  ) );
#5777 = ORIENTED_EDGE('',*,*,#5735,.T.);
#5778 = ORIENTED_EDGE('',*,*,#5113,.T.);
#5779 = ORIENTED_EDGE('',*,*,#5666,.F.);
#5780 = ADVANCED_FACE('',(#5781),#5173,.T.);
#5781 = FACE_BOUND('',#5782,.T.);
#5782 = EDGE_LOOP('',(#5783,#5811,#5832,#5833));
#5783 = ORIENTED_EDGE('',*,*,#5784,.F.);
#5784 = EDGE_CURVE('',#5785,#5787,#5789,.T.);
#5785 = VERTEX_POINT('',#5786);
#5786 = CARTESIAN_POINT('',(18.095703125,1.5625E-02,9.));
#5787 = VERTEX_POINT('',#5788);
#5788 = CARTESIAN_POINT('',(16.830078125,1.5625E-02,9.));
#5789 = SURFACE_CURVE('',#5790,(#5794,#5800),.PCURVE_S1.);
#5790 = LINE('',#5791,#5792);
#5791 = CARTESIAN_POINT('',(9.5478515625,1.5625E-02,9.));
#5792 = VECTOR('',#5793,1.);
#5793 = DIRECTION('',(-1.,0.,0.));
#5794 = PCURVE('',#5173,#5795);
#5795 = DEFINITIONAL_REPRESENTATION('',(#5796),#5799);
#5796 = B_SPLINE_CURVE_WITH_KNOTS('',1,(#5797,#5798),.UNSPECIFIED.,.F.,
  .F.,(2,2),(-8.5478515625,-7.2822265625),.PIECEWISE_BEZIER_KNOTS.);
#5797 = CARTESIAN_POINT('',(0.,-5.E-02));
#5798 = CARTESIAN_POINT('',(1.265625,-5.E-02));
#5799 = ( GEOMETRIC_REPRESENTATION_CONTEXT(2) 
PARAMETRIC_REPRESENTATION_CONTEXT() REPRESENTATION_CONTEXT('2D SPACE',''
  ) );
#5800 = PCURVE('',#5801,#5806);
#5801 = PLANE('',#5802);
#5802 = AXIS2_PLACEMENT_3D('',#5803,#5804,#5805);
#5803 = CARTESIAN_POINT('',(1.,-5.107025913276E-14,9.));
#5804 = DIRECTION('',(0.,0.,1.));
#5805 = DIRECTION('',(1.,0.,-0.));
#5806 = DEFINITIONAL_REPRESENTATION('',(#5807),#5810);
#5807 = B_SPLINE_CURVE_WITH_KNOTS('',1,(#5808,#5809),.UNSPECIFIED.,.F.,
  .F.,(2,2),(-8.5478515625,-7.2822265625),.PIECEWISE_BEZIER_KNOTS.);
#5808 = CARTESIAN_POINT('',(17.095703125,1.562500000005E-02));
#5809 = CARTESIAN_POINT('',(15.830078125,1.562500000005E-02));
#5810 = ( GEOMETRIC_REPRESENTATION_CONTEXT(2) 
PARAMETRIC_REPRESENTATION_CONTEXT() REPRESENTATION_CONTEXT('2D SPACE',''
  ) );
#5811 = ORIENTED_EDGE('',*,*,#5812,.T.);
#5812 = EDGE_CURVE('',#5785,#5156,#5813,.T.);
#5813 = SURFACE_CURVE('',#5814,(#5818,#5825),.PCURVE_S1.);
#5814 = LINE('',#5815,#5816);
#5815 = CARTESIAN_POINT('',(18.095703125,1.5625E-02,9.05));
#5816 = VECTOR('',#5817,1.);
#5817 = DIRECTION('',(-0.,-0.,-1.));
#5818 = PCURVE('',#5173,#5819);
#5819 = DEFINITIONAL_REPRESENTATION('',(#5820),#5824);
#5820 = LINE('',#5821,#5822);
#5821 = CARTESIAN_POINT('',(0.,0.));
#5822 = VECTOR('',#5823,1.);
#5823 = DIRECTION('',(0.,-1.));
#5824 = ( GEOMETRIC_REPRESENTATION_CONTEXT(2) 
PARAMETRIC_REPRESENTATION_CONTEXT() REPRESENTATION_CONTEXT('2D SPACE',''
  ) );
#5825 = PCURVE('',#5345,#5826);
#5826 = DEFINITIONAL_REPRESENTATION('',(#5827),#5831);
#5827 = LINE('',#5828,#5829);
#5828 = CARTESIAN_POINT('',(1.,0.));
#5829 = VECTOR('',#5830,1.);
#5830 = DIRECTION('',(0.,-1.));
#5831 = ( GEOMETRIC_REPRESENTATION_CONTEXT(2) 
PARAMETRIC_REPRESENTATION_CONTEXT() REPRESENTATION_CONTEXT('2D SPACE',''
  ) );
#5832 = ORIENTED_EDGE('',*,*,#5155,.T.);
#5833 = ORIENTED_EDGE('',*,*,#5834,.F.);
#5834 = EDGE_CURVE('',#5787,#5158,#5835,.T.);
#5835 = SURFACE_CURVE('',#5836,(#5840,#5847),.PCURVE_S1.);
#5836 = LINE('',#5837,#5838);
#5837 = CARTESIAN_POINT('',(16.830078125,1.5625E-02,9.05));
#5838 = VECTOR('',#5839,1.);
#5839 = DIRECTION('',(-0.,-0.,-1.));
#5840 = PCURVE('',#5173,#5841);
#5841 = DEFINITIONAL_REPRESENTATION('',(#5842),#5846);
#5842 = LINE('',#5843,#5844);
#5843 = CARTESIAN_POINT('',(1.265625,0.));
#5844 = VECTOR('',#5845,1.);
#5845 = DIRECTION('',(0.,-1.));
#5846 = ( GEOMETRIC_REPRESENTATION_CONTEXT(2) 
PARAMETRIC_REPRESENTATION_CONTEXT() REPRESENTATION_CONTEXT('2D SPACE',''
  ) );
#5847 = PCURVE('',#5201,#5848);
#5848 = DEFINITIONAL_REPRESENTATION('',(#5849),#5853);
#5849 = LINE('',#5850,#5851);
#5850 = CARTESIAN_POINT('',(0.,0.));
#5851 = VECTOR('',#5852,1.);
#5852 = DIRECTION('',(0.,-1.));
#5853 = ( GEOMETRIC_REPRESENTATION_CONTEXT(2) 
PARAMETRIC_REPRESENTATION_CONTEXT() REPRESENTATION_CONTEXT('2D SPACE',''
  ) );
#5854 = ADVANCED_FACE('',(#5855),#5201,.T.);
#5855 = FACE_BOUND('',#5856,.T.);
#5856 = EDGE_LOOP('',(#5857,#5878,#5879,#5880));
#5857 = ORIENTED_EDGE('',*,*,#5858,.F.);
#5858 = EDGE_CURVE('',#5787,#5859,#5861,.T.);
#5859 = VERTEX_POINT('',#5860);
#5860 = CARTESIAN_POINT('',(16.830078125,-2.12109375,9.));
#5861 = SURFACE_CURVE('',#5862,(#5866,#5872),.PCURVE_S1.);
#5862 = LINE('',#5863,#5864);
#5863 = CARTESIAN_POINT('',(16.830078125,7.812499999974E-03,9.));
#5864 = VECTOR('',#5865,1.);
#5865 = DIRECTION('',(0.,-1.,0.));
#5866 = PCURVE('',#5201,#5867);
#5867 = DEFINITIONAL_REPRESENTATION('',(#5868),#5871);
#5868 = B_SPLINE_CURVE_WITH_KNOTS('',1,(#5869,#5870),.UNSPECIFIED.,.F.,
  .F.,(2,2),(-7.812500000026E-03,2.12890625),.PIECEWISE_BEZIER_KNOTS.);
#5869 = CARTESIAN_POINT('',(0.,-5.E-02));
#5870 = CARTESIAN_POINT('',(2.13671875,-5.E-02));
#5871 = ( GEOMETRIC_REPRESENTATION_CONTEXT(2) 
PARAMETRIC_REPRESENTATION_CONTEXT() REPRESENTATION_CONTEXT('2D SPACE',''
  ) );
#5872 = PCURVE('',#5801,#5873);
#5873 = DEFINITIONAL_REPRESENTATION('',(#5874),#5877);
#5874 = B_SPLINE_CURVE_WITH_KNOTS('',1,(#5875,#5876),.UNSPECIFIED.,.F.,
  .F.,(2,2),(-7.812500000026E-03,2.12890625),.PIECEWISE_BEZIER_KNOTS.);
#5875 = CARTESIAN_POINT('',(15.830078125,1.562500000005E-02));
#5876 = CARTESIAN_POINT('',(15.830078125,-2.12109375));
#5877 = ( GEOMETRIC_REPRESENTATION_CONTEXT(2) 
PARAMETRIC_REPRESENTATION_CONTEXT() REPRESENTATION_CONTEXT('2D SPACE',''
  ) );
#5878 = ORIENTED_EDGE('',*,*,#5834,.T.);
#5879 = ORIENTED_EDGE('',*,*,#5185,.T.);
#5880 = ORIENTED_EDGE('',*,*,#5881,.F.);
#5881 = EDGE_CURVE('',#5859,#5186,#5882,.T.);
#5882 = SURFACE_CURVE('',#5883,(#5887,#5894),.PCURVE_S1.);
#5883 = LINE('',#5884,#5885);
#5884 = CARTESIAN_POINT('',(16.830078125,-2.12109375,9.05));
#5885 = VECTOR('',#5886,1.);
#5886 = DIRECTION('',(-0.,-0.,-1.));
#5887 = PCURVE('',#5201,#5888);
#5888 = DEFINITIONAL_REPRESENTATION('',(#5889),#5893);
#5889 = LINE('',#5890,#5891);
#5890 = CARTESIAN_POINT('',(2.13671875,0.));
#5891 = VECTOR('',#5892,1.);
#5892 = DIRECTION('',(0.,-1.));
#5893 = ( GEOMETRIC_REPRESENTATION_CONTEXT(2) 
PARAMETRIC_REPRESENTATION_CONTEXT() REPRESENTATION_CONTEXT('2D SPACE',''
  ) );
#5894 = PCURVE('',#5229,#5895);
#5895 = DEFINITIONAL_REPRESENTATION('',(#5896),#5900);
#5896 = LINE('',#5897,#5898);
#5897 = CARTESIAN_POINT('',(0.,0.));
#5898 = VECTOR('',#5899,1.);
#5899 = DIRECTION('',(0.,-1.));
#5900 = ( GEOMETRIC_REPRESENTATION_CONTEXT(2) 
PARAMETRIC_REPRESENTATION_CONTEXT() REPRESENTATION_CONTEXT('2D SPACE',''
  ) );
#5901 = ADVANCED_FACE('',(#5902),#5229,.T.);
#5902 = FACE_BOUND('',#5903,.T.);
#5903 = EDGE_LOOP('',(#5904,#5925,#5926,#5927));
#5904 = ORIENTED_EDGE('',*,*,#5905,.F.);
#5905 = EDGE_CURVE('',#5859,#5906,#5908,.T.);
#5906 = VERTEX_POINT('',#5907);
#5907 = CARTESIAN_POINT('',(18.095703125,-2.12109375,9.));
#5908 = SURFACE_CURVE('',#5909,(#5913,#5919),.PCURVE_S1.);
#5909 = LINE('',#5910,#5911);
#5910 = CARTESIAN_POINT('',(8.9150390625,-2.12109375,9.));
#5911 = VECTOR('',#5912,1.);
#5912 = DIRECTION('',(1.,0.,-0.));
#5913 = PCURVE('',#5229,#5914);
#5914 = DEFINITIONAL_REPRESENTATION('',(#5915),#5918);
#5915 = B_SPLINE_CURVE_WITH_KNOTS('',1,(#5916,#5917),.UNSPECIFIED.,.F.,
  .F.,(2,2),(7.9150390625,9.1806640625),.PIECEWISE_BEZIER_KNOTS.);
#5916 = CARTESIAN_POINT('',(0.,-5.E-02));
#5917 = CARTESIAN_POINT('',(1.265625,-5.E-02));
#5918 = ( GEOMETRIC_REPRESENTATION_CONTEXT(2) 
PARAMETRIC_REPRESENTATION_CONTEXT() REPRESENTATION_CONTEXT('2D SPACE',''
  ) );
#5919 = PCURVE('',#5801,#5920);
#5920 = DEFINITIONAL_REPRESENTATION('',(#5921),#5924);
#5921 = B_SPLINE_CURVE_WITH_KNOTS('',1,(#5922,#5923),.UNSPECIFIED.,.F.,
  .F.,(2,2),(7.9150390625,9.1806640625),.PIECEWISE_BEZIER_KNOTS.);
#5922 = CARTESIAN_POINT('',(15.830078125,-2.12109375));
#5923 = CARTESIAN_POINT('',(17.095703125,-2.12109375));
#5924 = ( GEOMETRIC_REPRESENTATION_CONTEXT(2) 
PARAMETRIC_REPRESENTATION_CONTEXT() REPRESENTATION_CONTEXT('2D SPACE',''
  ) );
#5925 = ORIENTED_EDGE('',*,*,#5881,.T.);
#5926 = ORIENTED_EDGE('',*,*,#5213,.T.);
#5927 = ORIENTED_EDGE('',*,*,#5928,.F.);
#5928 = EDGE_CURVE('',#5906,#5214,#5929,.T.);
#5929 = SURFACE_CURVE('',#5930,(#5934,#5941),.PCURVE_S1.);
#5930 = LINE('',#5931,#5932);
#5931 = CARTESIAN_POINT('',(18.095703125,-2.12109375,9.05));
#5932 = VECTOR('',#5933,1.);
#5933 = DIRECTION('',(-0.,-0.,-1.));
#5934 = PCURVE('',#5229,#5935);
#5935 = DEFINITIONAL_REPRESENTATION('',(#5936),#5940);
#5936 = LINE('',#5937,#5938);
#5937 = CARTESIAN_POINT('',(1.265625,0.));
#5938 = VECTOR('',#5939,1.);
#5939 = DIRECTION('',(0.,-1.));
#5940 = ( GEOMETRIC_REPRESENTATION_CONTEXT(2) 
PARAMETRIC_REPRESENTATION_CONTEXT() REPRESENTATION_CONTEXT('2D SPACE',''
  ) );
#5941 = PCURVE('',#5257,#5942);
#5942 = DEFINITIONAL_REPRESENTATION('',(#5943),#5947);
#5943 = LINE('',#5944,#5945);
#5944 = CARTESIAN_POINT('',(0.,0.));
#5945 = VECTOR('',#5946,1.);
#5946 = DIRECTION('',(0.,-1.));
#5947 = ( GEOMETRIC_REPRESENTATION_CONTEXT(2) 
PARAMETRIC_REPRESENTATION_CONTEXT() REPRESENTATION_CONTEXT('2D SPACE',''
  ) );
#5948 = ADVANCED_FACE('',(#5949),#5257,.T.);
#5949 = FACE_BOUND('',#5950,.T.);
#5950 = EDGE_LOOP('',(#5951,#6001,#6002,#6003));
#5951 = ORIENTED_EDGE('',*,*,#5952,.T.);
#5952 = EDGE_CURVE('',#5953,#5906,#5955,.T.);
#5953 = VERTEX_POINT('',#5954);
#5954 = CARTESIAN_POINT('',(19.0390625,-1.857421875,9.));
#5955 = SURFACE_CURVE('',#5956,(#5969,#5985),.PCURVE_S1.);
#5956 = B_SPLINE_CURVE_WITH_KNOTS('',6,(#5957,#5958,#5959,#5960,#5961,
    #5962,#5963,#5964,#5965,#5966,#5967,#5968),.UNSPECIFIED.,.F.,.F.,(7,
    5,7),(0.,0.472028526657,1.),.UNSPECIFIED.);
#5957 = CARTESIAN_POINT('',(19.0390625,-1.857421875,9.));
#5958 = CARTESIAN_POINT('',(18.985885208524,-1.903147571492,9.));
#5959 = CARTESIAN_POINT('',(18.927172324421,-1.943753864759,9.));
#5960 = CARTESIAN_POINT('',(18.863411539479,-1.979114409414,9.));
#5961 = CARTESIAN_POINT('',(18.7952225884,-2.009370584033,9.));
#5962 = CARTESIAN_POINT('',(18.723233095072,-2.034791546418,9.));
#5963 = CARTESIAN_POINT('',(18.56388088194,-2.079090826469,9.));
#5964 = CARTESIAN_POINT('',(18.475704343286,-2.096837375631,9.));
#5965 = CARTESIAN_POINT('',(18.384222979099,-2.109412925477,9.));
#5966 = CARTESIAN_POINT('',(18.290085965445,-2.117338894714,9.));
#5967 = CARTESIAN_POINT('',(18.193796972562,-2.12109375,9.));
#5968 = CARTESIAN_POINT('',(18.095703125,-2.12109375,9.));
#5969 = PCURVE('',#5257,#5970);
#5970 = DEFINITIONAL_REPRESENTATION('',(#5971),#5984);
#5971 = B_SPLINE_CURVE_WITH_KNOTS('',6,(#5972,#5973,#5974,#5975,#5976,
    #5977,#5978,#5979,#5980,#5981,#5982,#5983),.UNSPECIFIED.,.F.,.F.,(7,
    5,7),(0.,0.472028526657,1.),.UNSPECIFIED.);
#5972 = CARTESIAN_POINT('',(1.,-5.E-02));
#5973 = CARTESIAN_POINT('',(0.913290531097,-5.E-02));
#5974 = CARTESIAN_POINT('',(0.827266719542,-5.E-02));
#5975 = CARTESIAN_POINT('',(0.742435741775,-5.E-02));
#5976 = CARTESIAN_POINT('',(0.659145278516,-5.E-02));
#5977 = CARTESIAN_POINT('',(0.577623592398,-5.E-02));
#5978 = CARTESIAN_POINT('',(0.408939735594,-5.E-02));
#5979 = CARTESIAN_POINT('',(0.32225107668,-5.E-02));
#5980 = CARTESIAN_POINT('',(0.238050564641,-5.E-02));
#5981 = CARTESIAN_POINT('',(0.15633540161,-5.E-02));
#5982 = CARTESIAN_POINT('',(7.703075145971E-02,-5.E-02));
#5983 = CARTESIAN_POINT('',(0.,-5.E-02));
#5984 = ( GEOMETRIC_REPRESENTATION_CONTEXT(2) 
PARAMETRIC_REPRESENTATION_CONTEXT() REPRESENTATION_CONTEXT('2D SPACE',''
  ) );
#5985 = PCURVE('',#5801,#5986);
#5986 = DEFINITIONAL_REPRESENTATION('',(#5987),#6000);
#5987 = B_SPLINE_CURVE_WITH_KNOTS('',6,(#5988,#5989,#5990,#5991,#5992,
    #5993,#5994,#5995,#5996,#5997,#5998,#5999),.UNSPECIFIED.,.F.,.F.,(7,
    5,7),(0.,0.472028526657,1.),.UNSPECIFIED.);
#5988 = CARTESIAN_POINT('',(18.0390625,-1.857421875));
#5989 = CARTESIAN_POINT('',(17.985885208524,-1.903147571492));
#5990 = CARTESIAN_POINT('',(17.927172324421,-1.943753864759));
#5991 = CARTESIAN_POINT('',(17.863411539479,-1.979114409414));
#5992 = CARTESIAN_POINT('',(17.7952225884,-2.009370584033));
#5993 = CARTESIAN_POINT('',(17.723233095072,-2.034791546418));
#5994 = CARTESIAN_POINT('',(17.56388088194,-2.079090826469));
#5995 = CARTESIAN_POINT('',(17.475704343286,-2.096837375631));
#5996 = CARTESIAN_POINT('',(17.384222979099,-2.109412925477));
#5997 = CARTESIAN_POINT('',(17.290085965445,-2.117338894714));
#5998 = CARTESIAN_POINT('',(17.193796972562,-2.12109375));
#5999 = CARTESIAN_POINT('',(17.095703125,-2.12109375));
#6000 = ( GEOMETRIC_REPRESENTATION_CONTEXT(2) 
PARAMETRIC_REPRESENTATION_CONTEXT() REPRESENTATION_CONTEXT('2D SPACE',''
  ) );
#6001 = ORIENTED_EDGE('',*,*,#5928,.T.);
#6002 = ORIENTED_EDGE('',*,*,#5241,.T.);
#6003 = ORIENTED_EDGE('',*,*,#6004,.F.);
#6004 = EDGE_CURVE('',#5953,#5242,#6005,.T.);
#6005 = SURFACE_CURVE('',#6006,(#6010,#6017),.PCURVE_S1.);
#6006 = LINE('',#6007,#6008);
#6007 = CARTESIAN_POINT('',(19.0390625,-1.857421875,9.05));
#6008 = VECTOR('',#6009,1.);
#6009 = DIRECTION('',(-0.,-0.,-1.));
#6010 = PCURVE('',#5257,#6011);
#6011 = DEFINITIONAL_REPRESENTATION('',(#6012),#6016);
#6012 = LINE('',#6013,#6014);
#6013 = CARTESIAN_POINT('',(1.,0.));
#6014 = VECTOR('',#6015,1.);
#6015 = DIRECTION('',(0.,-1.));
#6016 = ( GEOMETRIC_REPRESENTATION_CONTEXT(2) 
PARAMETRIC_REPRESENTATION_CONTEXT() REPRESENTATION_CONTEXT('2D SPACE',''
  ) );
#6017 = PCURVE('',#5287,#6018);
#6018 = DEFINITIONAL_REPRESENTATION('',(#6019),#6023);
#6019 = LINE('',#6020,#6021);
#6020 = CARTESIAN_POINT('',(0.,0.));
#6021 = VECTOR('',#6022,1.);
#6022 = DIRECTION('',(0.,-1.));
#6023 = ( GEOMETRIC_REPRESENTATION_CONTEXT(2) 
PARAMETRIC_REPRESENTATION_CONTEXT() REPRESENTATION_CONTEXT('2D SPACE',''
  ) );
#6024 = ADVANCED_FACE('',(#6025),#5287,.T.);
#6025 = FACE_BOUND('',#6026,.T.);
#6026 = EDGE_LOOP('',(#6027,#6092,#6093,#6094));
#6027 = ORIENTED_EDGE('',*,*,#6028,.T.);
#6028 = EDGE_CURVE('',#6029,#5953,#6031,.T.);
#6029 = VERTEX_POINT('',#6030);
#6030 = CARTESIAN_POINT('',(19.345703125,-1.05078125,9.));
#6031 = SURFACE_CURVE('',#6032,(#6050,#6071),.PCURVE_S1.);
#6032 = B_SPLINE_CURVE_WITH_KNOTS('',6,(#6033,#6034,#6035,#6036,#6037,
    #6038,#6039,#6040,#6041,#6042,#6043,#6044,#6045,#6046,#6047,#6048,
    #6049),.UNSPECIFIED.,.F.,.F.,(7,5,5,7),(0.,0.334046205435,
    0.887057327747,1.),.UNSPECIFIED.);
#6033 = CARTESIAN_POINT('',(19.345703125,-1.05078125,9.));
#6034 = CARTESIAN_POINT('',(19.345703125,-1.105700583713,9.));
#6035 = CARTESIAN_POINT('',(19.343820758142,-1.159832804923,9.));
#6036 = CARTESIAN_POINT('',(19.339937294323,-1.213069393753,9.));
#6037 = CARTESIAN_POINT('',(19.333929374658,-1.265281703031,9.));
#6038 = CARTESIAN_POINT('',(19.325678949884,-1.316325920537,9.));
#6039 = CARTESIAN_POINT('',(19.297542061058,-1.448362632648,9.));
#6040 = CARTESIAN_POINT('',(19.273565554583,-1.527090977472,9.));
#6041 = CARTESIAN_POINT('',(19.242694436747,-1.601457407875,9.));
#6042 = CARTESIAN_POINT('',(19.204617072637,-1.670691384732,9.));
#6043 = CARTESIAN_POINT('',(19.159298842076,-1.734122139259,9.));
#6044 = CARTESIAN_POINT('',(19.096511598356,-1.802985246071,9.));
#6045 = CARTESIAN_POINT('',(19.085578007878,-1.814404289908,9.));
#6046 = CARTESIAN_POINT('',(19.074362397583,-1.825560090146,9.));
#6047 = CARTESIAN_POINT('',(19.062868419478,-1.836449761775,9.));
#6048 = CARTESIAN_POINT('',(19.051100231998,-1.847070958951,9.));
#6049 = CARTESIAN_POINT('',(19.0390625,-1.857421875,9.));
#6050 = PCURVE('',#5287,#6051);
#6051 = DEFINITIONAL_REPRESENTATION('',(#6052),#6070);
#6052 = B_SPLINE_CURVE_WITH_KNOTS('',6,(#6053,#6054,#6055,#6056,#6057,
    #6058,#6059,#6060,#6061,#6062,#6063,#6064,#6065,#6066,#6067,#6068,
    #6069),.UNSPECIFIED.,.F.,.F.,(7,5,5,7),(0.,0.334046205435,
    0.887057327747,1.),.UNSPECIFIED.);
#6053 = CARTESIAN_POINT('',(1.,-5.E-02));
#6054 = CARTESIAN_POINT('',(0.949426800609,-5.E-02));
#6055 = CARTESIAN_POINT('',(0.8979995926,-5.E-02));
#6056 = CARTESIAN_POINT('',(0.845718723293,-5.E-02));
#6057 = CARTESIAN_POINT('',(0.79259919212,-5.E-02));
#6058 = CARTESIAN_POINT('',(0.738674416879,-5.E-02));
#6059 = CARTESIAN_POINT('',(0.593486890891,-5.E-02));
#6060 = CARTESIAN_POINT('',(0.500878597251,-5.E-02));
#6061 = CARTESIAN_POINT('',(0.406504188313,-5.E-02));
#6062 = CARTESIAN_POINT('',(0.310811842092,-5.E-02));
#6063 = CARTESIAN_POINT('',(0.214390207341,-5.E-02));
#6064 = CARTESIAN_POINT('',(9.831401692133E-02,-5.E-02));
#6065 = CARTESIAN_POINT('',(7.862811007652E-02,-5.E-02));
#6066 = CARTESIAN_POINT('',(5.894807101563E-02,-5.E-02));
#6067 = CARTESIAN_POINT('',(3.927961955291E-02,-5.E-02));
#6068 = CARTESIAN_POINT('',(1.962840376682E-02,-5.E-02));
#6069 = CARTESIAN_POINT('',(0.,-5.E-02));
#6070 = ( GEOMETRIC_REPRESENTATION_CONTEXT(2) 
PARAMETRIC_REPRESENTATION_CONTEXT() REPRESENTATION_CONTEXT('2D SPACE',''
  ) );
#6071 = PCURVE('',#5801,#6072);
#6072 = DEFINITIONAL_REPRESENTATION('',(#6073),#6091);
#6073 = B_SPLINE_CURVE_WITH_KNOTS('',6,(#6074,#6075,#6076,#6077,#6078,
    #6079,#6080,#6081,#6082,#6083,#6084,#6085,#6086,#6087,#6088,#6089,
    #6090),.UNSPECIFIED.,.F.,.F.,(7,5,5,7),(0.,0.334046205435,
    0.887057327747,1.),.UNSPECIFIED.);
#6074 = CARTESIAN_POINT('',(18.345703125,-1.05078125));
#6075 = CARTESIAN_POINT('',(18.345703125,-1.105700583713));
#6076 = CARTESIAN_POINT('',(18.343820758142,-1.159832804923));
#6077 = CARTESIAN_POINT('',(18.339937294323,-1.213069393753));
#6078 = CARTESIAN_POINT('',(18.333929374658,-1.265281703031));
#6079 = CARTESIAN_POINT('',(18.325678949884,-1.316325920537));
#6080 = CARTESIAN_POINT('',(18.297542061058,-1.448362632648));
#6081 = CARTESIAN_POINT('',(18.273565554583,-1.527090977472));
#6082 = CARTESIAN_POINT('',(18.242694436747,-1.601457407875));
#6083 = CARTESIAN_POINT('',(18.204617072637,-1.670691384732));
#6084 = CARTESIAN_POINT('',(18.159298842076,-1.734122139259));
#6085 = CARTESIAN_POINT('',(18.096511598356,-1.802985246071));
#6086 = CARTESIAN_POINT('',(18.085578007878,-1.814404289908));
#6087 = CARTESIAN_POINT('',(18.074362397583,-1.825560090146));
#6088 = CARTESIAN_POINT('',(18.062868419478,-1.836449761775));
#6089 = CARTESIAN_POINT('',(18.051100231998,-1.847070958951));
#6090 = CARTESIAN_POINT('',(18.0390625,-1.857421875));
#6091 = ( GEOMETRIC_REPRESENTATION_CONTEXT(2) 
PARAMETRIC_REPRESENTATION_CONTEXT() REPRESENTATION_CONTEXT('2D SPACE',''
  ) );
#6092 = ORIENTED_EDGE('',*,*,#6004,.T.);
#6093 = ORIENTED_EDGE('',*,*,#5271,.T.);
#6094 = ORIENTED_EDGE('',*,*,#6095,.F.);
#6095 = EDGE_CURVE('',#6029,#5272,#6096,.T.);
#6096 = SURFACE_CURVE('',#6097,(#6101,#6108),.PCURVE_S1.);
#6097 = LINE('',#6098,#6099);
#6098 = CARTESIAN_POINT('',(19.345703125,-1.05078125,9.05));
#6099 = VECTOR('',#6100,1.);
#6100 = DIRECTION('',(-0.,-0.,-1.));
#6101 = PCURVE('',#5287,#6102);
#6102 = DEFINITIONAL_REPRESENTATION('',(#6103),#6107);
#6103 = LINE('',#6104,#6105);
#6104 = CARTESIAN_POINT('',(1.,0.));
#6105 = VECTOR('',#6106,1.);
#6106 = DIRECTION('',(0.,-1.));
#6107 = ( GEOMETRIC_REPRESENTATION_CONTEXT(2) 
PARAMETRIC_REPRESENTATION_CONTEXT() REPRESENTATION_CONTEXT('2D SPACE',''
  ) );
#6108 = PCURVE('',#5317,#6109);
#6109 = DEFINITIONAL_REPRESENTATION('',(#6110),#6114);
#6110 = LINE('',#6111,#6112);
#6111 = CARTESIAN_POINT('',(0.,0.));
#6112 = VECTOR('',#6113,1.);
#6113 = DIRECTION('',(0.,-1.));
#6114 = ( GEOMETRIC_REPRESENTATION_CONTEXT(2) 
PARAMETRIC_REPRESENTATION_CONTEXT() REPRESENTATION_CONTEXT('2D SPACE',''
  ) );
#6115 = ADVANCED_FACE('',(#6116),#5317,.T.);
#6116 = FACE_BOUND('',#6117,.T.);
#6117 = EDGE_LOOP('',(#6118,#6183,#6184,#6185));
#6118 = ORIENTED_EDGE('',*,*,#6119,.T.);
#6119 = EDGE_CURVE('',#6120,#6029,#6122,.T.);
#6120 = VERTEX_POINT('',#6121);
#6121 = CARTESIAN_POINT('',(19.0390625,-0.244140625,9.));
#6122 = SURFACE_CURVE('',#6123,(#6141,#6162),.PCURVE_S1.);
#6123 = B_SPLINE_CURVE_WITH_KNOTS('',6,(#6124,#6125,#6126,#6127,#6128,
    #6129,#6130,#6131,#6132,#6133,#6134,#6135,#6136,#6137,#6138,#6139,
    #6140),.UNSPECIFIED.,.F.,.F.,(7,5,5,7),(0.,0.105012588657,
    0.659052710526,1.),.UNSPECIFIED.);
#6124 = CARTESIAN_POINT('',(19.0390625,-0.244140625,9.));
#6125 = CARTESIAN_POINT('',(19.050286465009,-0.253648824658,9.));
#6126 = CARTESIAN_POINT('',(19.061275592925,-0.263397697144,9.));
#6127 = CARTESIAN_POINT('',(19.07202605463,-0.273385722655,9.));
#6128 = CARTESIAN_POINT('',(19.08253441665,-0.283610952496,9.));
#6129 = CARTESIAN_POINT('',(19.09279764115,-0.294071009082,9.));
#6130 = CARTESIAN_POINT('',(19.155653972174,-0.361173842396,9.));
#6131 = CARTESIAN_POINT('',(19.201614814774,-0.424060954683,9.));
#6132 = CARTESIAN_POINT('',(19.240252288051,-0.49296899335,9.));
#6133 = CARTESIAN_POINT('',(19.271604669143,-0.567194642674,9.));
#6134 = CARTESIAN_POINT('',(19.29599821389,-0.645929284068,9.));
#6135 = CARTESIAN_POINT('',(19.324931650404,-0.779090397725,9.));
#6136 = CARTESIAN_POINT('',(19.33350218109,-0.831233921479,9.));
#6137 = CARTESIAN_POINT('',(19.339733938684,-0.884623299766,9.));
#6138 = CARTESIAN_POINT('',(19.343756145755,-0.939100670689,9.));
#6139 = CARTESIAN_POINT('',(19.345703125,-0.994525691548,9.));
#6140 = CARTESIAN_POINT('',(19.345703125,-1.05078125,9.));
#6141 = PCURVE('',#5317,#6142);
#6142 = DEFINITIONAL_REPRESENTATION('',(#6143),#6161);
#6143 = B_SPLINE_CURVE_WITH_KNOTS('',6,(#6144,#6145,#6146,#6147,#6148,
    #6149,#6150,#6151,#6152,#6153,#6154,#6155,#6156,#6157,#6158,#6159,
    #6160),.UNSPECIFIED.,.F.,.F.,(7,5,5,7),(0.,0.105012588657,
    0.659052710526,1.),.UNSPECIFIED.);
#6144 = CARTESIAN_POINT('',(1.,-5.E-02));
#6145 = CARTESIAN_POINT('',(0.981698502914,-5.E-02));
#6146 = CARTESIAN_POINT('',(0.963377994619,-5.E-02));
#6147 = CARTESIAN_POINT('',(0.945043142566,-5.E-02));
#6148 = CARTESIAN_POINT('',(0.92669866765,-5.E-02));
#6149 = CARTESIAN_POINT('',(0.908349344204,-5.E-02));
#6150 = CARTESIAN_POINT('',(0.79318996009,-5.E-02));
#6151 = CARTESIAN_POINT('',(0.696348348494,-5.E-02));
#6152 = CARTESIAN_POINT('',(0.600271067228,-5.E-02));
#6153 = CARTESIAN_POINT('',(0.505568380629,-5.E-02));
#6154 = CARTESIAN_POINT('',(0.412700305496,-5.E-02));
#6155 = CARTESIAN_POINT('',(0.266184505611,-5.E-02));
#6156 = CARTESIAN_POINT('',(0.211173615768,-5.E-02));
#6157 = CARTESIAN_POINT('',(0.157025767863,-5.E-02));
#6158 = CARTESIAN_POINT('',(0.10377467167,-5.E-02));
#6159 = CARTESIAN_POINT('',(5.14336534418E-02,-5.E-02));
#6160 = CARTESIAN_POINT('',(0.,-5.E-02));
#6161 = ( GEOMETRIC_REPRESENTATION_CONTEXT(2) 
PARAMETRIC_REPRESENTATION_CONTEXT() REPRESENTATION_CONTEXT('2D SPACE',''
  ) );
#6162 = PCURVE('',#5801,#6163);
#6163 = DEFINITIONAL_REPRESENTATION('',(#6164),#6182);
#6164 = B_SPLINE_CURVE_WITH_KNOTS('',6,(#6165,#6166,#6167,#6168,#6169,
    #6170,#6171,#6172,#6173,#6174,#6175,#6176,#6177,#6178,#6179,#6180,
    #6181),.UNSPECIFIED.,.F.,.F.,(7,5,5,7),(0.,0.105012588657,
    0.659052710526,1.),.UNSPECIFIED.);
#6165 = CARTESIAN_POINT('',(18.0390625,-0.244140625));
#6166 = CARTESIAN_POINT('',(18.050286465009,-0.253648824658));
#6167 = CARTESIAN_POINT('',(18.061275592925,-0.263397697144));
#6168 = CARTESIAN_POINT('',(18.07202605463,-0.273385722655));
#6169 = CARTESIAN_POINT('',(18.08253441665,-0.283610952496));
#6170 = CARTESIAN_POINT('',(18.09279764115,-0.294071009082));
#6171 = CARTESIAN_POINT('',(18.155653972174,-0.361173842396));
#6172 = CARTESIAN_POINT('',(18.201614814774,-0.424060954683));
#6173 = CARTESIAN_POINT('',(18.240252288051,-0.49296899335));
#6174 = CARTESIAN_POINT('',(18.271604669143,-0.567194642674));
#6175 = CARTESIAN_POINT('',(18.29599821389,-0.645929284068));
#6176 = CARTESIAN_POINT('',(18.324931650404,-0.779090397724));
#6177 = CARTESIAN_POINT('',(18.33350218109,-0.831233921479));
#6178 = CARTESIAN_POINT('',(18.339733938684,-0.884623299766));
#6179 = CARTESIAN_POINT('',(18.343756145755,-0.939100670689));
#6180 = CARTESIAN_POINT('',(18.345703125,-0.994525691548));
#6181 = CARTESIAN_POINT('',(18.345703125,-1.05078125));
#6182 = ( GEOMETRIC_REPRESENTATION_CONTEXT(2) 
PARAMETRIC_REPRESENTATION_CONTEXT() REPRESENTATION_CONTEXT('2D SPACE',''
  ) );
#6183 = ORIENTED_EDGE('',*,*,#6095,.T.);
#6184 = ORIENTED_EDGE('',*,*,#5301,.T.);
#6185 = ORIENTED_EDGE('',*,*,#6186,.F.);
#6186 = EDGE_CURVE('',#6120,#5302,#6187,.T.);
#6187 = SURFACE_CURVE('',#6188,(#6192,#6199),.PCURVE_S1.);
#6188 = LINE('',#6189,#6190);
#6189 = CARTESIAN_POINT('',(19.0390625,-0.244140625,9.05));
#6190 = VECTOR('',#6191,1.);
#6191 = DIRECTION('',(-0.,-0.,-1.));
#6192 = PCURVE('',#5317,#6193);
#6193 = DEFINITIONAL_REPRESENTATION('',(#6194),#6198);
#6194 = LINE('',#6195,#6196);
#6195 = CARTESIAN_POINT('',(1.,0.));
#6196 = VECTOR('',#6197,1.);
#6197 = DIRECTION('',(0.,-1.));
#6198 = ( GEOMETRIC_REPRESENTATION_CONTEXT(2) 
PARAMETRIC_REPRESENTATION_CONTEXT() REPRESENTATION_CONTEXT('2D SPACE',''
  ) );
#6199 = PCURVE('',#5345,#6200);
#6200 = DEFINITIONAL_REPRESENTATION('',(#6201),#6205);
#6201 = LINE('',#6202,#6203);
#6202 = CARTESIAN_POINT('',(0.,0.));
#6203 = VECTOR('',#6204,1.);
#6204 = DIRECTION('',(0.,-1.));
#6205 = ( GEOMETRIC_REPRESENTATION_CONTEXT(2) 
PARAMETRIC_REPRESENTATION_CONTEXT() REPRESENTATION_CONTEXT('2D SPACE',''
  ) );
#6206 = ADVANCED_FACE('',(#6207),#5345,.T.);
#6207 = FACE_BOUND('',#6208,.T.);
#6208 = EDGE_LOOP('',(#6209,#6257,#6258,#6259));
#6209 = ORIENTED_EDGE('',*,*,#6210,.T.);
#6210 = EDGE_CURVE('',#5785,#6120,#6211,.T.);
#6211 = SURFACE_CURVE('',#6212,(#6225,#6241),.PCURVE_S1.);
#6212 = B_SPLINE_CURVE_WITH_KNOTS('',6,(#6213,#6214,#6215,#6216,#6217,
    #6218,#6219,#6220,#6221,#6222,#6223,#6224),.UNSPECIFIED.,.F.,.F.,(7,
    5,7),(0.,0.530245152404,1.),.UNSPECIFIED.);
#6213 = CARTESIAN_POINT('',(18.095703125,1.5625E-02,9.));
#6214 = CARTESIAN_POINT('',(18.194148745209,1.5625E-02,9.));
#6215 = CARTESIAN_POINT('',(18.290776205586,1.18991926602E-02,9.));
#6216 = CARTESIAN_POINT('',(18.385238363171,4.033111811026E-03,9.));
#6217 = CARTESIAN_POINT('',(18.477030230092,-8.450833420597E-03,9.));
#6218 = CARTESIAN_POINT('',(18.565499576295,-2.607506448694E-02,9.));
#6219 = CARTESIAN_POINT('',(18.724676453391,-6.990637847012E-02,9.));
#6220 = CARTESIAN_POINT('',(18.796260108369,-9.490519238973E-02,9.));
#6221 = CARTESIAN_POINT('',(18.864094672068,-0.124632920942,9.));
#6222 = CARTESIAN_POINT('',(18.927562381114,-0.159358464116,9.));
#6223 = CARTESIAN_POINT('',(18.986048275367,-0.199230485661,9.));
#6224 = CARTESIAN_POINT('',(19.0390625,-0.244140625,9.));
#6225 = PCURVE('',#5345,#6226);
#6226 = DEFINITIONAL_REPRESENTATION('',(#6227),#6240);
#6227 = B_SPLINE_CURVE_WITH_KNOTS('',6,(#6228,#6229,#6230,#6231,#6232,
    #6233,#6234,#6235,#6236,#6237,#6238,#6239),.UNSPECIFIED.,.F.,.F.,(7,
    5,7),(0.,0.530245152404,1.),.UNSPECIFIED.);
#6228 = CARTESIAN_POINT('',(1.,-5.E-02));
#6229 = CARTESIAN_POINT('',(0.922693009897,-5.E-02));
#6230 = CARTESIAN_POINT('',(0.843096047407,-5.E-02));
#6231 = CARTESIAN_POINT('',(0.761068147981,-5.E-02));
#6232 = CARTESIAN_POINT('',(0.676529311055,-5.E-02));
#6233 = CARTESIAN_POINT('',(0.589470428441,-5.E-02));
#6234 = CARTESIAN_POINT('',(0.420736347544,-5.E-02));
#6235 = CARTESIAN_POINT('',(0.339578799453,-5.E-02));
#6236 = CARTESIAN_POINT('',(0.256646660681,-5.E-02));
#6237 = CARTESIAN_POINT('',(0.172156729007,-5.E-02));
#6238 = CARTESIAN_POINT('',(8.644357647153E-02,-5.E-02));
#6239 = CARTESIAN_POINT('',(0.,-5.E-02));
#6240 = ( GEOMETRIC_REPRESENTATION_CONTEXT(2) 
PARAMETRIC_REPRESENTATION_CONTEXT() REPRESENTATION_CONTEXT('2D SPACE',''
  ) );
#6241 = PCURVE('',#5801,#6242);
#6242 = DEFINITIONAL_REPRESENTATION('',(#6243),#6256);
#6243 = B_SPLINE_CURVE_WITH_KNOTS('',6,(#6244,#6245,#6246,#6247,#6248,
    #6249,#6250,#6251,#6252,#6253,#6254,#6255),.UNSPECIFIED.,.F.,.F.,(7,
    5,7),(0.,0.530245152404,1.),.UNSPECIFIED.);
#6244 = CARTESIAN_POINT('',(17.095703125,1.562500000005E-02));
#6245 = CARTESIAN_POINT('',(17.194148745209,1.562500000005E-02));
#6246 = CARTESIAN_POINT('',(17.290776205586,1.189919266025E-02));
#6247 = CARTESIAN_POINT('',(17.385238363171,4.033111811077E-03));
#6248 = CARTESIAN_POINT('',(17.477030230092,-8.450833420546E-03));
#6249 = CARTESIAN_POINT('',(17.565499576295,-2.607506448689E-02));
#6250 = CARTESIAN_POINT('',(17.724676453391,-6.990637847007E-02));
#6251 = CARTESIAN_POINT('',(17.796260108369,-9.490519238968E-02));
#6252 = CARTESIAN_POINT('',(17.864094672068,-0.124632920942));
#6253 = CARTESIAN_POINT('',(17.927562381114,-0.159358464116));
#6254 = CARTESIAN_POINT('',(17.986048275367,-0.199230485661));
#6255 = CARTESIAN_POINT('',(18.0390625,-0.244140625));
#6256 = ( GEOMETRIC_REPRESENTATION_CONTEXT(2) 
PARAMETRIC_REPRESENTATION_CONTEXT() REPRESENTATION_CONTEXT('2D SPACE',''
  ) );
#6257 = ORIENTED_EDGE('',*,*,#6186,.T.);
#6258 = ORIENTED_EDGE('',*,*,#5331,.T.);
#6259 = ORIENTED_EDGE('',*,*,#5812,.F.);
#6260 = ADVANCED_FACE('',(#6261),#5379,.T.);
#6261 = FACE_BOUND('',#6262,.T.);
#6262 = EDGE_LOOP('',(#6263,#6291,#6312,#6313));
#6263 = ORIENTED_EDGE('',*,*,#6264,.F.);
#6264 = EDGE_CURVE('',#6265,#6267,#6269,.T.);
#6265 = VERTEX_POINT('',#6266);
#6266 = CARTESIAN_POINT('',(17.998046875,2.4140625,9.));
#6267 = VERTEX_POINT('',#6268);
#6268 = CARTESIAN_POINT('',(16.830078125,2.4140625,9.));
#6269 = SURFACE_CURVE('',#6270,(#6274,#6280),.PCURVE_S1.);
#6270 = LINE('',#6271,#6272);
#6271 = CARTESIAN_POINT('',(9.4990234375,2.4140625,9.));
#6272 = VECTOR('',#6273,1.);
#6273 = DIRECTION('',(-1.,0.,0.));
#6274 = PCURVE('',#5379,#6275);
#6275 = DEFINITIONAL_REPRESENTATION('',(#6276),#6279);
#6276 = B_SPLINE_CURVE_WITH_KNOTS('',1,(#6277,#6278),.UNSPECIFIED.,.F.,
  .F.,(2,2),(-8.4990234375,-7.3310546875),.PIECEWISE_BEZIER_KNOTS.);
#6277 = CARTESIAN_POINT('',(0.,-5.E-02));
#6278 = CARTESIAN_POINT('',(1.16796875,-5.E-02));
#6279 = ( GEOMETRIC_REPRESENTATION_CONTEXT(2) 
PARAMETRIC_REPRESENTATION_CONTEXT() REPRESENTATION_CONTEXT('2D SPACE',''
  ) );
#6280 = PCURVE('',#6281,#6286);
#6281 = PLANE('',#6282);
#6282 = AXIS2_PLACEMENT_3D('',#6283,#6284,#6285);
#6283 = CARTESIAN_POINT('',(1.,-5.107025913276E-14,9.));
#6284 = DIRECTION('',(0.,0.,1.));
#6285 = DIRECTION('',(1.,0.,-0.));
#6286 = DEFINITIONAL_REPRESENTATION('',(#6287),#6290);
#6287 = B_SPLINE_CURVE_WITH_KNOTS('',1,(#6288,#6289),.UNSPECIFIED.,.F.,
  .F.,(2,2),(-8.4990234375,-7.3310546875),.PIECEWISE_BEZIER_KNOTS.);
#6288 = CARTESIAN_POINT('',(16.998046875,2.4140625));
#6289 = CARTESIAN_POINT('',(15.830078125,2.4140625));
#6290 = ( GEOMETRIC_REPRESENTATION_CONTEXT(2) 
PARAMETRIC_REPRESENTATION_CONTEXT() REPRESENTATION_CONTEXT('2D SPACE',''
  ) );
#6291 = ORIENTED_EDGE('',*,*,#6292,.T.);
#6292 = EDGE_CURVE('',#6265,#5362,#6293,.T.);
#6293 = SURFACE_CURVE('',#6294,(#6298,#6305),.PCURVE_S1.);
#6294 = LINE('',#6295,#6296);
#6295 = CARTESIAN_POINT('',(17.998046875,2.4140625,9.05));
#6296 = VECTOR('',#6297,1.);
#6297 = DIRECTION('',(-0.,-0.,-1.));
#6298 = PCURVE('',#5379,#6299);
#6299 = DEFINITIONAL_REPRESENTATION('',(#6300),#6304);
#6300 = LINE('',#6301,#6302);
#6301 = CARTESIAN_POINT('',(0.,0.));
#6302 = VECTOR('',#6303,1.);
#6303 = DIRECTION('',(0.,-1.));
#6304 = ( GEOMETRIC_REPRESENTATION_CONTEXT(2) 
PARAMETRIC_REPRESENTATION_CONTEXT() REPRESENTATION_CONTEXT('2D SPACE',''
  ) );
#6305 = PCURVE('',#5551,#6306);
#6306 = DEFINITIONAL_REPRESENTATION('',(#6307),#6311);
#6307 = LINE('',#6308,#6309);
#6308 = CARTESIAN_POINT('',(1.,0.));
#6309 = VECTOR('',#6310,1.);
#6310 = DIRECTION('',(0.,-1.));
#6311 = ( GEOMETRIC_REPRESENTATION_CONTEXT(2) 
PARAMETRIC_REPRESENTATION_CONTEXT() REPRESENTATION_CONTEXT('2D SPACE',''
  ) );
#6312 = ORIENTED_EDGE('',*,*,#5361,.T.);
#6313 = ORIENTED_EDGE('',*,*,#6314,.F.);
#6314 = EDGE_CURVE('',#6267,#5364,#6315,.T.);
#6315 = SURFACE_CURVE('',#6316,(#6320,#6327),.PCURVE_S1.);
#6316 = LINE('',#6317,#6318);
#6317 = CARTESIAN_POINT('',(16.830078125,2.4140625,9.05));
#6318 = VECTOR('',#6319,1.);
#6319 = DIRECTION('',(-0.,-0.,-1.));
#6320 = PCURVE('',#5379,#6321);
#6321 = DEFINITIONAL_REPRESENTATION('',(#6322),#6326);
#6322 = LINE('',#6323,#6324);
#6323 = CARTESIAN_POINT('',(1.16796875,0.));
#6324 = VECTOR('',#6325,1.);
#6325 = DIRECTION('',(0.,-1.));
#6326 = ( GEOMETRIC_REPRESENTATION_CONTEXT(2) 
PARAMETRIC_REPRESENTATION_CONTEXT() REPRESENTATION_CONTEXT('2D SPACE',''
  ) );
#6327 = PCURVE('',#5407,#6328);
#6328 = DEFINITIONAL_REPRESENTATION('',(#6329),#6333);
#6329 = LINE('',#6330,#6331);
#6330 = CARTESIAN_POINT('',(0.,0.));
#6331 = VECTOR('',#6332,1.);
#6332 = DIRECTION('',(0.,-1.));
#6333 = ( GEOMETRIC_REPRESENTATION_CONTEXT(2) 
PARAMETRIC_REPRESENTATION_CONTEXT() REPRESENTATION_CONTEXT('2D SPACE',''
  ) );
#6334 = ADVANCED_FACE('',(#6335),#5407,.T.);
#6335 = FACE_BOUND('',#6336,.T.);
#6336 = EDGE_LOOP('',(#6337,#6358,#6359,#6360));
#6337 = ORIENTED_EDGE('',*,*,#6338,.F.);
#6338 = EDGE_CURVE('',#6267,#6339,#6341,.T.);
#6339 = VERTEX_POINT('',#6340);
#6340 = CARTESIAN_POINT('',(16.830078125,0.65625,9.));
#6341 = SURFACE_CURVE('',#6342,(#6346,#6352),.PCURVE_S1.);
#6342 = LINE('',#6343,#6344);
#6343 = CARTESIAN_POINT('',(16.830078125,1.20703125,9.));
#6344 = VECTOR('',#6345,1.);
#6345 = DIRECTION('',(0.,-1.,0.));
#6346 = PCURVE('',#5407,#6347);
#6347 = DEFINITIONAL_REPRESENTATION('',(#6348),#6351);
#6348 = B_SPLINE_CURVE_WITH_KNOTS('',1,(#6349,#6350),.UNSPECIFIED.,.F.,
  .F.,(2,2),(-1.20703125,0.55078125),.PIECEWISE_BEZIER_KNOTS.);
#6349 = CARTESIAN_POINT('',(0.,-5.E-02));
#6350 = CARTESIAN_POINT('',(1.7578125,-5.E-02));
#6351 = ( GEOMETRIC_REPRESENTATION_CONTEXT(2) 
PARAMETRIC_REPRESENTATION_CONTEXT() REPRESENTATION_CONTEXT('2D SPACE',''
  ) );
#6352 = PCURVE('',#6281,#6353);
#6353 = DEFINITIONAL_REPRESENTATION('',(#6354),#6357);
#6354 = B_SPLINE_CURVE_WITH_KNOTS('',1,(#6355,#6356),.UNSPECIFIED.,.F.,
  .F.,(2,2),(-1.20703125,0.55078125),.PIECEWISE_BEZIER_KNOTS.);
#6355 = CARTESIAN_POINT('',(15.830078125,2.4140625));
#6356 = CARTESIAN_POINT('',(15.830078125,0.65625));
#6357 = ( GEOMETRIC_REPRESENTATION_CONTEXT(2) 
PARAMETRIC_REPRESENTATION_CONTEXT() REPRESENTATION_CONTEXT('2D SPACE',''
  ) );
#6358 = ORIENTED_EDGE('',*,*,#6314,.T.);
#6359 = ORIENTED_EDGE('',*,*,#5391,.T.);
#6360 = ORIENTED_EDGE('',*,*,#6361,.F.);
#6361 = EDGE_CURVE('',#6339,#5392,#6362,.T.);
#6362 = SURFACE_CURVE('',#6363,(#6367,#6374),.PCURVE_S1.);
#6363 = LINE('',#6364,#6365);
#6364 = CARTESIAN_POINT('',(16.830078125,0.65625,9.05));
#6365 = VECTOR('',#6366,1.);
#6366 = DIRECTION('',(-0.,-0.,-1.));
#6367 = PCURVE('',#5407,#6368);
#6368 = DEFINITIONAL_REPRESENTATION('',(#6369),#6373);
#6369 = LINE('',#6370,#6371);
#6370 = CARTESIAN_POINT('',(1.7578125,0.));
#6371 = VECTOR('',#6372,1.);
#6372 = DIRECTION('',(0.,-1.));
#6373 = ( GEOMETRIC_REPRESENTATION_CONTEXT(2) 
PARAMETRIC_REPRESENTATION_CONTEXT() REPRESENTATION_CONTEXT('2D SPACE',''
  ) );
#6374 = PCURVE('',#5435,#6375);
#6375 = DEFINITIONAL_REPRESENTATION('',(#6376),#6380);
#6376 = LINE('',#6377,#6378);
#6377 = CARTESIAN_POINT('',(0.,0.));
#6378 = VECTOR('',#6379,1.);
#6379 = DIRECTION('',(0.,-1.));
#6380 = ( GEOMETRIC_REPRESENTATION_CONTEXT(2) 
PARAMETRIC_REPRESENTATION_CONTEXT() REPRESENTATION_CONTEXT('2D SPACE',''
  ) );
#6381 = ADVANCED_FACE('',(#6382),#5435,.T.);
#6382 = FACE_BOUND('',#6383,.T.);
#6383 = EDGE_LOOP('',(#6384,#6405,#6406,#6407));
#6384 = ORIENTED_EDGE('',*,*,#6385,.F.);
#6385 = EDGE_CURVE('',#6339,#6386,#6388,.T.);
#6386 = VERTEX_POINT('',#6387);
#6387 = CARTESIAN_POINT('',(17.998046875,0.65625,9.));
#6388 = SURFACE_CURVE('',#6389,(#6393,#6399),.PCURVE_S1.);
#6389 = LINE('',#6390,#6391);
#6390 = CARTESIAN_POINT('',(8.9150390625,0.65625,9.));
#6391 = VECTOR('',#6392,1.);
#6392 = DIRECTION('',(1.,0.,-0.));
#6393 = PCURVE('',#5435,#6394);
#6394 = DEFINITIONAL_REPRESENTATION('',(#6395),#6398);
#6395 = B_SPLINE_CURVE_WITH_KNOTS('',1,(#6396,#6397),.UNSPECIFIED.,.F.,
  .F.,(2,2),(7.9150390625,9.0830078125),.PIECEWISE_BEZIER_KNOTS.);
#6396 = CARTESIAN_POINT('',(0.,-5.E-02));
#6397 = CARTESIAN_POINT('',(1.16796875,-5.E-02));
#6398 = ( GEOMETRIC_REPRESENTATION_CONTEXT(2) 
PARAMETRIC_REPRESENTATION_CONTEXT() REPRESENTATION_CONTEXT('2D SPACE',''
  ) );
#6399 = PCURVE('',#6281,#6400);
#6400 = DEFINITIONAL_REPRESENTATION('',(#6401),#6404);
#6401 = B_SPLINE_CURVE_WITH_KNOTS('',1,(#6402,#6403),.UNSPECIFIED.,.F.,
  .F.,(2,2),(7.9150390625,9.0830078125),.PIECEWISE_BEZIER_KNOTS.);
#6402 = CARTESIAN_POINT('',(15.830078125,0.65625));
#6403 = CARTESIAN_POINT('',(16.998046875,0.65625));
#6404 = ( GEOMETRIC_REPRESENTATION_CONTEXT(2) 
PARAMETRIC_REPRESENTATION_CONTEXT() REPRESENTATION_CONTEXT('2D SPACE',''
  ) );
#6405 = ORIENTED_EDGE('',*,*,#6361,.T.);
#6406 = ORIENTED_EDGE('',*,*,#5419,.T.);
#6407 = ORIENTED_EDGE('',*,*,#6408,.F.);
#6408 = EDGE_CURVE('',#6386,#5420,#6409,.T.);
#6409 = SURFACE_CURVE('',#6410,(#6414,#6421),.PCURVE_S1.);
#6410 = LINE('',#6411,#6412);
#6411 = CARTESIAN_POINT('',(17.998046875,0.65625,9.05));
#6412 = VECTOR('',#6413,1.);
#6413 = DIRECTION('',(-0.,-0.,-1.));
#6414 = PCURVE('',#5435,#6415);
#6415 = DEFINITIONAL_REPRESENTATION('',(#6416),#6420);
#6416 = LINE('',#6417,#6418);
#6417 = CARTESIAN_POINT('',(1.16796875,0.));
#6418 = VECTOR('',#6419,1.);
#6419 = DIRECTION('',(0.,-1.));
#6420 = ( GEOMETRIC_REPRESENTATION_CONTEXT(2) 
PARAMETRIC_REPRESENTATION_CONTEXT() REPRESENTATION_CONTEXT('2D SPACE',''
  ) );
#6421 = PCURVE('',#5463,#6422);
#6422 = DEFINITIONAL_REPRESENTATION('',(#6423),#6427);
#6423 = LINE('',#6424,#6425);
#6424 = CARTESIAN_POINT('',(0.,0.));
#6425 = VECTOR('',#6426,1.);
#6426 = DIRECTION('',(0.,-1.));
#6427 = ( GEOMETRIC_REPRESENTATION_CONTEXT(2) 
PARAMETRIC_REPRESENTATION_CONTEXT() REPRESENTATION_CONTEXT('2D SPACE',''
  ) );
#6428 = ADVANCED_FACE('',(#6429),#5463,.T.);
#6429 = FACE_BOUND('',#6430,.T.);
#6430 = EDGE_LOOP('',(#6431,#6481,#6482,#6483));
#6431 = ORIENTED_EDGE('',*,*,#6432,.T.);
#6432 = EDGE_CURVE('',#6433,#6386,#6435,.T.);
#6433 = VERTEX_POINT('',#6434);
#6434 = CARTESIAN_POINT('',(18.859375,0.873046875,9.));
#6435 = SURFACE_CURVE('',#6436,(#6449,#6465),.PCURVE_S1.);
#6436 = B_SPLINE_CURVE_WITH_KNOTS('',6,(#6437,#6438,#6439,#6440,#6441,
    #6442,#6443,#6444,#6445,#6446,#6447,#6448),.UNSPECIFIED.,.F.,.F.,(7,
    5,7),(0.,0.473750597218,1.),.UNSPECIFIED.);
#6437 = CARTESIAN_POINT('',(18.859375,0.873046875,9.));
#6438 = CARTESIAN_POINT('',(18.810177087009,0.835385024366,9.));
#6439 = CARTESIAN_POINT('',(18.756134583649,0.802028134141,9.));
#6440 = CARTESIAN_POINT('',(18.697669217901,0.772996178977,9.));
#6441 = CARTESIAN_POINT('',(18.635286033962,0.748139799628,9.));
#6442 = CARTESIAN_POINT('',(18.569485086213,0.727232508093,9.));
#6443 = CARTESIAN_POINT('',(18.424329562812,0.690892678641,9.));
#6444 = CARTESIAN_POINT('',(18.344281988343,0.676323881068,9.));
#6445 = CARTESIAN_POINT('',(18.261160986787,0.665948152525,9.));
#6446 = CARTESIAN_POINT('',(18.175488102666,0.659376844756,9.));
#6447 = CARTESIAN_POINT('',(18.087681530879,0.65625,9.));
#6448 = CARTESIAN_POINT('',(17.998046875,0.65625,9.));
#6449 = PCURVE('',#5463,#6450);
#6450 = DEFINITIONAL_REPRESENTATION('',(#6451),#6464);
#6451 = B_SPLINE_CURVE_WITH_KNOTS('',6,(#6452,#6453,#6454,#6455,#6456,
    #6457,#6458,#6459,#6460,#6461,#6462,#6463),.UNSPECIFIED.,.F.,.F.,(7,
    5,7),(0.,0.473750597218,1.),.UNSPECIFIED.);
#6452 = CARTESIAN_POINT('',(1.,-5.E-02));
#6453 = CARTESIAN_POINT('',(0.913140236375,-5.E-02));
#6454 = CARTESIAN_POINT('',(0.827155462695,-5.E-02));
#6455 = CARTESIAN_POINT('',(0.742433917409,-5.E-02));
#6456 = CARTESIAN_POINT('',(0.659236670182,-5.E-02));
#6457 = CARTESIAN_POINT('',(0.577729731029,-5.E-02));
#6458 = CARTESIAN_POINT('',(0.409434996422,-5.E-02));
#6459 = CARTESIAN_POINT('',(0.323064065234,-5.E-02));
#6460 = CARTESIAN_POINT('',(0.238968297557,-5.E-02));
#6461 = CARTESIAN_POINT('',(0.157141503416,-5.E-02));
#6462 = CARTESIAN_POINT('',(7.75218645441E-02,-5.E-02));
#6463 = CARTESIAN_POINT('',(0.,-5.E-02));
#6464 = ( GEOMETRIC_REPRESENTATION_CONTEXT(2) 
PARAMETRIC_REPRESENTATION_CONTEXT() REPRESENTATION_CONTEXT('2D SPACE',''
  ) );
#6465 = PCURVE('',#6281,#6466);
#6466 = DEFINITIONAL_REPRESENTATION('',(#6467),#6480);
#6467 = B_SPLINE_CURVE_WITH_KNOTS('',6,(#6468,#6469,#6470,#6471,#6472,
    #6473,#6474,#6475,#6476,#6477,#6478,#6479),.UNSPECIFIED.,.F.,.F.,(7,
    5,7),(0.,0.473750597218,1.),.UNSPECIFIED.);
#6468 = CARTESIAN_POINT('',(17.859375,0.873046875));
#6469 = CARTESIAN_POINT('',(17.810177087009,0.835385024366));
#6470 = CARTESIAN_POINT('',(17.756134583649,0.802028134141));
#6471 = CARTESIAN_POINT('',(17.697669217901,0.772996178977));
#6472 = CARTESIAN_POINT('',(17.635286033962,0.748139799628));
#6473 = CARTESIAN_POINT('',(17.569485086213,0.727232508093));
#6474 = CARTESIAN_POINT('',(17.424329562812,0.690892678641));
#6475 = CARTESIAN_POINT('',(17.344281988343,0.676323881068));
#6476 = CARTESIAN_POINT('',(17.261160986787,0.665948152525));
#6477 = CARTESIAN_POINT('',(17.175488102666,0.659376844756));
#6478 = CARTESIAN_POINT('',(17.087681530879,0.65625));
#6479 = CARTESIAN_POINT('',(16.998046875,0.65625));
#6480 = ( GEOMETRIC_REPRESENTATION_CONTEXT(2) 
PARAMETRIC_REPRESENTATION_CONTEXT() REPRESENTATION_CONTEXT('2D SPACE',''
  ) );
#6481 = ORIENTED_EDGE('',*,*,#6408,.T.);
#6482 = ORIENTED_EDGE('',*,*,#5447,.T.);
#6483 = ORIENTED_EDGE('',*,*,#6484,.F.);
#6484 = EDGE_CURVE('',#6433,#5448,#6485,.T.);
#6485 = SURFACE_CURVE('',#6486,(#6490,#6497),.PCURVE_S1.);
#6486 = LINE('',#6487,#6488);
#6487 = CARTESIAN_POINT('',(18.859375,0.873046875,9.05));
#6488 = VECTOR('',#6489,1.);
#6489 = DIRECTION('',(-0.,-0.,-1.));
#6490 = PCURVE('',#5463,#6491);
#6491 = DEFINITIONAL_REPRESENTATION('',(#6492),#6496);
#6492 = LINE('',#6493,#6494);
#6493 = CARTESIAN_POINT('',(1.,0.));
#6494 = VECTOR('',#6495,1.);
#6495 = DIRECTION('',(0.,-1.));
#6496 = ( GEOMETRIC_REPRESENTATION_CONTEXT(2) 
PARAMETRIC_REPRESENTATION_CONTEXT() REPRESENTATION_CONTEXT('2D SPACE',''
  ) );
#6497 = PCURVE('',#5493,#6498);
#6498 = DEFINITIONAL_REPRESENTATION('',(#6499),#6503);
#6499 = LINE('',#6500,#6501);
#6500 = CARTESIAN_POINT('',(0.,0.));
#6501 = VECTOR('',#6502,1.);
#6502 = DIRECTION('',(0.,-1.));
#6503 = ( GEOMETRIC_REPRESENTATION_CONTEXT(2) 
PARAMETRIC_REPRESENTATION_CONTEXT() REPRESENTATION_CONTEXT('2D SPACE',''
  ) );
#6504 = ADVANCED_FACE('',(#6505),#5493,.T.);
#6505 = FACE_BOUND('',#6506,.T.);
#6506 = EDGE_LOOP('',(#6507,#6557,#6558,#6559));
#6507 = ORIENTED_EDGE('',*,*,#6508,.T.);
#6508 = EDGE_CURVE('',#6509,#6433,#6511,.T.);
#6509 = VERTEX_POINT('',#6510);
#6510 = CARTESIAN_POINT('',(19.142578125,1.53515625,9.));
#6511 = SURFACE_CURVE('',#6512,(#6525,#6541),.PCURVE_S1.);
#6512 = B_SPLINE_CURVE_WITH_KNOTS('',6,(#6513,#6514,#6515,#6516,#6517,
    #6518,#6519,#6520,#6521,#6522,#6523,#6524),.UNSPECIFIED.,.F.,.F.,(7,
    5,7),(0.,0.773377871006,1.),.UNSPECIFIED.);
#6513 = CARTESIAN_POINT('',(19.142578125,1.53515625,9.));
#6514 = CARTESIAN_POINT('',(19.142578125,1.428075275255,9.));
#6515 = CARTESIAN_POINT('',(19.132752762718,1.325304190583,9.));
#6516 = CARTESIAN_POINT('',(19.111857681357,1.228244173208,9.));
#6517 = CARTESIAN_POINT('',(19.078819307047,1.13844704236,9.));
#6518 = CARTESIAN_POINT('',(19.033121082982,1.057372902186,9.));
#6519 = CARTESIAN_POINT('',(18.958664649535,0.965008412764,9.));
#6520 = CARTESIAN_POINT('',(18.940768088155,0.944901493162,9.));
#6521 = CARTESIAN_POINT('',(18.921865440974,0.925640054524,9.));
#6522 = CARTESIAN_POINT('',(18.901979309053,0.907238834665,9.));
#6523 = CARTESIAN_POINT('',(18.881137894408,0.889706745891,9.));
#6524 = CARTESIAN_POINT('',(18.859375,0.873046875,9.));
#6525 = PCURVE('',#5493,#6526);
#6526 = DEFINITIONAL_REPRESENTATION('',(#6527),#6540);
#6527 = B_SPLINE_CURVE_WITH_KNOTS('',6,(#6528,#6529,#6530,#6531,#6532,
    #6533,#6534,#6535,#6536,#6537,#6538,#6539),.UNSPECIFIED.,.F.,.F.,(7,
    5,7),(0.,0.773377871006,1.),.UNSPECIFIED.);
#6528 = CARTESIAN_POINT('',(1.,-5.E-02));
#6529 = CARTESIAN_POINT('',(0.879768730111,-5.E-02));
#6530 = CARTESIAN_POINT('',(0.755474963804,-5.E-02));
#6531 = CARTESIAN_POINT('',(0.627564578993,-5.E-02));
#6532 = CARTESIAN_POINT('',(0.49680732296,-5.E-02));
#6533 = CARTESIAN_POINT('',(0.364374616051,-5.E-02));
#6534 = CARTESIAN_POINT('',(0.19321040123,-5.E-02));
#6535 = CARTESIAN_POINT('',(0.154420121071,-5.E-02));
#6536 = CARTESIAN_POINT('',(0.11566765009,-5.E-02));
#6537 = CARTESIAN_POINT('',(7.699001232675E-02,-5.E-02));
#6538 = CARTESIAN_POINT('',(3.842276529931E-02,-5.E-02));
#6539 = CARTESIAN_POINT('',(0.,-5.E-02));
#6540 = ( GEOMETRIC_REPRESENTATION_CONTEXT(2) 
PARAMETRIC_REPRESENTATION_CONTEXT() REPRESENTATION_CONTEXT('2D SPACE',''
  ) );
#6541 = PCURVE('',#6281,#6542);
#6542 = DEFINITIONAL_REPRESENTATION('',(#6543),#6556);
#6543 = B_SPLINE_CURVE_WITH_KNOTS('',6,(#6544,#6545,#6546,#6547,#6548,
    #6549,#6550,#6551,#6552,#6553,#6554,#6555),.UNSPECIFIED.,.F.,.F.,(7,
    5,7),(0.,0.773377871006,1.),.UNSPECIFIED.);
#6544 = CARTESIAN_POINT('',(18.142578125,1.53515625));
#6545 = CARTESIAN_POINT('',(18.142578125,1.428075275256));
#6546 = CARTESIAN_POINT('',(18.132752762718,1.325304190583));
#6547 = CARTESIAN_POINT('',(18.111857681357,1.228244173208));
#6548 = CARTESIAN_POINT('',(18.078819307047,1.13844704236));
#6549 = CARTESIAN_POINT('',(18.033121082982,1.057372902187));
#6550 = CARTESIAN_POINT('',(17.958664649535,0.965008412764));
#6551 = CARTESIAN_POINT('',(17.940768088155,0.944901493162));
#6552 = CARTESIAN_POINT('',(17.921865440974,0.925640054524));
#6553 = CARTESIAN_POINT('',(17.901979309053,0.907238834665));
#6554 = CARTESIAN_POINT('',(17.881137894408,0.889706745892));
#6555 = CARTESIAN_POINT('',(17.859375,0.873046875));
#6556 = ( GEOMETRIC_REPRESENTATION_CONTEXT(2) 
PARAMETRIC_REPRESENTATION_CONTEXT() REPRESENTATION_CONTEXT('2D SPACE',''
  ) );
#6557 = ORIENTED_EDGE('',*,*,#6484,.T.);
#6558 = ORIENTED_EDGE('',*,*,#5477,.T.);
#6559 = ORIENTED_EDGE('',*,*,#6560,.F.);
#6560 = EDGE_CURVE('',#6509,#5478,#6561,.T.);
#6561 = SURFACE_CURVE('',#6562,(#6566,#6573),.PCURVE_S1.);
#6562 = LINE('',#6563,#6564);
#6563 = CARTESIAN_POINT('',(19.142578125,1.53515625,9.05));
#6564 = VECTOR('',#6565,1.);
#6565 = DIRECTION('',(-0.,-0.,-1.));
#6566 = PCURVE('',#5493,#6567);
#6567 = DEFINITIONAL_REPRESENTATION('',(#6568),#6572);
#6568 = LINE('',#6569,#6570);
#6569 = CARTESIAN_POINT('',(1.,0.));
#6570 = VECTOR('',#6571,1.);
#6571 = DIRECTION('',(0.,-1.));
#6572 = ( GEOMETRIC_REPRESENTATION_CONTEXT(2) 
PARAMETRIC_REPRESENTATION_CONTEXT() REPRESENTATION_CONTEXT('2D SPACE',''
  ) );
#6573 = PCURVE('',#5523,#6574);
#6574 = DEFINITIONAL_REPRESENTATION('',(#6575),#6579);
#6575 = LINE('',#6576,#6577);
#6576 = CARTESIAN_POINT('',(0.,0.));
#6577 = VECTOR('',#6578,1.);
#6578 = DIRECTION('',(0.,-1.));
#6579 = ( GEOMETRIC_REPRESENTATION_CONTEXT(2) 
PARAMETRIC_REPRESENTATION_CONTEXT() REPRESENTATION_CONTEXT('2D SPACE',''
  ) );
#6580 = ADVANCED_FACE('',(#6581),#5523,.T.);
#6581 = FACE_BOUND('',#6582,.T.);
#6582 = EDGE_LOOP('',(#6583,#6633,#6634,#6635));
#6583 = ORIENTED_EDGE('',*,*,#6584,.T.);
#6584 = EDGE_CURVE('',#6585,#6509,#6587,.T.);
#6585 = VERTEX_POINT('',#6586);
#6586 = CARTESIAN_POINT('',(18.859375,2.1953125,9.));
#6587 = SURFACE_CURVE('',#6588,(#6601,#6617),.PCURVE_S1.);
#6588 = B_SPLINE_CURVE_WITH_KNOTS('',6,(#6589,#6590,#6591,#6592,#6593,
    #6594,#6595,#6596,#6597,#6598,#6599,#6600),.UNSPECIFIED.,.F.,.F.,(7,
    5,7),(0.,0.236803319155,1.),.UNSPECIFIED.);
#6589 = CARTESIAN_POINT('',(18.859375,2.1953125,9.));
#6590 = CARTESIAN_POINT('',(18.882065568865,2.177785991635,9.));
#6591 = CARTESIAN_POINT('',(18.903756679433,2.159331559619,9.));
#6592 = CARTESIAN_POINT('',(18.924410152639,2.139952403563,9.));
#6593 = CARTESIAN_POINT('',(18.943994265901,2.119658341218,9.));
#6594 = CARTESIAN_POINT('',(18.962483753122,2.098465808478,9.));
#6595 = CARTESIAN_POINT('',(19.035861320749,2.005274762077,9.));
#6596 = CARTESIAN_POINT('',(19.08032648335,1.925024881352,9.));
#6597 = CARTESIAN_POINT('',(19.112536690802,1.836514079548,9.));
#6598 = CARTESIAN_POINT('',(19.132955155786,1.741091085638,9.));
#6599 = CARTESIAN_POINT('',(19.142578125,1.640198970344,9.));
#6600 = CARTESIAN_POINT('',(19.142578125,1.53515625,9.));
#6601 = PCURVE('',#5523,#6602);
#6602 = DEFINITIONAL_REPRESENTATION('',(#6603),#6616);
#6603 = B_SPLINE_CURVE_WITH_KNOTS('',6,(#6604,#6605,#6606,#6607,#6608,
    #6609,#6610,#6611,#6612,#6613,#6614,#6615),.UNSPECIFIED.,.F.,.F.,(7,
    5,7),(0.,0.236803319155,1.),.UNSPECIFIED.);
#6604 = CARTESIAN_POINT('',(1.,-5.E-02));
#6605 = CARTESIAN_POINT('',(0.959939409452,-5.E-02));
#6606 = CARTESIAN_POINT('',(0.919717807766,-5.E-02));
#6607 = CARTESIAN_POINT('',(0.879372820434,-5.E-02));
#6608 = CARTESIAN_POINT('',(0.838943819651,-5.E-02));
#6609 = CARTESIAN_POINT('',(0.798471924309,-5.E-02));
#6610 = CARTESIAN_POINT('',(0.627562477375,-5.E-02));
#6611 = CARTESIAN_POINT('',(0.497060589127,-5.E-02));
#6612 = CARTESIAN_POINT('',(0.368115100655,-5.E-02));
#6613 = CARTESIAN_POINT('',(0.241841252135,-5.E-02));
#6614 = CARTESIAN_POINT('',(0.118986444283,-5.E-02));
#6615 = CARTESIAN_POINT('',(0.,-5.E-02));
#6616 = ( GEOMETRIC_REPRESENTATION_CONTEXT(2) 
PARAMETRIC_REPRESENTATION_CONTEXT() REPRESENTATION_CONTEXT('2D SPACE',''
  ) );
#6617 = PCURVE('',#6281,#6618);
#6618 = DEFINITIONAL_REPRESENTATION('',(#6619),#6632);
#6619 = B_SPLINE_CURVE_WITH_KNOTS('',6,(#6620,#6621,#6622,#6623,#6624,
    #6625,#6626,#6627,#6628,#6629,#6630,#6631),.UNSPECIFIED.,.F.,.F.,(7,
    5,7),(0.,0.236803319155,1.),.UNSPECIFIED.);
#6620 = CARTESIAN_POINT('',(17.859375,2.1953125));
#6621 = CARTESIAN_POINT('',(17.882065568865,2.177785991635));
#6622 = CARTESIAN_POINT('',(17.903756679433,2.159331559619));
#6623 = CARTESIAN_POINT('',(17.924410152639,2.139952403563));
#6624 = CARTESIAN_POINT('',(17.943994265901,2.119658341218));
#6625 = CARTESIAN_POINT('',(17.962483753122,2.098465808478));
#6626 = CARTESIAN_POINT('',(18.035861320749,2.005274762077));
#6627 = CARTESIAN_POINT('',(18.08032648335,1.925024881352));
#6628 = CARTESIAN_POINT('',(18.112536690802,1.836514079548));
#6629 = CARTESIAN_POINT('',(18.132955155786,1.741091085638));
#6630 = CARTESIAN_POINT('',(18.142578125,1.640198970344));
#6631 = CARTESIAN_POINT('',(18.142578125,1.53515625));
#6632 = ( GEOMETRIC_REPRESENTATION_CONTEXT(2) 
PARAMETRIC_REPRESENTATION_CONTEXT() REPRESENTATION_CONTEXT('2D SPACE',''
  ) );
#6633 = ORIENTED_EDGE('',*,*,#6560,.T.);
#6634 = ORIENTED_EDGE('',*,*,#5507,.T.);
#6635 = ORIENTED_EDGE('',*,*,#6636,.F.);
#6636 = EDGE_CURVE('',#6585,#5508,#6637,.T.);
#6637 = SURFACE_CURVE('',#6638,(#6642,#6649),.PCURVE_S1.);
#6638 = LINE('',#6639,#6640);
#6639 = CARTESIAN_POINT('',(18.859375,2.1953125,9.05));
#6640 = VECTOR('',#6641,1.);
#6641 = DIRECTION('',(-0.,-0.,-1.));
#6642 = PCURVE('',#5523,#6643);
#6643 = DEFINITIONAL_REPRESENTATION('',(#6644),#6648);
#6644 = LINE('',#6645,#6646);
#6645 = CARTESIAN_POINT('',(1.,0.));
#6646 = VECTOR('',#6647,1.);
#6647 = DIRECTION('',(0.,-1.));
#6648 = ( GEOMETRIC_REPRESENTATION_CONTEXT(2) 
PARAMETRIC_REPRESENTATION_CONTEXT() REPRESENTATION_CONTEXT('2D SPACE',''
  ) );
#6649 = PCURVE('',#5551,#6650);
#6650 = DEFINITIONAL_REPRESENTATION('',(#6651),#6655);
#6651 = LINE('',#6652,#6653);
#6652 = CARTESIAN_POINT('',(0.,0.));
#6653 = VECTOR('',#6654,1.);
#6654 = DIRECTION('',(0.,-1.));
#6655 = ( GEOMETRIC_REPRESENTATION_CONTEXT(2) 
PARAMETRIC_REPRESENTATION_CONTEXT() REPRESENTATION_CONTEXT('2D SPACE',''
  ) );
#6656 = ADVANCED_FACE('',(#6657),#5551,.T.);
#6657 = FACE_BOUND('',#6658,.T.);
#6658 = EDGE_LOOP('',(#6659,#6707,#6708,#6709));
#6659 = ORIENTED_EDGE('',*,*,#6660,.T.);
#6660 = EDGE_CURVE('',#6265,#6585,#6661,.T.);
#6661 = SURFACE_CURVE('',#6662,(#6675,#6691),.PCURVE_S1.);
#6662 = B_SPLINE_CURVE_WITH_KNOTS('',6,(#6663,#6664,#6665,#6666,#6667,
    #6668,#6669,#6670,#6671,#6672,#6673,#6674),.UNSPECIFIED.,.F.,.F.,(7,
    5,7),(0.,0.528094440104,1.),.UNSPECIFIED.);
#6663 = CARTESIAN_POINT('',(17.998046875,2.4140625,9.));
#6664 = CARTESIAN_POINT('',(18.088025289316,2.4140625,9.));
#6665 = CARTESIAN_POINT('',(18.176161573344,2.410883241157,9.));
#6666 = CARTESIAN_POINT('',(18.262145223704,2.404200531837,9.));
#6667 = CARTESIAN_POINT('',(18.345550869566,2.393647161306,9.));
#6668 = CARTESIAN_POINT('',(18.425847958986,2.378827304067,9.));
#6669 = CARTESIAN_POINT('',(18.57088536413,2.341992407522,9.));
#6670 = CARTESIAN_POINT('',(18.636371284696,2.320910922481,9.));
#6671 = CARTESIAN_POINT('',(18.698450599827,2.295875839547,9.));
#6672 = CARTESIAN_POINT('',(18.756628531351,2.266665171201,9.));
#6673 = CARTESIAN_POINT('',(18.810407777569,2.233135458016,9.));
#6674 = CARTESIAN_POINT('',(18.859375,2.1953125,9.));
#6675 = PCURVE('',#5551,#6676);
#6676 = DEFINITIONAL_REPRESENTATION('',(#6677),#6690);
#6677 = B_SPLINE_CURVE_WITH_KNOTS('',6,(#6678,#6679,#6680,#6681,#6682,
    #6683,#6684,#6685,#6686,#6687,#6688,#6689),.UNSPECIFIED.,.F.,.F.,(7,
    5,7),(0.,0.528094440104,1.),.UNSPECIFIED.);
#6678 = CARTESIAN_POINT('',(1.,-5.E-02));
#6679 = CARTESIAN_POINT('',(0.922180830862,-5.E-02));
#6680 = CARTESIAN_POINT('',(0.842247766025,-5.E-02));
#6681 = CARTESIAN_POINT('',(0.760091333997,-5.E-02));
#6682 = CARTESIAN_POINT('',(0.67565124684,-5.E-02));
#6683 = CARTESIAN_POINT('',(0.588924818592,-5.E-02));
#6684 = CARTESIAN_POINT('',(0.420536720103,-5.E-02));
#6685 = CARTESIAN_POINT('',(0.339318748329,-5.E-02));
#6686 = CARTESIAN_POINT('',(0.256437043173,-5.E-02));
#6687 = CARTESIAN_POINT('',(0.172060678302,-5.E-02));
#6688 = CARTESIAN_POINT('',(8.645247546407E-02,-5.E-02));
#6689 = CARTESIAN_POINT('',(0.,-5.E-02));
#6690 = ( GEOMETRIC_REPRESENTATION_CONTEXT(2) 
PARAMETRIC_REPRESENTATION_CONTEXT() REPRESENTATION_CONTEXT('2D SPACE',''
  ) );
#6691 = PCURVE('',#6281,#6692);
#6692 = DEFINITIONAL_REPRESENTATION('',(#6693),#6706);
#6693 = B_SPLINE_CURVE_WITH_KNOTS('',6,(#6694,#6695,#6696,#6697,#6698,
    #6699,#6700,#6701,#6702,#6703,#6704,#6705),.UNSPECIFIED.,.F.,.F.,(7,
    5,7),(0.,0.528094440104,1.),.UNSPECIFIED.);
#6694 = CARTESIAN_POINT('',(16.998046875,2.4140625));
#6695 = CARTESIAN_POINT('',(17.088025289316,2.4140625));
#6696 = CARTESIAN_POINT('',(17.176161573344,2.410883241157));
#6697 = CARTESIAN_POINT('',(17.262145223704,2.404200531837));
#6698 = CARTESIAN_POINT('',(17.345550869566,2.393647161306));
#6699 = CARTESIAN_POINT('',(17.425847958986,2.378827304067));
#6700 = CARTESIAN_POINT('',(17.57088536413,2.341992407523));
#6701 = CARTESIAN_POINT('',(17.636371284696,2.320910922481));
#6702 = CARTESIAN_POINT('',(17.698450599827,2.295875839547));
#6703 = CARTESIAN_POINT('',(17.756628531351,2.266665171201));
#6704 = CARTESIAN_POINT('',(17.810407777569,2.233135458016));
#6705 = CARTESIAN_POINT('',(17.859375,2.1953125));
#6706 = ( GEOMETRIC_REPRESENTATION_CONTEXT(2) 
PARAMETRIC_REPRESENTATION_CONTEXT() REPRESENTATION_CONTEXT('2D SPACE',''
  ) );
#6707 = ORIENTED_EDGE('',*,*,#6636,.T.);
#6708 = ORIENTED_EDGE('',*,*,#5537,.T.);
#6709 = ORIENTED_EDGE('',*,*,#6292,.F.);
#6710 = ADVANCED_FACE('',(#6711),#5588,.F.);
#6711 = FACE_BOUND('',#6712,.F.);
#6712 = EDGE_LOOP('',(#6713,#6736,#6767,#6768));
#6713 = ORIENTED_EDGE('',*,*,#6714,.T.);
#6714 = EDGE_CURVE('',#5572,#6715,#6717,.T.);
#6715 = VERTEX_POINT('',#6716);
#6716 = CARTESIAN_POINT('',(23.65,-5.7,8.));
#6717 = SEAM_CURVE('',#6718,(#6722,#6729),.PCURVE_S1.);
#6718 = LINE('',#6719,#6720);
#6719 = CARTESIAN_POINT('',(23.65,-5.7,4.));
#6720 = VECTOR('',#6721,1.);
#6721 = DIRECTION('',(0.,0.,1.));
#6722 = PCURVE('',#5588,#6723);
#6723 = DEFINITIONAL_REPRESENTATION('',(#6724),#6728);
#6724 = LINE('',#6725,#6726);
#6725 = CARTESIAN_POINT('',(9.42477796077,0.));
#6726 = VECTOR('',#6727,1.);
#6727 = DIRECTION('',(0.,1.));
#6728 = ( GEOMETRIC_REPRESENTATION_CONTEXT(2) 
PARAMETRIC_REPRESENTATION_CONTEXT() REPRESENTATION_CONTEXT('2D SPACE',''
  ) );
#6729 = PCURVE('',#5588,#6730);
#6730 = DEFINITIONAL_REPRESENTATION('',(#6731),#6735);
#6731 = LINE('',#6732,#6733);
#6732 = CARTESIAN_POINT('',(3.141592653589,0.));
#6733 = VECTOR('',#6734,1.);
#6734 = DIRECTION('',(0.,1.));
#6735 = ( GEOMETRIC_REPRESENTATION_CONTEXT(2) 
PARAMETRIC_REPRESENTATION_CONTEXT() REPRESENTATION_CONTEXT('2D SPACE',''
  ) );
#6736 = ORIENTED_EDGE('',*,*,#6737,.F.);
#6737 = EDGE_CURVE('',#6715,#6715,#6738,.T.);
#6738 = SURFACE_CURVE('',#6739,(#6744,#6751),.PCURVE_S1.);
#6739 = CIRCLE('',#6740,0.85);
#6740 = AXIS2_PLACEMENT_3D('',#6741,#6742,#6743);
#6741 = CARTESIAN_POINT('',(24.5,-5.7,8.));
#6742 = DIRECTION('',(-3.545500703517E-29,3.575598433705E-15,1.));
#6743 = DIRECTION('',(1.,1.267728676219E-43,3.545500703517E-29));
#6744 = PCURVE('',#5588,#6745);
#6745 = DEFINITIONAL_REPRESENTATION('',(#6746),#6750);
#6746 = LINE('',#6747,#6748);
#6747 = CARTESIAN_POINT('',(0.,4.));
#6748 = VECTOR('',#6749,1.);
#6749 = DIRECTION('',(1.,0.));
#6750 = ( GEOMETRIC_REPRESENTATION_CONTEXT(2) 
PARAMETRIC_REPRESENTATION_CONTEXT() REPRESENTATION_CONTEXT('2D SPACE',''
  ) );
#6751 = PCURVE('',#6752,#6757);
#6752 = PLANE('',#6753);
#6753 = AXIS2_PLACEMENT_3D('',#6754,#6755,#6756);
#6754 = CARTESIAN_POINT('',(1.,-4.884981308351E-14,8.));
#6755 = DIRECTION('',(3.545500703517E-29,-3.575598433705E-15,-1.));
#6756 = DIRECTION('',(-1.,0.,-3.545500703517E-29));
#6757 = DEFINITIONAL_REPRESENTATION('',(#6758),#6766);
#6758 = ( BOUNDED_CURVE() B_SPLINE_CURVE(2,(#6759,#6760,#6761,#6762,
#6763,#6764,#6765),.UNSPECIFIED.,.T.,.F.) B_SPLINE_CURVE_WITH_KNOTS((1,2
    ,2,2,2,1),(-2.094395102393,0.,2.094395102393,4.188790204786,
6.28318530718,8.377580409573),.UNSPECIFIED.) CURVE() 
GEOMETRIC_REPRESENTATION_ITEM() RATIONAL_B_SPLINE_CURVE((1.,0.5,1.,0.5,
1.,0.5,1.)) REPRESENTATION_ITEM('') );
#6759 = CARTESIAN_POINT('',(-24.35,-5.7));
#6760 = CARTESIAN_POINT('',(-24.35,-4.227756813566));
#6761 = CARTESIAN_POINT('',(-23.075,-4.963878406783));
#6762 = CARTESIAN_POINT('',(-21.8,-5.7));
#6763 = CARTESIAN_POINT('',(-23.075,-6.436121593217));
#6764 = CARTESIAN_POINT('',(-24.35,-7.172243186433));
#6765 = CARTESIAN_POINT('',(-24.35,-5.7));
#6766 = ( GEOMETRIC_REPRESENTATION_CONTEXT(2) 
PARAMETRIC_REPRESENTATION_CONTEXT() REPRESENTATION_CONTEXT('2D SPACE',''
  ) );
#6767 = ORIENTED_EDGE('',*,*,#6714,.F.);
#6768 = ORIENTED_EDGE('',*,*,#5571,.T.);
#6769 = ADVANCED_FACE('',(#6770),#5623,.F.);
#6770 = FACE_BOUND('',#6771,.F.);
#6771 = EDGE_LOOP('',(#6772,#6795,#6826,#6827));
#6772 = ORIENTED_EDGE('',*,*,#6773,.T.);
#6773 = EDGE_CURVE('',#5607,#6774,#6776,.T.);
#6774 = VERTEX_POINT('',#6775);
#6775 = CARTESIAN_POINT('',(23.65,5.7,8.));
#6776 = SEAM_CURVE('',#6777,(#6781,#6788),.PCURVE_S1.);
#6777 = LINE('',#6778,#6779);
#6778 = CARTESIAN_POINT('',(23.65,5.7,4.));
#6779 = VECTOR('',#6780,1.);
#6780 = DIRECTION('',(0.,0.,1.));
#6781 = PCURVE('',#5623,#6782);
#6782 = DEFINITIONAL_REPRESENTATION('',(#6783),#6787);
#6783 = LINE('',#6784,#6785);
#6784 = CARTESIAN_POINT('',(9.42477796077,0.));
#6785 = VECTOR('',#6786,1.);
#6786 = DIRECTION('',(0.,1.));
#6787 = ( GEOMETRIC_REPRESENTATION_CONTEXT(2) 
PARAMETRIC_REPRESENTATION_CONTEXT() REPRESENTATION_CONTEXT('2D SPACE',''
  ) );
#6788 = PCURVE('',#5623,#6789);
#6789 = DEFINITIONAL_REPRESENTATION('',(#6790),#6794);
#6790 = LINE('',#6791,#6792);
#6791 = CARTESIAN_POINT('',(3.141592653589,0.));
#6792 = VECTOR('',#6793,1.);
#6793 = DIRECTION('',(0.,1.));
#6794 = ( GEOMETRIC_REPRESENTATION_CONTEXT(2) 
PARAMETRIC_REPRESENTATION_CONTEXT() REPRESENTATION_CONTEXT('2D SPACE',''
  ) );
#6795 = ORIENTED_EDGE('',*,*,#6796,.F.);
#6796 = EDGE_CURVE('',#6774,#6774,#6797,.T.);
#6797 = SURFACE_CURVE('',#6798,(#6803,#6810),.PCURVE_S1.);
#6798 = CIRCLE('',#6799,0.85);
#6799 = AXIS2_PLACEMENT_3D('',#6800,#6801,#6802);
#6800 = CARTESIAN_POINT('',(24.5,5.7,8.));
#6801 = DIRECTION('',(-3.545500703517E-29,3.575598433705E-15,1.));
#6802 = DIRECTION('',(1.,1.267728676219E-43,3.545500703517E-29));
#6803 = PCURVE('',#5623,#6804);
#6804 = DEFINITIONAL_REPRESENTATION('',(#6805),#6809);
#6805 = LINE('',#6806,#6807);
#6806 = CARTESIAN_POINT('',(0.,4.));
#6807 = VECTOR('',#6808,1.);
#6808 = DIRECTION('',(1.,0.));
#6809 = ( GEOMETRIC_REPRESENTATION_CONTEXT(2) 
PARAMETRIC_REPRESENTATION_CONTEXT() REPRESENTATION_CONTEXT('2D SPACE',''
  ) );
#6810 = PCURVE('',#6811,#6816);
#6811 = PLANE('',#6812);
#6812 = AXIS2_PLACEMENT_3D('',#6813,#6814,#6815);
#6813 = CARTESIAN_POINT('',(1.,-4.884981308351E-14,8.));
#6814 = DIRECTION('',(3.545500703517E-29,-3.575598433705E-15,-1.));
#6815 = DIRECTION('',(-1.,0.,-3.545500703517E-29));
#6816 = DEFINITIONAL_REPRESENTATION('',(#6817),#6825);
#6817 = ( BOUNDED_CURVE() B_SPLINE_CURVE(2,(#6818,#6819,#6820,#6821,
#6822,#6823,#6824),.UNSPECIFIED.,.T.,.F.) B_SPLINE_CURVE_WITH_KNOTS((1,2
    ,2,2,2,1),(-2.094395102393,0.,2.094395102393,4.188790204786,
6.28318530718,8.377580409573),.UNSPECIFIED.) CURVE() 
GEOMETRIC_REPRESENTATION_ITEM() RATIONAL_B_SPLINE_CURVE((1.,0.5,1.,0.5,
1.,0.5,1.)) REPRESENTATION_ITEM('') );
#6818 = CARTESIAN_POINT('',(-24.35,5.7));
#6819 = CARTESIAN_POINT('',(-24.35,7.172243186434));
#6820 = CARTESIAN_POINT('',(-23.075,6.436121593217));
#6821 = CARTESIAN_POINT('',(-21.8,5.7));
#6822 = CARTESIAN_POINT('',(-23.075,4.963878406783));
#6823 = CARTESIAN_POINT('',(-24.35,4.227756813567));
#6824 = CARTESIAN_POINT('',(-24.35,5.7));
#6825 = ( GEOMETRIC_REPRESENTATION_CONTEXT(2) 
PARAMETRIC_REPRESENTATION_CONTEXT() REPRESENTATION_CONTEXT('2D SPACE',''
  ) );
#6826 = ORIENTED_EDGE('',*,*,#6773,.F.);
#6827 = ORIENTED_EDGE('',*,*,#5606,.T.);
#6828 = ADVANCED_FACE('',(#6829),#5655,.T.);
#6829 = FACE_BOUND('',#6830,.T.);
#6830 = EDGE_LOOP('',(#6831,#6832,#6833));
#6831 = ORIENTED_EDGE('',*,*,#5759,.T.);
#6832 = ORIENTED_EDGE('',*,*,#5638,.T.);
#6833 = ORIENTED_EDGE('',*,*,#5712,.T.);
#6834 = ADVANCED_FACE('',(#6835),#5801,.T.);
#6835 = FACE_BOUND('',#6836,.T.);
#6836 = EDGE_LOOP('',(#6837,#6838,#6839,#6840,#6841,#6842,#6843));
#6837 = ORIENTED_EDGE('',*,*,#6210,.F.);
#6838 = ORIENTED_EDGE('',*,*,#5784,.T.);
#6839 = ORIENTED_EDGE('',*,*,#5858,.T.);
#6840 = ORIENTED_EDGE('',*,*,#5905,.T.);
#6841 = ORIENTED_EDGE('',*,*,#5952,.F.);
#6842 = ORIENTED_EDGE('',*,*,#6028,.F.);
#6843 = ORIENTED_EDGE('',*,*,#6119,.F.);
#6844 = ADVANCED_FACE('',(#6845),#6281,.T.);
#6845 = FACE_BOUND('',#6846,.T.);
#6846 = EDGE_LOOP('',(#6847,#6848,#6849,#6850,#6851,#6852,#6853));
#6847 = ORIENTED_EDGE('',*,*,#6660,.F.);
#6848 = ORIENTED_EDGE('',*,*,#6264,.T.);
#6849 = ORIENTED_EDGE('',*,*,#6338,.T.);
#6850 = ORIENTED_EDGE('',*,*,#6385,.T.);
#6851 = ORIENTED_EDGE('',*,*,#6432,.F.);
#6852 = ORIENTED_EDGE('',*,*,#6508,.F.);
#6853 = ORIENTED_EDGE('',*,*,#6584,.F.);
#6854 = ADVANCED_FACE('',(#6855),#6752,.T.);
#6855 = FACE_BOUND('',#6856,.T.);
#6856 = EDGE_LOOP('',(#6857));
#6857 = ORIENTED_EDGE('',*,*,#6737,.F.);
#6858 = ADVANCED_FACE('',(#6859),#6811,.T.);
#6859 = FACE_BOUND('',#6860,.T.);
#6860 = EDGE_LOOP('',(#6861));
#6861 = ORIENTED_EDGE('',*,*,#6796,.F.);
#6862 = ( GEOMETRIC_REPRESENTATION_CONTEXT(3) 
GLOBAL_UNCERTAINTY_ASSIGNED_CONTEXT((#6866)) 
GLOBAL_UNIT_ASSIGNED_CONTEXT((#6863,#6864,#6865)) REPRESENTATION_CONTEXT
('Context #1','3D Context with UNIT and UNCERTAINTY') );
#6863 = ( LENGTH_UNIT() NAMED_UNIT(*) SI_UNIT(.MILLI.,.METRE.) );
#6864 = ( NAMED_UNIT(*) PLANE_ANGLE_UNIT() SI_UNIT($,.RADIAN.) );
#6865 = ( NAMED_UNIT(*) SI_UNIT($,.STERADIAN.) SOLID_ANGLE_UNIT() );
#6866 = UNCERTAINTY_MEASURE_WITH_UNIT(LENGTH_MEASURE(5.E-07),#6863,
  'distance_accuracy_value','confusion accuracy');
#6867 = PRODUCT_RELATED_PRODUCT_CATEGORY('part',$,(#7));
ENDSEC;
END-ISO-10303-21;
