ISO-10303-21;
HEADER;
FILE_DESCRIPTION(('Open CASCADE Model'),'2;1');
FILE_NAME('Open CASCADE Shape Model','2026-06-30T23:59:19',('Author'),(
    'Open CASCADE'),'Open CASCADE STEP processor 7.9','Open CASCADE 7.9'
  ,'Unknown');
FILE_SCHEMA(('AUTOMOTIVE_DESIGN { 1 0 10303 214 1 1 1 1 }'));
ENDSEC;
DATA;
#1 = APPLICATION_PROTOCOL_DEFINITION('international standard',
  'automotive_design',2000,#2);
#2 = APPLICATION_CONTEXT(
  'core data for automotive mechanical design processes');
#3 = SHAPE_DEFINITION_REPRESENTATION(#4,#10);
#4 = PRODUCT_DEFINITION_SHAPE('','',#5);
#5 = PRODUCT_DEFINITION('design','',#6,#9);
#6 = PRODUCT_DEFINITION_FORMATION('','',#7);
#7 = PRODUCT('Open CASCADE STEP translator 7.9 1',
  'Open CASCADE STEP translator 7.9 1','',(#8));
#8 = PRODUCT_CONTEXT('',#2,'mechanical');
#9 = PRODUCT_DEFINITION_CONTEXT('part definition',#2,'design');
#10 = ADVANCED_BREP_SHAPE_REPRESENTATION('',(#11,#15),#5029);
#11 = AXIS2_PLACEMENT_3D('',#12,#13,#14);
#12 = CARTESIAN_POINT('',(0.,0.,0.));
#13 = DIRECTION('',(0.,0.,1.));
#14 = DIRECTION('',(1.,0.,-0.));
#15 = MANIFOLD_SOLID_BREP('',#16);
#16 = CLOSED_SHELL('',(#17,#114,#220,#523,#599,#843,#919,#1153,#1234,
    #1315,#1391,#1444,#1525,#1636,#1686,#1767,#1843,#1912,#1958,#1964,
    #1991,#2017,#2024,#2051,#2078,#2105,#2132,#2159,#2369,#2428,#2432,
    #2564,#2641,#2823,#2952,#3001,#3214,#3396,#3427,#3459,#3470,#3529,
    #3533,#3665,#3746,#4104,#4228,#4391,#4444,#4469,#4500,#4528,#4539,
    #4566,#4649,#4702,#4753,#4802,#4852,#4901,#4951,#4978,#5012));
#17 = ADVANCED_FACE('',(#18),#32,.T.);
#18 = FACE_BOUND('',#19,.T.);
#19 = EDGE_LOOP('',(#20,#55,#83));
#20 = ORIENTED_EDGE('',*,*,#21,.T.);
#21 = EDGE_CURVE('',#22,#24,#26,.T.);
#22 = VERTEX_POINT('',#23);
#23 = CARTESIAN_POINT('',(29.1,-5.4,1.251087470693));
#24 = VERTEX_POINT('',#25);
#25 = CARTESIAN_POINT('',(29.1,-5.4,1.));
#26 = SURFACE_CURVE('',#27,(#31,#43),.PCURVE_S1.);
#27 = LINE('',#28,#29);
#28 = CARTESIAN_POINT('',(29.1,-5.4,6.065));
#29 = VECTOR('',#30,1.);
#30 = DIRECTION('',(0.,0.,-1.));
#31 = PCURVE('',#32,#37);
#32 = PLANE('',#33);
#33 = AXIS2_PLACEMENT_3D('',#34,#35,#36);
#34 = CARTESIAN_POINT('',(28.6,-4.9,6.065));
#35 = DIRECTION('',(0.707106781187,0.707106781187,0.));
#36 = DIRECTION('',(0.,0.,-1.));
#37 = DEFINITIONAL_REPRESENTATION('',(#38),#42);
#38 = LINE('',#39,#40);
#39 = CARTESIAN_POINT('',(0.,-0.707106781187));
#40 = VECTOR('',#41,1.);
#41 = DIRECTION('',(1.,0.));
#42 = ( GEOMETRIC_REPRESENTATION_CONTEXT(2) 
PARAMETRIC_REPRESENTATION_CONTEXT() REPRESENTATION_CONTEXT('2D SPACE',''
  ) );
#43 = PCURVE('',#44,#49);
#44 = PLANE('',#45);
#45 = AXIS2_PLACEMENT_3D('',#46,#47,#48);
#46 = CARTESIAN_POINT('',(29.1,11.5,8.));
#47 = DIRECTION('',(1.,0.,0.));
#48 = DIRECTION('',(0.,-1.,0.));
#49 = DEFINITIONAL_REPRESENTATION('',(#50),#54);
#50 = LINE('',#51,#52);
#51 = CARTESIAN_POINT('',(16.9,1.935));
#52 = VECTOR('',#53,1.);
#53 = DIRECTION('',(0.,1.));
#54 = ( GEOMETRIC_REPRESENTATION_CONTEXT(2) 
PARAMETRIC_REPRESENTATION_CONTEXT() REPRESENTATION_CONTEXT('2D SPACE',''
  ) );
#55 = ORIENTED_EDGE('',*,*,#56,.T.);
#56 = EDGE_CURVE('',#24,#57,#59,.T.);
#57 = VERTEX_POINT('',#58);
#58 = CARTESIAN_POINT('',(28.3,-4.6,1.));
#59 = SURFACE_CURVE('',#60,(#64,#71),.PCURVE_S1.);
#60 = LINE('',#61,#62);
#61 = CARTESIAN_POINT('',(20.425,3.275,1.));
#62 = VECTOR('',#63,1.);
#63 = DIRECTION('',(-0.707106781187,0.707106781187,0.));
#64 = PCURVE('',#32,#65);
#65 = DEFINITIONAL_REPRESENTATION('',(#66),#70);
#66 = LINE('',#67,#68);
#67 = CARTESIAN_POINT('',(5.065,11.5611958724));
#68 = VECTOR('',#69,1.);
#69 = DIRECTION('',(0.,1.));
#70 = ( GEOMETRIC_REPRESENTATION_CONTEXT(2) 
PARAMETRIC_REPRESENTATION_CONTEXT() REPRESENTATION_CONTEXT('2D SPACE',''
  ) );
#71 = PCURVE('',#72,#77);
#72 = PLANE('',#73);
#73 = AXIS2_PLACEMENT_3D('',#74,#75,#76);
#74 = CARTESIAN_POINT('',(0.8,-3.774758283726E-14,1.));
#75 = DIRECTION('',(0.,0.,1.));
#76 = DIRECTION('',(1.,0.,-0.));
#77 = DEFINITIONAL_REPRESENTATION('',(#78),#82);
#78 = LINE('',#79,#80);
#79 = CARTESIAN_POINT('',(19.625,3.275));
#80 = VECTOR('',#81,1.);
#81 = DIRECTION('',(-0.707106781187,0.707106781187));
#82 = ( GEOMETRIC_REPRESENTATION_CONTEXT(2) 
PARAMETRIC_REPRESENTATION_CONTEXT() REPRESENTATION_CONTEXT('2D SPACE',''
  ) );
#83 = ORIENTED_EDGE('',*,*,#84,.F.);
#84 = EDGE_CURVE('',#22,#57,#85,.T.);
#85 = SURFACE_CURVE('',#86,(#91,#98),.PCURVE_S1.);
#86 = ELLIPSE('',#87,1.979898987322,1.4);
#87 = AXIS2_PLACEMENT_3D('',#88,#89,#90);
#88 = CARTESIAN_POINT('',(28.3,-4.6,2.4));
#89 = DIRECTION('',(0.707106781187,0.707106781187,0.));
#90 = DIRECTION('',(0.707106781187,-0.707106781187,0.));
#91 = PCURVE('',#32,#92);
#92 = DEFINITIONAL_REPRESENTATION('',(#93),#97);
#93 = ELLIPSE('',#94,1.979898987322,1.4);
#94 = AXIS2_PLACEMENT_2D('',#95,#96);
#95 = CARTESIAN_POINT('',(3.665,0.424264068712));
#96 = DIRECTION('',(0.,-1.));
#97 = ( GEOMETRIC_REPRESENTATION_CONTEXT(2) 
PARAMETRIC_REPRESENTATION_CONTEXT() REPRESENTATION_CONTEXT('2D SPACE',''
  ) );
#98 = PCURVE('',#99,#104);
#99 = CYLINDRICAL_SURFACE('',#100,1.4);
#100 = AXIS2_PLACEMENT_3D('',#101,#102,#103);
#101 = CARTESIAN_POINT('',(25.,-4.6,2.4));
#102 = DIRECTION('',(1.,0.,0.));
#103 = DIRECTION('',(0.,-1.,0.));
#104 = DEFINITIONAL_REPRESENTATION('',(#105),#113);
#105 = B_SPLINE_CURVE_WITH_KNOTS('',6,(#106,#107,#108,#109,#110,#111,
    #112),.UNSPECIFIED.,.F.,.F.,(7,7),(0.962550747884,1.570796326795),
  .PIECEWISE_BEZIER_KNOTS.);
#106 = CARTESIAN_POINT('',(0.962550749998,4.100000003607));
#107 = CARTESIAN_POINT('',(1.063925012798,3.983529841517));
#108 = CARTESIAN_POINT('',(1.165299275597,3.857193971347));
#109 = CARTESIAN_POINT('',(1.266673538397,3.72314689245));
#110 = CARTESIAN_POINT('',(1.368047801196,3.583847842398));
#111 = CARTESIAN_POINT('',(1.469422063996,3.441923967919));
#112 = CARTESIAN_POINT('',(1.570796326795,3.3));
#113 = ( GEOMETRIC_REPRESENTATION_CONTEXT(2) 
PARAMETRIC_REPRESENTATION_CONTEXT() REPRESENTATION_CONTEXT('2D SPACE',''
  ) );
#114 = ADVANCED_FACE('',(#115),#99,.F.);
#115 = FACE_BOUND('',#116,.F.);
#116 = EDGE_LOOP('',(#117,#147,#176,#197,#198));
#117 = ORIENTED_EDGE('',*,*,#118,.F.);
#118 = EDGE_CURVE('',#119,#121,#123,.T.);
#119 = VERTEX_POINT('',#120);
#120 = CARTESIAN_POINT('',(27.1,-6.,2.4));
#121 = VERTEX_POINT('',#122);
#122 = CARTESIAN_POINT('',(29.1,-6.,2.4));
#123 = SURFACE_CURVE('',#124,(#128,#135),.PCURVE_S1.);
#124 = LINE('',#125,#126);
#125 = CARTESIAN_POINT('',(25.,-6.,2.4));
#126 = VECTOR('',#127,1.);
#127 = DIRECTION('',(1.,0.,0.));
#128 = PCURVE('',#99,#129);
#129 = DEFINITIONAL_REPRESENTATION('',(#130),#134);
#130 = LINE('',#131,#132);
#131 = CARTESIAN_POINT('',(0.,0.));
#132 = VECTOR('',#133,1.);
#133 = DIRECTION('',(0.,1.));
#134 = ( GEOMETRIC_REPRESENTATION_CONTEXT(2) 
PARAMETRIC_REPRESENTATION_CONTEXT() REPRESENTATION_CONTEXT('2D SPACE',''
  ) );
#135 = PCURVE('',#136,#141);
#136 = PLANE('',#137);
#137 = AXIS2_PLACEMENT_3D('',#138,#139,#140);
#138 = CARTESIAN_POINT('',(25.,-6.,1.));
#139 = DIRECTION('',(0.,1.,0.));
#140 = DIRECTION('',(0.,-0.,1.));
#141 = DEFINITIONAL_REPRESENTATION('',(#142),#146);
#142 = LINE('',#143,#144);
#143 = CARTESIAN_POINT('',(1.4,0.));
#144 = VECTOR('',#145,1.);
#145 = DIRECTION('',(0.,1.));
#146 = ( GEOMETRIC_REPRESENTATION_CONTEXT(2) 
PARAMETRIC_REPRESENTATION_CONTEXT() REPRESENTATION_CONTEXT('2D SPACE',''
  ) );
#147 = ORIENTED_EDGE('',*,*,#148,.T.);
#148 = EDGE_CURVE('',#119,#149,#151,.T.);
#149 = VERTEX_POINT('',#150);
#150 = CARTESIAN_POINT('',(27.1,-4.6,1.));
#151 = SURFACE_CURVE('',#152,(#157,#164),.PCURVE_S1.);
#152 = CIRCLE('',#153,1.4);
#153 = AXIS2_PLACEMENT_3D('',#154,#155,#156);
#154 = CARTESIAN_POINT('',(27.1,-4.6,2.4));
#155 = DIRECTION('',(1.,0.,0.));
#156 = DIRECTION('',(0.,-1.,0.));
#157 = PCURVE('',#99,#158);
#158 = DEFINITIONAL_REPRESENTATION('',(#159),#163);
#159 = LINE('',#160,#161);
#160 = CARTESIAN_POINT('',(0.,2.1));
#161 = VECTOR('',#162,1.);
#162 = DIRECTION('',(1.,0.));
#163 = ( GEOMETRIC_REPRESENTATION_CONTEXT(2) 
PARAMETRIC_REPRESENTATION_CONTEXT() REPRESENTATION_CONTEXT('2D SPACE',''
  ) );
#164 = PCURVE('',#165,#170);
#165 = PLANE('',#166);
#166 = AXIS2_PLACEMENT_3D('',#167,#168,#169);
#167 = CARTESIAN_POINT('',(27.1,11.5,8.));
#168 = DIRECTION('',(1.,0.,0.));
#169 = DIRECTION('',(0.,-1.,0.));
#170 = DEFINITIONAL_REPRESENTATION('',(#171),#175);
#171 = CIRCLE('',#172,1.4);
#172 = AXIS2_PLACEMENT_2D('',#173,#174);
#173 = CARTESIAN_POINT('',(16.1,5.6));
#174 = DIRECTION('',(1.,0.));
#175 = ( GEOMETRIC_REPRESENTATION_CONTEXT(2) 
PARAMETRIC_REPRESENTATION_CONTEXT() REPRESENTATION_CONTEXT('2D SPACE',''
  ) );
#176 = ORIENTED_EDGE('',*,*,#177,.T.);
#177 = EDGE_CURVE('',#149,#57,#178,.T.);
#178 = SURFACE_CURVE('',#179,(#183,#190),.PCURVE_S1.);
#179 = LINE('',#180,#181);
#180 = CARTESIAN_POINT('',(25.,-4.6,1.));
#181 = VECTOR('',#182,1.);
#182 = DIRECTION('',(1.,0.,0.));
#183 = PCURVE('',#99,#184);
#184 = DEFINITIONAL_REPRESENTATION('',(#185),#189);
#185 = LINE('',#186,#187);
#186 = CARTESIAN_POINT('',(1.570796326795,0.));
#187 = VECTOR('',#188,1.);
#188 = DIRECTION('',(0.,1.));
#189 = ( GEOMETRIC_REPRESENTATION_CONTEXT(2) 
PARAMETRIC_REPRESENTATION_CONTEXT() REPRESENTATION_CONTEXT('2D SPACE',''
  ) );
#190 = PCURVE('',#72,#191);
#191 = DEFINITIONAL_REPRESENTATION('',(#192),#196);
#192 = LINE('',#193,#194);
#193 = CARTESIAN_POINT('',(24.2,-4.6));
#194 = VECTOR('',#195,1.);
#195 = DIRECTION('',(1.,0.));
#196 = ( GEOMETRIC_REPRESENTATION_CONTEXT(2) 
PARAMETRIC_REPRESENTATION_CONTEXT() REPRESENTATION_CONTEXT('2D SPACE',''
  ) );
#197 = ORIENTED_EDGE('',*,*,#84,.F.);
#198 = ORIENTED_EDGE('',*,*,#199,.F.);
#199 = EDGE_CURVE('',#121,#22,#200,.T.);
#200 = SURFACE_CURVE('',#201,(#206,#213),.PCURVE_S1.);
#201 = CIRCLE('',#202,1.4);
#202 = AXIS2_PLACEMENT_3D('',#203,#204,#205);
#203 = CARTESIAN_POINT('',(29.1,-4.6,2.4));
#204 = DIRECTION('',(1.,0.,0.));
#205 = DIRECTION('',(0.,-1.,0.));
#206 = PCURVE('',#99,#207);
#207 = DEFINITIONAL_REPRESENTATION('',(#208),#212);
#208 = LINE('',#209,#210);
#209 = CARTESIAN_POINT('',(0.,4.1));
#210 = VECTOR('',#211,1.);
#211 = DIRECTION('',(1.,0.));
#212 = ( GEOMETRIC_REPRESENTATION_CONTEXT(2) 
PARAMETRIC_REPRESENTATION_CONTEXT() REPRESENTATION_CONTEXT('2D SPACE',''
  ) );
#213 = PCURVE('',#44,#214);
#214 = DEFINITIONAL_REPRESENTATION('',(#215),#219);
#215 = CIRCLE('',#216,1.4);
#216 = AXIS2_PLACEMENT_2D('',#217,#218);
#217 = CARTESIAN_POINT('',(16.1,5.6));
#218 = DIRECTION('',(1.,0.));
#219 = ( GEOMETRIC_REPRESENTATION_CONTEXT(2) 
PARAMETRIC_REPRESENTATION_CONTEXT() REPRESENTATION_CONTEXT('2D SPACE',''
  ) );
#220 = ADVANCED_FACE('',(#221),#165,.F.);
#221 = FACE_BOUND('',#222,.F.);
#222 = EDGE_LOOP('',(#223,#246,#247,#270,#299,#327,#356,#384,#413,#441,
    #469,#497));
#223 = ORIENTED_EDGE('',*,*,#224,.F.);
#224 = EDGE_CURVE('',#149,#225,#227,.T.);
#225 = VERTEX_POINT('',#226);
#226 = CARTESIAN_POINT('',(27.1,-11.5,1.));
#227 = SURFACE_CURVE('',#228,(#232,#239),.PCURVE_S1.);
#228 = LINE('',#229,#230);
#229 = CARTESIAN_POINT('',(27.1,5.75,1.));
#230 = VECTOR('',#231,1.);
#231 = DIRECTION('',(0.,-1.,0.));
#232 = PCURVE('',#165,#233);
#233 = DEFINITIONAL_REPRESENTATION('',(#234),#238);
#234 = LINE('',#235,#236);
#235 = CARTESIAN_POINT('',(5.75,7.));
#236 = VECTOR('',#237,1.);
#237 = DIRECTION('',(1.,0.));
#238 = ( GEOMETRIC_REPRESENTATION_CONTEXT(2) 
PARAMETRIC_REPRESENTATION_CONTEXT() REPRESENTATION_CONTEXT('2D SPACE',''
  ) );
#239 = PCURVE('',#72,#240);
#240 = DEFINITIONAL_REPRESENTATION('',(#241),#245);
#241 = LINE('',#242,#243);
#242 = CARTESIAN_POINT('',(26.3,5.75));
#243 = VECTOR('',#244,1.);
#244 = DIRECTION('',(0.,-1.));
#245 = ( GEOMETRIC_REPRESENTATION_CONTEXT(2) 
PARAMETRIC_REPRESENTATION_CONTEXT() REPRESENTATION_CONTEXT('2D SPACE',''
  ) );
#246 = ORIENTED_EDGE('',*,*,#148,.F.);
#247 = ORIENTED_EDGE('',*,*,#248,.T.);
#248 = EDGE_CURVE('',#119,#249,#251,.T.);
#249 = VERTEX_POINT('',#250);
#250 = CARTESIAN_POINT('',(27.1,-6.,5.1));
#251 = SURFACE_CURVE('',#252,(#256,#263),.PCURVE_S1.);
#252 = LINE('',#253,#254);
#253 = CARTESIAN_POINT('',(27.1,-6.,4.5));
#254 = VECTOR('',#255,1.);
#255 = DIRECTION('',(0.,0.,1.));
#256 = PCURVE('',#165,#257);
#257 = DEFINITIONAL_REPRESENTATION('',(#258),#262);
#258 = LINE('',#259,#260);
#259 = CARTESIAN_POINT('',(17.5,3.5));
#260 = VECTOR('',#261,1.);
#261 = DIRECTION('',(0.,-1.));
#262 = ( GEOMETRIC_REPRESENTATION_CONTEXT(2) 
PARAMETRIC_REPRESENTATION_CONTEXT() REPRESENTATION_CONTEXT('2D SPACE',''
  ) );
#263 = PCURVE('',#136,#264);
#264 = DEFINITIONAL_REPRESENTATION('',(#265),#269);
#265 = LINE('',#266,#267);
#266 = CARTESIAN_POINT('',(3.5,2.1));
#267 = VECTOR('',#268,1.);
#268 = DIRECTION('',(1.,0.));
#269 = ( GEOMETRIC_REPRESENTATION_CONTEXT(2) 
PARAMETRIC_REPRESENTATION_CONTEXT() REPRESENTATION_CONTEXT('2D SPACE',''
  ) );
#270 = ORIENTED_EDGE('',*,*,#271,.F.);
#271 = EDGE_CURVE('',#272,#249,#274,.T.);
#272 = VERTEX_POINT('',#273);
#273 = CARTESIAN_POINT('',(27.1,-4.6,6.5));
#274 = SURFACE_CURVE('',#275,(#280,#287),.PCURVE_S1.);
#275 = CIRCLE('',#276,1.4);
#276 = AXIS2_PLACEMENT_3D('',#277,#278,#279);
#277 = CARTESIAN_POINT('',(27.1,-4.6,5.1));
#278 = DIRECTION('',(1.,0.,0.));
#279 = DIRECTION('',(0.,-1.,0.));
#280 = PCURVE('',#165,#281);
#281 = DEFINITIONAL_REPRESENTATION('',(#282),#286);
#282 = CIRCLE('',#283,1.4);
#283 = AXIS2_PLACEMENT_2D('',#284,#285);
#284 = CARTESIAN_POINT('',(16.1,2.9));
#285 = DIRECTION('',(1.,0.));
#286 = ( GEOMETRIC_REPRESENTATION_CONTEXT(2) 
PARAMETRIC_REPRESENTATION_CONTEXT() REPRESENTATION_CONTEXT('2D SPACE',''
  ) );
#287 = PCURVE('',#288,#293);
#288 = CYLINDRICAL_SURFACE('',#289,1.4);
#289 = AXIS2_PLACEMENT_3D('',#290,#291,#292);
#290 = CARTESIAN_POINT('',(25.,-4.6,5.1));
#291 = DIRECTION('',(1.,0.,0.));
#292 = DIRECTION('',(0.,-1.,0.));
#293 = DEFINITIONAL_REPRESENTATION('',(#294),#298);
#294 = LINE('',#295,#296);
#295 = CARTESIAN_POINT('',(-4.138911435803E-13,2.1));
#296 = VECTOR('',#297,1.);
#297 = DIRECTION('',(1.,-0.));
#298 = ( GEOMETRIC_REPRESENTATION_CONTEXT(2) 
PARAMETRIC_REPRESENTATION_CONTEXT() REPRESENTATION_CONTEXT('2D SPACE',''
  ) );
#299 = ORIENTED_EDGE('',*,*,#300,.F.);
#300 = EDGE_CURVE('',#301,#272,#303,.T.);
#301 = VERTEX_POINT('',#302);
#302 = CARTESIAN_POINT('',(27.1,4.6,6.5));
#303 = SURFACE_CURVE('',#304,(#308,#315),.PCURVE_S1.);
#304 = LINE('',#305,#306);
#305 = CARTESIAN_POINT('',(27.1,2.75,6.5));
#306 = VECTOR('',#307,1.);
#307 = DIRECTION('',(0.,-1.,0.));
#308 = PCURVE('',#165,#309);
#309 = DEFINITIONAL_REPRESENTATION('',(#310),#314);
#310 = LINE('',#311,#312);
#311 = CARTESIAN_POINT('',(8.75,1.5));
#312 = VECTOR('',#313,1.);
#313 = DIRECTION('',(1.,0.));
#314 = ( GEOMETRIC_REPRESENTATION_CONTEXT(2) 
PARAMETRIC_REPRESENTATION_CONTEXT() REPRESENTATION_CONTEXT('2D SPACE',''
  ) );
#315 = PCURVE('',#316,#321);
#316 = PLANE('',#317);
#317 = AXIS2_PLACEMENT_3D('',#318,#319,#320);
#318 = CARTESIAN_POINT('',(25.,-6.,6.5));
#319 = DIRECTION('',(0.,0.,1.));
#320 = DIRECTION('',(1.,0.,-0.));
#321 = DEFINITIONAL_REPRESENTATION('',(#322),#326);
#322 = LINE('',#323,#324);
#323 = CARTESIAN_POINT('',(2.1,8.75));
#324 = VECTOR('',#325,1.);
#325 = DIRECTION('',(0.,-1.));
#326 = ( GEOMETRIC_REPRESENTATION_CONTEXT(2) 
PARAMETRIC_REPRESENTATION_CONTEXT() REPRESENTATION_CONTEXT('2D SPACE',''
  ) );
#327 = ORIENTED_EDGE('',*,*,#328,.F.);
#328 = EDGE_CURVE('',#329,#301,#331,.T.);
#329 = VERTEX_POINT('',#330);
#330 = CARTESIAN_POINT('',(27.1,6.,5.1));
#331 = SURFACE_CURVE('',#332,(#337,#344),.PCURVE_S1.);
#332 = CIRCLE('',#333,1.4);
#333 = AXIS2_PLACEMENT_3D('',#334,#335,#336);
#334 = CARTESIAN_POINT('',(27.1,4.6,5.1));
#335 = DIRECTION('',(1.,0.,0.));
#336 = DIRECTION('',(-0.,1.,0.));
#337 = PCURVE('',#165,#338);
#338 = DEFINITIONAL_REPRESENTATION('',(#339),#343);
#339 = CIRCLE('',#340,1.4);
#340 = AXIS2_PLACEMENT_2D('',#341,#342);
#341 = CARTESIAN_POINT('',(6.9,2.9));
#342 = DIRECTION('',(-1.,0.));
#343 = ( GEOMETRIC_REPRESENTATION_CONTEXT(2) 
PARAMETRIC_REPRESENTATION_CONTEXT() REPRESENTATION_CONTEXT('2D SPACE',''
  ) );
#344 = PCURVE('',#345,#350);
#345 = CYLINDRICAL_SURFACE('',#346,1.4);
#346 = AXIS2_PLACEMENT_3D('',#347,#348,#349);
#347 = CARTESIAN_POINT('',(25.,4.6,5.1));
#348 = DIRECTION('',(1.,0.,0.));
#349 = DIRECTION('',(-0.,1.,0.));
#350 = DEFINITIONAL_REPRESENTATION('',(#351),#355);
#351 = LINE('',#352,#353);
#352 = CARTESIAN_POINT('',(0.,2.1));
#353 = VECTOR('',#354,1.);
#354 = DIRECTION('',(1.,0.));
#355 = ( GEOMETRIC_REPRESENTATION_CONTEXT(2) 
PARAMETRIC_REPRESENTATION_CONTEXT() REPRESENTATION_CONTEXT('2D SPACE',''
  ) );
#356 = ORIENTED_EDGE('',*,*,#357,.F.);
#357 = EDGE_CURVE('',#358,#329,#360,.T.);
#358 = VERTEX_POINT('',#359);
#359 = CARTESIAN_POINT('',(27.1,6.,2.4));
#360 = SURFACE_CURVE('',#361,(#365,#372),.PCURVE_S1.);
#361 = LINE('',#362,#363);
#362 = CARTESIAN_POINT('',(27.1,6.,4.5));
#363 = VECTOR('',#364,1.);
#364 = DIRECTION('',(0.,0.,1.));
#365 = PCURVE('',#165,#366);
#366 = DEFINITIONAL_REPRESENTATION('',(#367),#371);
#367 = LINE('',#368,#369);
#368 = CARTESIAN_POINT('',(5.5,3.5));
#369 = VECTOR('',#370,1.);
#370 = DIRECTION('',(0.,-1.));
#371 = ( GEOMETRIC_REPRESENTATION_CONTEXT(2) 
PARAMETRIC_REPRESENTATION_CONTEXT() REPRESENTATION_CONTEXT('2D SPACE',''
  ) );
#372 = PCURVE('',#373,#378);
#373 = PLANE('',#374);
#374 = AXIS2_PLACEMENT_3D('',#375,#376,#377);
#375 = CARTESIAN_POINT('',(25.,6.,1.));
#376 = DIRECTION('',(0.,1.,0.));
#377 = DIRECTION('',(0.,-0.,1.));
#378 = DEFINITIONAL_REPRESENTATION('',(#379),#383);
#379 = LINE('',#380,#381);
#380 = CARTESIAN_POINT('',(3.5,2.1));
#381 = VECTOR('',#382,1.);
#382 = DIRECTION('',(1.,0.));
#383 = ( GEOMETRIC_REPRESENTATION_CONTEXT(2) 
PARAMETRIC_REPRESENTATION_CONTEXT() REPRESENTATION_CONTEXT('2D SPACE',''
  ) );
#384 = ORIENTED_EDGE('',*,*,#385,.F.);
#385 = EDGE_CURVE('',#386,#358,#388,.T.);
#386 = VERTEX_POINT('',#387);
#387 = CARTESIAN_POINT('',(27.1,4.6,1.));
#388 = SURFACE_CURVE('',#389,(#394,#401),.PCURVE_S1.);
#389 = CIRCLE('',#390,1.4);
#390 = AXIS2_PLACEMENT_3D('',#391,#392,#393);
#391 = CARTESIAN_POINT('',(27.1,4.6,2.4));
#392 = DIRECTION('',(1.,0.,0.));
#393 = DIRECTION('',(-0.,1.,0.));
#394 = PCURVE('',#165,#395);
#395 = DEFINITIONAL_REPRESENTATION('',(#396),#400);
#396 = CIRCLE('',#397,1.4);
#397 = AXIS2_PLACEMENT_2D('',#398,#399);
#398 = CARTESIAN_POINT('',(6.9,5.6));
#399 = DIRECTION('',(-1.,0.));
#400 = ( GEOMETRIC_REPRESENTATION_CONTEXT(2) 
PARAMETRIC_REPRESENTATION_CONTEXT() REPRESENTATION_CONTEXT('2D SPACE',''
  ) );
#401 = PCURVE('',#402,#407);
#402 = CYLINDRICAL_SURFACE('',#403,1.4);
#403 = AXIS2_PLACEMENT_3D('',#404,#405,#406);
#404 = CARTESIAN_POINT('',(25.,4.6,2.4));
#405 = DIRECTION('',(1.,0.,0.));
#406 = DIRECTION('',(-0.,1.,0.));
#407 = DEFINITIONAL_REPRESENTATION('',(#408),#412);
#408 = LINE('',#409,#410);
#409 = CARTESIAN_POINT('',(-4.138911435803E-13,2.1));
#410 = VECTOR('',#411,1.);
#411 = DIRECTION('',(1.,-0.));
#412 = ( GEOMETRIC_REPRESENTATION_CONTEXT(2) 
PARAMETRIC_REPRESENTATION_CONTEXT() REPRESENTATION_CONTEXT('2D SPACE',''
  ) );
#413 = ORIENTED_EDGE('',*,*,#414,.F.);
#414 = EDGE_CURVE('',#415,#386,#417,.T.);
#415 = VERTEX_POINT('',#416);
#416 = CARTESIAN_POINT('',(27.1,11.5,1.));
#417 = SURFACE_CURVE('',#418,(#422,#429),.PCURVE_S1.);
#418 = LINE('',#419,#420);
#419 = CARTESIAN_POINT('',(27.1,5.75,1.));
#420 = VECTOR('',#421,1.);
#421 = DIRECTION('',(0.,-1.,0.));
#422 = PCURVE('',#165,#423);
#423 = DEFINITIONAL_REPRESENTATION('',(#424),#428);
#424 = LINE('',#425,#426);
#425 = CARTESIAN_POINT('',(5.75,7.));
#426 = VECTOR('',#427,1.);
#427 = DIRECTION('',(1.,0.));
#428 = ( GEOMETRIC_REPRESENTATION_CONTEXT(2) 
PARAMETRIC_REPRESENTATION_CONTEXT() REPRESENTATION_CONTEXT('2D SPACE',''
  ) );
#429 = PCURVE('',#430,#435);
#430 = PLANE('',#431);
#431 = AXIS2_PLACEMENT_3D('',#432,#433,#434);
#432 = CARTESIAN_POINT('',(0.8,-3.774758283726E-14,1.));
#433 = DIRECTION('',(0.,0.,1.));
#434 = DIRECTION('',(1.,0.,-0.));
#435 = DEFINITIONAL_REPRESENTATION('',(#436),#440);
#436 = LINE('',#437,#438);
#437 = CARTESIAN_POINT('',(26.3,5.75));
#438 = VECTOR('',#439,1.);
#439 = DIRECTION('',(0.,-1.));
#440 = ( GEOMETRIC_REPRESENTATION_CONTEXT(2) 
PARAMETRIC_REPRESENTATION_CONTEXT() REPRESENTATION_CONTEXT('2D SPACE',''
  ) );
#441 = ORIENTED_EDGE('',*,*,#442,.F.);
#442 = EDGE_CURVE('',#443,#415,#445,.T.);
#443 = VERTEX_POINT('',#444);
#444 = CARTESIAN_POINT('',(27.1,11.5,8.));
#445 = SURFACE_CURVE('',#446,(#450,#457),.PCURVE_S1.);
#446 = LINE('',#447,#448);
#447 = CARTESIAN_POINT('',(27.1,11.5,8.));
#448 = VECTOR('',#449,1.);
#449 = DIRECTION('',(0.,0.,-1.));
#450 = PCURVE('',#165,#451);
#451 = DEFINITIONAL_REPRESENTATION('',(#452),#456);
#452 = LINE('',#453,#454);
#453 = CARTESIAN_POINT('',(0.,0.));
#454 = VECTOR('',#455,1.);
#455 = DIRECTION('',(0.,1.));
#456 = ( GEOMETRIC_REPRESENTATION_CONTEXT(2) 
PARAMETRIC_REPRESENTATION_CONTEXT() REPRESENTATION_CONTEXT('2D SPACE',''
  ) );
#457 = PCURVE('',#458,#463);
#458 = PLANE('',#459);
#459 = AXIS2_PLACEMENT_3D('',#460,#461,#462);
#460 = CARTESIAN_POINT('',(-25.5,11.5,8.));
#461 = DIRECTION('',(0.,1.,0.));
#462 = DIRECTION('',(1.,0.,0.));
#463 = DEFINITIONAL_REPRESENTATION('',(#464),#468);
#464 = LINE('',#465,#466);
#465 = CARTESIAN_POINT('',(52.6,0.));
#466 = VECTOR('',#467,1.);
#467 = DIRECTION('',(0.,1.));
#468 = ( GEOMETRIC_REPRESENTATION_CONTEXT(2) 
PARAMETRIC_REPRESENTATION_CONTEXT() REPRESENTATION_CONTEXT('2D SPACE',''
  ) );
#469 = ORIENTED_EDGE('',*,*,#470,.T.);
#470 = EDGE_CURVE('',#443,#471,#473,.T.);
#471 = VERTEX_POINT('',#472);
#472 = CARTESIAN_POINT('',(27.1,-11.5,8.));
#473 = SURFACE_CURVE('',#474,(#478,#485),.PCURVE_S1.);
#474 = LINE('',#475,#476);
#475 = CARTESIAN_POINT('',(27.1,11.5,8.));
#476 = VECTOR('',#477,1.);
#477 = DIRECTION('',(0.,-1.,0.));
#478 = PCURVE('',#165,#479);
#479 = DEFINITIONAL_REPRESENTATION('',(#480),#484);
#480 = LINE('',#481,#482);
#481 = CARTESIAN_POINT('',(0.,0.));
#482 = VECTOR('',#483,1.);
#483 = DIRECTION('',(1.,0.));
#484 = ( GEOMETRIC_REPRESENTATION_CONTEXT(2) 
PARAMETRIC_REPRESENTATION_CONTEXT() REPRESENTATION_CONTEXT('2D SPACE',''
  ) );
#485 = PCURVE('',#486,#491);
#486 = PLANE('',#487);
#487 = AXIS2_PLACEMENT_3D('',#488,#489,#490);
#488 = CARTESIAN_POINT('',(0.8,-3.774758283726E-14,8.));
#489 = DIRECTION('',(0.,0.,1.));
#490 = DIRECTION('',(1.,0.,-0.));
#491 = DEFINITIONAL_REPRESENTATION('',(#492),#496);
#492 = LINE('',#493,#494);
#493 = CARTESIAN_POINT('',(26.3,11.5));
#494 = VECTOR('',#495,1.);
#495 = DIRECTION('',(0.,-1.));
#496 = ( GEOMETRIC_REPRESENTATION_CONTEXT(2) 
PARAMETRIC_REPRESENTATION_CONTEXT() REPRESENTATION_CONTEXT('2D SPACE',''
  ) );
#497 = ORIENTED_EDGE('',*,*,#498,.T.);
#498 = EDGE_CURVE('',#471,#225,#499,.T.);
#499 = SURFACE_CURVE('',#500,(#504,#511),.PCURVE_S1.);
#500 = LINE('',#501,#502);
#501 = CARTESIAN_POINT('',(27.1,-11.5,8.));
#502 = VECTOR('',#503,1.);
#503 = DIRECTION('',(0.,0.,-1.));
#504 = PCURVE('',#165,#505);
#505 = DEFINITIONAL_REPRESENTATION('',(#506),#510);
#506 = LINE('',#507,#508);
#507 = CARTESIAN_POINT('',(23.,0.));
#508 = VECTOR('',#509,1.);
#509 = DIRECTION('',(0.,1.));
#510 = ( GEOMETRIC_REPRESENTATION_CONTEXT(2) 
PARAMETRIC_REPRESENTATION_CONTEXT() REPRESENTATION_CONTEXT('2D SPACE',''
  ) );
#511 = PCURVE('',#512,#517);
#512 = PLANE('',#513);
#513 = AXIS2_PLACEMENT_3D('',#514,#515,#516);
#514 = CARTESIAN_POINT('',(27.1,-11.5,8.));
#515 = DIRECTION('',(0.,-1.,0.));
#516 = DIRECTION('',(-1.,0.,0.));
#517 = DEFINITIONAL_REPRESENTATION('',(#518),#522);
#518 = LINE('',#519,#520);
#519 = CARTESIAN_POINT('',(0.,-0.));
#520 = VECTOR('',#521,1.);
#521 = DIRECTION('',(0.,1.));
#522 = ( GEOMETRIC_REPRESENTATION_CONTEXT(2) 
PARAMETRIC_REPRESENTATION_CONTEXT() REPRESENTATION_CONTEXT('2D SPACE',''
  ) );
#523 = ADVANCED_FACE('',(#524),#512,.F.);
#524 = FACE_BOUND('',#525,.T.);
#525 = EDGE_LOOP('',(#526,#549,#577,#598));
#526 = ORIENTED_EDGE('',*,*,#527,.T.);
#527 = EDGE_CURVE('',#225,#528,#530,.T.);
#528 = VERTEX_POINT('',#529);
#529 = CARTESIAN_POINT('',(-25.5,-11.5,1.));
#530 = SURFACE_CURVE('',#531,(#535,#542),.PCURVE_S1.);
#531 = LINE('',#532,#533);
#532 = CARTESIAN_POINT('',(13.95,-11.5,1.));
#533 = VECTOR('',#534,1.);
#534 = DIRECTION('',(-1.,0.,0.));
#535 = PCURVE('',#512,#536);
#536 = DEFINITIONAL_REPRESENTATION('',(#537),#541);
#537 = LINE('',#538,#539);
#538 = CARTESIAN_POINT('',(13.15,7.));
#539 = VECTOR('',#540,1.);
#540 = DIRECTION('',(1.,0.));
#541 = ( GEOMETRIC_REPRESENTATION_CONTEXT(2) 
PARAMETRIC_REPRESENTATION_CONTEXT() REPRESENTATION_CONTEXT('2D SPACE',''
  ) );
#542 = PCURVE('',#72,#543);
#543 = DEFINITIONAL_REPRESENTATION('',(#544),#548);
#544 = LINE('',#545,#546);
#545 = CARTESIAN_POINT('',(13.15,-11.5));
#546 = VECTOR('',#547,1.);
#547 = DIRECTION('',(-1.,0.));
#548 = ( GEOMETRIC_REPRESENTATION_CONTEXT(2) 
PARAMETRIC_REPRESENTATION_CONTEXT() REPRESENTATION_CONTEXT('2D SPACE',''
  ) );
#549 = ORIENTED_EDGE('',*,*,#550,.F.);
#550 = EDGE_CURVE('',#551,#528,#553,.T.);
#551 = VERTEX_POINT('',#552);
#552 = CARTESIAN_POINT('',(-25.5,-11.5,8.));
#553 = SURFACE_CURVE('',#554,(#558,#565),.PCURVE_S1.);
#554 = LINE('',#555,#556);
#555 = CARTESIAN_POINT('',(-25.5,-11.5,8.));
#556 = VECTOR('',#557,1.);
#557 = DIRECTION('',(0.,0.,-1.));
#558 = PCURVE('',#512,#559);
#559 = DEFINITIONAL_REPRESENTATION('',(#560),#564);
#560 = LINE('',#561,#562);
#561 = CARTESIAN_POINT('',(52.6,0.));
#562 = VECTOR('',#563,1.);
#563 = DIRECTION('',(0.,1.));
#564 = ( GEOMETRIC_REPRESENTATION_CONTEXT(2) 
PARAMETRIC_REPRESENTATION_CONTEXT() REPRESENTATION_CONTEXT('2D SPACE',''
  ) );
#565 = PCURVE('',#566,#571);
#566 = PLANE('',#567);
#567 = AXIS2_PLACEMENT_3D('',#568,#569,#570);
#568 = CARTESIAN_POINT('',(-25.5,-11.5,8.));
#569 = DIRECTION('',(-1.,0.,0.));
#570 = DIRECTION('',(0.,1.,0.));
#571 = DEFINITIONAL_REPRESENTATION('',(#572),#576);
#572 = LINE('',#573,#574);
#573 = CARTESIAN_POINT('',(0.,0.));
#574 = VECTOR('',#575,1.);
#575 = DIRECTION('',(0.,1.));
#576 = ( GEOMETRIC_REPRESENTATION_CONTEXT(2) 
PARAMETRIC_REPRESENTATION_CONTEXT() REPRESENTATION_CONTEXT('2D SPACE',''
  ) );
#577 = ORIENTED_EDGE('',*,*,#578,.F.);
#578 = EDGE_CURVE('',#471,#551,#579,.T.);
#579 = SURFACE_CURVE('',#580,(#584,#591),.PCURVE_S1.);
#580 = LINE('',#581,#582);
#581 = CARTESIAN_POINT('',(27.1,-11.5,8.));
#582 = VECTOR('',#583,1.);
#583 = DIRECTION('',(-1.,0.,0.));
#584 = PCURVE('',#512,#585);
#585 = DEFINITIONAL_REPRESENTATION('',(#586),#590);
#586 = LINE('',#587,#588);
#587 = CARTESIAN_POINT('',(0.,-0.));
#588 = VECTOR('',#589,1.);
#589 = DIRECTION('',(1.,0.));
#590 = ( GEOMETRIC_REPRESENTATION_CONTEXT(2) 
PARAMETRIC_REPRESENTATION_CONTEXT() REPRESENTATION_CONTEXT('2D SPACE',''
  ) );
#591 = PCURVE('',#486,#592);
#592 = DEFINITIONAL_REPRESENTATION('',(#593),#597);
#593 = LINE('',#594,#595);
#594 = CARTESIAN_POINT('',(26.3,-11.5));
#595 = VECTOR('',#596,1.);
#596 = DIRECTION('',(-1.,0.));
#597 = ( GEOMETRIC_REPRESENTATION_CONTEXT(2) 
PARAMETRIC_REPRESENTATION_CONTEXT() REPRESENTATION_CONTEXT('2D SPACE',''
  ) );
#598 = ORIENTED_EDGE('',*,*,#498,.T.);
#599 = ADVANCED_FACE('',(#600),#566,.F.);
#600 = FACE_BOUND('',#601,.F.);
#601 = EDGE_LOOP('',(#602,#627,#655,#688,#716,#749,#777,#798,#799,#822)
  );
#602 = ORIENTED_EDGE('',*,*,#603,.F.);
#603 = EDGE_CURVE('',#604,#606,#608,.T.);
#604 = VERTEX_POINT('',#605);
#605 = CARTESIAN_POINT('',(-25.5,9.5,1.));
#606 = VERTEX_POINT('',#607);
#607 = CARTESIAN_POINT('',(-25.5,11.5,1.));
#608 = SURFACE_CURVE('',#609,(#613,#620),.PCURVE_S1.);
#609 = LINE('',#610,#611);
#610 = CARTESIAN_POINT('',(-25.5,-5.75,1.));
#611 = VECTOR('',#612,1.);
#612 = DIRECTION('',(0.,1.,0.));
#613 = PCURVE('',#566,#614);
#614 = DEFINITIONAL_REPRESENTATION('',(#615),#619);
#615 = LINE('',#616,#617);
#616 = CARTESIAN_POINT('',(5.75,7.));
#617 = VECTOR('',#618,1.);
#618 = DIRECTION('',(1.,0.));
#619 = ( GEOMETRIC_REPRESENTATION_CONTEXT(2) 
PARAMETRIC_REPRESENTATION_CONTEXT() REPRESENTATION_CONTEXT('2D SPACE',''
  ) );
#620 = PCURVE('',#430,#621);
#621 = DEFINITIONAL_REPRESENTATION('',(#622),#626);
#622 = LINE('',#623,#624);
#623 = CARTESIAN_POINT('',(-26.3,-5.75));
#624 = VECTOR('',#625,1.);
#625 = DIRECTION('',(0.,1.));
#626 = ( GEOMETRIC_REPRESENTATION_CONTEXT(2) 
PARAMETRIC_REPRESENTATION_CONTEXT() REPRESENTATION_CONTEXT('2D SPACE',''
  ) );
#627 = ORIENTED_EDGE('',*,*,#628,.F.);
#628 = EDGE_CURVE('',#629,#604,#631,.T.);
#629 = VERTEX_POINT('',#630);
#630 = CARTESIAN_POINT('',(-25.5,9.5,5.5));
#631 = SURFACE_CURVE('',#632,(#636,#643),.PCURVE_S1.);
#632 = LINE('',#633,#634);
#633 = CARTESIAN_POINT('',(-25.5,9.5,2.75));
#634 = VECTOR('',#635,1.);
#635 = DIRECTION('',(0.,0.,-1.));
#636 = PCURVE('',#566,#637);
#637 = DEFINITIONAL_REPRESENTATION('',(#638),#642);
#638 = LINE('',#639,#640);
#639 = CARTESIAN_POINT('',(21.,5.25));
#640 = VECTOR('',#641,1.);
#641 = DIRECTION('',(0.,1.));
#642 = ( GEOMETRIC_REPRESENTATION_CONTEXT(2) 
PARAMETRIC_REPRESENTATION_CONTEXT() REPRESENTATION_CONTEXT('2D SPACE',''
  ) );
#643 = PCURVE('',#644,#649);
#644 = PLANE('',#645);
#645 = AXIS2_PLACEMENT_3D('',#646,#647,#648);
#646 = CARTESIAN_POINT('',(-30.,9.5,-2.5));
#647 = DIRECTION('',(0.,1.,0.));
#648 = DIRECTION('',(0.,-0.,1.));
#649 = DEFINITIONAL_REPRESENTATION('',(#650),#654);
#650 = LINE('',#651,#652);
#651 = CARTESIAN_POINT('',(5.25,4.5));
#652 = VECTOR('',#653,1.);
#653 = DIRECTION('',(-1.,0.));
#654 = ( GEOMETRIC_REPRESENTATION_CONTEXT(2) 
PARAMETRIC_REPRESENTATION_CONTEXT() REPRESENTATION_CONTEXT('2D SPACE',''
  ) );
#655 = ORIENTED_EDGE('',*,*,#656,.T.);
#656 = EDGE_CURVE('',#629,#657,#659,.T.);
#657 = VERTEX_POINT('',#658);
#658 = CARTESIAN_POINT('',(-25.5,7.5,7.5));
#659 = SURFACE_CURVE('',#660,(#665,#676),.PCURVE_S1.);
#660 = CIRCLE('',#661,2.);
#661 = AXIS2_PLACEMENT_3D('',#662,#663,#664);
#662 = CARTESIAN_POINT('',(-25.5,7.5,5.5));
#663 = DIRECTION('',(1.,0.,0.));
#664 = DIRECTION('',(-0.,1.,0.));
#665 = PCURVE('',#566,#666);
#666 = DEFINITIONAL_REPRESENTATION('',(#667),#675);
#667 = ( BOUNDED_CURVE() B_SPLINE_CURVE(2,(#668,#669,#670,#671,#672,#673
,#674),.UNSPECIFIED.,.T.,.F.) B_SPLINE_CURVE_WITH_KNOTS((1,2,2,2,2,1),(
    -2.094395102393,0.,2.094395102393,4.188790204786,6.28318530718,
8.377580409573),.UNSPECIFIED.) CURVE() GEOMETRIC_REPRESENTATION_ITEM() 
RATIONAL_B_SPLINE_CURVE((1.,0.5,1.,0.5,1.,0.5,1.)) REPRESENTATION_ITEM(
  '') );
#668 = CARTESIAN_POINT('',(21.,2.5));
#669 = CARTESIAN_POINT('',(21.,-0.964101615138));
#670 = CARTESIAN_POINT('',(18.,0.767949192431));
#671 = CARTESIAN_POINT('',(15.,2.5));
#672 = CARTESIAN_POINT('',(18.,4.232050807569));
#673 = CARTESIAN_POINT('',(21.,5.964101615138));
#674 = CARTESIAN_POINT('',(21.,2.5));
#675 = ( GEOMETRIC_REPRESENTATION_CONTEXT(2) 
PARAMETRIC_REPRESENTATION_CONTEXT() REPRESENTATION_CONTEXT('2D SPACE',''
  ) );
#676 = PCURVE('',#677,#682);
#677 = CYLINDRICAL_SURFACE('',#678,2.);
#678 = AXIS2_PLACEMENT_3D('',#679,#680,#681);
#679 = CARTESIAN_POINT('',(-30.,7.5,5.5));
#680 = DIRECTION('',(1.,0.,0.));
#681 = DIRECTION('',(-0.,1.,0.));
#682 = DEFINITIONAL_REPRESENTATION('',(#683),#687);
#683 = LINE('',#684,#685);
#684 = CARTESIAN_POINT('',(0.,4.5));
#685 = VECTOR('',#686,1.);
#686 = DIRECTION('',(1.,0.));
#687 = ( GEOMETRIC_REPRESENTATION_CONTEXT(2) 
PARAMETRIC_REPRESENTATION_CONTEXT() REPRESENTATION_CONTEXT('2D SPACE',''
  ) );
#688 = ORIENTED_EDGE('',*,*,#689,.F.);
#689 = EDGE_CURVE('',#690,#657,#692,.T.);
#690 = VERTEX_POINT('',#691);
#691 = CARTESIAN_POINT('',(-25.5,-7.5,7.5));
#692 = SURFACE_CURVE('',#693,(#697,#704),.PCURVE_S1.);
#693 = LINE('',#694,#695);
#694 = CARTESIAN_POINT('',(-25.5,-10.5,7.5));
#695 = VECTOR('',#696,1.);
#696 = DIRECTION('',(0.,1.,-0.));
#697 = PCURVE('',#566,#698);
#698 = DEFINITIONAL_REPRESENTATION('',(#699),#703);
#699 = LINE('',#700,#701);
#700 = CARTESIAN_POINT('',(1.,0.5));
#701 = VECTOR('',#702,1.);
#702 = DIRECTION('',(1.,0.));
#703 = ( GEOMETRIC_REPRESENTATION_CONTEXT(2) 
PARAMETRIC_REPRESENTATION_CONTEXT() REPRESENTATION_CONTEXT('2D SPACE',''
  ) );
#704 = PCURVE('',#705,#710);
#705 = PLANE('',#706);
#706 = AXIS2_PLACEMENT_3D('',#707,#708,#709);
#707 = CARTESIAN_POINT('',(-30.,-9.5,7.5));
#708 = DIRECTION('',(0.,0.,1.));
#709 = DIRECTION('',(1.,0.,-0.));
#710 = DEFINITIONAL_REPRESENTATION('',(#711),#715);
#711 = LINE('',#712,#713);
#712 = CARTESIAN_POINT('',(4.5,-1.));
#713 = VECTOR('',#714,1.);
#714 = DIRECTION('',(0.,1.));
#715 = ( GEOMETRIC_REPRESENTATION_CONTEXT(2) 
PARAMETRIC_REPRESENTATION_CONTEXT() REPRESENTATION_CONTEXT('2D SPACE',''
  ) );
#716 = ORIENTED_EDGE('',*,*,#717,.T.);
#717 = EDGE_CURVE('',#690,#718,#720,.T.);
#718 = VERTEX_POINT('',#719);
#719 = CARTESIAN_POINT('',(-25.5,-9.5,5.5));
#720 = SURFACE_CURVE('',#721,(#726,#737),.PCURVE_S1.);
#721 = CIRCLE('',#722,2.);
#722 = AXIS2_PLACEMENT_3D('',#723,#724,#725);
#723 = CARTESIAN_POINT('',(-25.5,-7.5,5.5));
#724 = DIRECTION('',(1.,0.,0.));
#725 = DIRECTION('',(0.,-1.,0.));
#726 = PCURVE('',#566,#727);
#727 = DEFINITIONAL_REPRESENTATION('',(#728),#736);
#728 = ( BOUNDED_CURVE() B_SPLINE_CURVE(2,(#729,#730,#731,#732,#733,#734
,#735),.UNSPECIFIED.,.T.,.F.) B_SPLINE_CURVE_WITH_KNOTS((1,2,2,2,2,1),(
    -2.094395102393,0.,2.094395102393,4.188790204786,6.28318530718,
8.377580409573),.UNSPECIFIED.) CURVE() GEOMETRIC_REPRESENTATION_ITEM() 
RATIONAL_B_SPLINE_CURVE((1.,0.5,1.,0.5,1.,0.5,1.)) REPRESENTATION_ITEM(
  '') );
#729 = CARTESIAN_POINT('',(2.,2.5));
#730 = CARTESIAN_POINT('',(2.,5.964101615138));
#731 = CARTESIAN_POINT('',(5.,4.232050807569));
#732 = CARTESIAN_POINT('',(8.,2.5));
#733 = CARTESIAN_POINT('',(5.,0.767949192431));
#734 = CARTESIAN_POINT('',(2.,-0.964101615138));
#735 = CARTESIAN_POINT('',(2.,2.5));
#736 = ( GEOMETRIC_REPRESENTATION_CONTEXT(2) 
PARAMETRIC_REPRESENTATION_CONTEXT() REPRESENTATION_CONTEXT('2D SPACE',''
  ) );
#737 = PCURVE('',#738,#743);
#738 = CYLINDRICAL_SURFACE('',#739,2.);
#739 = AXIS2_PLACEMENT_3D('',#740,#741,#742);
#740 = CARTESIAN_POINT('',(-30.,-7.5,5.5));
#741 = DIRECTION('',(1.,0.,0.));
#742 = DIRECTION('',(0.,-1.,0.));
#743 = DEFINITIONAL_REPRESENTATION('',(#744),#748);
#744 = LINE('',#745,#746);
#745 = CARTESIAN_POINT('',(-4.138911435803E-13,4.5));
#746 = VECTOR('',#747,1.);
#747 = DIRECTION('',(1.,-0.));
#748 = ( GEOMETRIC_REPRESENTATION_CONTEXT(2) 
PARAMETRIC_REPRESENTATION_CONTEXT() REPRESENTATION_CONTEXT('2D SPACE',''
  ) );
#749 = ORIENTED_EDGE('',*,*,#750,.T.);
#750 = EDGE_CURVE('',#718,#751,#753,.T.);
#751 = VERTEX_POINT('',#752);
#752 = CARTESIAN_POINT('',(-25.5,-9.5,1.));
#753 = SURFACE_CURVE('',#754,(#758,#765),.PCURVE_S1.);
#754 = LINE('',#755,#756);
#755 = CARTESIAN_POINT('',(-25.5,-9.5,2.75));
#756 = VECTOR('',#757,1.);
#757 = DIRECTION('',(0.,0.,-1.));
#758 = PCURVE('',#566,#759);
#759 = DEFINITIONAL_REPRESENTATION('',(#760),#764);
#760 = LINE('',#761,#762);
#761 = CARTESIAN_POINT('',(2.,5.25));
#762 = VECTOR('',#763,1.);
#763 = DIRECTION('',(0.,1.));
#764 = ( GEOMETRIC_REPRESENTATION_CONTEXT(2) 
PARAMETRIC_REPRESENTATION_CONTEXT() REPRESENTATION_CONTEXT('2D SPACE',''
  ) );
#765 = PCURVE('',#766,#771);
#766 = PLANE('',#767);
#767 = AXIS2_PLACEMENT_3D('',#768,#769,#770);
#768 = CARTESIAN_POINT('',(-30.,-9.5,-2.5));
#769 = DIRECTION('',(0.,1.,0.));
#770 = DIRECTION('',(0.,-0.,1.));
#771 = DEFINITIONAL_REPRESENTATION('',(#772),#776);
#772 = LINE('',#773,#774);
#773 = CARTESIAN_POINT('',(5.25,4.5));
#774 = VECTOR('',#775,1.);
#775 = DIRECTION('',(-1.,0.));
#776 = ( GEOMETRIC_REPRESENTATION_CONTEXT(2) 
PARAMETRIC_REPRESENTATION_CONTEXT() REPRESENTATION_CONTEXT('2D SPACE',''
  ) );
#777 = ORIENTED_EDGE('',*,*,#778,.F.);
#778 = EDGE_CURVE('',#528,#751,#779,.T.);
#779 = SURFACE_CURVE('',#780,(#784,#791),.PCURVE_S1.);
#780 = LINE('',#781,#782);
#781 = CARTESIAN_POINT('',(-25.5,-5.75,1.));
#782 = VECTOR('',#783,1.);
#783 = DIRECTION('',(0.,1.,0.));
#784 = PCURVE('',#566,#785);
#785 = DEFINITIONAL_REPRESENTATION('',(#786),#790);
#786 = LINE('',#787,#788);
#787 = CARTESIAN_POINT('',(5.75,7.));
#788 = VECTOR('',#789,1.);
#789 = DIRECTION('',(1.,0.));
#790 = ( GEOMETRIC_REPRESENTATION_CONTEXT(2) 
PARAMETRIC_REPRESENTATION_CONTEXT() REPRESENTATION_CONTEXT('2D SPACE',''
  ) );
#791 = PCURVE('',#72,#792);
#792 = DEFINITIONAL_REPRESENTATION('',(#793),#797);
#793 = LINE('',#794,#795);
#794 = CARTESIAN_POINT('',(-26.3,-5.75));
#795 = VECTOR('',#796,1.);
#796 = DIRECTION('',(0.,1.));
#797 = ( GEOMETRIC_REPRESENTATION_CONTEXT(2) 
PARAMETRIC_REPRESENTATION_CONTEXT() REPRESENTATION_CONTEXT('2D SPACE',''
  ) );
#798 = ORIENTED_EDGE('',*,*,#550,.F.);
#799 = ORIENTED_EDGE('',*,*,#800,.T.);
#800 = EDGE_CURVE('',#551,#801,#803,.T.);
#801 = VERTEX_POINT('',#802);
#802 = CARTESIAN_POINT('',(-25.5,11.5,8.));
#803 = SURFACE_CURVE('',#804,(#808,#815),.PCURVE_S1.);
#804 = LINE('',#805,#806);
#805 = CARTESIAN_POINT('',(-25.5,-11.5,8.));
#806 = VECTOR('',#807,1.);
#807 = DIRECTION('',(0.,1.,0.));
#808 = PCURVE('',#566,#809);
#809 = DEFINITIONAL_REPRESENTATION('',(#810),#814);
#810 = LINE('',#811,#812);
#811 = CARTESIAN_POINT('',(0.,0.));
#812 = VECTOR('',#813,1.);
#813 = DIRECTION('',(1.,0.));
#814 = ( GEOMETRIC_REPRESENTATION_CONTEXT(2) 
PARAMETRIC_REPRESENTATION_CONTEXT() REPRESENTATION_CONTEXT('2D SPACE',''
  ) );
#815 = PCURVE('',#486,#816);
#816 = DEFINITIONAL_REPRESENTATION('',(#817),#821);
#817 = LINE('',#818,#819);
#818 = CARTESIAN_POINT('',(-26.3,-11.5));
#819 = VECTOR('',#820,1.);
#820 = DIRECTION('',(0.,1.));
#821 = ( GEOMETRIC_REPRESENTATION_CONTEXT(2) 
PARAMETRIC_REPRESENTATION_CONTEXT() REPRESENTATION_CONTEXT('2D SPACE',''
  ) );
#822 = ORIENTED_EDGE('',*,*,#823,.T.);
#823 = EDGE_CURVE('',#801,#606,#824,.T.);
#824 = SURFACE_CURVE('',#825,(#829,#836),.PCURVE_S1.);
#825 = LINE('',#826,#827);
#826 = CARTESIAN_POINT('',(-25.5,11.5,8.));
#827 = VECTOR('',#828,1.);
#828 = DIRECTION('',(0.,0.,-1.));
#829 = PCURVE('',#566,#830);
#830 = DEFINITIONAL_REPRESENTATION('',(#831),#835);
#831 = LINE('',#832,#833);
#832 = CARTESIAN_POINT('',(23.,0.));
#833 = VECTOR('',#834,1.);
#834 = DIRECTION('',(0.,1.));
#835 = ( GEOMETRIC_REPRESENTATION_CONTEXT(2) 
PARAMETRIC_REPRESENTATION_CONTEXT() REPRESENTATION_CONTEXT('2D SPACE',''
  ) );
#836 = PCURVE('',#458,#837);
#837 = DEFINITIONAL_REPRESENTATION('',(#838),#842);
#838 = LINE('',#839,#840);
#839 = CARTESIAN_POINT('',(0.,0.));
#840 = VECTOR('',#841,1.);
#841 = DIRECTION('',(0.,1.));
#842 = ( GEOMETRIC_REPRESENTATION_CONTEXT(2) 
PARAMETRIC_REPRESENTATION_CONTEXT() REPRESENTATION_CONTEXT('2D SPACE',''
  ) );
#843 = ADVANCED_FACE('',(#844),#766,.T.);
#844 = FACE_BOUND('',#845,.T.);
#845 = EDGE_LOOP('',(#846,#869,#870,#893));
#846 = ORIENTED_EDGE('',*,*,#847,.T.);
#847 = EDGE_CURVE('',#848,#718,#850,.T.);
#848 = VERTEX_POINT('',#849);
#849 = CARTESIAN_POINT('',(-27.5,-9.5,5.5));
#850 = SURFACE_CURVE('',#851,(#855,#862),.PCURVE_S1.);
#851 = LINE('',#852,#853);
#852 = CARTESIAN_POINT('',(-30.,-9.5,5.5));
#853 = VECTOR('',#854,1.);
#854 = DIRECTION('',(1.,0.,0.));
#855 = PCURVE('',#766,#856);
#856 = DEFINITIONAL_REPRESENTATION('',(#857),#861);
#857 = LINE('',#858,#859);
#858 = CARTESIAN_POINT('',(8.,0.));
#859 = VECTOR('',#860,1.);
#860 = DIRECTION('',(0.,1.));
#861 = ( GEOMETRIC_REPRESENTATION_CONTEXT(2) 
PARAMETRIC_REPRESENTATION_CONTEXT() REPRESENTATION_CONTEXT('2D SPACE',''
  ) );
#862 = PCURVE('',#738,#863);
#863 = DEFINITIONAL_REPRESENTATION('',(#864),#868);
#864 = LINE('',#865,#866);
#865 = CARTESIAN_POINT('',(6.28318530718,0.));
#866 = VECTOR('',#867,1.);
#867 = DIRECTION('',(-0.,1.));
#868 = ( GEOMETRIC_REPRESENTATION_CONTEXT(2) 
PARAMETRIC_REPRESENTATION_CONTEXT() REPRESENTATION_CONTEXT('2D SPACE',''
  ) );
#869 = ORIENTED_EDGE('',*,*,#750,.T.);
#870 = ORIENTED_EDGE('',*,*,#871,.T.);
#871 = EDGE_CURVE('',#751,#872,#874,.T.);
#872 = VERTEX_POINT('',#873);
#873 = CARTESIAN_POINT('',(-27.5,-9.5,1.));
#874 = SURFACE_CURVE('',#875,(#879,#886),.PCURVE_S1.);
#875 = LINE('',#876,#877);
#876 = CARTESIAN_POINT('',(-14.6,-9.5,1.));
#877 = VECTOR('',#878,1.);
#878 = DIRECTION('',(-1.,0.,0.));
#879 = PCURVE('',#766,#880);
#880 = DEFINITIONAL_REPRESENTATION('',(#881),#885);
#881 = LINE('',#882,#883);
#882 = CARTESIAN_POINT('',(3.5,15.4));
#883 = VECTOR('',#884,1.);
#884 = DIRECTION('',(0.,-1.));
#885 = ( GEOMETRIC_REPRESENTATION_CONTEXT(2) 
PARAMETRIC_REPRESENTATION_CONTEXT() REPRESENTATION_CONTEXT('2D SPACE',''
  ) );
#886 = PCURVE('',#72,#887);
#887 = DEFINITIONAL_REPRESENTATION('',(#888),#892);
#888 = LINE('',#889,#890);
#889 = CARTESIAN_POINT('',(-15.4,-9.5));
#890 = VECTOR('',#891,1.);
#891 = DIRECTION('',(-1.,0.));
#892 = ( GEOMETRIC_REPRESENTATION_CONTEXT(2) 
PARAMETRIC_REPRESENTATION_CONTEXT() REPRESENTATION_CONTEXT('2D SPACE',''
  ) );
#893 = ORIENTED_EDGE('',*,*,#894,.F.);
#894 = EDGE_CURVE('',#848,#872,#895,.T.);
#895 = SURFACE_CURVE('',#896,(#900,#907),.PCURVE_S1.);
#896 = LINE('',#897,#898);
#897 = CARTESIAN_POINT('',(-27.5,-9.5,2.75));
#898 = VECTOR('',#899,1.);
#899 = DIRECTION('',(0.,0.,-1.));
#900 = PCURVE('',#766,#901);
#901 = DEFINITIONAL_REPRESENTATION('',(#902),#906);
#902 = LINE('',#903,#904);
#903 = CARTESIAN_POINT('',(5.25,2.5));
#904 = VECTOR('',#905,1.);
#905 = DIRECTION('',(-1.,0.));
#906 = ( GEOMETRIC_REPRESENTATION_CONTEXT(2) 
PARAMETRIC_REPRESENTATION_CONTEXT() REPRESENTATION_CONTEXT('2D SPACE',''
  ) );
#907 = PCURVE('',#908,#913);
#908 = PLANE('',#909);
#909 = AXIS2_PLACEMENT_3D('',#910,#911,#912);
#910 = CARTESIAN_POINT('',(-27.5,-11.5,8.));
#911 = DIRECTION('',(-1.,0.,0.));
#912 = DIRECTION('',(0.,1.,0.));
#913 = DEFINITIONAL_REPRESENTATION('',(#914),#918);
#914 = LINE('',#915,#916);
#915 = CARTESIAN_POINT('',(2.,5.25));
#916 = VECTOR('',#917,1.);
#917 = DIRECTION('',(0.,1.));
#918 = ( GEOMETRIC_REPRESENTATION_CONTEXT(2) 
PARAMETRIC_REPRESENTATION_CONTEXT() REPRESENTATION_CONTEXT('2D SPACE',''
  ) );
#919 = ADVANCED_FACE('',(#920),#908,.T.);
#920 = FACE_BOUND('',#921,.T.);
#921 = EDGE_LOOP('',(#922,#947,#970,#998,#1021,#1047,#1048,#1071,#1099,
    #1127));
#922 = ORIENTED_EDGE('',*,*,#923,.T.);
#923 = EDGE_CURVE('',#924,#926,#928,.T.);
#924 = VERTEX_POINT('',#925);
#925 = CARTESIAN_POINT('',(-27.5,12.7,1.));
#926 = VERTEX_POINT('',#927);
#927 = CARTESIAN_POINT('',(-27.5,9.5,1.));
#928 = SURFACE_CURVE('',#929,(#933,#940),.PCURVE_S1.);
#929 = LINE('',#930,#931);
#930 = CARTESIAN_POINT('',(-27.5,-5.75,1.));
#931 = VECTOR('',#932,1.);
#932 = DIRECTION('',(0.,-1.,0.));
#933 = PCURVE('',#908,#934);
#934 = DEFINITIONAL_REPRESENTATION('',(#935),#939);
#935 = LINE('',#936,#937);
#936 = CARTESIAN_POINT('',(5.75,7.));
#937 = VECTOR('',#938,1.);
#938 = DIRECTION('',(-1.,0.));
#939 = ( GEOMETRIC_REPRESENTATION_CONTEXT(2) 
PARAMETRIC_REPRESENTATION_CONTEXT() REPRESENTATION_CONTEXT('2D SPACE',''
  ) );
#940 = PCURVE('',#430,#941);
#941 = DEFINITIONAL_REPRESENTATION('',(#942),#946);
#942 = LINE('',#943,#944);
#943 = CARTESIAN_POINT('',(-28.3,-5.75));
#944 = VECTOR('',#945,1.);
#945 = DIRECTION('',(0.,-1.));
#946 = ( GEOMETRIC_REPRESENTATION_CONTEXT(2) 
PARAMETRIC_REPRESENTATION_CONTEXT() REPRESENTATION_CONTEXT('2D SPACE',''
  ) );
#947 = ORIENTED_EDGE('',*,*,#948,.F.);
#948 = EDGE_CURVE('',#949,#926,#951,.T.);
#949 = VERTEX_POINT('',#950);
#950 = CARTESIAN_POINT('',(-27.5,9.5,5.5));
#951 = SURFACE_CURVE('',#952,(#956,#963),.PCURVE_S1.);
#952 = LINE('',#953,#954);
#953 = CARTESIAN_POINT('',(-27.5,9.5,2.75));
#954 = VECTOR('',#955,1.);
#955 = DIRECTION('',(0.,0.,-1.));
#956 = PCURVE('',#908,#957);
#957 = DEFINITIONAL_REPRESENTATION('',(#958),#962);
#958 = LINE('',#959,#960);
#959 = CARTESIAN_POINT('',(21.,5.25));
#960 = VECTOR('',#961,1.);
#961 = DIRECTION('',(0.,1.));
#962 = ( GEOMETRIC_REPRESENTATION_CONTEXT(2) 
PARAMETRIC_REPRESENTATION_CONTEXT() REPRESENTATION_CONTEXT('2D SPACE',''
  ) );
#963 = PCURVE('',#644,#964);
#964 = DEFINITIONAL_REPRESENTATION('',(#965),#969);
#965 = LINE('',#966,#967);
#966 = CARTESIAN_POINT('',(5.25,2.5));
#967 = VECTOR('',#968,1.);
#968 = DIRECTION('',(-1.,0.));
#969 = ( GEOMETRIC_REPRESENTATION_CONTEXT(2) 
PARAMETRIC_REPRESENTATION_CONTEXT() REPRESENTATION_CONTEXT('2D SPACE',''
  ) );
#970 = ORIENTED_EDGE('',*,*,#971,.T.);
#971 = EDGE_CURVE('',#949,#972,#974,.T.);
#972 = VERTEX_POINT('',#973);
#973 = CARTESIAN_POINT('',(-27.5,7.5,7.5));
#974 = SURFACE_CURVE('',#975,(#980,#991),.PCURVE_S1.);
#975 = CIRCLE('',#976,2.);
#976 = AXIS2_PLACEMENT_3D('',#977,#978,#979);
#977 = CARTESIAN_POINT('',(-27.5,7.5,5.5));
#978 = DIRECTION('',(1.,0.,0.));
#979 = DIRECTION('',(-0.,1.,0.));
#980 = PCURVE('',#908,#981);
#981 = DEFINITIONAL_REPRESENTATION('',(#982),#990);
#982 = ( BOUNDED_CURVE() B_SPLINE_CURVE(2,(#983,#984,#985,#986,#987,#988
,#989),.UNSPECIFIED.,.T.,.F.) B_SPLINE_CURVE_WITH_KNOTS((1,2,2,2,2,1),(
    -2.094395102393,0.,2.094395102393,4.188790204786,6.28318530718,
8.377580409573),.UNSPECIFIED.) CURVE() GEOMETRIC_REPRESENTATION_ITEM() 
RATIONAL_B_SPLINE_CURVE((1.,0.5,1.,0.5,1.,0.5,1.)) REPRESENTATION_ITEM(
  '') );
#983 = CARTESIAN_POINT('',(21.,2.5));
#984 = CARTESIAN_POINT('',(21.,-0.964101615138));
#985 = CARTESIAN_POINT('',(18.,0.767949192431));
#986 = CARTESIAN_POINT('',(15.,2.5));
#987 = CARTESIAN_POINT('',(18.,4.232050807569));
#988 = CARTESIAN_POINT('',(21.,5.964101615138));
#989 = CARTESIAN_POINT('',(21.,2.5));
#990 = ( GEOMETRIC_REPRESENTATION_CONTEXT(2) 
PARAMETRIC_REPRESENTATION_CONTEXT() REPRESENTATION_CONTEXT('2D SPACE',''
  ) );
#991 = PCURVE('',#677,#992);
#992 = DEFINITIONAL_REPRESENTATION('',(#993),#997);
#993 = LINE('',#994,#995);
#994 = CARTESIAN_POINT('',(0.,2.5));
#995 = VECTOR('',#996,1.);
#996 = DIRECTION('',(1.,0.));
#997 = ( GEOMETRIC_REPRESENTATION_CONTEXT(2) 
PARAMETRIC_REPRESENTATION_CONTEXT() REPRESENTATION_CONTEXT('2D SPACE',''
  ) );
#998 = ORIENTED_EDGE('',*,*,#999,.F.);
#999 = EDGE_CURVE('',#1000,#972,#1002,.T.);
#1000 = VERTEX_POINT('',#1001);
#1001 = CARTESIAN_POINT('',(-27.5,-7.5,7.5));
#1002 = SURFACE_CURVE('',#1003,(#1007,#1014),.PCURVE_S1.);
#1003 = LINE('',#1004,#1005);
#1004 = CARTESIAN_POINT('',(-27.5,-10.5,7.5));
#1005 = VECTOR('',#1006,1.);
#1006 = DIRECTION('',(0.,1.,-0.));
#1007 = PCURVE('',#908,#1008);
#1008 = DEFINITIONAL_REPRESENTATION('',(#1009),#1013);
#1009 = LINE('',#1010,#1011);
#1010 = CARTESIAN_POINT('',(1.,0.5));
#1011 = VECTOR('',#1012,1.);
#1012 = DIRECTION('',(1.,0.));
#1013 = ( GEOMETRIC_REPRESENTATION_CONTEXT(2) 
PARAMETRIC_REPRESENTATION_CONTEXT() REPRESENTATION_CONTEXT('2D SPACE',''
  ) );
#1014 = PCURVE('',#705,#1015);
#1015 = DEFINITIONAL_REPRESENTATION('',(#1016),#1020);
#1016 = LINE('',#1017,#1018);
#1017 = CARTESIAN_POINT('',(2.5,-1.));
#1018 = VECTOR('',#1019,1.);
#1019 = DIRECTION('',(0.,1.));
#1020 = ( GEOMETRIC_REPRESENTATION_CONTEXT(2) 
PARAMETRIC_REPRESENTATION_CONTEXT() REPRESENTATION_CONTEXT('2D SPACE',''
  ) );
#1021 = ORIENTED_EDGE('',*,*,#1022,.T.);
#1022 = EDGE_CURVE('',#1000,#848,#1023,.T.);
#1023 = SURFACE_CURVE('',#1024,(#1029,#1040),.PCURVE_S1.);
#1024 = CIRCLE('',#1025,2.);
#1025 = AXIS2_PLACEMENT_3D('',#1026,#1027,#1028);
#1026 = CARTESIAN_POINT('',(-27.5,-7.5,5.5));
#1027 = DIRECTION('',(1.,0.,0.));
#1028 = DIRECTION('',(0.,-1.,0.));
#1029 = PCURVE('',#908,#1030);
#1030 = DEFINITIONAL_REPRESENTATION('',(#1031),#1039);
#1031 = ( BOUNDED_CURVE() B_SPLINE_CURVE(2,(#1032,#1033,#1034,#1035,
#1036,#1037,#1038),.UNSPECIFIED.,.T.,.F.) B_SPLINE_CURVE_WITH_KNOTS((1,2
    ,2,2,2,1),(-2.094395102393,0.,2.094395102393,4.188790204786,
6.28318530718,8.377580409573),.UNSPECIFIED.) CURVE() 
GEOMETRIC_REPRESENTATION_ITEM() RATIONAL_B_SPLINE_CURVE((1.,0.5,1.,0.5,
1.,0.5,1.)) REPRESENTATION_ITEM('') );
#1032 = CARTESIAN_POINT('',(2.,2.5));
#1033 = CARTESIAN_POINT('',(2.,5.964101615138));
#1034 = CARTESIAN_POINT('',(5.,4.232050807569));
#1035 = CARTESIAN_POINT('',(8.,2.5));
#1036 = CARTESIAN_POINT('',(5.,0.767949192431));
#1037 = CARTESIAN_POINT('',(2.,-0.964101615138));
#1038 = CARTESIAN_POINT('',(2.,2.5));
#1039 = ( GEOMETRIC_REPRESENTATION_CONTEXT(2) 
PARAMETRIC_REPRESENTATION_CONTEXT() REPRESENTATION_CONTEXT('2D SPACE',''
  ) );
#1040 = PCURVE('',#738,#1041);
#1041 = DEFINITIONAL_REPRESENTATION('',(#1042),#1046);
#1042 = LINE('',#1043,#1044);
#1043 = CARTESIAN_POINT('',(-4.138911435803E-13,2.5));
#1044 = VECTOR('',#1045,1.);
#1045 = DIRECTION('',(1.,-0.));
#1046 = ( GEOMETRIC_REPRESENTATION_CONTEXT(2) 
PARAMETRIC_REPRESENTATION_CONTEXT() REPRESENTATION_CONTEXT('2D SPACE',''
  ) );
#1047 = ORIENTED_EDGE('',*,*,#894,.T.);
#1048 = ORIENTED_EDGE('',*,*,#1049,.T.);
#1049 = EDGE_CURVE('',#872,#1050,#1052,.T.);
#1050 = VERTEX_POINT('',#1051);
#1051 = CARTESIAN_POINT('',(-27.5,-12.7,1.));
#1052 = SURFACE_CURVE('',#1053,(#1057,#1064),.PCURVE_S1.);
#1053 = LINE('',#1054,#1055);
#1054 = CARTESIAN_POINT('',(-27.5,-5.75,1.));
#1055 = VECTOR('',#1056,1.);
#1056 = DIRECTION('',(0.,-1.,0.));
#1057 = PCURVE('',#908,#1058);
#1058 = DEFINITIONAL_REPRESENTATION('',(#1059),#1063);
#1059 = LINE('',#1060,#1061);
#1060 = CARTESIAN_POINT('',(5.75,7.));
#1061 = VECTOR('',#1062,1.);
#1062 = DIRECTION('',(-1.,0.));
#1063 = ( GEOMETRIC_REPRESENTATION_CONTEXT(2) 
PARAMETRIC_REPRESENTATION_CONTEXT() REPRESENTATION_CONTEXT('2D SPACE',''
  ) );
#1064 = PCURVE('',#72,#1065);
#1065 = DEFINITIONAL_REPRESENTATION('',(#1066),#1070);
#1066 = LINE('',#1067,#1068);
#1067 = CARTESIAN_POINT('',(-28.3,-5.75));
#1068 = VECTOR('',#1069,1.);
#1069 = DIRECTION('',(0.,-1.));
#1070 = ( GEOMETRIC_REPRESENTATION_CONTEXT(2) 
PARAMETRIC_REPRESENTATION_CONTEXT() REPRESENTATION_CONTEXT('2D SPACE',''
  ) );
#1071 = ORIENTED_EDGE('',*,*,#1072,.F.);
#1072 = EDGE_CURVE('',#1073,#1050,#1075,.T.);
#1073 = VERTEX_POINT('',#1074);
#1074 = CARTESIAN_POINT('',(-27.5,-12.7,9.2));
#1075 = SURFACE_CURVE('',#1076,(#1080,#1087),.PCURVE_S1.);
#1076 = LINE('',#1077,#1078);
#1077 = CARTESIAN_POINT('',(-27.5,-12.7,8.));
#1078 = VECTOR('',#1079,1.);
#1079 = DIRECTION('',(0.,0.,-1.));
#1080 = PCURVE('',#908,#1081);
#1081 = DEFINITIONAL_REPRESENTATION('',(#1082),#1086);
#1082 = LINE('',#1083,#1084);
#1083 = CARTESIAN_POINT('',(-1.2,0.));
#1084 = VECTOR('',#1085,1.);
#1085 = DIRECTION('',(0.,1.));
#1086 = ( GEOMETRIC_REPRESENTATION_CONTEXT(2) 
PARAMETRIC_REPRESENTATION_CONTEXT() REPRESENTATION_CONTEXT('2D SPACE',''
  ) );
#1087 = PCURVE('',#1088,#1093);
#1088 = PLANE('',#1089);
#1089 = AXIS2_PLACEMENT_3D('',#1090,#1091,#1092);
#1090 = CARTESIAN_POINT('',(-27.1,-13.1,8.));
#1091 = DIRECTION('',(-0.707106781187,-0.707106781187,0.));
#1092 = DIRECTION('',(0.,0.,1.));
#1093 = DEFINITIONAL_REPRESENTATION('',(#1094),#1098);
#1094 = LINE('',#1095,#1096);
#1095 = CARTESIAN_POINT('',(0.,0.565685424949));
#1096 = VECTOR('',#1097,1.);
#1097 = DIRECTION('',(-1.,0.));
#1098 = ( GEOMETRIC_REPRESENTATION_CONTEXT(2) 
PARAMETRIC_REPRESENTATION_CONTEXT() REPRESENTATION_CONTEXT('2D SPACE',''
  ) );
#1099 = ORIENTED_EDGE('',*,*,#1100,.F.);
#1100 = EDGE_CURVE('',#1101,#1073,#1103,.T.);
#1101 = VERTEX_POINT('',#1102);
#1102 = CARTESIAN_POINT('',(-27.5,12.7,9.2));
#1103 = SURFACE_CURVE('',#1104,(#1108,#1115),.PCURVE_S1.);
#1104 = LINE('',#1105,#1106);
#1105 = CARTESIAN_POINT('',(-27.5,-5.75,9.2));
#1106 = VECTOR('',#1107,1.);
#1107 = DIRECTION('',(0.,-1.,0.));
#1108 = PCURVE('',#908,#1109);
#1109 = DEFINITIONAL_REPRESENTATION('',(#1110),#1114);
#1110 = LINE('',#1111,#1112);
#1111 = CARTESIAN_POINT('',(5.75,-1.2));
#1112 = VECTOR('',#1113,1.);
#1113 = DIRECTION('',(-1.,0.));
#1114 = ( GEOMETRIC_REPRESENTATION_CONTEXT(2) 
PARAMETRIC_REPRESENTATION_CONTEXT() REPRESENTATION_CONTEXT('2D SPACE',''
  ) );
#1115 = PCURVE('',#1116,#1121);
#1116 = PLANE('',#1117);
#1117 = AXIS2_PLACEMENT_3D('',#1118,#1119,#1120);
#1118 = CARTESIAN_POINT('',(-27.1,-5.75,9.6));
#1119 = DIRECTION('',(-0.707106781187,0.,0.707106781187));
#1120 = DIRECTION('',(0.707106781187,0.,0.707106781187));
#1121 = DEFINITIONAL_REPRESENTATION('',(#1122),#1126);
#1122 = LINE('',#1123,#1124);
#1123 = CARTESIAN_POINT('',(-0.565685424949,0.));
#1124 = VECTOR('',#1125,1.);
#1125 = DIRECTION('',(0.,-1.));
#1126 = ( GEOMETRIC_REPRESENTATION_CONTEXT(2) 
PARAMETRIC_REPRESENTATION_CONTEXT() REPRESENTATION_CONTEXT('2D SPACE',''
  ) );
#1127 = ORIENTED_EDGE('',*,*,#1128,.F.);
#1128 = EDGE_CURVE('',#924,#1101,#1129,.T.);
#1129 = SURFACE_CURVE('',#1130,(#1134,#1141),.PCURVE_S1.);
#1130 = LINE('',#1131,#1132);
#1131 = CARTESIAN_POINT('',(-27.5,12.7,8.));
#1132 = VECTOR('',#1133,1.);
#1133 = DIRECTION('',(0.,0.,1.));
#1134 = PCURVE('',#908,#1135);
#1135 = DEFINITIONAL_REPRESENTATION('',(#1136),#1140);
#1136 = LINE('',#1137,#1138);
#1137 = CARTESIAN_POINT('',(24.2,0.));
#1138 = VECTOR('',#1139,1.);
#1139 = DIRECTION('',(0.,-1.));
#1140 = ( GEOMETRIC_REPRESENTATION_CONTEXT(2) 
PARAMETRIC_REPRESENTATION_CONTEXT() REPRESENTATION_CONTEXT('2D SPACE',''
  ) );
#1141 = PCURVE('',#1142,#1147);
#1142 = PLANE('',#1143);
#1143 = AXIS2_PLACEMENT_3D('',#1144,#1145,#1146);
#1144 = CARTESIAN_POINT('',(-27.1,13.1,8.));
#1145 = DIRECTION('',(-0.707106781187,0.707106781187,0.));
#1146 = DIRECTION('',(0.,0.,1.));
#1147 = DEFINITIONAL_REPRESENTATION('',(#1148),#1152);
#1148 = LINE('',#1149,#1150);
#1149 = CARTESIAN_POINT('',(0.,-0.565685424949));
#1150 = VECTOR('',#1151,1.);
#1151 = DIRECTION('',(1.,0.));
#1152 = ( GEOMETRIC_REPRESENTATION_CONTEXT(2) 
PARAMETRIC_REPRESENTATION_CONTEXT() REPRESENTATION_CONTEXT('2D SPACE',''
  ) );
#1153 = ADVANCED_FACE('',(#1154),#1142,.T.);
#1154 = FACE_BOUND('',#1155,.T.);
#1155 = EDGE_LOOP('',(#1156,#1179,#1180,#1208));
#1156 = ORIENTED_EDGE('',*,*,#1157,.T.);
#1157 = EDGE_CURVE('',#1158,#924,#1160,.T.);
#1158 = VERTEX_POINT('',#1159);
#1159 = CARTESIAN_POINT('',(-26.7,13.5,1.));
#1160 = SURFACE_CURVE('',#1161,(#1165,#1172),.PCURVE_S1.);
#1161 = LINE('',#1162,#1163);
#1162 = CARTESIAN_POINT('',(-23.4,16.8,1.));
#1163 = VECTOR('',#1164,1.);
#1164 = DIRECTION('',(-0.707106781187,-0.707106781187,0.));
#1165 = PCURVE('',#1142,#1166);
#1166 = DEFINITIONAL_REPRESENTATION('',(#1167),#1171);
#1167 = LINE('',#1168,#1169);
#1168 = CARTESIAN_POINT('',(-7.,5.23259018078));
#1169 = VECTOR('',#1170,1.);
#1170 = DIRECTION('',(0.,-1.));
#1171 = ( GEOMETRIC_REPRESENTATION_CONTEXT(2) 
PARAMETRIC_REPRESENTATION_CONTEXT() REPRESENTATION_CONTEXT('2D SPACE',''
  ) );
#1172 = PCURVE('',#430,#1173);
#1173 = DEFINITIONAL_REPRESENTATION('',(#1174),#1178);
#1174 = LINE('',#1175,#1176);
#1175 = CARTESIAN_POINT('',(-24.2,16.8));
#1176 = VECTOR('',#1177,1.);
#1177 = DIRECTION('',(-0.707106781187,-0.707106781187));
#1178 = ( GEOMETRIC_REPRESENTATION_CONTEXT(2) 
PARAMETRIC_REPRESENTATION_CONTEXT() REPRESENTATION_CONTEXT('2D SPACE',''
  ) );
#1179 = ORIENTED_EDGE('',*,*,#1128,.T.);
#1180 = ORIENTED_EDGE('',*,*,#1181,.T.);
#1181 = EDGE_CURVE('',#1101,#1182,#1184,.T.);
#1182 = VERTEX_POINT('',#1183);
#1183 = CARTESIAN_POINT('',(-26.7,13.5,9.2));
#1184 = SURFACE_CURVE('',#1185,(#1189,#1196),.PCURVE_S1.);
#1185 = LINE('',#1186,#1187);
#1186 = CARTESIAN_POINT('',(-27.5,12.7,9.2));
#1187 = VECTOR('',#1188,1.);
#1188 = DIRECTION('',(0.707106781187,0.707106781187,0.));
#1189 = PCURVE('',#1142,#1190);
#1190 = DEFINITIONAL_REPRESENTATION('',(#1191),#1195);
#1191 = LINE('',#1192,#1193);
#1192 = CARTESIAN_POINT('',(1.2,-0.565685424949));
#1193 = VECTOR('',#1194,1.);
#1194 = DIRECTION('',(0.,1.));
#1195 = ( GEOMETRIC_REPRESENTATION_CONTEXT(2) 
PARAMETRIC_REPRESENTATION_CONTEXT() REPRESENTATION_CONTEXT('2D SPACE',''
  ) );
#1196 = PCURVE('',#1197,#1202);
#1197 = PLANE('',#1198);
#1198 = AXIS2_PLACEMENT_3D('',#1199,#1200,#1201);
#1199 = CARTESIAN_POINT('',(-26.7,13.5,9.2));
#1200 = DIRECTION('',(-0.57735026919,0.57735026919,0.57735026919));
#1201 = DIRECTION('',(0.707106781187,0.,0.707106781187));
#1202 = DEFINITIONAL_REPRESENTATION('',(#1203),#1207);
#1203 = LINE('',#1204,#1205);
#1204 = CARTESIAN_POINT('',(-0.565685424949,-0.979795897113));
#1205 = VECTOR('',#1206,1.);
#1206 = DIRECTION('',(0.5,0.866025403784));
#1207 = ( GEOMETRIC_REPRESENTATION_CONTEXT(2) 
PARAMETRIC_REPRESENTATION_CONTEXT() REPRESENTATION_CONTEXT('2D SPACE',''
  ) );
#1208 = ORIENTED_EDGE('',*,*,#1209,.T.);
#1209 = EDGE_CURVE('',#1182,#1158,#1210,.T.);
#1210 = SURFACE_CURVE('',#1211,(#1215,#1222),.PCURVE_S1.);
#1211 = LINE('',#1212,#1213);
#1212 = CARTESIAN_POINT('',(-26.7,13.5,8.));
#1213 = VECTOR('',#1214,1.);
#1214 = DIRECTION('',(0.,0.,-1.));
#1215 = PCURVE('',#1142,#1216);
#1216 = DEFINITIONAL_REPRESENTATION('',(#1217),#1221);
#1217 = LINE('',#1218,#1219);
#1218 = CARTESIAN_POINT('',(0.,0.565685424949));
#1219 = VECTOR('',#1220,1.);
#1220 = DIRECTION('',(-1.,0.));
#1221 = ( GEOMETRIC_REPRESENTATION_CONTEXT(2) 
PARAMETRIC_REPRESENTATION_CONTEXT() REPRESENTATION_CONTEXT('2D SPACE',''
  ) );
#1222 = PCURVE('',#1223,#1228);
#1223 = PLANE('',#1224);
#1224 = AXIS2_PLACEMENT_3D('',#1225,#1226,#1227);
#1225 = CARTESIAN_POINT('',(-25.5,13.5,8.));
#1226 = DIRECTION('',(0.,1.,0.));
#1227 = DIRECTION('',(1.,0.,0.));
#1228 = DEFINITIONAL_REPRESENTATION('',(#1229),#1233);
#1229 = LINE('',#1230,#1231);
#1230 = CARTESIAN_POINT('',(-1.2,0.));
#1231 = VECTOR('',#1232,1.);
#1232 = DIRECTION('',(0.,1.));
#1233 = ( GEOMETRIC_REPRESENTATION_CONTEXT(2) 
PARAMETRIC_REPRESENTATION_CONTEXT() REPRESENTATION_CONTEXT('2D SPACE',''
  ) );
#1234 = ADVANCED_FACE('',(#1235),#1223,.T.);
#1235 = FACE_BOUND('',#1236,.T.);
#1236 = EDGE_LOOP('',(#1237,#1260,#1261,#1289));
#1237 = ORIENTED_EDGE('',*,*,#1238,.T.);
#1238 = EDGE_CURVE('',#1239,#1158,#1241,.T.);
#1239 = VERTEX_POINT('',#1240);
#1240 = CARTESIAN_POINT('',(28.3,13.5,1.));
#1241 = SURFACE_CURVE('',#1242,(#1246,#1253),.PCURVE_S1.);
#1242 = LINE('',#1243,#1244);
#1243 = CARTESIAN_POINT('',(-12.35,13.5,1.));
#1244 = VECTOR('',#1245,1.);
#1245 = DIRECTION('',(-1.,0.,0.));
#1246 = PCURVE('',#1223,#1247);
#1247 = DEFINITIONAL_REPRESENTATION('',(#1248),#1252);
#1248 = LINE('',#1249,#1250);
#1249 = CARTESIAN_POINT('',(13.15,7.));
#1250 = VECTOR('',#1251,1.);
#1251 = DIRECTION('',(-1.,0.));
#1252 = ( GEOMETRIC_REPRESENTATION_CONTEXT(2) 
PARAMETRIC_REPRESENTATION_CONTEXT() REPRESENTATION_CONTEXT('2D SPACE',''
  ) );
#1253 = PCURVE('',#430,#1254);
#1254 = DEFINITIONAL_REPRESENTATION('',(#1255),#1259);
#1255 = LINE('',#1256,#1257);
#1256 = CARTESIAN_POINT('',(-13.15,13.5));
#1257 = VECTOR('',#1258,1.);
#1258 = DIRECTION('',(-1.,0.));
#1259 = ( GEOMETRIC_REPRESENTATION_CONTEXT(2) 
PARAMETRIC_REPRESENTATION_CONTEXT() REPRESENTATION_CONTEXT('2D SPACE',''
  ) );
#1260 = ORIENTED_EDGE('',*,*,#1209,.F.);
#1261 = ORIENTED_EDGE('',*,*,#1262,.F.);
#1262 = EDGE_CURVE('',#1263,#1182,#1265,.T.);
#1263 = VERTEX_POINT('',#1264);
#1264 = CARTESIAN_POINT('',(28.3,13.5,9.2));
#1265 = SURFACE_CURVE('',#1266,(#1270,#1277),.PCURVE_S1.);
#1266 = LINE('',#1267,#1268);
#1267 = CARTESIAN_POINT('',(-12.35,13.5,9.2));
#1268 = VECTOR('',#1269,1.);
#1269 = DIRECTION('',(-1.,0.,0.));
#1270 = PCURVE('',#1223,#1271);
#1271 = DEFINITIONAL_REPRESENTATION('',(#1272),#1276);
#1272 = LINE('',#1273,#1274);
#1273 = CARTESIAN_POINT('',(13.15,-1.2));
#1274 = VECTOR('',#1275,1.);
#1275 = DIRECTION('',(-1.,0.));
#1276 = ( GEOMETRIC_REPRESENTATION_CONTEXT(2) 
PARAMETRIC_REPRESENTATION_CONTEXT() REPRESENTATION_CONTEXT('2D SPACE',''
  ) );
#1277 = PCURVE('',#1278,#1283);
#1278 = PLANE('',#1279);
#1279 = AXIS2_PLACEMENT_3D('',#1280,#1281,#1282);
#1280 = CARTESIAN_POINT('',(-12.35,13.1,9.6));
#1281 = DIRECTION('',(0.,0.707106781187,0.707106781187));
#1282 = DIRECTION('',(1.,0.,-0.));
#1283 = DEFINITIONAL_REPRESENTATION('',(#1284),#1288);
#1284 = LINE('',#1285,#1286);
#1285 = CARTESIAN_POINT('',(0.,0.565685424949));
#1286 = VECTOR('',#1287,1.);
#1287 = DIRECTION('',(-1.,0.));
#1288 = ( GEOMETRIC_REPRESENTATION_CONTEXT(2) 
PARAMETRIC_REPRESENTATION_CONTEXT() REPRESENTATION_CONTEXT('2D SPACE',''
  ) );
#1289 = ORIENTED_EDGE('',*,*,#1290,.F.);
#1290 = EDGE_CURVE('',#1239,#1263,#1291,.T.);
#1291 = SURFACE_CURVE('',#1292,(#1296,#1303),.PCURVE_S1.);
#1292 = LINE('',#1293,#1294);
#1293 = CARTESIAN_POINT('',(28.3,13.5,8.));
#1294 = VECTOR('',#1295,1.);
#1295 = DIRECTION('',(0.,0.,1.));
#1296 = PCURVE('',#1223,#1297);
#1297 = DEFINITIONAL_REPRESENTATION('',(#1298),#1302);
#1298 = LINE('',#1299,#1300);
#1299 = CARTESIAN_POINT('',(53.8,0.));
#1300 = VECTOR('',#1301,1.);
#1301 = DIRECTION('',(0.,-1.));
#1302 = ( GEOMETRIC_REPRESENTATION_CONTEXT(2) 
PARAMETRIC_REPRESENTATION_CONTEXT() REPRESENTATION_CONTEXT('2D SPACE',''
  ) );
#1303 = PCURVE('',#1304,#1309);
#1304 = PLANE('',#1305);
#1305 = AXIS2_PLACEMENT_3D('',#1306,#1307,#1308);
#1306 = CARTESIAN_POINT('',(28.7,13.1,8.));
#1307 = DIRECTION('',(0.707106781187,0.707106781187,0.));
#1308 = DIRECTION('',(0.,0.,-1.));
#1309 = DEFINITIONAL_REPRESENTATION('',(#1310),#1314);
#1310 = LINE('',#1311,#1312);
#1311 = CARTESIAN_POINT('',(0.,0.565685424949));
#1312 = VECTOR('',#1313,1.);
#1313 = DIRECTION('',(-1.,0.));
#1314 = ( GEOMETRIC_REPRESENTATION_CONTEXT(2) 
PARAMETRIC_REPRESENTATION_CONTEXT() REPRESENTATION_CONTEXT('2D SPACE',''
  ) );
#1315 = ADVANCED_FACE('',(#1316),#1304,.T.);
#1316 = FACE_BOUND('',#1317,.T.);
#1317 = EDGE_LOOP('',(#1318,#1341,#1342,#1370));
#1318 = ORIENTED_EDGE('',*,*,#1319,.T.);
#1319 = EDGE_CURVE('',#1320,#1239,#1322,.T.);
#1320 = VERTEX_POINT('',#1321);
#1321 = CARTESIAN_POINT('',(29.1,12.7,1.));
#1322 = SURFACE_CURVE('',#1323,(#1327,#1334),.PCURVE_S1.);
#1323 = LINE('',#1324,#1325);
#1324 = CARTESIAN_POINT('',(25.,16.8,1.));
#1325 = VECTOR('',#1326,1.);
#1326 = DIRECTION('',(-0.707106781187,0.707106781187,0.));
#1327 = PCURVE('',#1304,#1328);
#1328 = DEFINITIONAL_REPRESENTATION('',(#1329),#1333);
#1329 = LINE('',#1330,#1331);
#1330 = CARTESIAN_POINT('',(7.,5.23259018078));
#1331 = VECTOR('',#1332,1.);
#1332 = DIRECTION('',(0.,1.));
#1333 = ( GEOMETRIC_REPRESENTATION_CONTEXT(2) 
PARAMETRIC_REPRESENTATION_CONTEXT() REPRESENTATION_CONTEXT('2D SPACE',''
  ) );
#1334 = PCURVE('',#430,#1335);
#1335 = DEFINITIONAL_REPRESENTATION('',(#1336),#1340);
#1336 = LINE('',#1337,#1338);
#1337 = CARTESIAN_POINT('',(24.2,16.8));
#1338 = VECTOR('',#1339,1.);
#1339 = DIRECTION('',(-0.707106781187,0.707106781187));
#1340 = ( GEOMETRIC_REPRESENTATION_CONTEXT(2) 
PARAMETRIC_REPRESENTATION_CONTEXT() REPRESENTATION_CONTEXT('2D SPACE',''
  ) );
#1341 = ORIENTED_EDGE('',*,*,#1290,.T.);
#1342 = ORIENTED_EDGE('',*,*,#1343,.T.);
#1343 = EDGE_CURVE('',#1263,#1344,#1346,.T.);
#1344 = VERTEX_POINT('',#1345);
#1345 = CARTESIAN_POINT('',(29.1,12.7,9.2));
#1346 = SURFACE_CURVE('',#1347,(#1351,#1358),.PCURVE_S1.);
#1347 = LINE('',#1348,#1349);
#1348 = CARTESIAN_POINT('',(28.3,13.5,9.2));
#1349 = VECTOR('',#1350,1.);
#1350 = DIRECTION('',(0.707106781187,-0.707106781187,0.));
#1351 = PCURVE('',#1304,#1352);
#1352 = DEFINITIONAL_REPRESENTATION('',(#1353),#1357);
#1353 = LINE('',#1354,#1355);
#1354 = CARTESIAN_POINT('',(-1.2,0.565685424949));
#1355 = VECTOR('',#1356,1.);
#1356 = DIRECTION('',(0.,-1.));
#1357 = ( GEOMETRIC_REPRESENTATION_CONTEXT(2) 
PARAMETRIC_REPRESENTATION_CONTEXT() REPRESENTATION_CONTEXT('2D SPACE',''
  ) );
#1358 = PCURVE('',#1359,#1364);
#1359 = PLANE('',#1360);
#1360 = AXIS2_PLACEMENT_3D('',#1361,#1362,#1363);
#1361 = CARTESIAN_POINT('',(29.1,12.7,9.2));
#1362 = DIRECTION('',(0.57735026919,0.57735026919,0.57735026919));
#1363 = DIRECTION('',(0.707106781187,0.,-0.707106781187));
#1364 = DEFINITIONAL_REPRESENTATION('',(#1365),#1369);
#1365 = LINE('',#1366,#1367);
#1366 = CARTESIAN_POINT('',(-0.565685424949,0.979795897113));
#1367 = VECTOR('',#1368,1.);
#1368 = DIRECTION('',(0.5,-0.866025403784));
#1369 = ( GEOMETRIC_REPRESENTATION_CONTEXT(2) 
PARAMETRIC_REPRESENTATION_CONTEXT() REPRESENTATION_CONTEXT('2D SPACE',''
  ) );
#1370 = ORIENTED_EDGE('',*,*,#1371,.T.);
#1371 = EDGE_CURVE('',#1344,#1320,#1372,.T.);
#1372 = SURFACE_CURVE('',#1373,(#1377,#1384),.PCURVE_S1.);
#1373 = LINE('',#1374,#1375);
#1374 = CARTESIAN_POINT('',(29.1,12.7,8.));
#1375 = VECTOR('',#1376,1.);
#1376 = DIRECTION('',(0.,0.,-1.));
#1377 = PCURVE('',#1304,#1378);
#1378 = DEFINITIONAL_REPRESENTATION('',(#1379),#1383);
#1379 = LINE('',#1380,#1381);
#1380 = CARTESIAN_POINT('',(0.,-0.565685424949));
#1381 = VECTOR('',#1382,1.);
#1382 = DIRECTION('',(1.,0.));
#1383 = ( GEOMETRIC_REPRESENTATION_CONTEXT(2) 
PARAMETRIC_REPRESENTATION_CONTEXT() REPRESENTATION_CONTEXT('2D SPACE',''
  ) );
#1384 = PCURVE('',#44,#1385);
#1385 = DEFINITIONAL_REPRESENTATION('',(#1386),#1390);
#1386 = LINE('',#1387,#1388);
#1387 = CARTESIAN_POINT('',(-1.2,0.));
#1388 = VECTOR('',#1389,1.);
#1389 = DIRECTION('',(0.,1.));
#1390 = ( GEOMETRIC_REPRESENTATION_CONTEXT(2) 
PARAMETRIC_REPRESENTATION_CONTEXT() REPRESENTATION_CONTEXT('2D SPACE',''
  ) );
#1391 = ADVANCED_FACE('',(#1392),#1359,.T.);
#1392 = FACE_BOUND('',#1393,.T.);
#1393 = EDGE_LOOP('',(#1394,#1417,#1443));
#1394 = ORIENTED_EDGE('',*,*,#1395,.F.);
#1395 = EDGE_CURVE('',#1396,#1263,#1398,.T.);
#1396 = VERTEX_POINT('',#1397);
#1397 = CARTESIAN_POINT('',(28.3,12.7,10.));
#1398 = SURFACE_CURVE('',#1399,(#1403,#1410),.PCURVE_S1.);
#1399 = LINE('',#1400,#1401);
#1400 = CARTESIAN_POINT('',(28.3,12.7,10.));
#1401 = VECTOR('',#1402,1.);
#1402 = DIRECTION('',(0.,0.707106781187,-0.707106781187));
#1403 = PCURVE('',#1359,#1404);
#1404 = DEFINITIONAL_REPRESENTATION('',(#1405),#1409);
#1405 = LINE('',#1406,#1407);
#1406 = CARTESIAN_POINT('',(-1.131370849898,0.));
#1407 = VECTOR('',#1408,1.);
#1408 = DIRECTION('',(0.5,0.866025403784));
#1409 = ( GEOMETRIC_REPRESENTATION_CONTEXT(2) 
PARAMETRIC_REPRESENTATION_CONTEXT() REPRESENTATION_CONTEXT('2D SPACE',''
  ) );
#1410 = PCURVE('',#1278,#1411);
#1411 = DEFINITIONAL_REPRESENTATION('',(#1412),#1416);
#1412 = LINE('',#1413,#1414);
#1413 = CARTESIAN_POINT('',(40.65,-0.565685424949));
#1414 = VECTOR('',#1415,1.);
#1415 = DIRECTION('',(0.,1.));
#1416 = ( GEOMETRIC_REPRESENTATION_CONTEXT(2) 
PARAMETRIC_REPRESENTATION_CONTEXT() REPRESENTATION_CONTEXT('2D SPACE',''
  ) );
#1417 = ORIENTED_EDGE('',*,*,#1418,.F.);
#1418 = EDGE_CURVE('',#1344,#1396,#1419,.T.);
#1419 = SURFACE_CURVE('',#1420,(#1424,#1431),.PCURVE_S1.);
#1420 = LINE('',#1421,#1422);
#1421 = CARTESIAN_POINT('',(29.1,12.7,9.2));
#1422 = VECTOR('',#1423,1.);
#1423 = DIRECTION('',(-0.707106781187,0.,0.707106781187));
#1424 = PCURVE('',#1359,#1425);
#1425 = DEFINITIONAL_REPRESENTATION('',(#1426),#1430);
#1426 = LINE('',#1427,#1428);
#1427 = CARTESIAN_POINT('',(0.,0.));
#1428 = VECTOR('',#1429,1.);
#1429 = DIRECTION('',(-1.,0.));
#1430 = ( GEOMETRIC_REPRESENTATION_CONTEXT(2) 
PARAMETRIC_REPRESENTATION_CONTEXT() REPRESENTATION_CONTEXT('2D SPACE',''
  ) );
#1431 = PCURVE('',#1432,#1437);
#1432 = PLANE('',#1433);
#1433 = AXIS2_PLACEMENT_3D('',#1434,#1435,#1436);
#1434 = CARTESIAN_POINT('',(28.7,5.75,9.6));
#1435 = DIRECTION('',(0.707106781187,0.,0.707106781187));
#1436 = DIRECTION('',(0.707106781187,0.,-0.707106781187));
#1437 = DEFINITIONAL_REPRESENTATION('',(#1438),#1442);
#1438 = LINE('',#1439,#1440);
#1439 = CARTESIAN_POINT('',(0.565685424949,6.95));
#1440 = VECTOR('',#1441,1.);
#1441 = DIRECTION('',(-1.,0.));
#1442 = ( GEOMETRIC_REPRESENTATION_CONTEXT(2) 
PARAMETRIC_REPRESENTATION_CONTEXT() REPRESENTATION_CONTEXT('2D SPACE',''
  ) );
#1443 = ORIENTED_EDGE('',*,*,#1343,.F.);
#1444 = ADVANCED_FACE('',(#1445),#1432,.T.);
#1445 = FACE_BOUND('',#1446,.T.);
#1446 = EDGE_LOOP('',(#1447,#1477,#1498,#1499));
#1447 = ORIENTED_EDGE('',*,*,#1448,.T.);
#1448 = EDGE_CURVE('',#1449,#1451,#1453,.T.);
#1449 = VERTEX_POINT('',#1450);
#1450 = CARTESIAN_POINT('',(28.3,-12.7,10.));
#1451 = VERTEX_POINT('',#1452);
#1452 = CARTESIAN_POINT('',(29.1,-12.7,9.2));
#1453 = SURFACE_CURVE('',#1454,(#1458,#1465),.PCURVE_S1.);
#1454 = LINE('',#1455,#1456);
#1455 = CARTESIAN_POINT('',(28.3,-12.7,10.));
#1456 = VECTOR('',#1457,1.);
#1457 = DIRECTION('',(0.707106781187,0.,-0.707106781187));
#1458 = PCURVE('',#1432,#1459);
#1459 = DEFINITIONAL_REPRESENTATION('',(#1460),#1464);
#1460 = LINE('',#1461,#1462);
#1461 = CARTESIAN_POINT('',(-0.565685424949,-18.45));
#1462 = VECTOR('',#1463,1.);
#1463 = DIRECTION('',(1.,0.));
#1464 = ( GEOMETRIC_REPRESENTATION_CONTEXT(2) 
PARAMETRIC_REPRESENTATION_CONTEXT() REPRESENTATION_CONTEXT('2D SPACE',''
  ) );
#1465 = PCURVE('',#1466,#1471);
#1466 = PLANE('',#1467);
#1467 = AXIS2_PLACEMENT_3D('',#1468,#1469,#1470);
#1468 = CARTESIAN_POINT('',(28.3,-13.5,9.2));
#1469 = DIRECTION('',(0.57735026919,-0.57735026919,0.57735026919));
#1470 = DIRECTION('',(0.707106781187,0.,-0.707106781187));
#1471 = DEFINITIONAL_REPRESENTATION('',(#1472),#1476);
#1472 = LINE('',#1473,#1474);
#1473 = CARTESIAN_POINT('',(-0.565685424949,0.979795897113));
#1474 = VECTOR('',#1475,1.);
#1475 = DIRECTION('',(1.,0.));
#1476 = ( GEOMETRIC_REPRESENTATION_CONTEXT(2) 
PARAMETRIC_REPRESENTATION_CONTEXT() REPRESENTATION_CONTEXT('2D SPACE',''
  ) );
#1477 = ORIENTED_EDGE('',*,*,#1478,.T.);
#1478 = EDGE_CURVE('',#1451,#1344,#1479,.T.);
#1479 = SURFACE_CURVE('',#1480,(#1484,#1491),.PCURVE_S1.);
#1480 = LINE('',#1481,#1482);
#1481 = CARTESIAN_POINT('',(29.1,5.75,9.2));
#1482 = VECTOR('',#1483,1.);
#1483 = DIRECTION('',(0.,1.,0.));
#1484 = PCURVE('',#1432,#1485);
#1485 = DEFINITIONAL_REPRESENTATION('',(#1486),#1490);
#1486 = LINE('',#1487,#1488);
#1487 = CARTESIAN_POINT('',(0.565685424949,0.));
#1488 = VECTOR('',#1489,1.);
#1489 = DIRECTION('',(0.,1.));
#1490 = ( GEOMETRIC_REPRESENTATION_CONTEXT(2) 
PARAMETRIC_REPRESENTATION_CONTEXT() REPRESENTATION_CONTEXT('2D SPACE',''
  ) );
#1491 = PCURVE('',#44,#1492);
#1492 = DEFINITIONAL_REPRESENTATION('',(#1493),#1497);
#1493 = LINE('',#1494,#1495);
#1494 = CARTESIAN_POINT('',(5.75,-1.2));
#1495 = VECTOR('',#1496,1.);
#1496 = DIRECTION('',(-1.,0.));
#1497 = ( GEOMETRIC_REPRESENTATION_CONTEXT(2) 
PARAMETRIC_REPRESENTATION_CONTEXT() REPRESENTATION_CONTEXT('2D SPACE',''
  ) );
#1498 = ORIENTED_EDGE('',*,*,#1418,.T.);
#1499 = ORIENTED_EDGE('',*,*,#1500,.T.);
#1500 = EDGE_CURVE('',#1396,#1449,#1501,.T.);
#1501 = SURFACE_CURVE('',#1502,(#1506,#1513),.PCURVE_S1.);
#1502 = LINE('',#1503,#1504);
#1503 = CARTESIAN_POINT('',(28.3,5.75,10.));
#1504 = VECTOR('',#1505,1.);
#1505 = DIRECTION('',(0.,-1.,0.));
#1506 = PCURVE('',#1432,#1507);
#1507 = DEFINITIONAL_REPRESENTATION('',(#1508),#1512);
#1508 = LINE('',#1509,#1510);
#1509 = CARTESIAN_POINT('',(-0.565685424949,0.));
#1510 = VECTOR('',#1511,1.);
#1511 = DIRECTION('',(0.,-1.));
#1512 = ( GEOMETRIC_REPRESENTATION_CONTEXT(2) 
PARAMETRIC_REPRESENTATION_CONTEXT() REPRESENTATION_CONTEXT('2D SPACE',''
  ) );
#1513 = PCURVE('',#1514,#1519);
#1514 = PLANE('',#1515);
#1515 = AXIS2_PLACEMENT_3D('',#1516,#1517,#1518);
#1516 = CARTESIAN_POINT('',(0.8,-3.774758283726E-14,10.));
#1517 = DIRECTION('',(0.,0.,1.));
#1518 = DIRECTION('',(1.,0.,-0.));
#1519 = DEFINITIONAL_REPRESENTATION('',(#1520),#1524);
#1520 = LINE('',#1521,#1522);
#1521 = CARTESIAN_POINT('',(27.5,5.75));
#1522 = VECTOR('',#1523,1.);
#1523 = DIRECTION('',(0.,-1.));
#1524 = ( GEOMETRIC_REPRESENTATION_CONTEXT(2) 
PARAMETRIC_REPRESENTATION_CONTEXT() REPRESENTATION_CONTEXT('2D SPACE',''
  ) );
#1525 = ADVANCED_FACE('',(#1526,#1601),#1514,.T.);
#1526 = FACE_BOUND('',#1527,.T.);
#1527 = EDGE_LOOP('',(#1528,#1556,#1557,#1580));
#1528 = ORIENTED_EDGE('',*,*,#1529,.F.);
#1529 = EDGE_CURVE('',#1449,#1530,#1532,.T.);
#1530 = VERTEX_POINT('',#1531);
#1531 = CARTESIAN_POINT('',(-26.7,-12.7,10.));
#1532 = SURFACE_CURVE('',#1533,(#1537,#1544),.PCURVE_S1.);
#1533 = LINE('',#1534,#1535);
#1534 = CARTESIAN_POINT('',(13.95,-12.7,10.));
#1535 = VECTOR('',#1536,1.);
#1536 = DIRECTION('',(-1.,0.,0.));
#1537 = PCURVE('',#1514,#1538);
#1538 = DEFINITIONAL_REPRESENTATION('',(#1539),#1543);
#1539 = LINE('',#1540,#1541);
#1540 = CARTESIAN_POINT('',(13.15,-12.7));
#1541 = VECTOR('',#1542,1.);
#1542 = DIRECTION('',(-1.,0.));
#1543 = ( GEOMETRIC_REPRESENTATION_CONTEXT(2) 
PARAMETRIC_REPRESENTATION_CONTEXT() REPRESENTATION_CONTEXT('2D SPACE',''
  ) );
#1544 = PCURVE('',#1545,#1550);
#1545 = PLANE('',#1546);
#1546 = AXIS2_PLACEMENT_3D('',#1547,#1548,#1549);
#1547 = CARTESIAN_POINT('',(13.95,-13.1,9.6));
#1548 = DIRECTION('',(0.,-0.707106781187,0.707106781187));
#1549 = DIRECTION('',(1.,0.,0.));
#1550 = DEFINITIONAL_REPRESENTATION('',(#1551),#1555);
#1551 = LINE('',#1552,#1553);
#1552 = CARTESIAN_POINT('',(0.,0.565685424949));
#1553 = VECTOR('',#1554,1.);
#1554 = DIRECTION('',(-1.,0.));
#1555 = ( GEOMETRIC_REPRESENTATION_CONTEXT(2) 
PARAMETRIC_REPRESENTATION_CONTEXT() REPRESENTATION_CONTEXT('2D SPACE',''
  ) );
#1556 = ORIENTED_EDGE('',*,*,#1500,.F.);
#1557 = ORIENTED_EDGE('',*,*,#1558,.F.);
#1558 = EDGE_CURVE('',#1559,#1396,#1561,.T.);
#1559 = VERTEX_POINT('',#1560);
#1560 = CARTESIAN_POINT('',(-26.7,12.7,10.));
#1561 = SURFACE_CURVE('',#1562,(#1566,#1573),.PCURVE_S1.);
#1562 = LINE('',#1563,#1564);
#1563 = CARTESIAN_POINT('',(-12.35,12.7,10.));
#1564 = VECTOR('',#1565,1.);
#1565 = DIRECTION('',(1.,0.,0.));
#1566 = PCURVE('',#1514,#1567);
#1567 = DEFINITIONAL_REPRESENTATION('',(#1568),#1572);
#1568 = LINE('',#1569,#1570);
#1569 = CARTESIAN_POINT('',(-13.15,12.7));
#1570 = VECTOR('',#1571,1.);
#1571 = DIRECTION('',(1.,0.));
#1572 = ( GEOMETRIC_REPRESENTATION_CONTEXT(2) 
PARAMETRIC_REPRESENTATION_CONTEXT() REPRESENTATION_CONTEXT('2D SPACE',''
  ) );
#1573 = PCURVE('',#1278,#1574);
#1574 = DEFINITIONAL_REPRESENTATION('',(#1575),#1579);
#1575 = LINE('',#1576,#1577);
#1576 = CARTESIAN_POINT('',(0.,-0.565685424949));
#1577 = VECTOR('',#1578,1.);
#1578 = DIRECTION('',(1.,0.));
#1579 = ( GEOMETRIC_REPRESENTATION_CONTEXT(2) 
PARAMETRIC_REPRESENTATION_CONTEXT() REPRESENTATION_CONTEXT('2D SPACE',''
  ) );
#1580 = ORIENTED_EDGE('',*,*,#1581,.F.);
#1581 = EDGE_CURVE('',#1530,#1559,#1582,.T.);
#1582 = SURFACE_CURVE('',#1583,(#1587,#1594),.PCURVE_S1.);
#1583 = LINE('',#1584,#1585);
#1584 = CARTESIAN_POINT('',(-26.7,-5.75,10.));
#1585 = VECTOR('',#1586,1.);
#1586 = DIRECTION('',(0.,1.,0.));
#1587 = PCURVE('',#1514,#1588);
#1588 = DEFINITIONAL_REPRESENTATION('',(#1589),#1593);
#1589 = LINE('',#1590,#1591);
#1590 = CARTESIAN_POINT('',(-27.5,-5.75));
#1591 = VECTOR('',#1592,1.);
#1592 = DIRECTION('',(0.,1.));
#1593 = ( GEOMETRIC_REPRESENTATION_CONTEXT(2) 
PARAMETRIC_REPRESENTATION_CONTEXT() REPRESENTATION_CONTEXT('2D SPACE',''
  ) );
#1594 = PCURVE('',#1116,#1595);
#1595 = DEFINITIONAL_REPRESENTATION('',(#1596),#1600);
#1596 = LINE('',#1597,#1598);
#1597 = CARTESIAN_POINT('',(0.565685424949,0.));
#1598 = VECTOR('',#1599,1.);
#1599 = DIRECTION('',(0.,1.));
#1600 = ( GEOMETRIC_REPRESENTATION_CONTEXT(2) 
PARAMETRIC_REPRESENTATION_CONTEXT() REPRESENTATION_CONTEXT('2D SPACE',''
  ) );
#1601 = FACE_BOUND('',#1602,.T.);
#1602 = EDGE_LOOP('',(#1603));
#1603 = ORIENTED_EDGE('',*,*,#1604,.T.);
#1604 = EDGE_CURVE('',#1605,#1605,#1607,.T.);
#1605 = VERTEX_POINT('',#1606);
#1606 = CARTESIAN_POINT('',(16.,3.5,10.));
#1607 = SURFACE_CURVE('',#1608,(#1613,#1624),.PCURVE_S1.);
#1608 = CIRCLE('',#1609,1.5);
#1609 = AXIS2_PLACEMENT_3D('',#1610,#1611,#1612);
#1610 = CARTESIAN_POINT('',(14.5,3.5,10.));
#1611 = DIRECTION('',(0.,0.,-1.));
#1612 = DIRECTION('',(-1.,-3.8703792812E-47,-0.));
#1613 = PCURVE('',#1514,#1614);
#1614 = DEFINITIONAL_REPRESENTATION('',(#1615),#1623);
#1615 = ( BOUNDED_CURVE() B_SPLINE_CURVE(2,(#1616,#1617,#1618,#1619,
#1620,#1621,#1622),.UNSPECIFIED.,.T.,.F.) B_SPLINE_CURVE_WITH_KNOTS((1,2
    ,2,2,2,1),(-2.094395102393,0.,2.094395102393,4.188790204786,
6.28318530718,8.377580409573),.UNSPECIFIED.) CURVE() 
GEOMETRIC_REPRESENTATION_ITEM() RATIONAL_B_SPLINE_CURVE((1.,0.5,1.,0.5,
1.,0.5,1.)) REPRESENTATION_ITEM('') );
#1616 = CARTESIAN_POINT('',(12.2,3.5));
#1617 = CARTESIAN_POINT('',(12.2,6.098076211353));
#1618 = CARTESIAN_POINT('',(14.45,4.799038105677));
#1619 = CARTESIAN_POINT('',(16.7,3.5));
#1620 = CARTESIAN_POINT('',(14.45,2.200961894323));
#1621 = CARTESIAN_POINT('',(12.2,0.901923788647));
#1622 = CARTESIAN_POINT('',(12.2,3.5));
#1623 = ( GEOMETRIC_REPRESENTATION_CONTEXT(2) 
PARAMETRIC_REPRESENTATION_CONTEXT() REPRESENTATION_CONTEXT('2D SPACE',''
  ) );
#1624 = PCURVE('',#1625,#1630);
#1625 = CYLINDRICAL_SURFACE('',#1626,1.5);
#1626 = AXIS2_PLACEMENT_3D('',#1627,#1628,#1629);
#1627 = CARTESIAN_POINT('',(14.5,3.5,8.));
#1628 = DIRECTION('',(0.,-5.046468293751E-16,1.));
#1629 = DIRECTION('',(-1.,-3.8703792812E-47,-1.953174632737E-62));
#1630 = DEFINITIONAL_REPRESENTATION('',(#1631),#1635);
#1631 = LINE('',#1632,#1633);
#1632 = CARTESIAN_POINT('',(12.566370614359,2.));
#1633 = VECTOR('',#1634,1.);
#1634 = DIRECTION('',(-1.,0.));
#1635 = ( GEOMETRIC_REPRESENTATION_CONTEXT(2) 
PARAMETRIC_REPRESENTATION_CONTEXT() REPRESENTATION_CONTEXT('2D SPACE',''
  ) );
#1636 = ADVANCED_FACE('',(#1637),#1625,.F.);
#1637 = FACE_BOUND('',#1638,.F.);
#1638 = EDGE_LOOP('',(#1639,#1662,#1663,#1664));
#1639 = ORIENTED_EDGE('',*,*,#1640,.T.);
#1640 = EDGE_CURVE('',#1641,#1605,#1643,.T.);
#1641 = VERTEX_POINT('',#1642);
#1642 = CARTESIAN_POINT('',(16.,3.5,8.));
#1643 = SEAM_CURVE('',#1644,(#1648,#1655),.PCURVE_S1.);
#1644 = LINE('',#1645,#1646);
#1645 = CARTESIAN_POINT('',(16.,3.5,8.));
#1646 = VECTOR('',#1647,1.);
#1647 = DIRECTION('',(0.,-5.046468293751E-16,1.));
#1648 = PCURVE('',#1625,#1649);
#1649 = DEFINITIONAL_REPRESENTATION('',(#1650),#1654);
#1650 = LINE('',#1651,#1652);
#1651 = CARTESIAN_POINT('',(9.42477796077,0.));
#1652 = VECTOR('',#1653,1.);
#1653 = DIRECTION('',(0.,1.));
#1654 = ( GEOMETRIC_REPRESENTATION_CONTEXT(2) 
PARAMETRIC_REPRESENTATION_CONTEXT() REPRESENTATION_CONTEXT('2D SPACE',''
  ) );
#1655 = PCURVE('',#1625,#1656);
#1656 = DEFINITIONAL_REPRESENTATION('',(#1657),#1661);
#1657 = LINE('',#1658,#1659);
#1658 = CARTESIAN_POINT('',(3.141592653589,0.));
#1659 = VECTOR('',#1660,1.);
#1660 = DIRECTION('',(0.,1.));
#1661 = ( GEOMETRIC_REPRESENTATION_CONTEXT(2) 
PARAMETRIC_REPRESENTATION_CONTEXT() REPRESENTATION_CONTEXT('2D SPACE',''
  ) );
#1662 = ORIENTED_EDGE('',*,*,#1604,.T.);
#1663 = ORIENTED_EDGE('',*,*,#1640,.F.);
#1664 = ORIENTED_EDGE('',*,*,#1665,.T.);
#1665 = EDGE_CURVE('',#1641,#1641,#1666,.T.);
#1666 = SURFACE_CURVE('',#1667,(#1672,#1679),.PCURVE_S1.);
#1667 = CIRCLE('',#1668,1.5);
#1668 = AXIS2_PLACEMENT_3D('',#1669,#1670,#1671);
#1669 = CARTESIAN_POINT('',(14.5,3.5,8.));
#1670 = DIRECTION('',(0.,0.,1.));
#1671 = DIRECTION('',(-1.,-3.8703792812E-47,0.));
#1672 = PCURVE('',#1625,#1673);
#1673 = DEFINITIONAL_REPRESENTATION('',(#1674),#1678);
#1674 = LINE('',#1675,#1676);
#1675 = CARTESIAN_POINT('',(0.,0.));
#1676 = VECTOR('',#1677,1.);
#1677 = DIRECTION('',(1.,0.));
#1678 = ( GEOMETRIC_REPRESENTATION_CONTEXT(2) 
PARAMETRIC_REPRESENTATION_CONTEXT() REPRESENTATION_CONTEXT('2D SPACE',''
  ) );
#1679 = PCURVE('',#486,#1680);
#1680 = DEFINITIONAL_REPRESENTATION('',(#1681),#1685);
#1681 = CIRCLE('',#1682,1.5);
#1682 = AXIS2_PLACEMENT_2D('',#1683,#1684);
#1683 = CARTESIAN_POINT('',(13.7,3.5));
#1684 = DIRECTION('',(-1.,-3.8703792812E-47));
#1685 = ( GEOMETRIC_REPRESENTATION_CONTEXT(2) 
PARAMETRIC_REPRESENTATION_CONTEXT() REPRESENTATION_CONTEXT('2D SPACE',''
  ) );
#1686 = ADVANCED_FACE('',(#1687),#1545,.T.);
#1687 = FACE_BOUND('',#1688,.T.);
#1688 = EDGE_LOOP('',(#1689,#1717,#1745,#1766));
#1689 = ORIENTED_EDGE('',*,*,#1690,.T.);
#1690 = EDGE_CURVE('',#1530,#1691,#1693,.T.);
#1691 = VERTEX_POINT('',#1692);
#1692 = CARTESIAN_POINT('',(-26.7,-13.5,9.2));
#1693 = SURFACE_CURVE('',#1694,(#1698,#1705),.PCURVE_S1.);
#1694 = LINE('',#1695,#1696);
#1695 = CARTESIAN_POINT('',(-26.7,-12.7,10.));
#1696 = VECTOR('',#1697,1.);
#1697 = DIRECTION('',(0.,-0.707106781187,-0.707106781187));
#1698 = PCURVE('',#1545,#1699);
#1699 = DEFINITIONAL_REPRESENTATION('',(#1700),#1704);
#1700 = LINE('',#1701,#1702);
#1701 = CARTESIAN_POINT('',(-40.65,0.565685424949));
#1702 = VECTOR('',#1703,1.);
#1703 = DIRECTION('',(0.,-1.));
#1704 = ( GEOMETRIC_REPRESENTATION_CONTEXT(2) 
PARAMETRIC_REPRESENTATION_CONTEXT() REPRESENTATION_CONTEXT('2D SPACE',''
  ) );
#1705 = PCURVE('',#1706,#1711);
#1706 = PLANE('',#1707);
#1707 = AXIS2_PLACEMENT_3D('',#1708,#1709,#1710);
#1708 = CARTESIAN_POINT('',(-26.7,-12.7,10.));
#1709 = DIRECTION('',(-0.57735026919,-0.57735026919,0.57735026919));
#1710 = DIRECTION('',(0.707106781187,0.,0.707106781187));
#1711 = DEFINITIONAL_REPRESENTATION('',(#1712),#1716);
#1712 = LINE('',#1713,#1714);
#1713 = CARTESIAN_POINT('',(0.,0.));
#1714 = VECTOR('',#1715,1.);
#1715 = DIRECTION('',(-0.5,-0.866025403784));
#1716 = ( GEOMETRIC_REPRESENTATION_CONTEXT(2) 
PARAMETRIC_REPRESENTATION_CONTEXT() REPRESENTATION_CONTEXT('2D SPACE',''
  ) );
#1717 = ORIENTED_EDGE('',*,*,#1718,.T.);
#1718 = EDGE_CURVE('',#1691,#1719,#1721,.T.);
#1719 = VERTEX_POINT('',#1720);
#1720 = CARTESIAN_POINT('',(28.3,-13.5,9.2));
#1721 = SURFACE_CURVE('',#1722,(#1726,#1733),.PCURVE_S1.);
#1722 = LINE('',#1723,#1724);
#1723 = CARTESIAN_POINT('',(13.95,-13.5,9.2));
#1724 = VECTOR('',#1725,1.);
#1725 = DIRECTION('',(1.,0.,0.));
#1726 = PCURVE('',#1545,#1727);
#1727 = DEFINITIONAL_REPRESENTATION('',(#1728),#1732);
#1728 = LINE('',#1729,#1730);
#1729 = CARTESIAN_POINT('',(0.,-0.565685424949));
#1730 = VECTOR('',#1731,1.);
#1731 = DIRECTION('',(1.,0.));
#1732 = ( GEOMETRIC_REPRESENTATION_CONTEXT(2) 
PARAMETRIC_REPRESENTATION_CONTEXT() REPRESENTATION_CONTEXT('2D SPACE',''
  ) );
#1733 = PCURVE('',#1734,#1739);
#1734 = PLANE('',#1735);
#1735 = AXIS2_PLACEMENT_3D('',#1736,#1737,#1738);
#1736 = CARTESIAN_POINT('',(27.1,-13.5,8.));
#1737 = DIRECTION('',(0.,-1.,0.));
#1738 = DIRECTION('',(-1.,0.,0.));
#1739 = DEFINITIONAL_REPRESENTATION('',(#1740),#1744);
#1740 = LINE('',#1741,#1742);
#1741 = CARTESIAN_POINT('',(13.15,-1.2));
#1742 = VECTOR('',#1743,1.);
#1743 = DIRECTION('',(-1.,-0.));
#1744 = ( GEOMETRIC_REPRESENTATION_CONTEXT(2) 
PARAMETRIC_REPRESENTATION_CONTEXT() REPRESENTATION_CONTEXT('2D SPACE',''
  ) );
#1745 = ORIENTED_EDGE('',*,*,#1746,.T.);
#1746 = EDGE_CURVE('',#1719,#1449,#1747,.T.);
#1747 = SURFACE_CURVE('',#1748,(#1752,#1759),.PCURVE_S1.);
#1748 = LINE('',#1749,#1750);
#1749 = CARTESIAN_POINT('',(28.3,-13.5,9.2));
#1750 = VECTOR('',#1751,1.);
#1751 = DIRECTION('',(0.,0.707106781187,0.707106781187));
#1752 = PCURVE('',#1545,#1753);
#1753 = DEFINITIONAL_REPRESENTATION('',(#1754),#1758);
#1754 = LINE('',#1755,#1756);
#1755 = CARTESIAN_POINT('',(14.35,-0.565685424949));
#1756 = VECTOR('',#1757,1.);
#1757 = DIRECTION('',(0.,1.));
#1758 = ( GEOMETRIC_REPRESENTATION_CONTEXT(2) 
PARAMETRIC_REPRESENTATION_CONTEXT() REPRESENTATION_CONTEXT('2D SPACE',''
  ) );
#1759 = PCURVE('',#1466,#1760);
#1760 = DEFINITIONAL_REPRESENTATION('',(#1761),#1765);
#1761 = LINE('',#1762,#1763);
#1762 = CARTESIAN_POINT('',(0.,0.));
#1763 = VECTOR('',#1764,1.);
#1764 = DIRECTION('',(-0.5,0.866025403784));
#1765 = ( GEOMETRIC_REPRESENTATION_CONTEXT(2) 
PARAMETRIC_REPRESENTATION_CONTEXT() REPRESENTATION_CONTEXT('2D SPACE',''
  ) );
#1766 = ORIENTED_EDGE('',*,*,#1529,.T.);
#1767 = ADVANCED_FACE('',(#1768),#1734,.T.);
#1768 = FACE_BOUND('',#1769,.T.);
#1769 = EDGE_LOOP('',(#1770,#1795,#1821,#1822));
#1770 = ORIENTED_EDGE('',*,*,#1771,.T.);
#1771 = EDGE_CURVE('',#1772,#1774,#1776,.T.);
#1772 = VERTEX_POINT('',#1773);
#1773 = CARTESIAN_POINT('',(-26.7,-13.5,1.));
#1774 = VERTEX_POINT('',#1775);
#1775 = CARTESIAN_POINT('',(28.3,-13.5,1.));
#1776 = SURFACE_CURVE('',#1777,(#1781,#1788),.PCURVE_S1.);
#1777 = LINE('',#1778,#1779);
#1778 = CARTESIAN_POINT('',(13.95,-13.5,1.));
#1779 = VECTOR('',#1780,1.);
#1780 = DIRECTION('',(1.,0.,0.));
#1781 = PCURVE('',#1734,#1782);
#1782 = DEFINITIONAL_REPRESENTATION('',(#1783),#1787);
#1783 = LINE('',#1784,#1785);
#1784 = CARTESIAN_POINT('',(13.15,7.));
#1785 = VECTOR('',#1786,1.);
#1786 = DIRECTION('',(-1.,-0.));
#1787 = ( GEOMETRIC_REPRESENTATION_CONTEXT(2) 
PARAMETRIC_REPRESENTATION_CONTEXT() REPRESENTATION_CONTEXT('2D SPACE',''
  ) );
#1788 = PCURVE('',#72,#1789);
#1789 = DEFINITIONAL_REPRESENTATION('',(#1790),#1794);
#1790 = LINE('',#1791,#1792);
#1791 = CARTESIAN_POINT('',(13.15,-13.5));
#1792 = VECTOR('',#1793,1.);
#1793 = DIRECTION('',(1.,0.));
#1794 = ( GEOMETRIC_REPRESENTATION_CONTEXT(2) 
PARAMETRIC_REPRESENTATION_CONTEXT() REPRESENTATION_CONTEXT('2D SPACE',''
  ) );
#1795 = ORIENTED_EDGE('',*,*,#1796,.F.);
#1796 = EDGE_CURVE('',#1719,#1774,#1797,.T.);
#1797 = SURFACE_CURVE('',#1798,(#1802,#1809),.PCURVE_S1.);
#1798 = LINE('',#1799,#1800);
#1799 = CARTESIAN_POINT('',(28.3,-13.5,8.));
#1800 = VECTOR('',#1801,1.);
#1801 = DIRECTION('',(0.,0.,-1.));
#1802 = PCURVE('',#1734,#1803);
#1803 = DEFINITIONAL_REPRESENTATION('',(#1804),#1808);
#1804 = LINE('',#1805,#1806);
#1805 = CARTESIAN_POINT('',(-1.2,-0.));
#1806 = VECTOR('',#1807,1.);
#1807 = DIRECTION('',(0.,1.));
#1808 = ( GEOMETRIC_REPRESENTATION_CONTEXT(2) 
PARAMETRIC_REPRESENTATION_CONTEXT() REPRESENTATION_CONTEXT('2D SPACE',''
  ) );
#1809 = PCURVE('',#1810,#1815);
#1810 = PLANE('',#1811);
#1811 = AXIS2_PLACEMENT_3D('',#1812,#1813,#1814);
#1812 = CARTESIAN_POINT('',(28.7,-13.1,8.));
#1813 = DIRECTION('',(0.707106781187,-0.707106781187,0.));
#1814 = DIRECTION('',(0.,0.,-1.));
#1815 = DEFINITIONAL_REPRESENTATION('',(#1816),#1820);
#1816 = LINE('',#1817,#1818);
#1817 = CARTESIAN_POINT('',(-0.,-0.565685424949));
#1818 = VECTOR('',#1819,1.);
#1819 = DIRECTION('',(1.,0.));
#1820 = ( GEOMETRIC_REPRESENTATION_CONTEXT(2) 
PARAMETRIC_REPRESENTATION_CONTEXT() REPRESENTATION_CONTEXT('2D SPACE',''
  ) );
#1821 = ORIENTED_EDGE('',*,*,#1718,.F.);
#1822 = ORIENTED_EDGE('',*,*,#1823,.F.);
#1823 = EDGE_CURVE('',#1772,#1691,#1824,.T.);
#1824 = SURFACE_CURVE('',#1825,(#1829,#1836),.PCURVE_S1.);
#1825 = LINE('',#1826,#1827);
#1826 = CARTESIAN_POINT('',(-26.7,-13.5,8.));
#1827 = VECTOR('',#1828,1.);
#1828 = DIRECTION('',(0.,0.,1.));
#1829 = PCURVE('',#1734,#1830);
#1830 = DEFINITIONAL_REPRESENTATION('',(#1831),#1835);
#1831 = LINE('',#1832,#1833);
#1832 = CARTESIAN_POINT('',(53.8,0.));
#1833 = VECTOR('',#1834,1.);
#1834 = DIRECTION('',(0.,-1.));
#1835 = ( GEOMETRIC_REPRESENTATION_CONTEXT(2) 
PARAMETRIC_REPRESENTATION_CONTEXT() REPRESENTATION_CONTEXT('2D SPACE',''
  ) );
#1836 = PCURVE('',#1088,#1837);
#1837 = DEFINITIONAL_REPRESENTATION('',(#1838),#1842);
#1838 = LINE('',#1839,#1840);
#1839 = CARTESIAN_POINT('',(0.,-0.565685424949));
#1840 = VECTOR('',#1841,1.);
#1841 = DIRECTION('',(1.,0.));
#1842 = ( GEOMETRIC_REPRESENTATION_CONTEXT(2) 
PARAMETRIC_REPRESENTATION_CONTEXT() REPRESENTATION_CONTEXT('2D SPACE',''
  ) );
#1843 = ADVANCED_FACE('',(#1844),#1810,.T.);
#1844 = FACE_BOUND('',#1845,.T.);
#1845 = EDGE_LOOP('',(#1846,#1869,#1890,#1911));
#1846 = ORIENTED_EDGE('',*,*,#1847,.T.);
#1847 = EDGE_CURVE('',#1774,#1848,#1850,.T.);
#1848 = VERTEX_POINT('',#1849);
#1849 = CARTESIAN_POINT('',(29.1,-12.7,1.));
#1850 = SURFACE_CURVE('',#1851,(#1855,#1862),.PCURVE_S1.);
#1851 = LINE('',#1852,#1853);
#1852 = CARTESIAN_POINT('',(25.,-16.8,1.));
#1853 = VECTOR('',#1854,1.);
#1854 = DIRECTION('',(0.707106781187,0.707106781187,0.));
#1855 = PCURVE('',#1810,#1856);
#1856 = DEFINITIONAL_REPRESENTATION('',(#1857),#1861);
#1857 = LINE('',#1858,#1859);
#1858 = CARTESIAN_POINT('',(7.,-5.23259018078));
#1859 = VECTOR('',#1860,1.);
#1860 = DIRECTION('',(0.,1.));
#1861 = ( GEOMETRIC_REPRESENTATION_CONTEXT(2) 
PARAMETRIC_REPRESENTATION_CONTEXT() REPRESENTATION_CONTEXT('2D SPACE',''
  ) );
#1862 = PCURVE('',#72,#1863);
#1863 = DEFINITIONAL_REPRESENTATION('',(#1864),#1868);
#1864 = LINE('',#1865,#1866);
#1865 = CARTESIAN_POINT('',(24.2,-16.8));
#1866 = VECTOR('',#1867,1.);
#1867 = DIRECTION('',(0.707106781187,0.707106781187));
#1868 = ( GEOMETRIC_REPRESENTATION_CONTEXT(2) 
PARAMETRIC_REPRESENTATION_CONTEXT() REPRESENTATION_CONTEXT('2D SPACE',''
  ) );
#1869 = ORIENTED_EDGE('',*,*,#1870,.T.);
#1870 = EDGE_CURVE('',#1848,#1451,#1871,.T.);
#1871 = SURFACE_CURVE('',#1872,(#1876,#1883),.PCURVE_S1.);
#1872 = LINE('',#1873,#1874);
#1873 = CARTESIAN_POINT('',(29.1,-12.7,8.));
#1874 = VECTOR('',#1875,1.);
#1875 = DIRECTION('',(0.,0.,1.));
#1876 = PCURVE('',#1810,#1877);
#1877 = DEFINITIONAL_REPRESENTATION('',(#1878),#1882);
#1878 = LINE('',#1879,#1880);
#1879 = CARTESIAN_POINT('',(0.,0.565685424949));
#1880 = VECTOR('',#1881,1.);
#1881 = DIRECTION('',(-1.,0.));
#1882 = ( GEOMETRIC_REPRESENTATION_CONTEXT(2) 
PARAMETRIC_REPRESENTATION_CONTEXT() REPRESENTATION_CONTEXT('2D SPACE',''
  ) );
#1883 = PCURVE('',#44,#1884);
#1884 = DEFINITIONAL_REPRESENTATION('',(#1885),#1889);
#1885 = LINE('',#1886,#1887);
#1886 = CARTESIAN_POINT('',(24.2,0.));
#1887 = VECTOR('',#1888,1.);
#1888 = DIRECTION('',(0.,-1.));
#1889 = ( GEOMETRIC_REPRESENTATION_CONTEXT(2) 
PARAMETRIC_REPRESENTATION_CONTEXT() REPRESENTATION_CONTEXT('2D SPACE',''
  ) );
#1890 = ORIENTED_EDGE('',*,*,#1891,.T.);
#1891 = EDGE_CURVE('',#1451,#1719,#1892,.T.);
#1892 = SURFACE_CURVE('',#1893,(#1897,#1904),.PCURVE_S1.);
#1893 = LINE('',#1894,#1895);
#1894 = CARTESIAN_POINT('',(29.1,-12.7,9.2));
#1895 = VECTOR('',#1896,1.);
#1896 = DIRECTION('',(-0.707106781187,-0.707106781187,0.));
#1897 = PCURVE('',#1810,#1898);
#1898 = DEFINITIONAL_REPRESENTATION('',(#1899),#1903);
#1899 = LINE('',#1900,#1901);
#1900 = CARTESIAN_POINT('',(-1.2,0.565685424949));
#1901 = VECTOR('',#1902,1.);
#1902 = DIRECTION('',(-0.,-1.));
#1903 = ( GEOMETRIC_REPRESENTATION_CONTEXT(2) 
PARAMETRIC_REPRESENTATION_CONTEXT() REPRESENTATION_CONTEXT('2D SPACE',''
  ) );
#1904 = PCURVE('',#1466,#1905);
#1905 = DEFINITIONAL_REPRESENTATION('',(#1906),#1910);
#1906 = LINE('',#1907,#1908);
#1907 = CARTESIAN_POINT('',(0.565685424949,0.979795897113));
#1908 = VECTOR('',#1909,1.);
#1909 = DIRECTION('',(-0.5,-0.866025403784));
#1910 = ( GEOMETRIC_REPRESENTATION_CONTEXT(2) 
PARAMETRIC_REPRESENTATION_CONTEXT() REPRESENTATION_CONTEXT('2D SPACE',''
  ) );
#1911 = ORIENTED_EDGE('',*,*,#1796,.T.);
#1912 = ADVANCED_FACE('',(#1913),#1706,.T.);
#1913 = FACE_BOUND('',#1914,.T.);
#1914 = EDGE_LOOP('',(#1915,#1936,#1937));
#1915 = ORIENTED_EDGE('',*,*,#1916,.F.);
#1916 = EDGE_CURVE('',#1691,#1073,#1917,.T.);
#1917 = SURFACE_CURVE('',#1918,(#1922,#1929),.PCURVE_S1.);
#1918 = LINE('',#1919,#1920);
#1919 = CARTESIAN_POINT('',(-26.7,-13.5,9.2));
#1920 = VECTOR('',#1921,1.);
#1921 = DIRECTION('',(-0.707106781187,0.707106781187,0.));
#1922 = PCURVE('',#1706,#1923);
#1923 = DEFINITIONAL_REPRESENTATION('',(#1924),#1928);
#1924 = LINE('',#1925,#1926);
#1925 = CARTESIAN_POINT('',(-0.565685424949,-0.979795897113));
#1926 = VECTOR('',#1927,1.);
#1927 = DIRECTION('',(-0.5,0.866025403784));
#1928 = ( GEOMETRIC_REPRESENTATION_CONTEXT(2) 
PARAMETRIC_REPRESENTATION_CONTEXT() REPRESENTATION_CONTEXT('2D SPACE',''
  ) );
#1929 = PCURVE('',#1088,#1930);
#1930 = DEFINITIONAL_REPRESENTATION('',(#1931),#1935);
#1931 = LINE('',#1932,#1933);
#1932 = CARTESIAN_POINT('',(1.2,-0.565685424949));
#1933 = VECTOR('',#1934,1.);
#1934 = DIRECTION('',(0.,1.));
#1935 = ( GEOMETRIC_REPRESENTATION_CONTEXT(2) 
PARAMETRIC_REPRESENTATION_CONTEXT() REPRESENTATION_CONTEXT('2D SPACE',''
  ) );
#1936 = ORIENTED_EDGE('',*,*,#1690,.F.);
#1937 = ORIENTED_EDGE('',*,*,#1938,.F.);
#1938 = EDGE_CURVE('',#1073,#1530,#1939,.T.);
#1939 = SURFACE_CURVE('',#1940,(#1944,#1951),.PCURVE_S1.);
#1940 = LINE('',#1941,#1942);
#1941 = CARTESIAN_POINT('',(-27.5,-12.7,9.2));
#1942 = VECTOR('',#1943,1.);
#1943 = DIRECTION('',(0.707106781187,0.,0.707106781187));
#1944 = PCURVE('',#1706,#1945);
#1945 = DEFINITIONAL_REPRESENTATION('',(#1946),#1950);
#1946 = LINE('',#1947,#1948);
#1947 = CARTESIAN_POINT('',(-1.131370849898,0.));
#1948 = VECTOR('',#1949,1.);
#1949 = DIRECTION('',(1.,0.));
#1950 = ( GEOMETRIC_REPRESENTATION_CONTEXT(2) 
PARAMETRIC_REPRESENTATION_CONTEXT() REPRESENTATION_CONTEXT('2D SPACE',''
  ) );
#1951 = PCURVE('',#1116,#1952);
#1952 = DEFINITIONAL_REPRESENTATION('',(#1953),#1957);
#1953 = LINE('',#1954,#1955);
#1954 = CARTESIAN_POINT('',(-0.565685424949,-6.95));
#1955 = VECTOR('',#1956,1.);
#1956 = DIRECTION('',(1.,0.));
#1957 = ( GEOMETRIC_REPRESENTATION_CONTEXT(2) 
PARAMETRIC_REPRESENTATION_CONTEXT() REPRESENTATION_CONTEXT('2D SPACE',''
  ) );
#1958 = ADVANCED_FACE('',(#1959),#1466,.T.);
#1959 = FACE_BOUND('',#1960,.T.);
#1960 = EDGE_LOOP('',(#1961,#1962,#1963));
#1961 = ORIENTED_EDGE('',*,*,#1448,.F.);
#1962 = ORIENTED_EDGE('',*,*,#1746,.F.);
#1963 = ORIENTED_EDGE('',*,*,#1891,.F.);
#1964 = ADVANCED_FACE('',(#1965),#1278,.T.);
#1965 = FACE_BOUND('',#1966,.T.);
#1966 = EDGE_LOOP('',(#1967,#1968,#1969,#1990));
#1967 = ORIENTED_EDGE('',*,*,#1395,.T.);
#1968 = ORIENTED_EDGE('',*,*,#1262,.T.);
#1969 = ORIENTED_EDGE('',*,*,#1970,.T.);
#1970 = EDGE_CURVE('',#1182,#1559,#1971,.T.);
#1971 = SURFACE_CURVE('',#1972,(#1976,#1983),.PCURVE_S1.);
#1972 = LINE('',#1973,#1974);
#1973 = CARTESIAN_POINT('',(-26.7,13.5,9.2));
#1974 = VECTOR('',#1975,1.);
#1975 = DIRECTION('',(0.,-0.707106781187,0.707106781187));
#1976 = PCURVE('',#1278,#1977);
#1977 = DEFINITIONAL_REPRESENTATION('',(#1978),#1982);
#1978 = LINE('',#1979,#1980);
#1979 = CARTESIAN_POINT('',(-14.35,0.565685424949));
#1980 = VECTOR('',#1981,1.);
#1981 = DIRECTION('',(0.,-1.));
#1982 = ( GEOMETRIC_REPRESENTATION_CONTEXT(2) 
PARAMETRIC_REPRESENTATION_CONTEXT() REPRESENTATION_CONTEXT('2D SPACE',''
  ) );
#1983 = PCURVE('',#1197,#1984);
#1984 = DEFINITIONAL_REPRESENTATION('',(#1985),#1989);
#1985 = LINE('',#1986,#1987);
#1986 = CARTESIAN_POINT('',(0.,0.));
#1987 = VECTOR('',#1988,1.);
#1988 = DIRECTION('',(0.5,-0.866025403784));
#1989 = ( GEOMETRIC_REPRESENTATION_CONTEXT(2) 
PARAMETRIC_REPRESENTATION_CONTEXT() REPRESENTATION_CONTEXT('2D SPACE',''
  ) );
#1990 = ORIENTED_EDGE('',*,*,#1558,.T.);
#1991 = ADVANCED_FACE('',(#1992),#1197,.T.);
#1992 = FACE_BOUND('',#1993,.T.);
#1993 = EDGE_LOOP('',(#1994,#2015,#2016));
#1994 = ORIENTED_EDGE('',*,*,#1995,.F.);
#1995 = EDGE_CURVE('',#1559,#1101,#1996,.T.);
#1996 = SURFACE_CURVE('',#1997,(#2001,#2008),.PCURVE_S1.);
#1997 = LINE('',#1998,#1999);
#1998 = CARTESIAN_POINT('',(-26.7,12.7,10.));
#1999 = VECTOR('',#2000,1.);
#2000 = DIRECTION('',(-0.707106781187,0.,-0.707106781187));
#2001 = PCURVE('',#1197,#2002);
#2002 = DEFINITIONAL_REPRESENTATION('',(#2003),#2007);
#2003 = LINE('',#2004,#2005);
#2004 = CARTESIAN_POINT('',(0.565685424949,-0.979795897113));
#2005 = VECTOR('',#2006,1.);
#2006 = DIRECTION('',(-1.,0.));
#2007 = ( GEOMETRIC_REPRESENTATION_CONTEXT(2) 
PARAMETRIC_REPRESENTATION_CONTEXT() REPRESENTATION_CONTEXT('2D SPACE',''
  ) );
#2008 = PCURVE('',#1116,#2009);
#2009 = DEFINITIONAL_REPRESENTATION('',(#2010),#2014);
#2010 = LINE('',#2011,#2012);
#2011 = CARTESIAN_POINT('',(0.565685424949,18.45));
#2012 = VECTOR('',#2013,1.);
#2013 = DIRECTION('',(-1.,0.));
#2014 = ( GEOMETRIC_REPRESENTATION_CONTEXT(2) 
PARAMETRIC_REPRESENTATION_CONTEXT() REPRESENTATION_CONTEXT('2D SPACE',''
  ) );
#2015 = ORIENTED_EDGE('',*,*,#1970,.F.);
#2016 = ORIENTED_EDGE('',*,*,#1181,.F.);
#2017 = ADVANCED_FACE('',(#2018),#1116,.T.);
#2018 = FACE_BOUND('',#2019,.T.);
#2019 = EDGE_LOOP('',(#2020,#2021,#2022,#2023));
#2020 = ORIENTED_EDGE('',*,*,#1995,.T.);
#2021 = ORIENTED_EDGE('',*,*,#1100,.T.);
#2022 = ORIENTED_EDGE('',*,*,#1938,.T.);
#2023 = ORIENTED_EDGE('',*,*,#1581,.T.);
#2024 = ADVANCED_FACE('',(#2025),#1088,.T.);
#2025 = FACE_BOUND('',#2026,.T.);
#2026 = EDGE_LOOP('',(#2027,#2048,#2049,#2050));
#2027 = ORIENTED_EDGE('',*,*,#2028,.T.);
#2028 = EDGE_CURVE('',#1050,#1772,#2029,.T.);
#2029 = SURFACE_CURVE('',#2030,(#2034,#2041),.PCURVE_S1.);
#2030 = LINE('',#2031,#2032);
#2031 = CARTESIAN_POINT('',(-23.4,-16.8,1.));
#2032 = VECTOR('',#2033,1.);
#2033 = DIRECTION('',(0.707106781187,-0.707106781187,0.));
#2034 = PCURVE('',#1088,#2035);
#2035 = DEFINITIONAL_REPRESENTATION('',(#2036),#2040);
#2036 = LINE('',#2037,#2038);
#2037 = CARTESIAN_POINT('',(-7.,-5.23259018078));
#2038 = VECTOR('',#2039,1.);
#2039 = DIRECTION('',(0.,-1.));
#2040 = ( GEOMETRIC_REPRESENTATION_CONTEXT(2) 
PARAMETRIC_REPRESENTATION_CONTEXT() REPRESENTATION_CONTEXT('2D SPACE',''
  ) );
#2041 = PCURVE('',#72,#2042);
#2042 = DEFINITIONAL_REPRESENTATION('',(#2043),#2047);
#2043 = LINE('',#2044,#2045);
#2044 = CARTESIAN_POINT('',(-24.2,-16.8));
#2045 = VECTOR('',#2046,1.);
#2046 = DIRECTION('',(0.707106781187,-0.707106781187));
#2047 = ( GEOMETRIC_REPRESENTATION_CONTEXT(2) 
PARAMETRIC_REPRESENTATION_CONTEXT() REPRESENTATION_CONTEXT('2D SPACE',''
  ) );
#2048 = ORIENTED_EDGE('',*,*,#1823,.T.);
#2049 = ORIENTED_EDGE('',*,*,#1916,.T.);
#2050 = ORIENTED_EDGE('',*,*,#1072,.T.);
#2051 = ADVANCED_FACE('',(#2052),#738,.F.);
#2052 = FACE_BOUND('',#2053,.F.);
#2053 = EDGE_LOOP('',(#2054,#2055,#2076,#2077));
#2054 = ORIENTED_EDGE('',*,*,#717,.F.);
#2055 = ORIENTED_EDGE('',*,*,#2056,.F.);
#2056 = EDGE_CURVE('',#1000,#690,#2057,.T.);
#2057 = SURFACE_CURVE('',#2058,(#2062,#2069),.PCURVE_S1.);
#2058 = LINE('',#2059,#2060);
#2059 = CARTESIAN_POINT('',(-30.,-7.5,7.5));
#2060 = VECTOR('',#2061,1.);
#2061 = DIRECTION('',(1.,0.,0.));
#2062 = PCURVE('',#738,#2063);
#2063 = DEFINITIONAL_REPRESENTATION('',(#2064),#2068);
#2064 = LINE('',#2065,#2066);
#2065 = CARTESIAN_POINT('',(4.712388980385,0.));
#2066 = VECTOR('',#2067,1.);
#2067 = DIRECTION('',(-0.,1.));
#2068 = ( GEOMETRIC_REPRESENTATION_CONTEXT(2) 
PARAMETRIC_REPRESENTATION_CONTEXT() REPRESENTATION_CONTEXT('2D SPACE',''
  ) );
#2069 = PCURVE('',#705,#2070);
#2070 = DEFINITIONAL_REPRESENTATION('',(#2071),#2075);
#2071 = LINE('',#2072,#2073);
#2072 = CARTESIAN_POINT('',(0.,2.));
#2073 = VECTOR('',#2074,1.);
#2074 = DIRECTION('',(1.,0.));
#2075 = ( GEOMETRIC_REPRESENTATION_CONTEXT(2) 
PARAMETRIC_REPRESENTATION_CONTEXT() REPRESENTATION_CONTEXT('2D SPACE',''
  ) );
#2076 = ORIENTED_EDGE('',*,*,#1022,.T.);
#2077 = ORIENTED_EDGE('',*,*,#847,.T.);
#2078 = ADVANCED_FACE('',(#2079),#705,.F.);
#2079 = FACE_BOUND('',#2080,.F.);
#2080 = EDGE_LOOP('',(#2081,#2082,#2083,#2084));
#2081 = ORIENTED_EDGE('',*,*,#999,.F.);
#2082 = ORIENTED_EDGE('',*,*,#2056,.T.);
#2083 = ORIENTED_EDGE('',*,*,#689,.T.);
#2084 = ORIENTED_EDGE('',*,*,#2085,.F.);
#2085 = EDGE_CURVE('',#972,#657,#2086,.T.);
#2086 = SURFACE_CURVE('',#2087,(#2091,#2098),.PCURVE_S1.);
#2087 = LINE('',#2088,#2089);
#2088 = CARTESIAN_POINT('',(-30.,7.5,7.5));
#2089 = VECTOR('',#2090,1.);
#2090 = DIRECTION('',(1.,0.,0.));
#2091 = PCURVE('',#705,#2092);
#2092 = DEFINITIONAL_REPRESENTATION('',(#2093),#2097);
#2093 = LINE('',#2094,#2095);
#2094 = CARTESIAN_POINT('',(0.,17.));
#2095 = VECTOR('',#2096,1.);
#2096 = DIRECTION('',(1.,0.));
#2097 = ( GEOMETRIC_REPRESENTATION_CONTEXT(2) 
PARAMETRIC_REPRESENTATION_CONTEXT() REPRESENTATION_CONTEXT('2D SPACE',''
  ) );
#2098 = PCURVE('',#677,#2099);
#2099 = DEFINITIONAL_REPRESENTATION('',(#2100),#2104);
#2100 = LINE('',#2101,#2102);
#2101 = CARTESIAN_POINT('',(1.570796326795,0.));
#2102 = VECTOR('',#2103,1.);
#2103 = DIRECTION('',(0.,1.));
#2104 = ( GEOMETRIC_REPRESENTATION_CONTEXT(2) 
PARAMETRIC_REPRESENTATION_CONTEXT() REPRESENTATION_CONTEXT('2D SPACE',''
  ) );
#2105 = ADVANCED_FACE('',(#2106),#677,.F.);
#2106 = FACE_BOUND('',#2107,.F.);
#2107 = EDGE_LOOP('',(#2108,#2129,#2130,#2131));
#2108 = ORIENTED_EDGE('',*,*,#2109,.F.);
#2109 = EDGE_CURVE('',#949,#629,#2110,.T.);
#2110 = SURFACE_CURVE('',#2111,(#2115,#2122),.PCURVE_S1.);
#2111 = LINE('',#2112,#2113);
#2112 = CARTESIAN_POINT('',(-30.,9.5,5.5));
#2113 = VECTOR('',#2114,1.);
#2114 = DIRECTION('',(1.,0.,0.));
#2115 = PCURVE('',#677,#2116);
#2116 = DEFINITIONAL_REPRESENTATION('',(#2117),#2121);
#2117 = LINE('',#2118,#2119);
#2118 = CARTESIAN_POINT('',(0.,0.));
#2119 = VECTOR('',#2120,1.);
#2120 = DIRECTION('',(0.,1.));
#2121 = ( GEOMETRIC_REPRESENTATION_CONTEXT(2) 
PARAMETRIC_REPRESENTATION_CONTEXT() REPRESENTATION_CONTEXT('2D SPACE',''
  ) );
#2122 = PCURVE('',#644,#2123);
#2123 = DEFINITIONAL_REPRESENTATION('',(#2124),#2128);
#2124 = LINE('',#2125,#2126);
#2125 = CARTESIAN_POINT('',(8.,0.));
#2126 = VECTOR('',#2127,1.);
#2127 = DIRECTION('',(0.,1.));
#2128 = ( GEOMETRIC_REPRESENTATION_CONTEXT(2) 
PARAMETRIC_REPRESENTATION_CONTEXT() REPRESENTATION_CONTEXT('2D SPACE',''
  ) );
#2129 = ORIENTED_EDGE('',*,*,#971,.T.);
#2130 = ORIENTED_EDGE('',*,*,#2085,.T.);
#2131 = ORIENTED_EDGE('',*,*,#656,.F.);
#2132 = ADVANCED_FACE('',(#2133),#644,.F.);
#2133 = FACE_BOUND('',#2134,.F.);
#2134 = EDGE_LOOP('',(#2135,#2136,#2137,#2158));
#2135 = ORIENTED_EDGE('',*,*,#2109,.T.);
#2136 = ORIENTED_EDGE('',*,*,#628,.T.);
#2137 = ORIENTED_EDGE('',*,*,#2138,.T.);
#2138 = EDGE_CURVE('',#604,#926,#2139,.T.);
#2139 = SURFACE_CURVE('',#2140,(#2144,#2151),.PCURVE_S1.);
#2140 = LINE('',#2141,#2142);
#2141 = CARTESIAN_POINT('',(-14.6,9.5,1.));
#2142 = VECTOR('',#2143,1.);
#2143 = DIRECTION('',(-1.,0.,0.));
#2144 = PCURVE('',#644,#2145);
#2145 = DEFINITIONAL_REPRESENTATION('',(#2146),#2150);
#2146 = LINE('',#2147,#2148);
#2147 = CARTESIAN_POINT('',(3.5,15.4));
#2148 = VECTOR('',#2149,1.);
#2149 = DIRECTION('',(0.,-1.));
#2150 = ( GEOMETRIC_REPRESENTATION_CONTEXT(2) 
PARAMETRIC_REPRESENTATION_CONTEXT() REPRESENTATION_CONTEXT('2D SPACE',''
  ) );
#2151 = PCURVE('',#430,#2152);
#2152 = DEFINITIONAL_REPRESENTATION('',(#2153),#2157);
#2153 = LINE('',#2154,#2155);
#2154 = CARTESIAN_POINT('',(-15.4,9.5));
#2155 = VECTOR('',#2156,1.);
#2156 = DIRECTION('',(-1.,0.));
#2157 = ( GEOMETRIC_REPRESENTATION_CONTEXT(2) 
PARAMETRIC_REPRESENTATION_CONTEXT() REPRESENTATION_CONTEXT('2D SPACE',''
  ) );
#2158 = ORIENTED_EDGE('',*,*,#948,.F.);
#2159 = ADVANCED_FACE('',(#2160,#2186,#2189,#2248,#2279,#2338),#486,.F.
  );
#2160 = FACE_BOUND('',#2161,.T.);
#2161 = EDGE_LOOP('',(#2162,#2163,#2164,#2185));
#2162 = ORIENTED_EDGE('',*,*,#578,.T.);
#2163 = ORIENTED_EDGE('',*,*,#800,.T.);
#2164 = ORIENTED_EDGE('',*,*,#2165,.T.);
#2165 = EDGE_CURVE('',#801,#443,#2166,.T.);
#2166 = SURFACE_CURVE('',#2167,(#2171,#2178),.PCURVE_S1.);
#2167 = LINE('',#2168,#2169);
#2168 = CARTESIAN_POINT('',(-25.5,11.5,8.));
#2169 = VECTOR('',#2170,1.);
#2170 = DIRECTION('',(1.,0.,0.));
#2171 = PCURVE('',#486,#2172);
#2172 = DEFINITIONAL_REPRESENTATION('',(#2173),#2177);
#2173 = LINE('',#2174,#2175);
#2174 = CARTESIAN_POINT('',(-26.3,11.5));
#2175 = VECTOR('',#2176,1.);
#2176 = DIRECTION('',(1.,0.));
#2177 = ( GEOMETRIC_REPRESENTATION_CONTEXT(2) 
PARAMETRIC_REPRESENTATION_CONTEXT() REPRESENTATION_CONTEXT('2D SPACE',''
  ) );
#2178 = PCURVE('',#458,#2179);
#2179 = DEFINITIONAL_REPRESENTATION('',(#2180),#2184);
#2180 = LINE('',#2181,#2182);
#2181 = CARTESIAN_POINT('',(0.,0.));
#2182 = VECTOR('',#2183,1.);
#2183 = DIRECTION('',(1.,0.));
#2184 = ( GEOMETRIC_REPRESENTATION_CONTEXT(2) 
PARAMETRIC_REPRESENTATION_CONTEXT() REPRESENTATION_CONTEXT('2D SPACE',''
  ) );
#2185 = ORIENTED_EDGE('',*,*,#470,.T.);
#2186 = FACE_BOUND('',#2187,.T.);
#2187 = EDGE_LOOP('',(#2188));
#2188 = ORIENTED_EDGE('',*,*,#1665,.T.);
#2189 = FACE_BOUND('',#2190,.T.);
#2190 = EDGE_LOOP('',(#2191,#2222));
#2191 = ORIENTED_EDGE('',*,*,#2192,.T.);
#2192 = EDGE_CURVE('',#2193,#2195,#2197,.T.);
#2193 = VERTEX_POINT('',#2194);
#2194 = CARTESIAN_POINT('',(23.188550420336,-4.19,8.));
#2195 = VERTEX_POINT('',#2196);
#2196 = CARTESIAN_POINT('',(25.811449579664,-4.19,8.));
#2197 = SURFACE_CURVE('',#2198,(#2203,#2210),.PCURVE_S1.);
#2198 = CIRCLE('',#2199,2.);
#2199 = AXIS2_PLACEMENT_3D('',#2200,#2201,#2202);
#2200 = CARTESIAN_POINT('',(24.5,-5.7,8.));
#2201 = DIRECTION('',(0.,0.,1.));
#2202 = DIRECTION('',(1.,0.,-0.));
#2203 = PCURVE('',#486,#2204);
#2204 = DEFINITIONAL_REPRESENTATION('',(#2205),#2209);
#2205 = CIRCLE('',#2206,2.);
#2206 = AXIS2_PLACEMENT_2D('',#2207,#2208);
#2207 = CARTESIAN_POINT('',(23.7,-5.7));
#2208 = DIRECTION('',(1.,0.));
#2209 = ( GEOMETRIC_REPRESENTATION_CONTEXT(2) 
PARAMETRIC_REPRESENTATION_CONTEXT() REPRESENTATION_CONTEXT('2D SPACE',''
  ) );
#2210 = PCURVE('',#2211,#2216);
#2211 = CYLINDRICAL_SURFACE('',#2212,2.);
#2212 = AXIS2_PLACEMENT_3D('',#2213,#2214,#2215);
#2213 = CARTESIAN_POINT('',(24.5,-5.7,1.));
#2214 = DIRECTION('',(0.,0.,1.));
#2215 = DIRECTION('',(-1.836970198721E-16,-1.,0.));
#2216 = DEFINITIONAL_REPRESENTATION('',(#2217),#2221);
#2217 = LINE('',#2218,#2219);
#2218 = CARTESIAN_POINT('',(-4.712388980385,7.));
#2219 = VECTOR('',#2220,1.);
#2220 = DIRECTION('',(1.,0.));
#2221 = ( GEOMETRIC_REPRESENTATION_CONTEXT(2) 
PARAMETRIC_REPRESENTATION_CONTEXT() REPRESENTATION_CONTEXT('2D SPACE',''
  ) );
#2222 = ORIENTED_EDGE('',*,*,#2223,.T.);
#2223 = EDGE_CURVE('',#2195,#2193,#2224,.T.);
#2224 = SURFACE_CURVE('',#2225,(#2229,#2236),.PCURVE_S1.);
#2225 = LINE('',#2226,#2227);
#2226 = CARTESIAN_POINT('',(13.305724789832,-4.19,8.));
#2227 = VECTOR('',#2228,1.);
#2228 = DIRECTION('',(-1.,0.,0.));
#2229 = PCURVE('',#486,#2230);
#2230 = DEFINITIONAL_REPRESENTATION('',(#2231),#2235);
#2231 = LINE('',#2232,#2233);
#2232 = CARTESIAN_POINT('',(12.505724789832,-4.19));
#2233 = VECTOR('',#2234,1.);
#2234 = DIRECTION('',(-1.,0.));
#2235 = ( GEOMETRIC_REPRESENTATION_CONTEXT(2) 
PARAMETRIC_REPRESENTATION_CONTEXT() REPRESENTATION_CONTEXT('2D SPACE',''
  ) );
#2236 = PCURVE('',#2237,#2242);
#2237 = PLANE('',#2238);
#2238 = AXIS2_PLACEMENT_3D('',#2239,#2240,#2241);
#2239 = CARTESIAN_POINT('',(25.811449579664,-4.19,1.));
#2240 = DIRECTION('',(0.,1.,0.));
#2241 = DIRECTION('',(-1.,0.,-8.628166150855E-32));
#2242 = DEFINITIONAL_REPRESENTATION('',(#2243),#2247);
#2243 = LINE('',#2244,#2245);
#2244 = CARTESIAN_POINT('',(12.505724789832,7.));
#2245 = VECTOR('',#2246,1.);
#2246 = DIRECTION('',(1.,8.628166150855E-32));
#2247 = ( GEOMETRIC_REPRESENTATION_CONTEXT(2) 
PARAMETRIC_REPRESENTATION_CONTEXT() REPRESENTATION_CONTEXT('2D SPACE',''
  ) );
#2248 = FACE_BOUND('',#2249,.T.);
#2249 = EDGE_LOOP('',(#2250));
#2250 = ORIENTED_EDGE('',*,*,#2251,.T.);
#2251 = EDGE_CURVE('',#2252,#2252,#2254,.T.);
#2252 = VERTEX_POINT('',#2253);
#2253 = CARTESIAN_POINT('',(-24.5,-5.7,8.));
#2254 = SURFACE_CURVE('',#2255,(#2260,#2267),.PCURVE_S1.);
#2255 = CIRCLE('',#2256,2.);
#2256 = AXIS2_PLACEMENT_3D('',#2257,#2258,#2259);
#2257 = CARTESIAN_POINT('',(-22.5,-5.7,8.));
#2258 = DIRECTION('',(0.,0.,1.));
#2259 = DIRECTION('',(1.,0.,-0.));
#2260 = PCURVE('',#486,#2261);
#2261 = DEFINITIONAL_REPRESENTATION('',(#2262),#2266);
#2262 = CIRCLE('',#2263,2.);
#2263 = AXIS2_PLACEMENT_2D('',#2264,#2265);
#2264 = CARTESIAN_POINT('',(-23.3,-5.7));
#2265 = DIRECTION('',(1.,0.));
#2266 = ( GEOMETRIC_REPRESENTATION_CONTEXT(2) 
PARAMETRIC_REPRESENTATION_CONTEXT() REPRESENTATION_CONTEXT('2D SPACE',''
  ) );
#2267 = PCURVE('',#2268,#2273);
#2268 = CYLINDRICAL_SURFACE('',#2269,2.);
#2269 = AXIS2_PLACEMENT_3D('',#2270,#2271,#2272);
#2270 = CARTESIAN_POINT('',(-22.5,-5.7,1.));
#2271 = DIRECTION('',(0.,0.,1.));
#2272 = DIRECTION('',(1.,0.,-0.));
#2273 = DEFINITIONAL_REPRESENTATION('',(#2274),#2278);
#2274 = LINE('',#2275,#2276);
#2275 = CARTESIAN_POINT('',(-4.138911435803E-13,7.));
#2276 = VECTOR('',#2277,1.);
#2277 = DIRECTION('',(1.,0.));
#2278 = ( GEOMETRIC_REPRESENTATION_CONTEXT(2) 
PARAMETRIC_REPRESENTATION_CONTEXT() REPRESENTATION_CONTEXT('2D SPACE',''
  ) );
#2279 = FACE_BOUND('',#2280,.T.);
#2280 = EDGE_LOOP('',(#2281,#2312));
#2281 = ORIENTED_EDGE('',*,*,#2282,.T.);
#2282 = EDGE_CURVE('',#2283,#2285,#2287,.T.);
#2283 = VERTEX_POINT('',#2284);
#2284 = CARTESIAN_POINT('',(25.811449579664,4.19,8.));
#2285 = VERTEX_POINT('',#2286);
#2286 = CARTESIAN_POINT('',(23.188550420336,4.19,8.));
#2287 = SURFACE_CURVE('',#2288,(#2293,#2300),.PCURVE_S1.);
#2288 = CIRCLE('',#2289,2.);
#2289 = AXIS2_PLACEMENT_3D('',#2290,#2291,#2292);
#2290 = CARTESIAN_POINT('',(24.5,5.7,8.));
#2291 = DIRECTION('',(0.,0.,1.));
#2292 = DIRECTION('',(1.,0.,-0.));
#2293 = PCURVE('',#486,#2294);
#2294 = DEFINITIONAL_REPRESENTATION('',(#2295),#2299);
#2295 = CIRCLE('',#2296,2.);
#2296 = AXIS2_PLACEMENT_2D('',#2297,#2298);
#2297 = CARTESIAN_POINT('',(23.7,5.7));
#2298 = DIRECTION('',(1.,0.));
#2299 = ( GEOMETRIC_REPRESENTATION_CONTEXT(2) 
PARAMETRIC_REPRESENTATION_CONTEXT() REPRESENTATION_CONTEXT('2D SPACE',''
  ) );
#2300 = PCURVE('',#2301,#2306);
#2301 = CYLINDRICAL_SURFACE('',#2302,2.);
#2302 = AXIS2_PLACEMENT_3D('',#2303,#2304,#2305);
#2303 = CARTESIAN_POINT('',(24.5,5.7,1.));
#2304 = DIRECTION('',(0.,0.,1.));
#2305 = DIRECTION('',(6.123233995737E-17,1.,-0.));
#2306 = DEFINITIONAL_REPRESENTATION('',(#2307),#2311);
#2307 = LINE('',#2308,#2309);
#2308 = CARTESIAN_POINT('',(-1.570796326795,7.));
#2309 = VECTOR('',#2310,1.);
#2310 = DIRECTION('',(1.,0.));
#2311 = ( GEOMETRIC_REPRESENTATION_CONTEXT(2) 
PARAMETRIC_REPRESENTATION_CONTEXT() REPRESENTATION_CONTEXT('2D SPACE',''
  ) );
#2312 = ORIENTED_EDGE('',*,*,#2313,.T.);
#2313 = EDGE_CURVE('',#2285,#2283,#2314,.T.);
#2314 = SURFACE_CURVE('',#2315,(#2319,#2326),.PCURVE_S1.);
#2315 = LINE('',#2316,#2317);
#2316 = CARTESIAN_POINT('',(11.994275210168,4.19,8.));
#2317 = VECTOR('',#2318,1.);
#2318 = DIRECTION('',(1.,0.,0.));
#2319 = PCURVE('',#486,#2320);
#2320 = DEFINITIONAL_REPRESENTATION('',(#2321),#2325);
#2321 = LINE('',#2322,#2323);
#2322 = CARTESIAN_POINT('',(11.194275210168,4.19));
#2323 = VECTOR('',#2324,1.);
#2324 = DIRECTION('',(1.,0.));
#2325 = ( GEOMETRIC_REPRESENTATION_CONTEXT(2) 
PARAMETRIC_REPRESENTATION_CONTEXT() REPRESENTATION_CONTEXT('2D SPACE',''
  ) );
#2326 = PCURVE('',#2327,#2332);
#2327 = PLANE('',#2328);
#2328 = AXIS2_PLACEMENT_3D('',#2329,#2330,#2331);
#2329 = CARTESIAN_POINT('',(23.188550420336,4.19,1.));
#2330 = DIRECTION('',(0.,-1.,0.));
#2331 = DIRECTION('',(1.,0.,8.628166150855E-32));
#2332 = DEFINITIONAL_REPRESENTATION('',(#2333),#2337);
#2333 = LINE('',#2334,#2335);
#2334 = CARTESIAN_POINT('',(-11.19427521016,7.));
#2335 = VECTOR('',#2336,1.);
#2336 = DIRECTION('',(1.,-8.628166150855E-32));
#2337 = ( GEOMETRIC_REPRESENTATION_CONTEXT(2) 
PARAMETRIC_REPRESENTATION_CONTEXT() REPRESENTATION_CONTEXT('2D SPACE',''
  ) );
#2338 = FACE_BOUND('',#2339,.T.);
#2339 = EDGE_LOOP('',(#2340));
#2340 = ORIENTED_EDGE('',*,*,#2341,.T.);
#2341 = EDGE_CURVE('',#2342,#2342,#2344,.T.);
#2342 = VERTEX_POINT('',#2343);
#2343 = CARTESIAN_POINT('',(-24.5,5.7,8.));
#2344 = SURFACE_CURVE('',#2345,(#2350,#2357),.PCURVE_S1.);
#2345 = CIRCLE('',#2346,2.);
#2346 = AXIS2_PLACEMENT_3D('',#2347,#2348,#2349);
#2347 = CARTESIAN_POINT('',(-22.5,5.7,8.));
#2348 = DIRECTION('',(0.,0.,1.));
#2349 = DIRECTION('',(1.,0.,-0.));
#2350 = PCURVE('',#486,#2351);
#2351 = DEFINITIONAL_REPRESENTATION('',(#2352),#2356);
#2352 = CIRCLE('',#2353,2.);
#2353 = AXIS2_PLACEMENT_2D('',#2354,#2355);
#2354 = CARTESIAN_POINT('',(-23.3,5.7));
#2355 = DIRECTION('',(1.,0.));
#2356 = ( GEOMETRIC_REPRESENTATION_CONTEXT(2) 
PARAMETRIC_REPRESENTATION_CONTEXT() REPRESENTATION_CONTEXT('2D SPACE',''
  ) );
#2357 = PCURVE('',#2358,#2363);
#2358 = CYLINDRICAL_SURFACE('',#2359,2.);
#2359 = AXIS2_PLACEMENT_3D('',#2360,#2361,#2362);
#2360 = CARTESIAN_POINT('',(-22.5,5.7,1.));
#2361 = DIRECTION('',(0.,0.,1.));
#2362 = DIRECTION('',(1.,0.,-0.));
#2363 = DEFINITIONAL_REPRESENTATION('',(#2364),#2368);
#2364 = LINE('',#2365,#2366);
#2365 = CARTESIAN_POINT('',(-4.138911435803E-13,7.));
#2366 = VECTOR('',#2367,1.);
#2367 = DIRECTION('',(1.,0.));
#2368 = ( GEOMETRIC_REPRESENTATION_CONTEXT(2) 
PARAMETRIC_REPRESENTATION_CONTEXT() REPRESENTATION_CONTEXT('2D SPACE',''
  ) );
#2369 = ADVANCED_FACE('',(#2370),#2358,.T.);
#2370 = FACE_BOUND('',#2371,.T.);
#2371 = EDGE_LOOP('',(#2372,#2373,#2396,#2427));
#2372 = ORIENTED_EDGE('',*,*,#2341,.F.);
#2373 = ORIENTED_EDGE('',*,*,#2374,.T.);
#2374 = EDGE_CURVE('',#2342,#2375,#2377,.T.);
#2375 = VERTEX_POINT('',#2376);
#2376 = CARTESIAN_POINT('',(-24.5,5.7,1.));
#2377 = SEAM_CURVE('',#2378,(#2382,#2389),.PCURVE_S1.);
#2378 = LINE('',#2379,#2380);
#2379 = CARTESIAN_POINT('',(-24.5,5.7,1.));
#2380 = VECTOR('',#2381,1.);
#2381 = DIRECTION('',(0.,0.,-1.));
#2382 = PCURVE('',#2358,#2383);
#2383 = DEFINITIONAL_REPRESENTATION('',(#2384),#2388);
#2384 = LINE('',#2385,#2386);
#2385 = CARTESIAN_POINT('',(3.14159265359,0.));
#2386 = VECTOR('',#2387,1.);
#2387 = DIRECTION('',(0.,-1.));
#2388 = ( GEOMETRIC_REPRESENTATION_CONTEXT(2) 
PARAMETRIC_REPRESENTATION_CONTEXT() REPRESENTATION_CONTEXT('2D SPACE',''
  ) );
#2389 = PCURVE('',#2358,#2390);
#2390 = DEFINITIONAL_REPRESENTATION('',(#2391),#2395);
#2391 = LINE('',#2392,#2393);
#2392 = CARTESIAN_POINT('',(9.424777960769,0.));
#2393 = VECTOR('',#2394,1.);
#2394 = DIRECTION('',(0.,-1.));
#2395 = ( GEOMETRIC_REPRESENTATION_CONTEXT(2) 
PARAMETRIC_REPRESENTATION_CONTEXT() REPRESENTATION_CONTEXT('2D SPACE',''
  ) );
#2396 = ORIENTED_EDGE('',*,*,#2397,.F.);
#2397 = EDGE_CURVE('',#2375,#2375,#2398,.T.);
#2398 = SURFACE_CURVE('',#2399,(#2404,#2411),.PCURVE_S1.);
#2399 = CIRCLE('',#2400,2.);
#2400 = AXIS2_PLACEMENT_3D('',#2401,#2402,#2403);
#2401 = CARTESIAN_POINT('',(-22.5,5.7,1.));
#2402 = DIRECTION('',(8.628166150855E-32,4.024558464266E-16,-1.));
#2403 = DIRECTION('',(1.,-3.472455911352E-47,8.628166150855E-32));
#2404 = PCURVE('',#2358,#2405);
#2405 = DEFINITIONAL_REPRESENTATION('',(#2406),#2410);
#2406 = LINE('',#2407,#2408);
#2407 = CARTESIAN_POINT('',(12.56637061436,0.));
#2408 = VECTOR('',#2409,1.);
#2409 = DIRECTION('',(-1.,0.));
#2410 = ( GEOMETRIC_REPRESENTATION_CONTEXT(2) 
PARAMETRIC_REPRESENTATION_CONTEXT() REPRESENTATION_CONTEXT('2D SPACE',''
  ) );
#2411 = PCURVE('',#2412,#2417);
#2412 = PLANE('',#2413);
#2413 = AXIS2_PLACEMENT_3D('',#2414,#2415,#2416);
#2414 = CARTESIAN_POINT('',(1.,-4.496403249732E-14,1.));
#2415 = DIRECTION('',(-8.628166150855E-32,-4.024558464266E-16,1.));
#2416 = DIRECTION('',(1.,-4.375557617246E-62,8.628166150855E-32));
#2417 = DEFINITIONAL_REPRESENTATION('',(#2418),#2426);
#2418 = ( BOUNDED_CURVE() B_SPLINE_CURVE(2,(#2419,#2420,#2421,#2422,
#2423,#2424,#2425),.UNSPECIFIED.,.T.,.F.) B_SPLINE_CURVE_WITH_KNOTS((1,2
    ,2,2,2,1),(-2.094395102393,0.,2.094395102393,4.188790204786,
6.28318530718,8.377580409573),.UNSPECIFIED.) CURVE() 
GEOMETRIC_REPRESENTATION_ITEM() RATIONAL_B_SPLINE_CURVE((1.,0.5,1.,0.5,
1.,0.5,1.)) REPRESENTATION_ITEM('') );
#2419 = CARTESIAN_POINT('',(-21.5,5.7));
#2420 = CARTESIAN_POINT('',(-21.5,2.235898384862));
#2421 = CARTESIAN_POINT('',(-24.5,3.967949192431));
#2422 = CARTESIAN_POINT('',(-27.5,5.7));
#2423 = CARTESIAN_POINT('',(-24.5,7.432050807569));
#2424 = CARTESIAN_POINT('',(-21.5,9.164101615138));
#2425 = CARTESIAN_POINT('',(-21.5,5.7));
#2426 = ( GEOMETRIC_REPRESENTATION_CONTEXT(2) 
PARAMETRIC_REPRESENTATION_CONTEXT() REPRESENTATION_CONTEXT('2D SPACE',''
  ) );
#2427 = ORIENTED_EDGE('',*,*,#2374,.F.);
#2428 = ADVANCED_FACE('',(#2429),#2412,.F.);
#2429 = FACE_BOUND('',#2430,.F.);
#2430 = EDGE_LOOP('',(#2431));
#2431 = ORIENTED_EDGE('',*,*,#2397,.F.);
#2432 = ADVANCED_FACE('',(#2433),#2327,.T.);
#2433 = FACE_BOUND('',#2434,.T.);
#2434 = EDGE_LOOP('',(#2435,#2436,#2459,#2487,#2515,#2543));
#2435 = ORIENTED_EDGE('',*,*,#2313,.F.);
#2436 = ORIENTED_EDGE('',*,*,#2437,.F.);
#2437 = EDGE_CURVE('',#2438,#2285,#2440,.T.);
#2438 = VERTEX_POINT('',#2439);
#2439 = CARTESIAN_POINT('',(23.188550420336,4.19,1.));
#2440 = SURFACE_CURVE('',#2441,(#2445,#2452),.PCURVE_S1.);
#2441 = LINE('',#2442,#2443);
#2442 = CARTESIAN_POINT('',(23.188550420336,4.19,1.));
#2443 = VECTOR('',#2444,1.);
#2444 = DIRECTION('',(0.,0.,1.));
#2445 = PCURVE('',#2327,#2446);
#2446 = DEFINITIONAL_REPRESENTATION('',(#2447),#2451);
#2447 = LINE('',#2448,#2449);
#2448 = CARTESIAN_POINT('',(0.,0.));
#2449 = VECTOR('',#2450,1.);
#2450 = DIRECTION('',(8.628166150855E-32,1.));
#2451 = ( GEOMETRIC_REPRESENTATION_CONTEXT(2) 
PARAMETRIC_REPRESENTATION_CONTEXT() REPRESENTATION_CONTEXT('2D SPACE',''
  ) );
#2452 = PCURVE('',#2301,#2453);
#2453 = DEFINITIONAL_REPRESENTATION('',(#2454),#2458);
#2454 = LINE('',#2455,#2456);
#2455 = CARTESIAN_POINT('',(8.709635753478,9.992007221626E-15));
#2456 = VECTOR('',#2457,1.);
#2457 = DIRECTION('',(0.,1.));
#2458 = ( GEOMETRIC_REPRESENTATION_CONTEXT(2) 
PARAMETRIC_REPRESENTATION_CONTEXT() REPRESENTATION_CONTEXT('2D SPACE',''
  ) );
#2459 = ORIENTED_EDGE('',*,*,#2460,.F.);
#2460 = EDGE_CURVE('',#2461,#2438,#2463,.T.);
#2461 = VERTEX_POINT('',#2462);
#2462 = CARTESIAN_POINT('',(25.,4.19,1.));
#2463 = SURFACE_CURVE('',#2464,(#2468,#2475),.PCURVE_S1.);
#2464 = LINE('',#2465,#2466);
#2465 = CARTESIAN_POINT('',(12.094275210168,4.19,1.));
#2466 = VECTOR('',#2467,1.);
#2467 = DIRECTION('',(-1.,0.,-8.628166150855E-32));
#2468 = PCURVE('',#2327,#2469);
#2469 = DEFINITIONAL_REPRESENTATION('',(#2470),#2474);
#2470 = LINE('',#2471,#2472);
#2471 = CARTESIAN_POINT('',(-11.09427521016,9.572324983664E-31));
#2472 = VECTOR('',#2473,1.);
#2473 = DIRECTION('',(-1.,0.));
#2474 = ( GEOMETRIC_REPRESENTATION_CONTEXT(2) 
PARAMETRIC_REPRESENTATION_CONTEXT() REPRESENTATION_CONTEXT('2D SPACE',''
  ) );
#2475 = PCURVE('',#2476,#2481);
#2476 = PLANE('',#2477);
#2477 = AXIS2_PLACEMENT_3D('',#2478,#2479,#2480);
#2478 = CARTESIAN_POINT('',(1.,-4.496403249732E-14,1.));
#2479 = DIRECTION('',(-8.628166150855E-32,-4.024558464266E-16,1.));
#2480 = DIRECTION('',(1.,-4.375557617246E-62,8.628166150855E-32));
#2481 = DEFINITIONAL_REPRESENTATION('',(#2482),#2486);
#2482 = LINE('',#2483,#2484);
#2483 = CARTESIAN_POINT('',(11.094275210168,4.19));
#2484 = VECTOR('',#2485,1.);
#2485 = DIRECTION('',(-1.,-4.375557617246E-62));
#2486 = ( GEOMETRIC_REPRESENTATION_CONTEXT(2) 
PARAMETRIC_REPRESENTATION_CONTEXT() REPRESENTATION_CONTEXT('2D SPACE',''
  ) );
#2487 = ORIENTED_EDGE('',*,*,#2488,.T.);
#2488 = EDGE_CURVE('',#2461,#2489,#2491,.T.);
#2489 = VERTEX_POINT('',#2490);
#2490 = CARTESIAN_POINT('',(25.,4.19,6.5));
#2491 = SURFACE_CURVE('',#2492,(#2496,#2503),.PCURVE_S1.);
#2492 = LINE('',#2493,#2494);
#2493 = CARTESIAN_POINT('',(25.,4.19,1.));
#2494 = VECTOR('',#2495,1.);
#2495 = DIRECTION('',(-0.,0.,1.));
#2496 = PCURVE('',#2327,#2497);
#2497 = DEFINITIONAL_REPRESENTATION('',(#2498),#2502);
#2498 = LINE('',#2499,#2500);
#2499 = CARTESIAN_POINT('',(1.811449579664,-1.562948794724E-31));
#2500 = VECTOR('',#2501,1.);
#2501 = DIRECTION('',(8.628166150855E-32,1.));
#2502 = ( GEOMETRIC_REPRESENTATION_CONTEXT(2) 
PARAMETRIC_REPRESENTATION_CONTEXT() REPRESENTATION_CONTEXT('2D SPACE',''
  ) );
#2503 = PCURVE('',#2504,#2509);
#2504 = PLANE('',#2505);
#2505 = AXIS2_PLACEMENT_3D('',#2506,#2507,#2508);
#2506 = CARTESIAN_POINT('',(25.,-6.,1.));
#2507 = DIRECTION('',(1.,0.,0.));
#2508 = DIRECTION('',(0.,0.,1.));
#2509 = DEFINITIONAL_REPRESENTATION('',(#2510),#2514);
#2510 = LINE('',#2511,#2512);
#2511 = CARTESIAN_POINT('',(0.,-10.19));
#2512 = VECTOR('',#2513,1.);
#2513 = DIRECTION('',(1.,0.));
#2514 = ( GEOMETRIC_REPRESENTATION_CONTEXT(2) 
PARAMETRIC_REPRESENTATION_CONTEXT() REPRESENTATION_CONTEXT('2D SPACE',''
  ) );
#2515 = ORIENTED_EDGE('',*,*,#2516,.F.);
#2516 = EDGE_CURVE('',#2517,#2489,#2519,.T.);
#2517 = VERTEX_POINT('',#2518);
#2518 = CARTESIAN_POINT('',(25.811449579664,4.19,6.5));
#2519 = SURFACE_CURVE('',#2520,(#2524,#2531),.PCURVE_S1.);
#2520 = LINE('',#2521,#2522);
#2521 = CARTESIAN_POINT('',(24.094275210168,4.19,6.5));
#2522 = VECTOR('',#2523,1.);
#2523 = DIRECTION('',(-1.,0.,0.));
#2524 = PCURVE('',#2327,#2525);
#2525 = DEFINITIONAL_REPRESENTATION('',(#2526),#2530);
#2526 = LINE('',#2527,#2528);
#2527 = CARTESIAN_POINT('',(0.905724789832,5.5));
#2528 = VECTOR('',#2529,1.);
#2529 = DIRECTION('',(-1.,8.628166150855E-32));
#2530 = ( GEOMETRIC_REPRESENTATION_CONTEXT(2) 
PARAMETRIC_REPRESENTATION_CONTEXT() REPRESENTATION_CONTEXT('2D SPACE',''
  ) );
#2531 = PCURVE('',#2532,#2537);
#2532 = PLANE('',#2533);
#2533 = AXIS2_PLACEMENT_3D('',#2534,#2535,#2536);
#2534 = CARTESIAN_POINT('',(25.,-6.,6.5));
#2535 = DIRECTION('',(0.,0.,1.));
#2536 = DIRECTION('',(1.,0.,-0.));
#2537 = DEFINITIONAL_REPRESENTATION('',(#2538),#2542);
#2538 = LINE('',#2539,#2540);
#2539 = CARTESIAN_POINT('',(-0.905724789832,10.19));
#2540 = VECTOR('',#2541,1.);
#2541 = DIRECTION('',(-1.,0.));
#2542 = ( GEOMETRIC_REPRESENTATION_CONTEXT(2) 
PARAMETRIC_REPRESENTATION_CONTEXT() REPRESENTATION_CONTEXT('2D SPACE',''
  ) );
#2543 = ORIENTED_EDGE('',*,*,#2544,.T.);
#2544 = EDGE_CURVE('',#2517,#2283,#2545,.T.);
#2545 = SURFACE_CURVE('',#2546,(#2550,#2557),.PCURVE_S1.);
#2546 = LINE('',#2547,#2548);
#2547 = CARTESIAN_POINT('',(25.811449579664,4.19,1.));
#2548 = VECTOR('',#2549,1.);
#2549 = DIRECTION('',(0.,0.,1.));
#2550 = PCURVE('',#2327,#2551);
#2551 = DEFINITIONAL_REPRESENTATION('',(#2552),#2556);
#2552 = LINE('',#2553,#2554);
#2553 = CARTESIAN_POINT('',(2.622899159328,-2.263080974362E-31));
#2554 = VECTOR('',#2555,1.);
#2555 = DIRECTION('',(8.628166150855E-32,1.));
#2556 = ( GEOMETRIC_REPRESENTATION_CONTEXT(2) 
PARAMETRIC_REPRESENTATION_CONTEXT() REPRESENTATION_CONTEXT('2D SPACE',''
  ) );
#2557 = PCURVE('',#2301,#2558);
#2558 = DEFINITIONAL_REPRESENTATION('',(#2559),#2563);
#2559 = LINE('',#2560,#2561);
#2560 = CARTESIAN_POINT('',(3.856734860881,9.992007221626E-15));
#2561 = VECTOR('',#2562,1.);
#2562 = DIRECTION('',(0.,1.));
#2563 = ( GEOMETRIC_REPRESENTATION_CONTEXT(2) 
PARAMETRIC_REPRESENTATION_CONTEXT() REPRESENTATION_CONTEXT('2D SPACE',''
  ) );
#2564 = ADVANCED_FACE('',(#2565),#2532,.F.);
#2565 = FACE_BOUND('',#2566,.F.);
#2566 = EDGE_LOOP('',(#2567,#2590,#2591,#2615));
#2567 = ORIENTED_EDGE('',*,*,#2568,.F.);
#2568 = EDGE_CURVE('',#2489,#2569,#2571,.T.);
#2569 = VERTEX_POINT('',#2570);
#2570 = CARTESIAN_POINT('',(25.,4.6,6.5));
#2571 = SURFACE_CURVE('',#2572,(#2576,#2583),.PCURVE_S1.);
#2572 = LINE('',#2573,#2574);
#2573 = CARTESIAN_POINT('',(25.,-6.,6.5));
#2574 = VECTOR('',#2575,1.);
#2575 = DIRECTION('',(0.,1.,0.));
#2576 = PCURVE('',#2532,#2577);
#2577 = DEFINITIONAL_REPRESENTATION('',(#2578),#2582);
#2578 = LINE('',#2579,#2580);
#2579 = CARTESIAN_POINT('',(0.,0.));
#2580 = VECTOR('',#2581,1.);
#2581 = DIRECTION('',(0.,1.));
#2582 = ( GEOMETRIC_REPRESENTATION_CONTEXT(2) 
PARAMETRIC_REPRESENTATION_CONTEXT() REPRESENTATION_CONTEXT('2D SPACE',''
  ) );
#2583 = PCURVE('',#2504,#2584);
#2584 = DEFINITIONAL_REPRESENTATION('',(#2585),#2589);
#2585 = LINE('',#2586,#2587);
#2586 = CARTESIAN_POINT('',(5.5,0.));
#2587 = VECTOR('',#2588,1.);
#2588 = DIRECTION('',(0.,-1.));
#2589 = ( GEOMETRIC_REPRESENTATION_CONTEXT(2) 
PARAMETRIC_REPRESENTATION_CONTEXT() REPRESENTATION_CONTEXT('2D SPACE',''
  ) );
#2590 = ORIENTED_EDGE('',*,*,#2516,.F.);
#2591 = ORIENTED_EDGE('',*,*,#2592,.T.);
#2592 = EDGE_CURVE('',#2517,#2593,#2595,.T.);
#2593 = VERTEX_POINT('',#2594);
#2594 = CARTESIAN_POINT('',(26.170329308849,4.6,6.5));
#2595 = SURFACE_CURVE('',#2596,(#2601,#2608),.PCURVE_S1.);
#2596 = CIRCLE('',#2597,2.);
#2597 = AXIS2_PLACEMENT_3D('',#2598,#2599,#2600);
#2598 = CARTESIAN_POINT('',(24.5,5.7,6.5));
#2599 = DIRECTION('',(0.,0.,1.));
#2600 = DIRECTION('',(6.123233995737E-17,1.,-0.));
#2601 = PCURVE('',#2532,#2602);
#2602 = DEFINITIONAL_REPRESENTATION('',(#2603),#2607);
#2603 = CIRCLE('',#2604,2.);
#2604 = AXIS2_PLACEMENT_2D('',#2605,#2606);
#2605 = CARTESIAN_POINT('',(-0.5,11.7));
#2606 = DIRECTION('',(6.123233995737E-17,1.));
#2607 = ( GEOMETRIC_REPRESENTATION_CONTEXT(2) 
PARAMETRIC_REPRESENTATION_CONTEXT() REPRESENTATION_CONTEXT('2D SPACE',''
  ) );
#2608 = PCURVE('',#2301,#2609);
#2609 = DEFINITIONAL_REPRESENTATION('',(#2610),#2614);
#2610 = LINE('',#2611,#2612);
#2611 = CARTESIAN_POINT('',(-8.881784197001E-16,5.5));
#2612 = VECTOR('',#2613,1.);
#2613 = DIRECTION('',(1.,0.));
#2614 = ( GEOMETRIC_REPRESENTATION_CONTEXT(2) 
PARAMETRIC_REPRESENTATION_CONTEXT() REPRESENTATION_CONTEXT('2D SPACE',''
  ) );
#2615 = ORIENTED_EDGE('',*,*,#2616,.F.);
#2616 = EDGE_CURVE('',#2569,#2593,#2617,.T.);
#2617 = SURFACE_CURVE('',#2618,(#2622,#2629),.PCURVE_S1.);
#2618 = LINE('',#2619,#2620);
#2619 = CARTESIAN_POINT('',(25.,4.6,6.5));
#2620 = VECTOR('',#2621,1.);
#2621 = DIRECTION('',(1.,0.,0.));
#2622 = PCURVE('',#2532,#2623);
#2623 = DEFINITIONAL_REPRESENTATION('',(#2624),#2628);
#2624 = LINE('',#2625,#2626);
#2625 = CARTESIAN_POINT('',(0.,10.6));
#2626 = VECTOR('',#2627,1.);
#2627 = DIRECTION('',(1.,0.));
#2628 = ( GEOMETRIC_REPRESENTATION_CONTEXT(2) 
PARAMETRIC_REPRESENTATION_CONTEXT() REPRESENTATION_CONTEXT('2D SPACE',''
  ) );
#2629 = PCURVE('',#2630,#2635);
#2630 = CYLINDRICAL_SURFACE('',#2631,1.4);
#2631 = AXIS2_PLACEMENT_3D('',#2632,#2633,#2634);
#2632 = CARTESIAN_POINT('',(25.,4.6,5.1));
#2633 = DIRECTION('',(1.,0.,0.));
#2634 = DIRECTION('',(-0.,1.,0.));
#2635 = DEFINITIONAL_REPRESENTATION('',(#2636),#2640);
#2636 = LINE('',#2637,#2638);
#2637 = CARTESIAN_POINT('',(1.570796326795,0.));
#2638 = VECTOR('',#2639,1.);
#2639 = DIRECTION('',(0.,1.));
#2640 = ( GEOMETRIC_REPRESENTATION_CONTEXT(2) 
PARAMETRIC_REPRESENTATION_CONTEXT() REPRESENTATION_CONTEXT('2D SPACE',''
  ) );
#2641 = ADVANCED_FACE('',(#2642),#2630,.F.);
#2642 = FACE_BOUND('',#2643,.F.);
#2643 = EDGE_LOOP('',(#2644,#2674,#2696,#2697));
#2644 = ORIENTED_EDGE('',*,*,#2645,.F.);
#2645 = EDGE_CURVE('',#2646,#2648,#2650,.T.);
#2646 = VERTEX_POINT('',#2647);
#2647 = CARTESIAN_POINT('',(25.,6.,5.1));
#2648 = VERTEX_POINT('',#2649);
#2649 = CARTESIAN_POINT('',(26.477371993329,6.,5.1));
#2650 = SURFACE_CURVE('',#2651,(#2655,#2662),.PCURVE_S1.);
#2651 = LINE('',#2652,#2653);
#2652 = CARTESIAN_POINT('',(25.,6.,5.1));
#2653 = VECTOR('',#2654,1.);
#2654 = DIRECTION('',(1.,0.,0.));
#2655 = PCURVE('',#2630,#2656);
#2656 = DEFINITIONAL_REPRESENTATION('',(#2657),#2661);
#2657 = LINE('',#2658,#2659);
#2658 = CARTESIAN_POINT('',(0.,0.));
#2659 = VECTOR('',#2660,1.);
#2660 = DIRECTION('',(0.,1.));
#2661 = ( GEOMETRIC_REPRESENTATION_CONTEXT(2) 
PARAMETRIC_REPRESENTATION_CONTEXT() REPRESENTATION_CONTEXT('2D SPACE',''
  ) );
#2662 = PCURVE('',#2663,#2668);
#2663 = PLANE('',#2664);
#2664 = AXIS2_PLACEMENT_3D('',#2665,#2666,#2667);
#2665 = CARTESIAN_POINT('',(25.,6.,1.));
#2666 = DIRECTION('',(0.,1.,0.));
#2667 = DIRECTION('',(0.,-0.,1.));
#2668 = DEFINITIONAL_REPRESENTATION('',(#2669),#2673);
#2669 = LINE('',#2670,#2671);
#2670 = CARTESIAN_POINT('',(4.1,0.));
#2671 = VECTOR('',#2672,1.);
#2672 = DIRECTION('',(0.,1.));
#2673 = ( GEOMETRIC_REPRESENTATION_CONTEXT(2) 
PARAMETRIC_REPRESENTATION_CONTEXT() REPRESENTATION_CONTEXT('2D SPACE',''
  ) );
#2674 = ORIENTED_EDGE('',*,*,#2675,.T.);
#2675 = EDGE_CURVE('',#2646,#2569,#2676,.T.);
#2676 = SURFACE_CURVE('',#2677,(#2682,#2689),.PCURVE_S1.);
#2677 = CIRCLE('',#2678,1.4);
#2678 = AXIS2_PLACEMENT_3D('',#2679,#2680,#2681);
#2679 = CARTESIAN_POINT('',(25.,4.6,5.1));
#2680 = DIRECTION('',(1.,0.,0.));
#2681 = DIRECTION('',(-0.,0.,1.));
#2682 = PCURVE('',#2630,#2683);
#2683 = DEFINITIONAL_REPRESENTATION('',(#2684),#2688);
#2684 = LINE('',#2685,#2686);
#2685 = CARTESIAN_POINT('',(-4.712388980385,0.));
#2686 = VECTOR('',#2687,1.);
#2687 = DIRECTION('',(1.,0.));
#2688 = ( GEOMETRIC_REPRESENTATION_CONTEXT(2) 
PARAMETRIC_REPRESENTATION_CONTEXT() REPRESENTATION_CONTEXT('2D SPACE',''
  ) );
#2689 = PCURVE('',#2504,#2690);
#2690 = DEFINITIONAL_REPRESENTATION('',(#2691),#2695);
#2691 = CIRCLE('',#2692,1.4);
#2692 = AXIS2_PLACEMENT_2D('',#2693,#2694);
#2693 = CARTESIAN_POINT('',(4.1,-10.6));
#2694 = DIRECTION('',(1.,0.));
#2695 = ( GEOMETRIC_REPRESENTATION_CONTEXT(2) 
PARAMETRIC_REPRESENTATION_CONTEXT() REPRESENTATION_CONTEXT('2D SPACE',''
  ) );
#2696 = ORIENTED_EDGE('',*,*,#2616,.T.);
#2697 = ORIENTED_EDGE('',*,*,#2698,.T.);
#2698 = EDGE_CURVE('',#2593,#2648,#2699,.T.);
#2699 = SURFACE_CURVE('',#2700,(#2739,#2781),.PCURVE_S1.);
#2700 = B_SPLINE_CURVE_WITH_KNOTS('',7,(#2701,#2702,#2703,#2704,#2705,
    #2706,#2707,#2708,#2709,#2710,#2711,#2712,#2713,#2714,#2715,#2716,
    #2717,#2718,#2719,#2720,#2721,#2722,#2723,#2724,#2725,#2726,#2727,
    #2728,#2729,#2730,#2731,#2732,#2733,#2734,#2735,#2736,#2737,#2738),
  .UNSPECIFIED.,.F.,.F.,(8,6,6,6,6,6,8),(0.,6.924006756979E-02,
    0.203646648647,0.369788751222,0.464697001399,0.575599635348,1.),
  .UNSPECIFIED.);
#2701 = CARTESIAN_POINT('',(26.170329308849,4.6,6.5));
#2702 = CARTESIAN_POINT('',(26.183381077031,4.619818864479,6.5));
#2703 = CARTESIAN_POINT('',(26.196179919751,4.639850780379,
    6.499672783924));
#2704 = CARTESIAN_POINT('',(26.208716933623,4.660086108956,
    6.499005429842));
#2705 = CARTESIAN_POINT('',(26.220983384244,4.680513689061,
    6.497985597967));
#2706 = CARTESIAN_POINT('',(26.232970706196,4.701120837148,
    6.496601530649));
#2707 = CARTESIAN_POINT('',(26.244670503048,4.721893347267,6.49484205238
    ));
#2708 = CARTESIAN_POINT('',(26.278211709532,4.783428880325,
    6.488531828343));
#2709 = CARTESIAN_POINT('',(26.299249763429,4.824633496479,
    6.482910212098));
#2710 = CARTESIAN_POINT('',(26.319110362349,4.866284424678,
    6.475755745642));
#2711 = CARTESIAN_POINT('',(26.337737406793,4.908231599151,
    6.467010089733));
#2712 = CARTESIAN_POINT('',(26.35509586653,4.950321862005,6.456633541046
    ));
#2713 = CARTESIAN_POINT('',(26.371170602672,4.992401022026,
    6.444606031906));
#2714 = CARTESIAN_POINT('',(26.404253013045,5.086127574336,
    6.414020658988));
#2715 = CARTESIAN_POINT('',(26.420557094077,5.137609303393,
    6.394617134364));
#2716 = CARTESIAN_POINT('',(26.434897179041,5.188482635142,
    6.372729181061));
#2717 = CARTESIAN_POINT('',(26.447333506916,5.238469071849,
    6.348415433959));
#2718 = CARTESIAN_POINT('',(26.457961130437,5.287297245931,
    6.321784186259));
#2719 = CARTESIAN_POINT('',(26.466904237088,5.334710082338,
    6.292996037824));
#2720 = CARTESIAN_POINT('',(26.478541261684,5.406613316767,
    6.244712398684));
#2721 = CARTESIAN_POINT('',(26.482272722519,5.43223056119,6.226515000104
    ));
#2722 = CARTESIAN_POINT('',(26.48553469661,5.457298623186,6.207699723503
    ));
#2723 = CARTESIAN_POINT('',(26.488357153287,5.481793927627,
    6.188294020143));
#2724 = CARTESIAN_POINT('',(26.490770187185,5.505694395282,
    6.168327416829));
#2725 = CARTESIAN_POINT('',(26.49280401824,5.52897944281,6.147831515911)
  );
#2726 = CARTESIAN_POINT('',(26.496457924781,5.578097698018,
    6.102310885071));
#2727 = CARTESIAN_POINT('',(26.497950423441,5.60370074672,6.07710357729)
  );
#2728 = CARTESIAN_POINT('',(26.499015684439,5.628424005581,
    6.051257631485));
#2729 = CARTESIAN_POINT('',(26.499700852177,5.652254173683,
    6.024812869652));
#2730 = CARTESIAN_POINT('',(26.500051018699,5.675179772478,
    5.997809376229));
#2731 = CARTESIAN_POINT('',(26.500109223684,5.697191145792,
    5.970287498105));
#2732 = CARTESIAN_POINT('',(26.499178768347,5.798984697809,
    5.835139233904));
#2733 = CARTESIAN_POINT('',(26.494764999595,5.866164261207,
    5.721023207344));
#2734 = CARTESIAN_POINT('',(26.488961071327,5.919783796528,
    5.601706291381));
#2735 = CARTESIAN_POINT('',(26.483453753005,5.959909745657,
    5.478687820214));
#2736 = CARTESIAN_POINT('',(26.479400354106,5.986631490342,
    5.353275253348));
#2737 = CARTESIAN_POINT('',(26.477371993329,6.,5.226657985859));
#2738 = CARTESIAN_POINT('',(26.477371993329,6.,5.1));
#2739 = PCURVE('',#2630,#2740);
#2740 = DEFINITIONAL_REPRESENTATION('',(#2741),#2780);
#2741 = B_SPLINE_CURVE_WITH_KNOTS('',7,(#2742,#2743,#2744,#2745,#2746,
    #2747,#2748,#2749,#2750,#2751,#2752,#2753,#2754,#2755,#2756,#2757,
    #2758,#2759,#2760,#2761,#2762,#2763,#2764,#2765,#2766,#2767,#2768,
    #2769,#2770,#2771,#2772,#2773,#2774,#2775,#2776,#2777,#2778,#2779),
  .UNSPECIFIED.,.F.,.F.,(8,6,6,6,6,6,8),(0.,6.924006756979E-02,
    0.203646648647,0.369788751222,0.464697001399,0.575599635348,1.),
  .UNSPECIFIED.);
#2742 = CARTESIAN_POINT('',(1.570796326795,1.170329308849));
#2743 = CARTESIAN_POINT('',(1.556639995024,1.183381077031));
#2744 = CARTESIAN_POINT('',(1.542331492158,1.196179919751));
#2745 = CARTESIAN_POINT('',(1.527873051435,1.208716933623));
#2746 = CARTESIAN_POINT('',(1.513267561172,1.220983384244));
#2747 = CARTESIAN_POINT('',(1.498518564766,1.232970706196));
#2748 = CARTESIAN_POINT('',(1.483630260692,1.244670503048));
#2749 = CARTESIAN_POINT('',(1.439445809899,1.278211709532));
#2750 = CARTESIAN_POINT('',(1.409757828771,1.299249763429));
#2751 = CARTESIAN_POINT('',(1.379600611949,1.319110362349));
#2752 = CARTESIAN_POINT('',(1.349029295478,1.337737406793));
#2753 = CARTESIAN_POINT('',(1.318097697829,1.35509586653));
#2754 = CARTESIAN_POINT('',(1.286858919107,1.371170602672));
#2755 = CARTESIAN_POINT('',(1.216436970547,1.404253013045));
#2756 = CARTESIAN_POINT('',(1.177178815407,1.420557094077));
#2757 = CARTESIAN_POINT('',(1.137687264932,1.434897179041));
#2758 = CARTESIAN_POINT('',(1.098060141787,1.447333506916));
#2759 = CARTESIAN_POINT('',(1.058400875581,1.457961130437));
#2760 = CARTESIAN_POINT('',(1.018822077243,1.466904237088));
#2761 = CARTESIAN_POINT('',(0.956957408738,1.478541261684));
#2762 = CARTESIAN_POINT('',(0.934520446546,1.482272722519));
#2763 = CARTESIAN_POINT('',(0.912144397777,1.48553469661));
#2764 = CARTESIAN_POINT('',(0.889836043155,1.488357153287));
#2765 = CARTESIAN_POINT('',(0.86760277317,1.490770187185));
#2766 = CARTESIAN_POINT('',(0.845452588077,1.49280401824));
#2767 = CARTESIAN_POINT('',(0.79761820742,1.496457924781));
#2768 = CARTESIAN_POINT('',(0.771966051887,1.497950423441));
#2769 = CARTESIAN_POINT('',(0.746436744046,1.499015684439));
#2770 = CARTESIAN_POINT('',(0.721029829539,1.499700852177));
#2771 = CARTESIAN_POINT('',(0.695745286897,1.500051018699));
#2772 = CARTESIAN_POINT('',(0.670583527542,1.500109223684));
#2773 = CARTESIAN_POINT('',(0.549729887461,1.499178768347));
#2774 = CARTESIAN_POINT('',(0.455751165359,1.494764999595));
#2775 = CARTESIAN_POINT('',(0.363195745344,1.488961071327));
#2776 = CARTESIAN_POINT('',(0.271700857373,1.483453753005));
#2777 = CARTESIAN_POINT('',(0.180910867682,1.479400354106));
#2778 = CARTESIAN_POINT('',(9.046998989932E-02,1.477371993329));
#2779 = CARTESIAN_POINT('',(0.,1.477371993329));
#2780 = ( GEOMETRIC_REPRESENTATION_CONTEXT(2) 
PARAMETRIC_REPRESENTATION_CONTEXT() REPRESENTATION_CONTEXT('2D SPACE',''
  ) );
#2781 = PCURVE('',#2301,#2782);
#2782 = DEFINITIONAL_REPRESENTATION('',(#2783),#2822);
#2783 = B_SPLINE_CURVE_WITH_KNOTS('',7,(#2784,#2785,#2786,#2787,#2788,
    #2789,#2790,#2791,#2792,#2793,#2794,#2795,#2796,#2797,#2798,#2799,
    #2800,#2801,#2802,#2803,#2804,#2805,#2806,#2807,#2808,#2809,#2810,
    #2811,#2812,#2813,#2814,#2815,#2816,#2817,#2818,#2819,#2820,#2821),
  .UNSPECIFIED.,.F.,.F.,(8,6,6,6,6,6,8),(0.,6.924006756979E-02,
    0.203646648647,0.369788751222,0.464697001399,0.575599635348,1.),
  .UNSPECIFIED.);
#2784 = CARTESIAN_POINT('',(4.130024742516,5.5));
#2785 = CARTESIAN_POINT('',(4.141889986318,5.5));
#2786 = CARTESIAN_POINT('',(4.15377462637,5.499672783924));
#2787 = CARTESIAN_POINT('',(4.16567495442,5.499005429842));
#2788 = CARTESIAN_POINT('',(4.177586670074,5.497985597967));
#2789 = CARTESIAN_POINT('',(4.189504880797,5.496601530649));
#2790 = CARTESIAN_POINT('',(4.201424101911,5.49484205238));
#2791 = CARTESIAN_POINT('',(4.236465628565,5.488531828343));
#2792 = CARTESIAN_POINT('',(4.259589526293,5.482910212098));
#2793 = CARTESIAN_POINT('',(4.282647868214,5.475755745642));
#2794 = CARTESIAN_POINT('',(4.305581430036,5.467010089733));
#2795 = CARTESIAN_POINT('',(4.328333323966,5.456633541046));
#2796 = CARTESIAN_POINT('',(4.350848477926,5.444606031906));
#2797 = CARTESIAN_POINT('',(4.400545340211,5.414020658988));
#2798 = CARTESIAN_POINT('',(4.427531759932,5.394617134364));
#2799 = CARTESIAN_POINT('',(4.453938651721,5.372729181061));
#2800 = CARTESIAN_POINT('',(4.479672713306,5.348415433959));
#2801 = CARTESIAN_POINT('',(4.504642309491,5.321784186259));
#2802 = CARTESIAN_POINT('',(4.528758719294,5.292996037824));
#2803 = CARTESIAN_POINT('',(4.565178135348,5.244712398684));
#2804 = CARTESIAN_POINT('',(4.578120336557,5.226515000104));
#2805 = CARTESIAN_POINT('',(4.590757726806,5.207699723503));
#2806 = CARTESIAN_POINT('',(4.603084096976,5.188294020143));
#2807 = CARTESIAN_POINT('',(4.615093288728,5.168327416829));
#2808 = CARTESIAN_POINT('',(4.626779194508,5.147831515911));
#2809 = CARTESIAN_POINT('',(4.651406181878,5.102310885071));
#2810 = CARTESIAN_POINT('',(4.664227877835,5.07710357729));
#2811 = CARTESIAN_POINT('',(4.676598740223,5.051257631485));
#2812 = CARTESIAN_POINT('',(4.688516594919,5.024812869652));
#2813 = CARTESIAN_POINT('',(4.699979198862,4.997809376229));
#2814 = CARTESIAN_POINT('',(4.710984240056,4.970287498105));
#2815 = CARTESIAN_POINT('',(4.761883142253,4.835139233904));
#2816 = CARTESIAN_POINT('',(4.795491729376,4.721023207344));
#2817 = CARTESIAN_POINT('',(4.82243400081,4.601706291381));
#2818 = CARTESIAN_POINT('',(4.842682654165,4.478687820214));
#2819 = CARTESIAN_POINT('',(4.856196530879,4.353275253348));
#2820 = CARTESIAN_POINT('',(4.862957253161,4.226657985859));
#2821 = CARTESIAN_POINT('',(4.862957253161,4.1));
#2822 = ( GEOMETRIC_REPRESENTATION_CONTEXT(2) 
PARAMETRIC_REPRESENTATION_CONTEXT() REPRESENTATION_CONTEXT('2D SPACE',''
  ) );
#2823 = ADVANCED_FACE('',(#2824),#2663,.F.);
#2824 = FACE_BOUND('',#2825,.F.);
#2825 = EDGE_LOOP('',(#2826,#2848,#2876,#2902,#2930,#2951));
#2826 = ORIENTED_EDGE('',*,*,#2827,.F.);
#2827 = EDGE_CURVE('',#2828,#2648,#2830,.T.);
#2828 = VERTEX_POINT('',#2829);
#2829 = CARTESIAN_POINT('',(26.477371993329,6.,2.4));
#2830 = SURFACE_CURVE('',#2831,(#2835,#2842),.PCURVE_S1.);
#2831 = LINE('',#2832,#2833);
#2832 = CARTESIAN_POINT('',(26.477371993329,6.,1.));
#2833 = VECTOR('',#2834,1.);
#2834 = DIRECTION('',(0.,0.,1.));
#2835 = PCURVE('',#2663,#2836);
#2836 = DEFINITIONAL_REPRESENTATION('',(#2837),#2841);
#2837 = LINE('',#2838,#2839);
#2838 = CARTESIAN_POINT('',(0.,1.477371993329));
#2839 = VECTOR('',#2840,1.);
#2840 = DIRECTION('',(1.,0.));
#2841 = ( GEOMETRIC_REPRESENTATION_CONTEXT(2) 
PARAMETRIC_REPRESENTATION_CONTEXT() REPRESENTATION_CONTEXT('2D SPACE',''
  ) );
#2842 = PCURVE('',#2301,#2843);
#2843 = DEFINITIONAL_REPRESENTATION('',(#2844),#2847);
#2844 = B_SPLINE_CURVE_WITH_KNOTS('',1,(#2845,#2846),.UNSPECIFIED.,.F.,
  .F.,(2,2),(1.13,4.37),.PIECEWISE_BEZIER_KNOTS.);
#2845 = CARTESIAN_POINT('',(4.862957253161,1.13));
#2846 = CARTESIAN_POINT('',(4.862957253161,4.37));
#2847 = ( GEOMETRIC_REPRESENTATION_CONTEXT(2) 
PARAMETRIC_REPRESENTATION_CONTEXT() REPRESENTATION_CONTEXT('2D SPACE',''
  ) );
#2848 = ORIENTED_EDGE('',*,*,#2849,.F.);
#2849 = EDGE_CURVE('',#2850,#2828,#2852,.T.);
#2850 = VERTEX_POINT('',#2851);
#2851 = CARTESIAN_POINT('',(25.453939201417,6.,2.4));
#2852 = SURFACE_CURVE('',#2853,(#2857,#2864),.PCURVE_S1.);
#2853 = LINE('',#2854,#2855);
#2854 = CARTESIAN_POINT('',(25.,6.,2.4));
#2855 = VECTOR('',#2856,1.);
#2856 = DIRECTION('',(1.,0.,0.));
#2857 = PCURVE('',#2663,#2858);
#2858 = DEFINITIONAL_REPRESENTATION('',(#2859),#2863);
#2859 = LINE('',#2860,#2861);
#2860 = CARTESIAN_POINT('',(1.4,0.));
#2861 = VECTOR('',#2862,1.);
#2862 = DIRECTION('',(0.,1.));
#2863 = ( GEOMETRIC_REPRESENTATION_CONTEXT(2) 
PARAMETRIC_REPRESENTATION_CONTEXT() REPRESENTATION_CONTEXT('2D SPACE',''
  ) );
#2864 = PCURVE('',#2865,#2870);
#2865 = CYLINDRICAL_SURFACE('',#2866,1.4);
#2866 = AXIS2_PLACEMENT_3D('',#2867,#2868,#2869);
#2867 = CARTESIAN_POINT('',(25.,4.6,2.4));
#2868 = DIRECTION('',(1.,0.,0.));
#2869 = DIRECTION('',(-0.,1.,0.));
#2870 = DEFINITIONAL_REPRESENTATION('',(#2871),#2875);
#2871 = LINE('',#2872,#2873);
#2872 = CARTESIAN_POINT('',(6.28318530718,0.));
#2873 = VECTOR('',#2874,1.);
#2874 = DIRECTION('',(-0.,1.));
#2875 = ( GEOMETRIC_REPRESENTATION_CONTEXT(2) 
PARAMETRIC_REPRESENTATION_CONTEXT() REPRESENTATION_CONTEXT('2D SPACE',''
  ) );
#2876 = ORIENTED_EDGE('',*,*,#2877,.T.);
#2877 = EDGE_CURVE('',#2850,#2878,#2880,.T.);
#2878 = VERTEX_POINT('',#2879);
#2879 = CARTESIAN_POINT('',(25.453939201417,6.,5.));
#2880 = SURFACE_CURVE('',#2881,(#2885,#2891),.PCURVE_S1.);
#2881 = LINE('',#2882,#2883);
#2882 = CARTESIAN_POINT('',(25.453939201417,6.,1.));
#2883 = VECTOR('',#2884,1.);
#2884 = DIRECTION('',(0.,0.,1.));
#2885 = PCURVE('',#2663,#2886);
#2886 = DEFINITIONAL_REPRESENTATION('',(#2887),#2890);
#2887 = B_SPLINE_CURVE_WITH_KNOTS('',1,(#2888,#2889),.UNSPECIFIED.,.F.,
  .F.,(2,2),(1.13,4.0000006),.PIECEWISE_BEZIER_KNOTS.);
#2888 = CARTESIAN_POINT('',(1.13,0.453939201417));
#2889 = CARTESIAN_POINT('',(4.0000006,0.453939201417));
#2890 = ( GEOMETRIC_REPRESENTATION_CONTEXT(2) 
PARAMETRIC_REPRESENTATION_CONTEXT() REPRESENTATION_CONTEXT('2D SPACE',''
  ) );
#2891 = PCURVE('',#2892,#2897);
#2892 = CYLINDRICAL_SURFACE('',#2893,1.);
#2893 = AXIS2_PLACEMENT_3D('',#2894,#2895,#2896);
#2894 = CARTESIAN_POINT('',(24.5,5.7,1.));
#2895 = DIRECTION('',(0.,0.,1.));
#2896 = DIRECTION('',(1.,0.,0.));
#2897 = DEFINITIONAL_REPRESENTATION('',(#2898),#2901);
#2898 = B_SPLINE_CURVE_WITH_KNOTS('',1,(#2899,#2900),.UNSPECIFIED.,.F.,
  .F.,(2,2),(1.4,4.),.PIECEWISE_BEZIER_KNOTS.);
#2899 = CARTESIAN_POINT('',(6.587877961195,1.4));
#2900 = CARTESIAN_POINT('',(6.587877961195,4.));
#2901 = ( GEOMETRIC_REPRESENTATION_CONTEXT(2) 
PARAMETRIC_REPRESENTATION_CONTEXT() REPRESENTATION_CONTEXT('2D SPACE',''
  ) );
#2902 = ORIENTED_EDGE('',*,*,#2903,.F.);
#2903 = EDGE_CURVE('',#2904,#2878,#2906,.T.);
#2904 = VERTEX_POINT('',#2905);
#2905 = CARTESIAN_POINT('',(25.,6.,5.));
#2906 = SURFACE_CURVE('',#2907,(#2911,#2918),.PCURVE_S1.);
#2907 = LINE('',#2908,#2909);
#2908 = CARTESIAN_POINT('',(25.,6.,5.));
#2909 = VECTOR('',#2910,1.);
#2910 = DIRECTION('',(1.,0.,0.));
#2911 = PCURVE('',#2663,#2912);
#2912 = DEFINITIONAL_REPRESENTATION('',(#2913),#2917);
#2913 = LINE('',#2914,#2915);
#2914 = CARTESIAN_POINT('',(4.,0.));
#2915 = VECTOR('',#2916,1.);
#2916 = DIRECTION('',(0.,1.));
#2917 = ( GEOMETRIC_REPRESENTATION_CONTEXT(2) 
PARAMETRIC_REPRESENTATION_CONTEXT() REPRESENTATION_CONTEXT('2D SPACE',''
  ) );
#2918 = PCURVE('',#2919,#2924);
#2919 = PLANE('',#2920);
#2920 = AXIS2_PLACEMENT_3D('',#2921,#2922,#2923);
#2921 = CARTESIAN_POINT('',(24.5,5.7,5.));
#2922 = DIRECTION('',(0.,0.,1.));
#2923 = DIRECTION('',(1.,0.,0.));
#2924 = DEFINITIONAL_REPRESENTATION('',(#2925),#2929);
#2925 = LINE('',#2926,#2927);
#2926 = CARTESIAN_POINT('',(0.5,0.3));
#2927 = VECTOR('',#2928,1.);
#2928 = DIRECTION('',(1.,0.));
#2929 = ( GEOMETRIC_REPRESENTATION_CONTEXT(2) 
PARAMETRIC_REPRESENTATION_CONTEXT() REPRESENTATION_CONTEXT('2D SPACE',''
  ) );
#2930 = ORIENTED_EDGE('',*,*,#2931,.T.);
#2931 = EDGE_CURVE('',#2904,#2646,#2932,.T.);
#2932 = SURFACE_CURVE('',#2933,(#2937,#2944),.PCURVE_S1.);
#2933 = LINE('',#2934,#2935);
#2934 = CARTESIAN_POINT('',(25.,6.,1.));
#2935 = VECTOR('',#2936,1.);
#2936 = DIRECTION('',(0.,0.,1.));
#2937 = PCURVE('',#2663,#2938);
#2938 = DEFINITIONAL_REPRESENTATION('',(#2939),#2943);
#2939 = LINE('',#2940,#2941);
#2940 = CARTESIAN_POINT('',(0.,0.));
#2941 = VECTOR('',#2942,1.);
#2942 = DIRECTION('',(1.,0.));
#2943 = ( GEOMETRIC_REPRESENTATION_CONTEXT(2) 
PARAMETRIC_REPRESENTATION_CONTEXT() REPRESENTATION_CONTEXT('2D SPACE',''
  ) );
#2944 = PCURVE('',#2504,#2945);
#2945 = DEFINITIONAL_REPRESENTATION('',(#2946),#2950);
#2946 = LINE('',#2947,#2948);
#2947 = CARTESIAN_POINT('',(0.,-12.));
#2948 = VECTOR('',#2949,1.);
#2949 = DIRECTION('',(1.,0.));
#2950 = ( GEOMETRIC_REPRESENTATION_CONTEXT(2) 
PARAMETRIC_REPRESENTATION_CONTEXT() REPRESENTATION_CONTEXT('2D SPACE',''
  ) );
#2951 = ORIENTED_EDGE('',*,*,#2645,.T.);
#2952 = ADVANCED_FACE('',(#2953),#2919,.T.);
#2953 = FACE_BOUND('',#2954,.T.);
#2954 = EDGE_LOOP('',(#2955,#2979,#2980));
#2955 = ORIENTED_EDGE('',*,*,#2956,.T.);
#2956 = EDGE_CURVE('',#2957,#2878,#2959,.T.);
#2957 = VERTEX_POINT('',#2958);
#2958 = CARTESIAN_POINT('',(25.,4.833974596216,5.));
#2959 = SURFACE_CURVE('',#2960,(#2965,#2972),.PCURVE_S1.);
#2960 = CIRCLE('',#2961,1.);
#2961 = AXIS2_PLACEMENT_3D('',#2962,#2963,#2964);
#2962 = CARTESIAN_POINT('',(24.5,5.7,5.));
#2963 = DIRECTION('',(-0.,0.,1.));
#2964 = DIRECTION('',(0.5,-0.866025403784,0.));
#2965 = PCURVE('',#2919,#2966);
#2966 = DEFINITIONAL_REPRESENTATION('',(#2967),#2971);
#2967 = CIRCLE('',#2968,1.);
#2968 = AXIS2_PLACEMENT_2D('',#2969,#2970);
#2969 = CARTESIAN_POINT('',(0.,0.));
#2970 = DIRECTION('',(0.5,-0.866025403784));
#2971 = ( GEOMETRIC_REPRESENTATION_CONTEXT(2) 
PARAMETRIC_REPRESENTATION_CONTEXT() REPRESENTATION_CONTEXT('2D SPACE',''
  ) );
#2972 = PCURVE('',#2892,#2973);
#2973 = DEFINITIONAL_REPRESENTATION('',(#2974),#2978);
#2974 = LINE('',#2975,#2976);
#2975 = CARTESIAN_POINT('',(5.235987755983,4.));
#2976 = VECTOR('',#2977,1.);
#2977 = DIRECTION('',(1.,0.));
#2978 = ( GEOMETRIC_REPRESENTATION_CONTEXT(2) 
PARAMETRIC_REPRESENTATION_CONTEXT() REPRESENTATION_CONTEXT('2D SPACE',''
  ) );
#2979 = ORIENTED_EDGE('',*,*,#2903,.F.);
#2980 = ORIENTED_EDGE('',*,*,#2981,.F.);
#2981 = EDGE_CURVE('',#2957,#2904,#2982,.T.);
#2982 = SURFACE_CURVE('',#2983,(#2987,#2994),.PCURVE_S1.);
#2983 = LINE('',#2984,#2985);
#2984 = CARTESIAN_POINT('',(25.,4.833974596216,5.));
#2985 = VECTOR('',#2986,1.);
#2986 = DIRECTION('',(0.,1.,0.));
#2987 = PCURVE('',#2919,#2988);
#2988 = DEFINITIONAL_REPRESENTATION('',(#2989),#2993);
#2989 = LINE('',#2990,#2991);
#2990 = CARTESIAN_POINT('',(0.5,-0.866025403784));
#2991 = VECTOR('',#2992,1.);
#2992 = DIRECTION('',(0.,1.));
#2993 = ( GEOMETRIC_REPRESENTATION_CONTEXT(2) 
PARAMETRIC_REPRESENTATION_CONTEXT() REPRESENTATION_CONTEXT('2D SPACE',''
  ) );
#2994 = PCURVE('',#2504,#2995);
#2995 = DEFINITIONAL_REPRESENTATION('',(#2996),#3000);
#2996 = LINE('',#2997,#2998);
#2997 = CARTESIAN_POINT('',(4.,-10.83397459621));
#2998 = VECTOR('',#2999,1.);
#2999 = DIRECTION('',(0.,-1.));
#3000 = ( GEOMETRIC_REPRESENTATION_CONTEXT(2) 
PARAMETRIC_REPRESENTATION_CONTEXT() REPRESENTATION_CONTEXT('2D SPACE',''
  ) );
#3001 = ADVANCED_FACE('',(#3002),#2892,.T.);
#3002 = FACE_BOUND('',#3003,.T.);
#3003 = EDGE_LOOP('',(#3004,#3005,#3026,#3213));
#3004 = ORIENTED_EDGE('',*,*,#2956,.F.);
#3005 = ORIENTED_EDGE('',*,*,#3006,.F.);
#3006 = EDGE_CURVE('',#3007,#2957,#3009,.T.);
#3007 = VERTEX_POINT('',#3008);
#3008 = CARTESIAN_POINT('',(25.,4.833974596216,1.019689930369));
#3009 = SURFACE_CURVE('',#3010,(#3014,#3020),.PCURVE_S1.);
#3010 = LINE('',#3011,#3012);
#3011 = CARTESIAN_POINT('',(25.,4.833974596216,1.));
#3012 = VECTOR('',#3013,1.);
#3013 = DIRECTION('',(0.,0.,1.));
#3014 = PCURVE('',#2892,#3015);
#3015 = DEFINITIONAL_REPRESENTATION('',(#3016),#3019);
#3016 = B_SPLINE_CURVE_WITH_KNOTS('',1,(#3017,#3018),.UNSPECIFIED.,.F.,
  .F.,(2,2),(1.968993036863E-02,4.),.PIECEWISE_BEZIER_KNOTS.);
#3017 = CARTESIAN_POINT('',(5.235987755983,1.968993036863E-02));
#3018 = CARTESIAN_POINT('',(5.235987755983,4.));
#3019 = ( GEOMETRIC_REPRESENTATION_CONTEXT(2) 
PARAMETRIC_REPRESENTATION_CONTEXT() REPRESENTATION_CONTEXT('2D SPACE',''
  ) );
#3020 = PCURVE('',#2504,#3021);
#3021 = DEFINITIONAL_REPRESENTATION('',(#3022),#3025);
#3022 = B_SPLINE_CURVE_WITH_KNOTS('',1,(#3023,#3024),.UNSPECIFIED.,.F.,
  .F.,(2,2),(-6.000000000173E-07,4.0000006),.PIECEWISE_BEZIER_KNOTS.);
#3023 = CARTESIAN_POINT('',(-6.000000000173E-07,-10.83397459621));
#3024 = CARTESIAN_POINT('',(4.0000006,-10.83397459621));
#3025 = ( GEOMETRIC_REPRESENTATION_CONTEXT(2) 
PARAMETRIC_REPRESENTATION_CONTEXT() REPRESENTATION_CONTEXT('2D SPACE',''
  ) );
#3026 = ORIENTED_EDGE('',*,*,#3027,.F.);
#3027 = EDGE_CURVE('',#2850,#3007,#3028,.T.);
#3028 = SURFACE_CURVE('',#3029,(#3067,#3140),.PCURVE_S1.);
#3029 = B_SPLINE_CURVE_WITH_KNOTS('',6,(#3030,#3031,#3032,#3033,#3034,
    #3035,#3036,#3037,#3038,#3039,#3040,#3041,#3042,#3043,#3044,#3045,
    #3046,#3047,#3048,#3049,#3050,#3051,#3052,#3053,#3054,#3055,#3056,
    #3057,#3058,#3059,#3060,#3061,#3062,#3063,#3064,#3065,#3066),
  .UNSPECIFIED.,.F.,.F.,(7,5,5,5,5,5,5,7),(0.,0.597374730305,1.,
    1.263164711918,1.389024057587,1.650750132699,2.039189820702,
    2.317568747945),.UNSPECIFIED.);
#3030 = CARTESIAN_POINT('',(25.453939201417,6.,2.4));
#3031 = CARTESIAN_POINT('',(25.453939201417,6.,2.306728001915));
#3032 = CARTESIAN_POINT('',(25.456283972492,5.992543341694,
    2.213679044841));
#3033 = CARTESIAN_POINT('',(25.460954394253,5.977695650883,
    2.121457137233));
#3034 = CARTESIAN_POINT('',(25.467435713429,5.955551373785,
    2.030714028566));
#3035 = CARTESIAN_POINT('',(25.474752774674,5.926277109619,
    1.942187521397));
#3036 = CARTESIAN_POINT('',(25.486431620105,5.866022067666,
    1.799087139895));
#3037 = CARTESIAN_POINT('',(25.490988503434,5.838661939842,
    1.742741702541));
#3038 = CARTESIAN_POINT('',(25.495042470374,5.80827752735,1.68786112708)
  );
#3039 = CARTESIAN_POINT('',(25.498192143652,5.774958522956,1.63464136903
    ));
#3040 = CARTESIAN_POINT('',(25.5,5.738817709858,1.583279709734));
#3041 = CARTESIAN_POINT('',(25.5,5.674627892979,1.501747692015));
#3042 = CARTESIAN_POINT('',(25.499227543021,5.648108898869,
    1.470395169528));
#3043 = CARTESIAN_POINT('',(25.497551512303,5.620510714466,
    1.440007618272));
#3044 = CARTESIAN_POINT('',(25.494840696556,5.591911260449,
    1.410664325833));
#3045 = CARTESIAN_POINT('',(25.490965351909,5.56239830213,1.38243345089)
  );
#3046 = CARTESIAN_POINT('',(25.483327826979,5.517564020294,
    1.342430066685));
#3047 = CARTESIAN_POINT('',(25.480562360647,5.502876693618,
    1.329759349539));
#3048 = CARTESIAN_POINT('',(25.477489074102,5.488020569888,
    1.317368484856));
#3049 = CARTESIAN_POINT('',(25.47409566516,5.473010665897,1.305265463342
    ));
#3050 = CARTESIAN_POINT('',(25.470370820216,5.457863535527,
    1.293457826381));
#3051 = CARTESIAN_POINT('',(25.457847656525,5.410850880147,
    1.258027541935));
#3052 = CARTESIAN_POINT('',(25.44790898645,5.378572196613,1.235397299162
    ));
#3053 = CARTESIAN_POINT('',(25.436400066006,5.345945976467,
    1.214144687231));
#3054 = CARTESIAN_POINT('',(25.423259643287,5.313167733674,
    1.194317054041));
#3055 = CARTESIAN_POINT('',(25.408456555271,5.280437011205,
    1.175929526487));
#3056 = CARTESIAN_POINT('',(25.367558509113,5.19973615781,1.133795094227
    ));
#3057 = CARTESIAN_POINT('',(25.339516969469,5.152159814941,
    1.111815718995));
#3058 = CARTESIAN_POINT('',(25.307883044362,5.105822000162,
    1.092940258875));
#3059 = CARTESIAN_POINT('',(25.272815662715,5.061310673817,
    1.076965381946));
#3060 = CARTESIAN_POINT('',(25.234631257372,5.019170655922,
    1.063600032155));
#3061 = CARTESIAN_POINT('',(25.164570832294,4.951671776781,
    1.044572349386));
#3062 = CARTESIAN_POINT('',(25.133945836826,4.9249151577,1.037793070898)
  );
#3063 = CARTESIAN_POINT('',(25.102050350621,4.89968415034,1.032042557741
    ));
#3064 = CARTESIAN_POINT('',(25.069003880521,4.876069344286,1.02718925729
    ));
#3065 = CARTESIAN_POINT('',(25.034938823152,4.854146535168,
    1.023109249966));
#3066 = CARTESIAN_POINT('',(25.,4.833974596216,1.019689930369));
#3067 = PCURVE('',#2892,#3068);
#3068 = DEFINITIONAL_REPRESENTATION('',(#3069),#3139);
#3069 = B_SPLINE_CURVE_WITH_KNOTS('',3,(#3070,#3071,#3072,#3073,#3074,
    #3075,#3076,#3077,#3078,#3079,#3080,#3081,#3082,#3083,#3084,#3085,
    #3086,#3087,#3088,#3089,#3090,#3091,#3092,#3093,#3094,#3095,#3096,
    #3097,#3098,#3099,#3100,#3101,#3102,#3103,#3104,#3105,#3106,#3107,
    #3108,#3109,#3110,#3111,#3112,#3113,#3114,#3115,#3116,#3117,#3118,
    #3119,#3120,#3121,#3122,#3123,#3124,#3125,#3126,#3127,#3128,#3129,
    #3130,#3131,#3132,#3133,#3134,#3135,#3136,#3137,#3138),
  .UNSPECIFIED.,.F.,.F.,(4,1,1,1,1,1,1,1,1,1,1,1,1,1,1,1,1,1,1,1,1,1,1,1
    ,1,1,1,1,1,1,1,1,1,1,1,1,1,1,1,1,1,1,1,1,1,1,1,1,1,1,1,1,1,1,1,1,1,1
    ,1,1,1,1,1,1,1,1,4),(0.,3.511467799916E-02,7.022935599833E-02,
    0.105344033997,0.140458711997,0.175573389996,0.210688067995,
    0.245802745994,0.280917423993,0.316032101992,0.351146779992,
    0.386261457991,0.42137613599,0.456490813989,0.491605491988,
    0.526720169987,0.561834847987,0.596949525986,0.632064203985,
    0.667178881984,0.702293559983,0.737408237982,0.772522915982,
    0.807637593981,0.84275227198,0.877866949979,0.912981627978,
    0.948096305977,0.983210983977,1.018325661976,1.053440339975,
    1.088555017974,1.123669695973,1.158784373972,1.193899051972,
    1.229013729971,1.26412840797,1.299243085969,1.334357763968,
    1.369472441967,1.404587119967,1.439701797966,1.474816475965,
    1.509931153964,1.545045831963,1.580160509962,1.615275187961,
    1.650389865961,1.68550454396,1.720619221959,1.755733899958,
    1.790848577957,1.825963255956,1.861077933956,1.896192611955,
    1.931307289954,1.966421967953,2.001536645952,2.036651323951,
    2.071766001951,2.10688067995,2.141995357949,2.177110035948,
    2.212224713947,2.247339391946,2.282454069946,2.317568747945),
  .QUASI_UNIFORM_KNOTS.);
#3070 = CARTESIAN_POINT('',(6.587877961195,1.4));
#3071 = CARTESIAN_POINT('',(6.587878025419,1.389034653292));
#3072 = CARTESIAN_POINT('',(6.587607823524,1.367111595073));
#3073 = CARTESIAN_POINT('',(6.586394421813,1.334264989267));
#3074 = CARTESIAN_POINT('',(6.584375509544,1.301471347553));
#3075 = CARTESIAN_POINT('',(6.581554738531,1.268745979262));
#3076 = CARTESIAN_POINT('',(6.577936459587,1.236104429287));
#3077 = CARTESIAN_POINT('',(6.573525814929,1.203562522505));
#3078 = CARTESIAN_POINT('',(6.568328701649,1.171136370486));
#3079 = CARTESIAN_POINT('',(6.562351763879,1.138842386862));
#3080 = CARTESIAN_POINT('',(6.555602372315,1.106697299204));
#3081 = CARTESIAN_POINT('',(6.548088602587,1.074718159664));
#3082 = CARTESIAN_POINT('',(6.539819211908,1.042922357462));
#3083 = CARTESIAN_POINT('',(6.530803609322,1.011327618702));
#3084 = CARTESIAN_POINT('',(6.521051843694,0.979952048442));
#3085 = CARTESIAN_POINT('',(6.510574522852,0.948814009855));
#3086 = CARTESIAN_POINT('',(6.499382991813,0.917932606225));
#3087 = CARTESIAN_POINT('',(6.487488551007,0.887325907951));
#3088 = CARTESIAN_POINT('',(6.474905269409,0.85701759011));
#3089 = CARTESIAN_POINT('',(6.461639398827,0.827012176233));
#3090 = CARTESIAN_POINT('',(6.447692838753,0.797308424281));
#3091 = CARTESIAN_POINT('',(6.433076274372,0.767926342509));
#3092 = CARTESIAN_POINT('',(6.417797635696,0.738880286078));
#3093 = CARTESIAN_POINT('',(6.401865126942,0.710186162178));
#3094 = CARTESIAN_POINT('',(6.385286350653,0.681859498244));
#3095 = CARTESIAN_POINT('',(6.368068478018,0.653915960476));
#3096 = CARTESIAN_POINT('',(6.35021813107,0.62637120807));
#3097 = CARTESIAN_POINT('',(6.331741363869,0.599240954266));
#3098 = CARTESIAN_POINT('',(6.312643530033,0.572540864432));
#3099 = CARTESIAN_POINT('',(6.292929501895,0.546286899204));
#3100 = CARTESIAN_POINT('',(6.272602594972,0.520494040341));
#3101 = CARTESIAN_POINT('',(6.251668009778,0.495180600297));
#3102 = CARTESIAN_POINT('',(6.230137257244,0.470372383961));
#3103 = CARTESIAN_POINT('',(6.208020123773,0.446092264132));
#3104 = CARTESIAN_POINT('',(6.185326244737,0.422362317899));
#3105 = CARTESIAN_POINT('',(6.162064386591,0.399203078636));
#3106 = CARTESIAN_POINT('',(6.138243328251,0.376634423234));
#3107 = CARTESIAN_POINT('',(6.113868646099,0.354672802817));
#3108 = CARTESIAN_POINT('',(6.088954321608,0.333341484891));
#3109 = CARTESIAN_POINT('',(6.063521221829,0.312667293802));
#3110 = CARTESIAN_POINT('',(6.037583987961,0.292669139622));
#3111 = CARTESIAN_POINT('',(6.011162214276,0.273367548671));
#3112 = CARTESIAN_POINT('',(5.984267395265,0.254774882751));
#3113 = CARTESIAN_POINT('',(5.956927548068,0.236912403198));
#3114 = CARTESIAN_POINT('',(5.929168818914,0.219795936571));
#3115 = CARTESIAN_POINT('',(5.901017812745,0.203437858942));
#3116 = CARTESIAN_POINT('',(5.872500463303,0.187846465753));
#3117 = CARTESIAN_POINT('',(5.843644135517,0.173027105422));
#3118 = CARTESIAN_POINT('',(5.81447036514,0.158978872368));
#3119 = CARTESIAN_POINT('',(5.785021932982,0.145707298629));
#3120 = CARTESIAN_POINT('',(5.755339725407,0.133211495193));
#3121 = CARTESIAN_POINT('',(5.725441820949,0.121477309551));
#3122 = CARTESIAN_POINT('',(5.695352581707,0.110490954699));
#3123 = CARTESIAN_POINT('',(5.665094999237,0.100235528786));
#3124 = CARTESIAN_POINT('',(5.634692886999,9.069212926923E-02));
#3125 = CARTESIAN_POINT('',(5.604170463924,8.183975249297E-02));
#3126 = CARTESIAN_POINT('',(5.573552573173,7.365551522713E-02));
#3127 = CARTESIAN_POINT('',(5.542865020925,6.611486109098E-02));
#3128 = CARTESIAN_POINT('',(5.512133857289,5.919156363598E-02));
#3129 = CARTESIAN_POINT('',(5.48138883137,5.285861606283E-02));
#3130 = CARTESIAN_POINT('',(5.450651275174,4.708583589846E-02));
#3131 = CARTESIAN_POINT('',(5.419915087354,4.183811460714E-02));
#3132 = CARTESIAN_POINT('',(5.38919037308,3.708410378246E-02));
#3133 = CARTESIAN_POINT('',(5.35848315637,3.279210444738E-02));
#3134 = CARTESIAN_POINT('',(5.327800805675,2.893125358984E-02));
#3135 = CARTESIAN_POINT('',(5.297150664744,2.547134279431E-02));
#3136 = CARTESIAN_POINT('',(5.266540442551,2.238286502016E-02));
#3137 = CARTESIAN_POINT('',(5.246165734817,2.055263280453E-02));
#3138 = CARTESIAN_POINT('',(5.235987755983,1.968993036863E-02));
#3139 = ( GEOMETRIC_REPRESENTATION_CONTEXT(2) 
PARAMETRIC_REPRESENTATION_CONTEXT() REPRESENTATION_CONTEXT('2D SPACE',''
  ) );
#3140 = PCURVE('',#2865,#3141);
#3141 = DEFINITIONAL_REPRESENTATION('',(#3142),#3212);
#3142 = B_SPLINE_CURVE_WITH_KNOTS('',3,(#3143,#3144,#3145,#3146,#3147,
    #3148,#3149,#3150,#3151,#3152,#3153,#3154,#3155,#3156,#3157,#3158,
    #3159,#3160,#3161,#3162,#3163,#3164,#3165,#3166,#3167,#3168,#3169,
    #3170,#3171,#3172,#3173,#3174,#3175,#3176,#3177,#3178,#3179,#3180,
    #3181,#3182,#3183,#3184,#3185,#3186,#3187,#3188,#3189,#3190,#3191,
    #3192,#3193,#3194,#3195,#3196,#3197,#3198,#3199,#3200,#3201,#3202,
    #3203,#3204,#3205,#3206,#3207,#3208,#3209,#3210,#3211),
  .UNSPECIFIED.,.F.,.F.,(4,1,1,1,1,1,1,1,1,1,1,1,1,1,1,1,1,1,1,1,1,1,1,1
    ,1,1,1,1,1,1,1,1,1,1,1,1,1,1,1,1,1,1,1,1,1,1,1,1,1,1,1,1,1,1,1,1,1,1
    ,1,1,1,1,1,1,1,1,4),(0.,3.511467799916E-02,7.022935599833E-02,
    0.105344033997,0.140458711997,0.175573389996,0.210688067995,
    0.245802745994,0.280917423993,0.316032101992,0.351146779992,
    0.386261457991,0.42137613599,0.456490813989,0.491605491988,
    0.526720169987,0.561834847987,0.596949525986,0.632064203985,
    0.667178881984,0.702293559983,0.737408237982,0.772522915982,
    0.807637593981,0.84275227198,0.877866949979,0.912981627978,
    0.948096305977,0.983210983977,1.018325661976,1.053440339975,
    1.088555017974,1.123669695973,1.158784373972,1.193899051972,
    1.229013729971,1.26412840797,1.299243085969,1.334357763968,
    1.369472441967,1.404587119967,1.439701797966,1.474816475965,
    1.509931153964,1.545045831963,1.580160509962,1.615275187961,
    1.650389865961,1.68550454396,1.720619221959,1.755733899958,
    1.790848577957,1.825963255956,1.861077933956,1.896192611955,
    1.931307289954,1.966421967953,2.001536645952,2.036651323951,
    2.071766001951,2.10688067995,2.141995357949,2.177110035948,
    2.212224713947,2.247339391946,2.282454069946,2.317568747945),
  .QUASI_UNIFORM_KNOTS.);
#3143 = CARTESIAN_POINT('',(6.28318530718,0.453939201417));
#3144 = CARTESIAN_POINT('',(6.275352920659,0.453939026139));
#3145 = CARTESIAN_POINT('',(6.259693586093,0.454020360317));
#3146 = CARTESIAN_POINT('',(6.23621877431,0.45438357694));
#3147 = CARTESIAN_POINT('',(6.212755942533,0.454984988887));
#3148 = CARTESIAN_POINT('',(6.189303177142,0.455818710266));
#3149 = CARTESIAN_POINT('',(6.165858771431,0.456877018518));
#3150 = CARTESIAN_POINT('',(6.142421263235,0.458150128985));
#3151 = CARTESIAN_POINT('',(6.118989439919,0.459626314091));
#3152 = CARTESIAN_POINT('',(6.095562353865,0.461291938633));
#3153 = CARTESIAN_POINT('',(6.072139337453,0.463131525972));
#3154 = CARTESIAN_POINT('',(6.048720020079,0.465127824455));
#3155 = CARTESIAN_POINT('',(6.025304349694,0.467261881973));
#3156 = CARTESIAN_POINT('',(6.001892607929,0.469513127689));
#3157 = CARTESIAN_POINT('',(5.978485461525,0.471859456904));
#3158 = CARTESIAN_POINT('',(5.955083891466,0.474277336148));
#3159 = CARTESIAN_POINT('',(5.931689592773,0.476741864173));
#3160 = CARTESIAN_POINT('',(5.908303632786,0.479227029086));
#3161 = CARTESIAN_POINT('',(5.884931624684,0.481705264937));
#3162 = CARTESIAN_POINT('',(5.861564602171,0.484149654337));
#3163 = CARTESIAN_POINT('',(5.838188749423,0.486532691703));
#3164 = CARTESIAN_POINT('',(5.814806776986,0.488824206812));
#3165 = CARTESIAN_POINT('',(5.791417102188,0.490993649535));
#3166 = CARTESIAN_POINT('',(5.768019440881,0.493009513039));
#3167 = CARTESIAN_POINT('',(5.744613326525,0.494839523503));
#3168 = CARTESIAN_POINT('',(5.721198528503,0.496450624374));
#3169 = CARTESIAN_POINT('',(5.697774956475,0.497809015933));
#3170 = CARTESIAN_POINT('',(5.674342730605,0.498880179099));
#3171 = CARTESIAN_POINT('',(5.650902110409,0.499628906963));
#3172 = CARTESIAN_POINT('',(5.627453830254,0.500019321166));
#3173 = CARTESIAN_POINT('',(5.603997955401,0.500014941173));
#3174 = CARTESIAN_POINT('',(5.580537869982,0.499578483939));
#3175 = CARTESIAN_POINT('',(5.557084642062,0.498672557211));
#3176 = CARTESIAN_POINT('',(5.533647709221,0.497259861118));
#3177 = CARTESIAN_POINT('',(5.510236859339,0.495303204212));
#3178 = CARTESIAN_POINT('',(5.486861577226,0.492765523989));
#3179 = CARTESIAN_POINT('',(5.46353202278,0.489610074172));
#3180 = CARTESIAN_POINT('',(5.440256113623,0.485799940456));
#3181 = CARTESIAN_POINT('',(5.417050575061,0.481300079962));
#3182 = CARTESIAN_POINT('',(5.393938606286,0.476078027341));
#3183 = CARTESIAN_POINT('',(5.370937601391,0.470102106138));
#3184 = CARTESIAN_POINT('',(5.348069639431,0.463343427833));
#3185 = CARTESIAN_POINT('',(5.325350123912,0.455772890053));
#3186 = CARTESIAN_POINT('',(5.302808661954,0.447368232425));
#3187 = CARTESIAN_POINT('',(5.280472706337,0.438110105525));
#3188 = CARTESIAN_POINT('',(5.258369732005,0.427982686184));
#3189 = CARTESIAN_POINT('',(5.236526358133,0.416973421713));
#3190 = CARTESIAN_POINT('',(5.21496991388,0.405074039178));
#3191 = CARTESIAN_POINT('',(5.193723207717,0.392277365545));
#3192 = CARTESIAN_POINT('',(5.17282396528,0.378589639306));
#3193 = CARTESIAN_POINT('',(5.152306797613,0.364022015269));
#3194 = CARTESIAN_POINT('',(5.132189744658,0.348578844402));
#3195 = CARTESIAN_POINT('',(5.112495109723,0.332270827331));
#3196 = CARTESIAN_POINT('',(5.093243855536,0.315111567457));
#3197 = CARTESIAN_POINT('',(5.074457061943,0.297118568375));
#3198 = CARTESIAN_POINT('',(5.056155483441,0.27831305552));
#3199 = CARTESIAN_POINT('',(5.038359557119,0.258720061581));
#3200 = CARTESIAN_POINT('',(5.021089418581,0.238368637608));
#3201 = CARTESIAN_POINT('',(5.004364343782,0.217291302544));
#3202 = CARTESIAN_POINT('',(4.988204386985,0.195526418365));
#3203 = CARTESIAN_POINT('',(4.972623716209,0.173109629314));
#3204 = CARTESIAN_POINT('',(4.957622492264,0.150057988796));
#3205 = CARTESIAN_POINT('',(4.943209403847,0.126401157791));
#3206 = CARTESIAN_POINT('',(4.929390898126,0.102166993647));
#3207 = CARTESIAN_POINT('',(4.916173930727,7.738533583821E-02));
#3208 = CARTESIAN_POINT('',(4.903565113199,5.208701412238E-02));
#3209 = CARTESIAN_POINT('',(4.891570884759,2.630396601154E-02));
#3210 = CARTESIAN_POINT('',(4.883988418264,8.814451729891E-03));
#3211 = CARTESIAN_POINT('',(4.880301620192,1.06581410364E-14));
#3212 = ( GEOMETRIC_REPRESENTATION_CONTEXT(2) 
PARAMETRIC_REPRESENTATION_CONTEXT() REPRESENTATION_CONTEXT('2D SPACE',''
  ) );
#3213 = ORIENTED_EDGE('',*,*,#2877,.T.);
#3214 = ADVANCED_FACE('',(#3215),#2865,.F.);
#3215 = FACE_BOUND('',#3216,.F.);
#3216 = EDGE_LOOP('',(#3217,#3218,#3219,#3347,#3370));
#3217 = ORIENTED_EDGE('',*,*,#3027,.F.);
#3218 = ORIENTED_EDGE('',*,*,#2849,.T.);
#3219 = ORIENTED_EDGE('',*,*,#3220,.F.);
#3220 = EDGE_CURVE('',#3221,#2828,#3223,.T.);
#3221 = VERTEX_POINT('',#3222);
#3222 = CARTESIAN_POINT('',(26.170329308849,4.6,1.));
#3223 = SURFACE_CURVE('',#3224,(#3263,#3305),.PCURVE_S1.);
#3224 = B_SPLINE_CURVE_WITH_KNOTS('',7,(#3225,#3226,#3227,#3228,#3229,
    #3230,#3231,#3232,#3233,#3234,#3235,#3236,#3237,#3238,#3239,#3240,
    #3241,#3242,#3243,#3244,#3245,#3246,#3247,#3248,#3249,#3250,#3251,
    #3252,#3253,#3254,#3255,#3256,#3257,#3258,#3259,#3260,#3261,#3262),
  .UNSPECIFIED.,.F.,.F.,(8,6,6,6,6,6,8),(0.,6.924008517226E-02,
    0.203646700419,0.369788845231,0.464697099233,0.575599713961,1.),
  .UNSPECIFIED.);
#3225 = CARTESIAN_POINT('',(26.170329308849,4.6,1.));
#3226 = CARTESIAN_POINT('',(26.183381077031,4.619818864479,1.));
#3227 = CARTESIAN_POINT('',(26.196179919751,4.639850780379,
    1.000327216076));
#3228 = CARTESIAN_POINT('',(26.208716933623,4.660086108956,
    1.000994570158));
#3229 = CARTESIAN_POINT('',(26.220983384244,4.680513689061,
    1.002014402033));
#3230 = CARTESIAN_POINT('',(26.232970706196,4.701120837148,
    1.003398469351));
#3231 = CARTESIAN_POINT('',(26.244670503048,4.721893347267,1.00515794762
    ));
#3232 = CARTESIAN_POINT('',(26.278211709532,4.783428880325,
    1.011468171657));
#3233 = CARTESIAN_POINT('',(26.299249763429,4.824633496479,
    1.017089787902));
#3234 = CARTESIAN_POINT('',(26.319110362349,4.866284424678,
    1.024244254358));
#3235 = CARTESIAN_POINT('',(26.337737406793,4.908231599151,
    1.032989910267));
#3236 = CARTESIAN_POINT('',(26.35509586653,4.950321862005,1.043366458954
    ));
#3237 = CARTESIAN_POINT('',(26.371170602672,4.992401022026,
    1.055393968094));
#3238 = CARTESIAN_POINT('',(26.404253013045,5.086127574336,
    1.085979341012));
#3239 = CARTESIAN_POINT('',(26.420557094077,5.137609303393,
    1.105382865636));
#3240 = CARTESIAN_POINT('',(26.434897179041,5.188482635142,
    1.127270818939));
#3241 = CARTESIAN_POINT('',(26.447333506916,5.238469071849,
    1.151584566041));
#3242 = CARTESIAN_POINT('',(26.457961130437,5.287297245931,
    1.178215813741));
#3243 = CARTESIAN_POINT('',(26.466904237088,5.334710082338,
    1.207003962176));
#3244 = CARTESIAN_POINT('',(26.478541260779,5.406613311175,
    1.255287597561));
#3245 = CARTESIAN_POINT('',(26.48227272216,5.432230560103,1.273484999696
    ));
#3246 = CARTESIAN_POINT('',(26.485534696981,5.457298627028,
    1.292300279798));
#3247 = CARTESIAN_POINT('',(26.488357153885,5.481793931884,
    1.311705982971));
#3248 = CARTESIAN_POINT('',(26.490770187392,5.505694395232,
    1.331672582504));
#3249 = CARTESIAN_POINT('',(26.492804017901,5.528979438255,
    1.352168479868));
#3250 = CARTESIAN_POINT('',(26.496457924756,5.578097697685,
    1.397689114621));
#3251 = CARTESIAN_POINT('',(26.497950423426,5.603700746647,
    1.422896422688));
#3252 = CARTESIAN_POINT('',(26.499015684442,5.628424005798,
    1.448742368777));
#3253 = CARTESIAN_POINT('',(26.499700852191,5.652254173932,
    1.475187130601));
#3254 = CARTESIAN_POINT('',(26.50005101871,5.675179772486,1.502190623723
    ));
#3255 = CARTESIAN_POINT('',(26.500109223686,5.697191145541,
    1.529712501561));
#3256 = CARTESIAN_POINT('',(26.499178768347,5.798984697809,
    1.664860766095));
#3257 = CARTESIAN_POINT('',(26.494764999595,5.866164261208,
    1.778976792656));
#3258 = CARTESIAN_POINT('',(26.488961071327,5.919783796529,1.89829370862
    ));
#3259 = CARTESIAN_POINT('',(26.483453753005,5.959909745656,
    2.021312179786));
#3260 = CARTESIAN_POINT('',(26.479400354106,5.986631490342,
    2.146724746649));
#3261 = CARTESIAN_POINT('',(26.477371993329,6.,2.273342014143));
#3262 = CARTESIAN_POINT('',(26.477371993329,6.,2.4));
#3263 = PCURVE('',#2865,#3264);
#3264 = DEFINITIONAL_REPRESENTATION('',(#3265),#3304);
#3265 = B_SPLINE_CURVE_WITH_KNOTS('',7,(#3266,#3267,#3268,#3269,#3270,
    #3271,#3272,#3273,#3274,#3275,#3276,#3277,#3278,#3279,#3280,#3281,
    #3282,#3283,#3284,#3285,#3286,#3287,#3288,#3289,#3290,#3291,#3292,
    #3293,#3294,#3295,#3296,#3297,#3298,#3299,#3300,#3301,#3302,#3303),
  .UNSPECIFIED.,.F.,.F.,(8,6,6,6,6,6,8),(0.,6.924008517226E-02,
    0.203646700419,0.369788845231,0.464697099233,0.575599713961,1.),
  .UNSPECIFIED.);
#3266 = CARTESIAN_POINT('',(4.712388980385,1.170329308849));
#3267 = CARTESIAN_POINT('',(4.726545312156,1.183381077031));
#3268 = CARTESIAN_POINT('',(4.740853815022,1.196179919751));
#3269 = CARTESIAN_POINT('',(4.755312255745,1.208716933623));
#3270 = CARTESIAN_POINT('',(4.769917746008,1.220983384244));
#3271 = CARTESIAN_POINT('',(4.784666742414,1.232970706196));
#3272 = CARTESIAN_POINT('',(4.799555046488,1.244670503048));
#3273 = CARTESIAN_POINT('',(4.843739497281,1.278211709532));
#3274 = CARTESIAN_POINT('',(4.873427478409,1.299249763429));
#3275 = CARTESIAN_POINT('',(4.903584695231,1.319110362349));
#3276 = CARTESIAN_POINT('',(4.934156011702,1.337737406793));
#3277 = CARTESIAN_POINT('',(4.965087609351,1.35509586653));
#3278 = CARTESIAN_POINT('',(4.996326388073,1.371170602672));
#3279 = CARTESIAN_POINT('',(5.066748336633,1.404253013045));
#3280 = CARTESIAN_POINT('',(5.106006491773,1.420557094077));
#3281 = CARTESIAN_POINT('',(5.145498042248,1.434897179041));
#3282 = CARTESIAN_POINT('',(5.185125165393,1.447333506916));
#3283 = CARTESIAN_POINT('',(5.224784431599,1.457961130437));
#3284 = CARTESIAN_POINT('',(5.264363229937,1.466904237088));
#3285 = CARTESIAN_POINT('',(5.32622789363,1.478541260779));
#3286 = CARTESIAN_POINT('',(5.348664859933,1.48227272216));
#3287 = CARTESIAN_POINT('',(5.371040913027,1.485534696981));
#3288 = CARTESIAN_POINT('',(5.393349267799,1.488357153885));
#3289 = CARTESIAN_POINT('',(5.415582533684,1.490770187392));
#3290 = CARTESIAN_POINT('',(5.437732714668,1.492804017901));
#3291 = CARTESIAN_POINT('',(5.485567099437,1.496457924756));
#3292 = CARTESIAN_POINT('',(5.511219255246,1.497950423426));
#3293 = CARTESIAN_POINT('',(5.536748563377,1.499015684442));
#3294 = CARTESIAN_POINT('',(5.562155477894,1.499700852191));
#3295 = CARTESIAN_POINT('',(5.587440020261,1.50005101871));
#3296 = CARTESIAN_POINT('',(5.61260177934,1.500109223686));
#3297 = CARTESIAN_POINT('',(5.733455419718,1.499178768347));
#3298 = CARTESIAN_POINT('',(5.827434141821,1.494764999595));
#3299 = CARTESIAN_POINT('',(5.919989561837,1.488961071327));
#3300 = CARTESIAN_POINT('',(6.011484449807,1.483453753005));
#3301 = CARTESIAN_POINT('',(6.102274439496,1.479400354106));
#3302 = CARTESIAN_POINT('',(6.192715317281,1.477371993329));
#3303 = CARTESIAN_POINT('',(6.28318530718,1.477371993329));
#3304 = ( GEOMETRIC_REPRESENTATION_CONTEXT(2) 
PARAMETRIC_REPRESENTATION_CONTEXT() REPRESENTATION_CONTEXT('2D SPACE',''
  ) );
#3305 = PCURVE('',#2301,#3306);
#3306 = DEFINITIONAL_REPRESENTATION('',(#3307),#3346);
#3307 = B_SPLINE_CURVE_WITH_KNOTS('',7,(#3308,#3309,#3310,#3311,#3312,
    #3313,#3314,#3315,#3316,#3317,#3318,#3319,#3320,#3321,#3322,#3323,
    #3324,#3325,#3326,#3327,#3328,#3329,#3330,#3331,#3332,#3333,#3334,
    #3335,#3336,#3337,#3338,#3339,#3340,#3341,#3342,#3343,#3344,#3345),
  .UNSPECIFIED.,.F.,.F.,(8,6,6,6,6,6,8),(0.,6.924008517226E-02,
    0.203646700419,0.369788845231,0.464697099233,0.575599713961,1.),
  .UNSPECIFIED.);
#3308 = CARTESIAN_POINT('',(4.130024742516,-4.440892098501E-16));
#3309 = CARTESIAN_POINT('',(4.141889986318,-4.411885367479E-16));
#3310 = CARTESIAN_POINT('',(4.15377462637,3.272160761993E-04));
#3311 = CARTESIAN_POINT('',(4.16567495442,9.945701575868E-04));
#3312 = CARTESIAN_POINT('',(4.177586670074,2.01440203294E-03));
#3313 = CARTESIAN_POINT('',(4.189504880797,3.398469350825E-03));
#3314 = CARTESIAN_POINT('',(4.201424101911,5.157947619598E-03));
#3315 = CARTESIAN_POINT('',(4.236465628565,1.146817165711E-02));
#3316 = CARTESIAN_POINT('',(4.259589526293,1.708978790178E-02));
#3317 = CARTESIAN_POINT('',(4.282647868214,2.424425435821E-02));
#3318 = CARTESIAN_POINT('',(4.305581430036,3.298991026675E-02));
#3319 = CARTESIAN_POINT('',(4.328333323966,4.336645895374E-02));
#3320 = CARTESIAN_POINT('',(4.350848477926,5.539396809397E-02));
#3321 = CARTESIAN_POINT('',(4.400545340211,8.597934101189E-02));
#3322 = CARTESIAN_POINT('',(4.427531759932,0.105382865636));
#3323 = CARTESIAN_POINT('',(4.453938651721,0.127270818939));
#3324 = CARTESIAN_POINT('',(4.479672713306,0.151584566041));
#3325 = CARTESIAN_POINT('',(4.504642309491,0.178215813741));
#3326 = CARTESIAN_POINT('',(4.528758719294,0.207003962176));
#3327 = CARTESIAN_POINT('',(4.565178132516,0.255287597561));
#3328 = CARTESIAN_POINT('',(4.578120335995,0.273484999696));
#3329 = CARTESIAN_POINT('',(4.590757728737,0.292300279798));
#3330 = CARTESIAN_POINT('',(4.603084099126,0.311705982971));
#3331 = CARTESIAN_POINT('',(4.615093288716,0.331672582504));
#3332 = CARTESIAN_POINT('',(4.626779192224,0.352168479868));
#3333 = CARTESIAN_POINT('',(4.651406181712,0.397689114621));
#3334 = CARTESIAN_POINT('',(4.664227877798,0.422896422688));
#3335 = CARTESIAN_POINT('',(4.676598740332,0.448742368777));
#3336 = CARTESIAN_POINT('',(4.688516595044,0.475187130601));
#3337 = CARTESIAN_POINT('',(4.699979198866,0.502190623723));
#3338 = CARTESIAN_POINT('',(4.71098423993,0.529712501561));
#3339 = CARTESIAN_POINT('',(4.761883142253,0.664860766095));
#3340 = CARTESIAN_POINT('',(4.795491729376,0.778976792656));
#3341 = CARTESIAN_POINT('',(4.82243400081,0.89829370862));
#3342 = CARTESIAN_POINT('',(4.842682654164,1.021312179786));
#3343 = CARTESIAN_POINT('',(4.856196530879,1.146724746649));
#3344 = CARTESIAN_POINT('',(4.862957253161,1.273342014143));
#3345 = CARTESIAN_POINT('',(4.862957253161,1.4));
#3346 = ( GEOMETRIC_REPRESENTATION_CONTEXT(2) 
PARAMETRIC_REPRESENTATION_CONTEXT() REPRESENTATION_CONTEXT('2D SPACE',''
  ) );
#3347 = ORIENTED_EDGE('',*,*,#3348,.F.);
#3348 = EDGE_CURVE('',#3349,#3221,#3351,.T.);
#3349 = VERTEX_POINT('',#3350);
#3350 = CARTESIAN_POINT('',(25.,4.6,1.));
#3351 = SURFACE_CURVE('',#3352,(#3356,#3363),.PCURVE_S1.);
#3352 = LINE('',#3353,#3354);
#3353 = CARTESIAN_POINT('',(25.,4.6,1.));
#3354 = VECTOR('',#3355,1.);
#3355 = DIRECTION('',(1.,0.,0.));
#3356 = PCURVE('',#2865,#3357);
#3357 = DEFINITIONAL_REPRESENTATION('',(#3358),#3362);
#3358 = LINE('',#3359,#3360);
#3359 = CARTESIAN_POINT('',(4.712388980385,0.));
#3360 = VECTOR('',#3361,1.);
#3361 = DIRECTION('',(-0.,1.));
#3362 = ( GEOMETRIC_REPRESENTATION_CONTEXT(2) 
PARAMETRIC_REPRESENTATION_CONTEXT() REPRESENTATION_CONTEXT('2D SPACE',''
  ) );
#3363 = PCURVE('',#2476,#3364);
#3364 = DEFINITIONAL_REPRESENTATION('',(#3365),#3369);
#3365 = LINE('',#3366,#3367);
#3366 = CARTESIAN_POINT('',(24.,4.6));
#3367 = VECTOR('',#3368,1.);
#3368 = DIRECTION('',(1.,-3.472455911352E-47));
#3369 = ( GEOMETRIC_REPRESENTATION_CONTEXT(2) 
PARAMETRIC_REPRESENTATION_CONTEXT() REPRESENTATION_CONTEXT('2D SPACE',''
  ) );
#3370 = ORIENTED_EDGE('',*,*,#3371,.F.);
#3371 = EDGE_CURVE('',#3007,#3349,#3372,.T.);
#3372 = SURFACE_CURVE('',#3373,(#3378,#3385),.PCURVE_S1.);
#3373 = CIRCLE('',#3374,1.4);
#3374 = AXIS2_PLACEMENT_3D('',#3375,#3376,#3377);
#3375 = CARTESIAN_POINT('',(25.,4.6,2.4));
#3376 = DIRECTION('',(-1.,0.,0.));
#3377 = DIRECTION('',(0.,0.,1.));
#3378 = PCURVE('',#2865,#3379);
#3379 = DEFINITIONAL_REPRESENTATION('',(#3380),#3384);
#3380 = LINE('',#3381,#3382);
#3381 = CARTESIAN_POINT('',(7.853981633975,0.));
#3382 = VECTOR('',#3383,1.);
#3383 = DIRECTION('',(-1.,0.));
#3384 = ( GEOMETRIC_REPRESENTATION_CONTEXT(2) 
PARAMETRIC_REPRESENTATION_CONTEXT() REPRESENTATION_CONTEXT('2D SPACE',''
  ) );
#3385 = PCURVE('',#2504,#3386);
#3386 = DEFINITIONAL_REPRESENTATION('',(#3387),#3395);
#3387 = ( BOUNDED_CURVE() B_SPLINE_CURVE(2,(#3388,#3389,#3390,#3391,
#3392,#3393,#3394),.UNSPECIFIED.,.T.,.F.) B_SPLINE_CURVE_WITH_KNOTS((1,2
    ,2,2,2,1),(-2.094395102393,0.,2.094395102393,4.188790204786,
6.28318530718,8.377580409573),.UNSPECIFIED.) CURVE() 
GEOMETRIC_REPRESENTATION_ITEM() RATIONAL_B_SPLINE_CURVE((1.,0.5,1.,0.5,
1.,0.5,1.)) REPRESENTATION_ITEM('') );
#3388 = CARTESIAN_POINT('',(2.8,-10.6));
#3389 = CARTESIAN_POINT('',(2.8,-13.02487113059));
#3390 = CARTESIAN_POINT('',(0.7,-11.81243556529));
#3391 = CARTESIAN_POINT('',(-1.4,-10.6));
#3392 = CARTESIAN_POINT('',(0.7,-9.387564434702));
#3393 = CARTESIAN_POINT('',(2.8,-8.175128869404));
#3394 = CARTESIAN_POINT('',(2.8,-10.6));
#3395 = ( GEOMETRIC_REPRESENTATION_CONTEXT(2) 
PARAMETRIC_REPRESENTATION_CONTEXT() REPRESENTATION_CONTEXT('2D SPACE',''
  ) );
#3396 = ADVANCED_FACE('',(#3397),#2504,.T.);
#3397 = FACE_BOUND('',#3398,.T.);
#3398 = EDGE_LOOP('',(#3399,#3400,#3421,#3422,#3423,#3424,#3425,#3426));
#3399 = ORIENTED_EDGE('',*,*,#2488,.F.);
#3400 = ORIENTED_EDGE('',*,*,#3401,.T.);
#3401 = EDGE_CURVE('',#2461,#3349,#3402,.T.);
#3402 = SURFACE_CURVE('',#3403,(#3407,#3414),.PCURVE_S1.);
#3403 = LINE('',#3404,#3405);
#3404 = CARTESIAN_POINT('',(25.,-6.,1.));
#3405 = VECTOR('',#3406,1.);
#3406 = DIRECTION('',(0.,1.,0.));
#3407 = PCURVE('',#2504,#3408);
#3408 = DEFINITIONAL_REPRESENTATION('',(#3409),#3413);
#3409 = LINE('',#3410,#3411);
#3410 = CARTESIAN_POINT('',(0.,0.));
#3411 = VECTOR('',#3412,1.);
#3412 = DIRECTION('',(0.,-1.));
#3413 = ( GEOMETRIC_REPRESENTATION_CONTEXT(2) 
PARAMETRIC_REPRESENTATION_CONTEXT() REPRESENTATION_CONTEXT('2D SPACE',''
  ) );
#3414 = PCURVE('',#2476,#3415);
#3415 = DEFINITIONAL_REPRESENTATION('',(#3416),#3420);
#3416 = LINE('',#3417,#3418);
#3417 = CARTESIAN_POINT('',(24.,-6.));
#3418 = VECTOR('',#3419,1.);
#3419 = DIRECTION('',(-4.375557617246E-62,1.));
#3420 = ( GEOMETRIC_REPRESENTATION_CONTEXT(2) 
PARAMETRIC_REPRESENTATION_CONTEXT() REPRESENTATION_CONTEXT('2D SPACE',''
  ) );
#3421 = ORIENTED_EDGE('',*,*,#3371,.F.);
#3422 = ORIENTED_EDGE('',*,*,#3006,.T.);
#3423 = ORIENTED_EDGE('',*,*,#2981,.T.);
#3424 = ORIENTED_EDGE('',*,*,#2931,.T.);
#3425 = ORIENTED_EDGE('',*,*,#2675,.T.);
#3426 = ORIENTED_EDGE('',*,*,#2568,.F.);
#3427 = ADVANCED_FACE('',(#3428),#2476,.F.);
#3428 = FACE_BOUND('',#3429,.F.);
#3429 = EDGE_LOOP('',(#3430,#3431,#3432,#3433));
#3430 = ORIENTED_EDGE('',*,*,#2460,.F.);
#3431 = ORIENTED_EDGE('',*,*,#3401,.T.);
#3432 = ORIENTED_EDGE('',*,*,#3348,.T.);
#3433 = ORIENTED_EDGE('',*,*,#3434,.F.);
#3434 = EDGE_CURVE('',#2438,#3221,#3435,.T.);
#3435 = SURFACE_CURVE('',#3436,(#3441,#3452),.PCURVE_S1.);
#3436 = CIRCLE('',#3437,2.);
#3437 = AXIS2_PLACEMENT_3D('',#3438,#3439,#3440);
#3438 = CARTESIAN_POINT('',(24.5,5.7,1.));
#3439 = DIRECTION('',(8.628166150855E-32,4.024558464266E-16,-1.));
#3440 = DIRECTION('',(1.,-3.472455911352E-47,8.628166150855E-32));
#3441 = PCURVE('',#2476,#3442);
#3442 = DEFINITIONAL_REPRESENTATION('',(#3443),#3451);
#3443 = ( BOUNDED_CURVE() B_SPLINE_CURVE(2,(#3444,#3445,#3446,#3447,
#3448,#3449,#3450),.UNSPECIFIED.,.T.,.F.) B_SPLINE_CURVE_WITH_KNOTS((1,2
    ,2,2,2,1),(-2.094395102393,0.,2.094395102393,4.188790204786,
6.28318530718,8.377580409573),.UNSPECIFIED.) CURVE() 
GEOMETRIC_REPRESENTATION_ITEM() RATIONAL_B_SPLINE_CURVE((1.,0.5,1.,0.5,
1.,0.5,1.)) REPRESENTATION_ITEM('') );
#3444 = CARTESIAN_POINT('',(25.5,5.7));
#3445 = CARTESIAN_POINT('',(25.5,2.235898384862));
#3446 = CARTESIAN_POINT('',(22.5,3.967949192431));
#3447 = CARTESIAN_POINT('',(19.5,5.7));
#3448 = CARTESIAN_POINT('',(22.5,7.432050807569));
#3449 = CARTESIAN_POINT('',(25.5,9.164101615138));
#3450 = CARTESIAN_POINT('',(25.5,5.7));
#3451 = ( GEOMETRIC_REPRESENTATION_CONTEXT(2) 
PARAMETRIC_REPRESENTATION_CONTEXT() REPRESENTATION_CONTEXT('2D SPACE',''
  ) );
#3452 = PCURVE('',#2301,#3453);
#3453 = DEFINITIONAL_REPRESENTATION('',(#3454),#3458);
#3454 = LINE('',#3455,#3456);
#3455 = CARTESIAN_POINT('',(10.995574287564,-5.551115123126E-16));
#3456 = VECTOR('',#3457,1.);
#3457 = DIRECTION('',(-1.,0.));
#3458 = ( GEOMETRIC_REPRESENTATION_CONTEXT(2) 
PARAMETRIC_REPRESENTATION_CONTEXT() REPRESENTATION_CONTEXT('2D SPACE',''
  ) );
#3459 = ADVANCED_FACE('',(#3460),#2301,.T.);
#3460 = FACE_BOUND('',#3461,.T.);
#3461 = EDGE_LOOP('',(#3462,#3463,#3464,#3465,#3466,#3467,#3468,#3469));
#3462 = ORIENTED_EDGE('',*,*,#2282,.F.);
#3463 = ORIENTED_EDGE('',*,*,#2544,.F.);
#3464 = ORIENTED_EDGE('',*,*,#2592,.T.);
#3465 = ORIENTED_EDGE('',*,*,#2698,.T.);
#3466 = ORIENTED_EDGE('',*,*,#2827,.F.);
#3467 = ORIENTED_EDGE('',*,*,#3220,.F.);
#3468 = ORIENTED_EDGE('',*,*,#3434,.F.);
#3469 = ORIENTED_EDGE('',*,*,#2437,.T.);
#3470 = ADVANCED_FACE('',(#3471),#2268,.T.);
#3471 = FACE_BOUND('',#3472,.T.);
#3472 = EDGE_LOOP('',(#3473,#3474,#3497,#3528));
#3473 = ORIENTED_EDGE('',*,*,#2251,.F.);
#3474 = ORIENTED_EDGE('',*,*,#3475,.T.);
#3475 = EDGE_CURVE('',#2252,#3476,#3478,.T.);
#3476 = VERTEX_POINT('',#3477);
#3477 = CARTESIAN_POINT('',(-24.5,-5.7,1.));
#3478 = SEAM_CURVE('',#3479,(#3483,#3490),.PCURVE_S1.);
#3479 = LINE('',#3480,#3481);
#3480 = CARTESIAN_POINT('',(-24.5,-5.7,1.));
#3481 = VECTOR('',#3482,1.);
#3482 = DIRECTION('',(0.,0.,-1.));
#3483 = PCURVE('',#2268,#3484);
#3484 = DEFINITIONAL_REPRESENTATION('',(#3485),#3489);
#3485 = LINE('',#3486,#3487);
#3486 = CARTESIAN_POINT('',(3.14159265359,0.));
#3487 = VECTOR('',#3488,1.);
#3488 = DIRECTION('',(0.,-1.));
#3489 = ( GEOMETRIC_REPRESENTATION_CONTEXT(2) 
PARAMETRIC_REPRESENTATION_CONTEXT() REPRESENTATION_CONTEXT('2D SPACE',''
  ) );
#3490 = PCURVE('',#2268,#3491);
#3491 = DEFINITIONAL_REPRESENTATION('',(#3492),#3496);
#3492 = LINE('',#3493,#3494);
#3493 = CARTESIAN_POINT('',(9.424777960769,0.));
#3494 = VECTOR('',#3495,1.);
#3495 = DIRECTION('',(0.,-1.));
#3496 = ( GEOMETRIC_REPRESENTATION_CONTEXT(2) 
PARAMETRIC_REPRESENTATION_CONTEXT() REPRESENTATION_CONTEXT('2D SPACE',''
  ) );
#3497 = ORIENTED_EDGE('',*,*,#3498,.F.);
#3498 = EDGE_CURVE('',#3476,#3476,#3499,.T.);
#3499 = SURFACE_CURVE('',#3500,(#3505,#3512),.PCURVE_S1.);
#3500 = CIRCLE('',#3501,2.);
#3501 = AXIS2_PLACEMENT_3D('',#3502,#3503,#3504);
#3502 = CARTESIAN_POINT('',(-22.5,-5.7,1.));
#3503 = DIRECTION('',(8.628166150855E-32,4.024558464266E-16,-1.));
#3504 = DIRECTION('',(1.,-3.472455911352E-47,8.628166150855E-32));
#3505 = PCURVE('',#2268,#3506);
#3506 = DEFINITIONAL_REPRESENTATION('',(#3507),#3511);
#3507 = LINE('',#3508,#3509);
#3508 = CARTESIAN_POINT('',(12.56637061436,0.));
#3509 = VECTOR('',#3510,1.);
#3510 = DIRECTION('',(-1.,0.));
#3511 = ( GEOMETRIC_REPRESENTATION_CONTEXT(2) 
PARAMETRIC_REPRESENTATION_CONTEXT() REPRESENTATION_CONTEXT('2D SPACE',''
  ) );
#3512 = PCURVE('',#3513,#3518);
#3513 = PLANE('',#3514);
#3514 = AXIS2_PLACEMENT_3D('',#3515,#3516,#3517);
#3515 = CARTESIAN_POINT('',(1.,-4.496403249732E-14,1.));
#3516 = DIRECTION('',(-8.628166150855E-32,-4.024558464266E-16,1.));
#3517 = DIRECTION('',(1.,-4.375557617246E-62,8.628166150855E-32));
#3518 = DEFINITIONAL_REPRESENTATION('',(#3519),#3527);
#3519 = ( BOUNDED_CURVE() B_SPLINE_CURVE(2,(#3520,#3521,#3522,#3523,
#3524,#3525,#3526),.UNSPECIFIED.,.T.,.F.) B_SPLINE_CURVE_WITH_KNOTS((1,2
    ,2,2,2,1),(-2.094395102393,0.,2.094395102393,4.188790204786,
6.28318530718,8.377580409573),.UNSPECIFIED.) CURVE() 
GEOMETRIC_REPRESENTATION_ITEM() RATIONAL_B_SPLINE_CURVE((1.,0.5,1.,0.5,
1.,0.5,1.)) REPRESENTATION_ITEM('') );
#3520 = CARTESIAN_POINT('',(-21.5,-5.7));
#3521 = CARTESIAN_POINT('',(-21.5,-9.164101615138));
#3522 = CARTESIAN_POINT('',(-24.5,-7.432050807569));
#3523 = CARTESIAN_POINT('',(-27.5,-5.7));
#3524 = CARTESIAN_POINT('',(-24.5,-3.967949192431));
#3525 = CARTESIAN_POINT('',(-21.5,-2.235898384862));
#3526 = CARTESIAN_POINT('',(-21.5,-5.7));
#3527 = ( GEOMETRIC_REPRESENTATION_CONTEXT(2) 
PARAMETRIC_REPRESENTATION_CONTEXT() REPRESENTATION_CONTEXT('2D SPACE',''
  ) );
#3528 = ORIENTED_EDGE('',*,*,#3475,.F.);
#3529 = ADVANCED_FACE('',(#3530),#3513,.F.);
#3530 = FACE_BOUND('',#3531,.F.);
#3531 = EDGE_LOOP('',(#3532));
#3532 = ORIENTED_EDGE('',*,*,#3498,.F.);
#3533 = ADVANCED_FACE('',(#3534),#2237,.T.);
#3534 = FACE_BOUND('',#3535,.T.);
#3535 = EDGE_LOOP('',(#3536,#3537,#3560,#3588,#3616,#3644));
#3536 = ORIENTED_EDGE('',*,*,#2223,.F.);
#3537 = ORIENTED_EDGE('',*,*,#3538,.F.);
#3538 = EDGE_CURVE('',#3539,#2195,#3541,.T.);
#3539 = VERTEX_POINT('',#3540);
#3540 = CARTESIAN_POINT('',(25.811449579664,-4.19,6.5));
#3541 = SURFACE_CURVE('',#3542,(#3546,#3553),.PCURVE_S1.);
#3542 = LINE('',#3543,#3544);
#3543 = CARTESIAN_POINT('',(25.811449579664,-4.19,1.));
#3544 = VECTOR('',#3545,1.);
#3545 = DIRECTION('',(0.,0.,1.));
#3546 = PCURVE('',#2237,#3547);
#3547 = DEFINITIONAL_REPRESENTATION('',(#3548),#3552);
#3548 = LINE('',#3549,#3550);
#3549 = CARTESIAN_POINT('',(0.,0.));
#3550 = VECTOR('',#3551,1.);
#3551 = DIRECTION('',(-8.628166150855E-32,1.));
#3552 = ( GEOMETRIC_REPRESENTATION_CONTEXT(2) 
PARAMETRIC_REPRESENTATION_CONTEXT() REPRESENTATION_CONTEXT('2D SPACE',''
  ) );
#3553 = PCURVE('',#2211,#3554);
#3554 = DEFINITIONAL_REPRESENTATION('',(#3555),#3559);
#3555 = LINE('',#3556,#3557);
#3556 = CARTESIAN_POINT('',(2.426450446298,0.));
#3557 = VECTOR('',#3558,1.);
#3558 = DIRECTION('',(0.,1.));
#3559 = ( GEOMETRIC_REPRESENTATION_CONTEXT(2) 
PARAMETRIC_REPRESENTATION_CONTEXT() REPRESENTATION_CONTEXT('2D SPACE',''
  ) );
#3560 = ORIENTED_EDGE('',*,*,#3561,.F.);
#3561 = EDGE_CURVE('',#3562,#3539,#3564,.T.);
#3562 = VERTEX_POINT('',#3563);
#3563 = CARTESIAN_POINT('',(25.,-4.19,6.5));
#3564 = SURFACE_CURVE('',#3565,(#3569,#3576),.PCURVE_S1.);
#3565 = LINE('',#3566,#3567);
#3566 = CARTESIAN_POINT('',(25.405724789832,-4.19,6.5));
#3567 = VECTOR('',#3568,1.);
#3568 = DIRECTION('',(1.,0.,0.));
#3569 = PCURVE('',#2237,#3570);
#3570 = DEFINITIONAL_REPRESENTATION('',(#3571),#3575);
#3571 = LINE('',#3572,#3573);
#3572 = CARTESIAN_POINT('',(0.405724789832,5.5));
#3573 = VECTOR('',#3574,1.);
#3574 = DIRECTION('',(-1.,-8.628166150855E-32));
#3575 = ( GEOMETRIC_REPRESENTATION_CONTEXT(2) 
PARAMETRIC_REPRESENTATION_CONTEXT() REPRESENTATION_CONTEXT('2D SPACE',''
  ) );
#3576 = PCURVE('',#3577,#3582);
#3577 = PLANE('',#3578);
#3578 = AXIS2_PLACEMENT_3D('',#3579,#3580,#3581);
#3579 = CARTESIAN_POINT('',(25.,-6.,6.5));
#3580 = DIRECTION('',(0.,0.,1.));
#3581 = DIRECTION('',(1.,0.,-0.));
#3582 = DEFINITIONAL_REPRESENTATION('',(#3583),#3587);
#3583 = LINE('',#3584,#3585);
#3584 = CARTESIAN_POINT('',(0.405724789832,1.81));
#3585 = VECTOR('',#3586,1.);
#3586 = DIRECTION('',(1.,0.));
#3587 = ( GEOMETRIC_REPRESENTATION_CONTEXT(2) 
PARAMETRIC_REPRESENTATION_CONTEXT() REPRESENTATION_CONTEXT('2D SPACE',''
  ) );
#3588 = ORIENTED_EDGE('',*,*,#3589,.T.);
#3589 = EDGE_CURVE('',#3562,#3590,#3592,.T.);
#3590 = VERTEX_POINT('',#3591);
#3591 = CARTESIAN_POINT('',(25.,-4.19,1.));
#3592 = SURFACE_CURVE('',#3593,(#3597,#3604),.PCURVE_S1.);
#3593 = LINE('',#3594,#3595);
#3594 = CARTESIAN_POINT('',(25.,-4.19,1.));
#3595 = VECTOR('',#3596,1.);
#3596 = DIRECTION('',(0.,0.,-1.));
#3597 = PCURVE('',#2237,#3598);
#3598 = DEFINITIONAL_REPRESENTATION('',(#3599),#3603);
#3599 = LINE('',#3600,#3601);
#3600 = CARTESIAN_POINT('',(0.811449579664,7.001321796382E-32));
#3601 = VECTOR('',#3602,1.);
#3602 = DIRECTION('',(8.628166150855E-32,-1.));
#3603 = ( GEOMETRIC_REPRESENTATION_CONTEXT(2) 
PARAMETRIC_REPRESENTATION_CONTEXT() REPRESENTATION_CONTEXT('2D SPACE',''
  ) );
#3604 = PCURVE('',#3605,#3610);
#3605 = PLANE('',#3606);
#3606 = AXIS2_PLACEMENT_3D('',#3607,#3608,#3609);
#3607 = CARTESIAN_POINT('',(25.,-6.,1.));
#3608 = DIRECTION('',(1.,0.,0.));
#3609 = DIRECTION('',(0.,0.,1.));
#3610 = DEFINITIONAL_REPRESENTATION('',(#3611),#3615);
#3611 = LINE('',#3612,#3613);
#3612 = CARTESIAN_POINT('',(0.,-1.81));
#3613 = VECTOR('',#3614,1.);
#3614 = DIRECTION('',(-1.,0.));
#3615 = ( GEOMETRIC_REPRESENTATION_CONTEXT(2) 
PARAMETRIC_REPRESENTATION_CONTEXT() REPRESENTATION_CONTEXT('2D SPACE',''
  ) );
#3616 = ORIENTED_EDGE('',*,*,#3617,.F.);
#3617 = EDGE_CURVE('',#3618,#3590,#3620,.T.);
#3618 = VERTEX_POINT('',#3619);
#3619 = CARTESIAN_POINT('',(23.188550420336,-4.19,1.));
#3620 = SURFACE_CURVE('',#3621,(#3625,#3632),.PCURVE_S1.);
#3621 = LINE('',#3622,#3623);
#3622 = CARTESIAN_POINT('',(13.405724789832,-4.19,1.));
#3623 = VECTOR('',#3624,1.);
#3624 = DIRECTION('',(1.,0.,8.628166150855E-32));
#3625 = PCURVE('',#2237,#3626);
#3626 = DEFINITIONAL_REPRESENTATION('',(#3627),#3631);
#3627 = LINE('',#3628,#3629);
#3628 = CARTESIAN_POINT('',(12.405724789832,1.070386547085E-30));
#3629 = VECTOR('',#3630,1.);
#3630 = DIRECTION('',(-1.,0.));
#3631 = ( GEOMETRIC_REPRESENTATION_CONTEXT(2) 
PARAMETRIC_REPRESENTATION_CONTEXT() REPRESENTATION_CONTEXT('2D SPACE',''
  ) );
#3632 = PCURVE('',#3633,#3638);
#3633 = PLANE('',#3634);
#3634 = AXIS2_PLACEMENT_3D('',#3635,#3636,#3637);
#3635 = CARTESIAN_POINT('',(1.,-4.496403249732E-14,1.));
#3636 = DIRECTION('',(-8.628166150855E-32,-4.024558464266E-16,1.));
#3637 = DIRECTION('',(1.,-4.375557617246E-62,8.628166150855E-32));
#3638 = DEFINITIONAL_REPRESENTATION('',(#3639),#3643);
#3639 = LINE('',#3640,#3641);
#3640 = CARTESIAN_POINT('',(12.405724789832,-4.19));
#3641 = VECTOR('',#3642,1.);
#3642 = DIRECTION('',(1.,4.375557617246E-62));
#3643 = ( GEOMETRIC_REPRESENTATION_CONTEXT(2) 
PARAMETRIC_REPRESENTATION_CONTEXT() REPRESENTATION_CONTEXT('2D SPACE',''
  ) );
#3644 = ORIENTED_EDGE('',*,*,#3645,.T.);
#3645 = EDGE_CURVE('',#3618,#2193,#3646,.T.);
#3646 = SURFACE_CURVE('',#3647,(#3651,#3658),.PCURVE_S1.);
#3647 = LINE('',#3648,#3649);
#3648 = CARTESIAN_POINT('',(23.188550420336,-4.19,1.));
#3649 = VECTOR('',#3650,1.);
#3650 = DIRECTION('',(0.,0.,1.));
#3651 = PCURVE('',#2237,#3652);
#3652 = DEFINITIONAL_REPRESENTATION('',(#3653),#3657);
#3653 = LINE('',#3654,#3655);
#3654 = CARTESIAN_POINT('',(2.622899159328,2.263080974362E-31));
#3655 = VECTOR('',#3656,1.);
#3656 = DIRECTION('',(-8.628166150855E-32,1.));
#3657 = ( GEOMETRIC_REPRESENTATION_CONTEXT(2) 
PARAMETRIC_REPRESENTATION_CONTEXT() REPRESENTATION_CONTEXT('2D SPACE',''
  ) );
#3658 = PCURVE('',#2211,#3659);
#3659 = DEFINITIONAL_REPRESENTATION('',(#3660),#3664);
#3660 = LINE('',#3661,#3662);
#3661 = CARTESIAN_POINT('',(-2.426450446299,0.));
#3662 = VECTOR('',#3663,1.);
#3663 = DIRECTION('',(0.,1.));
#3664 = ( GEOMETRIC_REPRESENTATION_CONTEXT(2) 
PARAMETRIC_REPRESENTATION_CONTEXT() REPRESENTATION_CONTEXT('2D SPACE',''
  ) );
#3665 = ADVANCED_FACE('',(#3666),#3633,.F.);
#3666 = FACE_BOUND('',#3667,.F.);
#3667 = EDGE_LOOP('',(#3668,#3669,#3697,#3725));
#3668 = ORIENTED_EDGE('',*,*,#3617,.F.);
#3669 = ORIENTED_EDGE('',*,*,#3670,.F.);
#3670 = EDGE_CURVE('',#3671,#3618,#3673,.T.);
#3671 = VERTEX_POINT('',#3672);
#3672 = CARTESIAN_POINT('',(26.170329308849,-4.6,1.));
#3673 = SURFACE_CURVE('',#3674,(#3679,#3690),.PCURVE_S1.);
#3674 = CIRCLE('',#3675,2.);
#3675 = AXIS2_PLACEMENT_3D('',#3676,#3677,#3678);
#3676 = CARTESIAN_POINT('',(24.5,-5.7,1.));
#3677 = DIRECTION('',(8.628166150855E-32,4.024558464266E-16,-1.));
#3678 = DIRECTION('',(1.,-3.472455911352E-47,8.628166150855E-32));
#3679 = PCURVE('',#3633,#3680);
#3680 = DEFINITIONAL_REPRESENTATION('',(#3681),#3689);
#3681 = ( BOUNDED_CURVE() B_SPLINE_CURVE(2,(#3682,#3683,#3684,#3685,
#3686,#3687,#3688),.UNSPECIFIED.,.T.,.F.) B_SPLINE_CURVE_WITH_KNOTS((1,2
    ,2,2,2,1),(-2.094395102393,0.,2.094395102393,4.188790204786,
6.28318530718,8.377580409573),.UNSPECIFIED.) CURVE() 
GEOMETRIC_REPRESENTATION_ITEM() RATIONAL_B_SPLINE_CURVE((1.,0.5,1.,0.5,
1.,0.5,1.)) REPRESENTATION_ITEM('') );
#3682 = CARTESIAN_POINT('',(25.5,-5.7));
#3683 = CARTESIAN_POINT('',(25.5,-9.164101615138));
#3684 = CARTESIAN_POINT('',(22.5,-7.432050807569));
#3685 = CARTESIAN_POINT('',(19.5,-5.7));
#3686 = CARTESIAN_POINT('',(22.5,-3.967949192431));
#3687 = CARTESIAN_POINT('',(25.5,-2.235898384862));
#3688 = CARTESIAN_POINT('',(25.5,-5.7));
#3689 = ( GEOMETRIC_REPRESENTATION_CONTEXT(2) 
PARAMETRIC_REPRESENTATION_CONTEXT() REPRESENTATION_CONTEXT('2D SPACE',''
  ) );
#3690 = PCURVE('',#2211,#3691);
#3691 = DEFINITIONAL_REPRESENTATION('',(#3692),#3696);
#3692 = LINE('',#3693,#3694);
#3693 = CARTESIAN_POINT('',(7.853981633974,6.661338147751E-16));
#3694 = VECTOR('',#3695,1.);
#3695 = DIRECTION('',(-1.,0.));
#3696 = ( GEOMETRIC_REPRESENTATION_CONTEXT(2) 
PARAMETRIC_REPRESENTATION_CONTEXT() REPRESENTATION_CONTEXT('2D SPACE',''
  ) );
#3697 = ORIENTED_EDGE('',*,*,#3698,.F.);
#3698 = EDGE_CURVE('',#3699,#3671,#3701,.T.);
#3699 = VERTEX_POINT('',#3700);
#3700 = CARTESIAN_POINT('',(25.,-4.6,1.));
#3701 = SURFACE_CURVE('',#3702,(#3706,#3713),.PCURVE_S1.);
#3702 = LINE('',#3703,#3704);
#3703 = CARTESIAN_POINT('',(25.,-4.6,1.));
#3704 = VECTOR('',#3705,1.);
#3705 = DIRECTION('',(1.,0.,0.));
#3706 = PCURVE('',#3633,#3707);
#3707 = DEFINITIONAL_REPRESENTATION('',(#3708),#3712);
#3708 = LINE('',#3709,#3710);
#3709 = CARTESIAN_POINT('',(24.,-4.6));
#3710 = VECTOR('',#3711,1.);
#3711 = DIRECTION('',(1.,-3.472455911352E-47));
#3712 = ( GEOMETRIC_REPRESENTATION_CONTEXT(2) 
PARAMETRIC_REPRESENTATION_CONTEXT() REPRESENTATION_CONTEXT('2D SPACE',''
  ) );
#3713 = PCURVE('',#3714,#3719);
#3714 = CYLINDRICAL_SURFACE('',#3715,1.4);
#3715 = AXIS2_PLACEMENT_3D('',#3716,#3717,#3718);
#3716 = CARTESIAN_POINT('',(25.,-4.6,2.4));
#3717 = DIRECTION('',(1.,0.,0.));
#3718 = DIRECTION('',(0.,-1.,0.));
#3719 = DEFINITIONAL_REPRESENTATION('',(#3720),#3724);
#3720 = LINE('',#3721,#3722);
#3721 = CARTESIAN_POINT('',(1.570796326795,0.));
#3722 = VECTOR('',#3723,1.);
#3723 = DIRECTION('',(0.,1.));
#3724 = ( GEOMETRIC_REPRESENTATION_CONTEXT(2) 
PARAMETRIC_REPRESENTATION_CONTEXT() REPRESENTATION_CONTEXT('2D SPACE',''
  ) );
#3725 = ORIENTED_EDGE('',*,*,#3726,.T.);
#3726 = EDGE_CURVE('',#3699,#3590,#3727,.T.);
#3727 = SURFACE_CURVE('',#3728,(#3732,#3739),.PCURVE_S1.);
#3728 = LINE('',#3729,#3730);
#3729 = CARTESIAN_POINT('',(25.,-6.,1.));
#3730 = VECTOR('',#3731,1.);
#3731 = DIRECTION('',(0.,1.,0.));
#3732 = PCURVE('',#3633,#3733);
#3733 = DEFINITIONAL_REPRESENTATION('',(#3734),#3738);
#3734 = LINE('',#3735,#3736);
#3735 = CARTESIAN_POINT('',(24.,-6.));
#3736 = VECTOR('',#3737,1.);
#3737 = DIRECTION('',(-4.375557617246E-62,1.));
#3738 = ( GEOMETRIC_REPRESENTATION_CONTEXT(2) 
PARAMETRIC_REPRESENTATION_CONTEXT() REPRESENTATION_CONTEXT('2D SPACE',''
  ) );
#3739 = PCURVE('',#3605,#3740);
#3740 = DEFINITIONAL_REPRESENTATION('',(#3741),#3745);
#3741 = LINE('',#3742,#3743);
#3742 = CARTESIAN_POINT('',(0.,0.));
#3743 = VECTOR('',#3744,1.);
#3744 = DIRECTION('',(0.,-1.));
#3745 = ( GEOMETRIC_REPRESENTATION_CONTEXT(2) 
PARAMETRIC_REPRESENTATION_CONTEXT() REPRESENTATION_CONTEXT('2D SPACE',''
  ) );
#3746 = ADVANCED_FACE('',(#3747),#3714,.F.);
#3747 = FACE_BOUND('',#3748,.F.);
#3748 = EDGE_LOOP('',(#3749,#3945,#3967,#3968,#4078));
#3749 = ORIENTED_EDGE('',*,*,#3750,.F.);
#3750 = EDGE_CURVE('',#3751,#3753,#3755,.T.);
#3751 = VERTEX_POINT('',#3752);
#3752 = CARTESIAN_POINT('',(25.,-4.833974596216,1.019689930369));
#3753 = VERTEX_POINT('',#3754);
#3754 = CARTESIAN_POINT('',(25.453939201417,-6.,2.4));
#3755 = SURFACE_CURVE('',#3756,(#3794,#3867),.PCURVE_S1.);
#3756 = B_SPLINE_CURVE_WITH_KNOTS('',6,(#3757,#3758,#3759,#3760,#3761,
    #3762,#3763,#3764,#3765,#3766,#3767,#3768,#3769,#3770,#3771,#3772,
    #3773,#3774,#3775,#3776,#3777,#3778,#3779,#3780,#3781,#3782,#3783,
    #3784,#3785,#3786,#3787,#3788,#3789,#3790,#3791,#3792,#3793),
  .UNSPECIFIED.,.F.,.F.,(7,5,5,5,5,5,5,7),(0.,0.211258390428,
    0.505873997997,0.70495430887,0.799240153438,0.99999939528,
    1.306524211837,1.759025829889),.UNSPECIFIED.);
#3757 = CARTESIAN_POINT('',(25.,-4.833974596216,1.019689930369));
#3758 = CARTESIAN_POINT('',(25.034934890622,-4.854144264721,
    1.023108865105));
#3759 = CARTESIAN_POINT('',(25.068996210176,-4.876064408125,
    1.027188338669));
#3760 = CARTESIAN_POINT('',(25.102039188412,-4.899676174004,
    1.032040918469));
#3761 = CARTESIAN_POINT('',(25.133931473517,-4.924903795491,
    1.037790481251));
#3762 = CARTESIAN_POINT('',(25.164553596814,-4.951656718273,
    1.044568534001));
#3763 = CARTESIAN_POINT('',(25.234584947053,-5.019123882909,
    1.063586248322));
#3764 = CARTESIAN_POINT('',(25.272747130391,-5.061233086012,
    1.076940155042));
#3765 = CARTESIAN_POINT('',(25.307797042212,-5.105711252387,
    1.092899935493));
#3766 = CARTESIAN_POINT('',(25.339418394379,-5.152014391635,
    1.111756059155));
#3767 = CARTESIAN_POINT('',(25.367452199639,-5.199555382434,
    1.133711401398));
#3768 = CARTESIAN_POINT('',(25.408392370895,-5.280290876073,
    1.175846044139));
#3769 = CARTESIAN_POINT('',(25.423233485517,-5.31309338573,
    1.194269021095));
#3770 = CARTESIAN_POINT('',(25.436404540699,-5.3459440974,1.214138501159
    ));
#3771 = CARTESIAN_POINT('',(25.447936867888,-5.378642133808,
    1.235439296832));
#3772 = CARTESIAN_POINT('',(25.457892154434,-5.410990682339,
    1.258123715219));
#3773 = CARTESIAN_POINT('',(25.470369260207,-5.457870713549,
    1.293467630727));
#3774 = CARTESIAN_POINT('',(25.474046454443,-5.472821406018,
    1.305121536925));
#3775 = CARTESIAN_POINT('',(25.477400720081,-5.487638489824,
    1.317063241253));
#3776 = CARTESIAN_POINT('',(25.480442930182,-5.502306038194,
    1.329285495235));
#3777 = CARTESIAN_POINT('',(25.483184898576,-5.51680958233,
    1.341780621048));
#3778 = CARTESIAN_POINT('',(25.490865612956,-5.561641041685,
    1.381709658178));
#3779 = CARTESIAN_POINT('',(25.494784910102,-5.591324186623,
    1.410062299333));
#3780 = CARTESIAN_POINT('',(25.497525698033,-5.620086215041,
    1.439540313863));
#3781 = CARTESIAN_POINT('',(25.499219640468,-5.647837477901,
    1.470074271643));
#3782 = CARTESIAN_POINT('',(25.5,-5.674498421388,1.501583241007));
#3783 = CARTESIAN_POINT('',(25.5,-5.738936522345,1.583430621862));
#3784 = CARTESIAN_POINT('',(25.498181063352,-5.775179748598,
    1.634955820581));
#3785 = CARTESIAN_POINT('',(25.495013507106,-5.808583425151,
    1.688349906112));
#3786 = CARTESIAN_POINT('',(25.490938808504,-5.839033830941,
    1.743413794121));
#3787 = CARTESIAN_POINT('',(25.486361824883,-5.86644059906,
    1.799949769894));
#3788 = CARTESIAN_POINT('',(25.47467695525,-5.926580685474,
    1.943105388741));
#3789 = CARTESIAN_POINT('',(25.467382071048,-5.955734084461,
    2.031465272105));
#3790 = CARTESIAN_POINT('',(25.460925996211,-5.977785883631,
    2.122024509747));
#3791 = CARTESIAN_POINT('',(25.456274749643,-5.992572679841,
    2.214054088556));
#3792 = CARTESIAN_POINT('',(25.453939201417,-6.,2.306911738187));
#3793 = CARTESIAN_POINT('',(25.453939201417,-6.,2.4));
#3794 = PCURVE('',#3714,#3795);
#3795 = DEFINITIONAL_REPRESENTATION('',(#3796),#3866);
#3796 = B_SPLINE_CURVE_WITH_KNOTS('',3,(#3797,#3798,#3799,#3800,#3801,
    #3802,#3803,#3804,#3805,#3806,#3807,#3808,#3809,#3810,#3811,#3812,
    #3813,#3814,#3815,#3816,#3817,#3818,#3819,#3820,#3821,#3822,#3823,
    #3824,#3825,#3826,#3827,#3828,#3829,#3830,#3831,#3832,#3833,#3834,
    #3835,#3836,#3837,#3838,#3839,#3840,#3841,#3842,#3843,#3844,#3845,
    #3846,#3847,#3848,#3849,#3850,#3851,#3852,#3853,#3854,#3855,#3856,
    #3857,#3858,#3859,#3860,#3861,#3862,#3863,#3864,#3865),
  .UNSPECIFIED.,.F.,.F.,(4,1,1,1,1,1,1,1,1,1,1,1,1,1,1,1,1,1,1,1,1,1,1,1
    ,1,1,1,1,1,1,1,1,1,1,1,1,1,1,1,1,1,1,1,1,1,1,1,1,1,1,1,1,1,1,1,1,1,1
    ,1,1,1,1,1,1,1,1,4),(0.,2.665190651346E-02,5.330381302693E-02,
    7.995571954039E-02,0.106607626054,0.133259532567,0.159911439081,
    0.186563345594,0.213215252108,0.239867158621,0.266519065135,
    0.293170971648,0.319822878162,0.346474784675,0.373126691188,
    0.399778597702,0.426430504215,0.453082410729,0.479734317242,
    0.506386223756,0.533038130269,0.559690036783,0.586341943296,
    0.61299384981,0.639645756323,0.666297662837,0.69294956935,
    0.719601475864,0.746253382377,0.77290528889,0.799557195404,
    0.826209101917,0.852861008431,0.879512914944,0.906164821458,
    0.932816727971,0.959468634485,0.986120540998,1.012772447512,
    1.039424354025,1.066076260539,1.092728167052,1.119380073565,
    1.146031980079,1.172683886592,1.199335793106,1.225987699619,
    1.252639606133,1.279291512646,1.30594341916,1.332595325673,
    1.359247232187,1.3858991387,1.412551045214,1.439202951727,
    1.46585485824,1.492506764754,1.519158671267,1.545810577781,
    1.572462484294,1.599114390808,1.625766297321,1.652418203835,
    1.679070110348,1.705722016862,1.732373923375,1.759025829889),
  .QUASI_UNIFORM_KNOTS.);
#3797 = CARTESIAN_POINT('',(1.402883686987,7.105427357601E-15));
#3798 = CARTESIAN_POINT('',(1.399196777736,8.814717545265E-03));
#3799 = CARTESIAN_POINT('',(1.391614076414,2.630475474116E-02));
#3800 = CARTESIAN_POINT('',(1.37961945872,5.208855856622E-02));
#3801 = CARTESIAN_POINT('',(1.367010215255,7.73876048723E-02));
#3802 = CARTESIAN_POINT('',(1.353792785767,0.102169953538));
#3803 = CARTESIAN_POINT('',(1.33997378171,0.126404773121));
#3804 = CARTESIAN_POINT('',(1.325560160984,0.150062219314));
#3805 = CARTESIAN_POINT('',(1.310558364191,0.173114442035));
#3806 = CARTESIAN_POINT('',(1.294977106415,0.195531742751));
#3807 = CARTESIAN_POINT('',(1.278816445489,0.217297206919));
#3808 = CARTESIAN_POINT('',(1.262090534833,0.238375182212));
#3809 = CARTESIAN_POINT('',(1.244819455085,0.258727253339));
#3810 = CARTESIAN_POINT('',(1.227022500466,0.278320866903));
#3811 = CARTESIAN_POINT('',(1.208719829662,0.297126939087));
#3812 = CARTESIAN_POINT('',(1.18993190417,0.315120410599));
#3813 = CARTESIAN_POINT('',(1.17067950446,0.332280034592));
#3814 = CARTESIAN_POINT('',(1.150983739715,0.348588290254));
#3815 = CARTESIAN_POINT('',(1.130865597319,0.364031565605));
#3816 = CARTESIAN_POINT('',(1.110347430415,0.378599142625));
#3817 = CARTESIAN_POINT('',(1.089447242147,0.392286708685));
#3818 = CARTESIAN_POINT('',(1.068199952627,0.405082951683));
#3819 = CARTESIAN_POINT('',(1.046642820685,0.416981940066));
#3820 = CARTESIAN_POINT('',(1.024798784052,0.427990765718));
#3821 = CARTESIAN_POINT('',(1.002695141845,0.438117724986));
#3822 = CARTESIAN_POINT('',(0.98035852455,0.447375366958));
#3823 = CARTESIAN_POINT('',(0.957816412606,0.455779517686));
#3824 = CARTESIAN_POINT('',(0.935096246571,0.463349533395));
#3825 = CARTESIAN_POINT('',(0.9122276985,0.470107661783));
#3826 = CARTESIAN_POINT('',(0.88922614275,0.476083020408));
#3827 = CARTESIAN_POINT('',(0.866113656365,0.481304501518));
#3828 = CARTESIAN_POINT('',(0.842907494936,0.48580381686));
#3829 = CARTESIAN_POINT('',(0.81963142896,0.489613337316));
#3830 = CARTESIAN_POINT('',(0.796301183639,0.492768272941));
#3831 = CARTESIAN_POINT('',(0.772925067701,0.495305450356));
#3832 = CARTESIAN_POINT('',(0.749513271784,0.497261611106));
#3833 = CARTESIAN_POINT('',(0.726075412901,0.498673805125));
#3834 = CARTESIAN_POINT('',(0.70262139738,0.499579226716));
#3835 = CARTESIAN_POINT('',(0.679160769589,0.500015185353));
#3836 = CARTESIAN_POINT('',(0.655704802881,0.50001909471));
#3837 = CARTESIAN_POINT('',(0.632256401948,0.499628250107));
#3838 = CARTESIAN_POINT('',(0.608815666088,0.49887912854));
#3839 = CARTESIAN_POINT('',(0.585383320374,0.497807608613));
#3840 = CARTESIAN_POINT('',(0.561959626259,0.496448896785));
#3841 = CARTESIAN_POINT('',(0.538544702168,0.494837512012));
#3842 = CARTESIAN_POINT('',(0.515138457291,0.4930072539));
#3843 = CARTESIAN_POINT('',(0.491740656816,0.49099117843));
#3844 = CARTESIAN_POINT('',(0.46835084123,0.488821559868));
#3845 = CARTESIAN_POINT('',(0.444968689741,0.486529900393));
#3846 = CARTESIAN_POINT('',(0.421592743904,0.484146762638));
#3847 = CARTESIAN_POINT('',(0.398225236015,0.481702262871));
#3848 = CARTESIAN_POINT('',(0.374854127009,0.479224098711));
#3849 = CARTESIAN_POINT('',(0.351469329677,0.476739067128));
#3850 = CARTESIAN_POINT('',(0.328076657408,0.474274749272));
#3851 = CARTESIAN_POINT('',(0.304677031776,0.471857133174));
#3852 = CARTESIAN_POINT('',(0.281272095148,0.469511104696));
#3853 = CARTESIAN_POINT('',(0.257862751038,0.467260179024));
#3854 = CARTESIAN_POINT('',(0.234449595322,0.465126443944));
#3855 = CARTESIAN_POINT('',(0.21103283686,0.463130454682));
#3856 = CARTESIAN_POINT('',(0.187612351238,0.461291149985));
#3857 = CARTESIAN_POINT('',(0.16418769541,0.459625770919));
#3858 = CARTESIAN_POINT('',(0.140758129632,0.458149786806));
#3859 = CARTESIAN_POINT('',(0.117322634761,0.456876829159));
#3860 = CARTESIAN_POINT('',(9.387992769048E-02,0.455818625739));
#3861 = CARTESIAN_POINT('',(7.042847732799E-02,0.454984965371));
#3862 = CARTESIAN_POINT('',(4.696651036849E-02,0.454383578883));
#3863 = CARTESIAN_POINT('',(2.349204908959E-02,0.454020364017));
#3864 = CARTESIAN_POINT('',(7.832566209813E-03,0.453939026425));
#3865 = CARTESIAN_POINT('',(0.,0.453939201417));
#3866 = ( GEOMETRIC_REPRESENTATION_CONTEXT(2) 
PARAMETRIC_REPRESENTATION_CONTEXT() REPRESENTATION_CONTEXT('2D SPACE',''
  ) );
#3867 = PCURVE('',#3868,#3873);
#3868 = CYLINDRICAL_SURFACE('',#3869,1.);
#3869 = AXIS2_PLACEMENT_3D('',#3870,#3871,#3872);
#3870 = CARTESIAN_POINT('',(24.5,-5.7,1.));
#3871 = DIRECTION('',(0.,0.,1.));
#3872 = DIRECTION('',(1.,0.,0.));
#3873 = DEFINITIONAL_REPRESENTATION('',(#3874),#3944);
#3874 = B_SPLINE_CURVE_WITH_KNOTS('',3,(#3875,#3876,#3877,#3878,#3879,
    #3880,#3881,#3882,#3883,#3884,#3885,#3886,#3887,#3888,#3889,#3890,
    #3891,#3892,#3893,#3894,#3895,#3896,#3897,#3898,#3899,#3900,#3901,
    #3902,#3903,#3904,#3905,#3906,#3907,#3908,#3909,#3910,#3911,#3912,
    #3913,#3914,#3915,#3916,#3917,#3918,#3919,#3920,#3921,#3922,#3923,
    #3924,#3925,#3926,#3927,#3928,#3929,#3930,#3931,#3932,#3933,#3934,
    #3935,#3936,#3937,#3938,#3939,#3940,#3941,#3942,#3943),
  .UNSPECIFIED.,.F.,.F.,(4,1,1,1,1,1,1,1,1,1,1,1,1,1,1,1,1,1,1,1,1,1,1,1
    ,1,1,1,1,1,1,1,1,1,1,1,1,1,1,1,1,1,1,1,1,1,1,1,1,1,1,1,1,1,1,1,1,1,1
    ,1,1,1,1,1,1,1,1,4),(0.,2.665190651346E-02,5.330381302693E-02,
    7.995571954039E-02,0.106607626054,0.133259532567,0.159911439081,
    0.186563345594,0.213215252108,0.239867158621,0.266519065135,
    0.293170971648,0.319822878162,0.346474784675,0.373126691188,
    0.399778597702,0.426430504215,0.453082410729,0.479734317242,
    0.506386223756,0.533038130269,0.559690036783,0.586341943296,
    0.61299384981,0.639645756323,0.666297662837,0.69294956935,
    0.719601475864,0.746253382377,0.77290528889,0.799557195404,
    0.826209101917,0.852861008431,0.879512914944,0.906164821458,
    0.932816727971,0.959468634485,0.986120540998,1.012772447512,
    1.039424354025,1.066076260539,1.092728167052,1.119380073565,
    1.146031980079,1.172683886592,1.199335793106,1.225987699619,
    1.252639606133,1.279291512646,1.30594341916,1.332595325673,
    1.359247232187,1.3858991387,1.412551045214,1.439202951727,
    1.46585485824,1.492506764754,1.519158671267,1.545810577781,
    1.572462484294,1.599114390808,1.625766297321,1.652418203835,
    1.679070110348,1.705722016862,1.732373923375,1.759025829889),
  .QUASI_UNIFORM_KNOTS.);
#3875 = CARTESIAN_POINT('',(7.330382858376,1.968993036863E-02));
#3876 = CARTESIAN_POINT('',(7.320204572611,2.055265882919E-02));
#3877 = CARTESIAN_POINT('',(7.299829250236,2.238294936449E-02));
#3878 = CARTESIAN_POINT('',(7.269218103962,2.54715361007E-02));
#3879 = CARTESIAN_POINT('',(7.238567036959,2.893157998304E-02));
#3880 = CARTESIAN_POINT('',(7.207883758657,3.279259079685E-02));
#3881 = CARTESIAN_POINT('',(7.17717561207,3.708478004203E-02));
#3882 = CARTESIAN_POINT('',(7.146449969461,4.183901299246E-02));
#3883 = CARTESIAN_POINT('',(7.115712841789,4.708699439428E-02));
#3884 = CARTESIAN_POINT('',(7.084974384287,5.28600656914E-02));
#3885 = CARTESIAN_POINT('',(7.054228298059,5.919337867892E-02));
#3886 = CARTESIAN_POINT('',(7.023495906786,6.611713168527E-02));
#3887 = CARTESIAN_POINT('',(6.992807021333,7.365832989692E-02));
#3888 = CARTESIAN_POINT('',(6.962187732197,8.184319976561E-02));
#3889 = CARTESIAN_POINT('',(6.931663889254,9.069629375718E-02));
#3890 = CARTESIAN_POINT('',(6.901260376441,0.100240488231));
#3891 = CARTESIAN_POINT('',(6.871001451666,0.11049677672));
#3892 = CARTESIAN_POINT('',(6.840910968114,0.121484046745));
#3893 = CARTESIAN_POINT('',(6.811011947135,0.133219185343));
#3894 = CARTESIAN_POINT('',(6.781328811342,0.145715944489));
#3895 = CARTESIAN_POINT('',(6.751879578886,0.158988496473));
#3896 = CARTESIAN_POINT('',(6.722705542282,0.173037513747));
#3897 = CARTESIAN_POINT('',(6.693848825548,0.187857761045));
#3898 = CARTESIAN_POINT('',(6.665331146098,0.203450060854));
#3899 = CARTESIAN_POINT('',(6.63717982609,0.219809082549));
#3900 = CARTESIAN_POINT('',(6.609420814856,0.236926522026));
#3901 = CARTESIAN_POINT('',(6.58208072298,0.254789996524));
#3902 = CARTESIAN_POINT('',(6.555185682785,0.273383688219));
#3903 = CARTESIAN_POINT('',(6.528763784604,0.292686277531));
#3904 = CARTESIAN_POINT('',(6.502826486922,0.312685422887));
#3905 = CARTESIAN_POINT('',(6.477393380454,0.33336059586));
#3906 = CARTESIAN_POINT('',(6.452478957142,0.354693011748));
#3907 = CARTESIAN_POINT('',(6.428104683328,0.376655304981));
#3908 = CARTESIAN_POINT('',(6.404283492601,0.399225148811));
#3909 = CARTESIAN_POINT('',(6.381021397535,0.422385744976));
#3910 = CARTESIAN_POINT('',(6.35832721427,0.446117189064));
#3911 = CARTESIAN_POINT('',(6.336209844034,0.470398816437));
#3912 = CARTESIAN_POINT('',(6.314679027894,0.495208418888));
#3913 = CARTESIAN_POINT('',(6.293744638542,0.520522997784));
#3914 = CARTESIAN_POINT('',(6.273418340805,0.546316500542));
#3915 = CARTESIAN_POINT('',(6.253704903779,0.572571127564));
#3916 = CARTESIAN_POINT('',(6.234607677052,0.599271861826));
#3917 = CARTESIAN_POINT('',(6.216131525243,0.626402751789));
#3918 = CARTESIAN_POINT('',(6.198281805206,0.653948129849));
#3919 = CARTESIAN_POINT('',(6.181064570936,0.68189228448));
#3920 = CARTESIAN_POINT('',(6.164486445458,0.710219556816));
#3921 = CARTESIAN_POINT('',(6.148554598851,0.738914285786));
#3922 = CARTESIAN_POINT('',(6.133276638649,0.767960934582));
#3923 = CARTESIAN_POINT('',(6.118660750402,0.797343643262));
#3924 = CARTESIAN_POINT('',(6.104714932456,0.82704789546));
#3925 = CARTESIAN_POINT('',(6.091449612209,0.857054302546));
#3926 = CARTESIAN_POINT('',(6.078867651662,0.887361803886));
#3927 = CARTESIAN_POINT('',(6.066974612753,0.917967294423));
#3928 = CARTESIAN_POINT('',(6.055784643687,0.948846831868));
#3929 = CARTESIAN_POINT('',(6.045308931546,0.979982526349));
#3930 = CARTESIAN_POINT('',(6.035558769633,1.011355340518));
#3931 = CARTESIAN_POINT('',(6.026544708139,1.042947012995));
#3932 = CARTESIAN_POINT('',(6.018276750997,1.074739535657));
#3933 = CARTESIAN_POINT('',(6.010764270511,1.106715284815));
#3934 = CARTESIAN_POINT('',(6.004015996982,1.138856975628));
#3935 = CARTESIAN_POINT('',(5.998039988874,1.171147662312));
#3936 = CARTESIAN_POINT('',(5.992843609761,1.20357072456));
#3937 = CARTESIAN_POINT('',(5.988433506812,1.236109855931));
#3938 = CARTESIAN_POINT('',(5.984815590405,1.268749050786));
#3939 = CARTESIAN_POINT('',(5.981995026199,1.301472587701));
#3940 = CARTESIAN_POINT('',(5.979976198839,1.334265021036));
#3941 = CARTESIAN_POINT('',(5.978762802998,1.367111136044));
#3942 = CARTESIAN_POINT('',(5.978492589728,1.389034401527));
#3943 = CARTESIAN_POINT('',(5.978492653164,1.4));
#3944 = ( GEOMETRIC_REPRESENTATION_CONTEXT(2) 
PARAMETRIC_REPRESENTATION_CONTEXT() REPRESENTATION_CONTEXT('2D SPACE',''
  ) );
#3945 = ORIENTED_EDGE('',*,*,#3946,.T.);
#3946 = EDGE_CURVE('',#3751,#3699,#3947,.T.);
#3947 = SURFACE_CURVE('',#3948,(#3953,#3960),.PCURVE_S1.);
#3948 = CIRCLE('',#3949,1.4);
#3949 = AXIS2_PLACEMENT_3D('',#3950,#3951,#3952);
#3950 = CARTESIAN_POINT('',(25.,-4.6,2.4));
#3951 = DIRECTION('',(1.,0.,0.));
#3952 = DIRECTION('',(-0.,0.,1.));
#3953 = PCURVE('',#3714,#3954);
#3954 = DEFINITIONAL_REPRESENTATION('',(#3955),#3959);
#3955 = LINE('',#3956,#3957);
#3956 = CARTESIAN_POINT('',(-1.570796326795,0.));
#3957 = VECTOR('',#3958,1.);
#3958 = DIRECTION('',(1.,0.));
#3959 = ( GEOMETRIC_REPRESENTATION_CONTEXT(2) 
PARAMETRIC_REPRESENTATION_CONTEXT() REPRESENTATION_CONTEXT('2D SPACE',''
  ) );
#3960 = PCURVE('',#3605,#3961);
#3961 = DEFINITIONAL_REPRESENTATION('',(#3962),#3966);
#3962 = CIRCLE('',#3963,1.4);
#3963 = AXIS2_PLACEMENT_2D('',#3964,#3965);
#3964 = CARTESIAN_POINT('',(1.4,-1.4));
#3965 = DIRECTION('',(1.,0.));
#3966 = ( GEOMETRIC_REPRESENTATION_CONTEXT(2) 
PARAMETRIC_REPRESENTATION_CONTEXT() REPRESENTATION_CONTEXT('2D SPACE',''
  ) );
#3967 = ORIENTED_EDGE('',*,*,#3698,.T.);
#3968 = ORIENTED_EDGE('',*,*,#3969,.F.);
#3969 = EDGE_CURVE('',#3970,#3671,#3972,.T.);
#3970 = VERTEX_POINT('',#3971);
#3971 = CARTESIAN_POINT('',(26.477371993329,-6.,2.4));
#3972 = SURFACE_CURVE('',#3973,(#4006,#4042),.PCURVE_S1.);
#3973 = B_SPLINE_CURVE_WITH_KNOTS('',7,(#3974,#3975,#3976,#3977,#3978,
    #3979,#3980,#3981,#3982,#3983,#3984,#3985,#3986,#3987,#3988,#3989,
    #3990,#3991,#3992,#3993,#3994,#3995,#3996,#3997,#3998,#3999,#4000,
    #4001,#4002,#4003,#4004,#4005),.UNSPECIFIED.,.F.,.F.,(8,6,6,6,6,8),(
    0.,0.425050427347,0.53723228552,0.634242925102,0.793455187355,1.),
  .UNSPECIFIED.);
#3974 = CARTESIAN_POINT('',(26.477371993329,-6.,2.4));
#3975 = CARTESIAN_POINT('',(26.477371993329,-6.,2.27311968572));
#3976 = CARTESIAN_POINT('',(26.479407479678,-5.986584516042,
    2.146279905827));
#3977 = CARTESIAN_POINT('',(26.483475137747,-5.959768780687,
    2.020650906062));
#3978 = CARTESIAN_POINT('',(26.488999832442,-5.919501389755,
    1.897428651831));
#3979 = CARTESIAN_POINT('',(26.494816026172,-5.865692488596,
    1.777928106341));
#3980 = CARTESIAN_POINT('',(26.499225234932,-5.798275548375,
    1.663657597262));
#3981 = CARTESIAN_POINT('',(26.500110050067,-5.695912107412,
    1.528085459932));
#3982 = CARTESIAN_POINT('',(26.50003650157,-5.673593244851,
    1.500266133301));
#3983 = CARTESIAN_POINT('',(26.499662105878,-5.650338757161,
    1.472979169727));
#3984 = CARTESIAN_POINT('',(26.498942193558,-5.626158841673,
    1.446266527592));
#3985 = CARTESIAN_POINT('',(26.497829962269,-5.601065620095,
    1.420169853742));
#3986 = CARTESIAN_POINT('',(26.496276476764,-5.575073138504,
    1.394730483479));
#3987 = CARTESIAN_POINT('',(26.492461531397,-5.524956214187,
    1.348594319861));
#3988 = CARTESIAN_POINT('',(26.490324292694,-5.501053018316,
    1.327720151589));
#3989 = CARTESIAN_POINT('',(26.487786468064,-5.476508728958,
    1.307403235366));
#3990 = CARTESIAN_POINT('',(26.484815774936,-5.451345943825,
    1.287677519077));
#3991 = CARTESIAN_POINT('',(26.481380132883,-5.425588909124,
    1.268574598878));
#3992 = CARTESIAN_POINT('',(26.477447663625,-5.399263519555,
    1.250123719195));
#3993 = CARTESIAN_POINT('',(26.465665416337,-5.32830495179,
    1.203184747189));
#3994 = CARTESIAN_POINT('',(26.456915364127,-5.282721154709,
    1.175823662562));
#3995 = CARTESIAN_POINT('',(26.446608440699,-5.235855586913,
    1.150454207933));
#3996 = CARTESIAN_POINT('',(26.434636793113,-5.187935633273,
    1.127215701476));
#3997 = CARTESIAN_POINT('',(26.420917408734,-5.139200585028,
    1.106203238661));
#3998 = CARTESIAN_POINT('',(26.405396714793,-5.089895821126,
    1.08746984046));
#3999 = CARTESIAN_POINT('',(26.365558138888,-4.975883897623,
    1.049699511924));
#4000 = CARTESIAN_POINT('',(26.340070600484,-4.911167900578,
    1.032298407186));
#4001 = CARTESIAN_POINT('',(26.311572448523,-4.846625803511,
    1.01879618062));
#4002 = CARTESIAN_POINT('',(26.280131190274,-4.782760666886,
    1.009067894765));
#4003 = CARTESIAN_POINT('',(26.245911056205,-4.720062213447,
    1.002900407813));
#4004 = CARTESIAN_POINT('',(26.209182101712,-4.658997235136,1.));
#4005 = CARTESIAN_POINT('',(26.170329308849,-4.6,1.));
#4006 = PCURVE('',#3714,#4007);
#4007 = DEFINITIONAL_REPRESENTATION('',(#4008),#4041);
#4008 = B_SPLINE_CURVE_WITH_KNOTS('',7,(#4009,#4010,#4011,#4012,#4013,
    #4014,#4015,#4016,#4017,#4018,#4019,#4020,#4021,#4022,#4023,#4024,
    #4025,#4026,#4027,#4028,#4029,#4030,#4031,#4032,#4033,#4034,#4035,
    #4036,#4037,#4038,#4039,#4040),.UNSPECIFIED.,.F.,.F.,(8,6,6,6,6,8),(
    0.,0.425050427347,0.53723228552,0.634242925102,0.793455187355,1.),
  .UNSPECIFIED.);
#4009 = CARTESIAN_POINT('',(0.,1.477371993329));
#4010 = CARTESIAN_POINT('',(9.062879591432E-02,1.477371993329));
#4011 = CARTESIAN_POINT('',(0.1812286116,1.479407479678));
#4012 = CARTESIAN_POINT('',(0.272179575397,1.483475137747));
#4013 = CARTESIAN_POINT('',(0.363839167155,1.488999832442));
#4014 = CARTESIAN_POINT('',(0.456564773137,1.494816026172));
#4015 = CARTESIAN_POINT('',(0.550721039511,1.499225234932));
#4016 = CARTESIAN_POINT('',(0.672061508529,1.500110050067));
#4017 = CARTESIAN_POINT('',(0.697526014967,1.50003650157));
#4018 = CARTESIAN_POINT('',(0.72311635964,1.499662105878));
#4019 = CARTESIAN_POINT('',(0.748831980245,1.498942193558));
#4020 = CARTESIAN_POINT('',(0.774672778438,1.497829962269));
#4021 = CARTESIAN_POINT('',(0.800639119842,1.496276476764));
#4022 = CARTESIAN_POINT('',(0.849295829095,1.492461531397));
#4023 = CARTESIAN_POINT('',(0.871955614676,1.490324292694));
#4024 = CARTESIAN_POINT('',(0.894701628413,1.487786468064));
#4025 = CARTESIAN_POINT('',(0.917524983516,1.484815774936));
#4026 = CARTESIAN_POINT('',(0.940417468781,1.481380132883));
#4027 = CARTESIAN_POINT('',(0.963371548586,1.477447663625));
#4028 = CARTESIAN_POINT('',(1.024142049588,1.465665416337));
#4029 = CARTESIAN_POINT('',(1.062080454952,1.456915364127));
#4030 = CARTESIAN_POINT('',(1.100085830463,1.446608440699));
#4031 = CARTESIAN_POINT('',(1.138058997915,1.434636793113));
#4032 = CARTESIAN_POINT('',(1.175908457076,1.420917408734));
#4033 = CARTESIAN_POINT('',(1.213547493347,1.405396714793));
#4034 = CARTESIAN_POINT('',(1.299337092457,1.365558138888));
#4035 = CARTESIAN_POINT('',(1.347125951104,1.340070600484));
#4036 = CARTESIAN_POINT('',(1.394107773241,1.311572448523));
#4037 = CARTESIAN_POINT('',(1.44013105221,1.280131190274));
#4038 = CARTESIAN_POINT('',(1.485037293352,1.245911056205));
#4039 = CARTESIAN_POINT('',(1.528655444555,1.209182101712));
#4040 = CARTESIAN_POINT('',(1.570796326795,1.170329308849));
#4041 = ( GEOMETRIC_REPRESENTATION_CONTEXT(2) 
PARAMETRIC_REPRESENTATION_CONTEXT() REPRESENTATION_CONTEXT('2D SPACE',''
  ) );
#4042 = PCURVE('',#2211,#4043);
#4043 = DEFINITIONAL_REPRESENTATION('',(#4044),#4077);
#4044 = B_SPLINE_CURVE_WITH_KNOTS('',7,(#4045,#4046,#4047,#4048,#4049,
    #4050,#4051,#4052,#4053,#4054,#4055,#4056,#4057,#4058,#4059,#4060,
    #4061,#4062,#4063,#4064,#4065,#4066,#4067,#4068,#4069,#4070,#4071,
    #4072,#4073,#4074,#4075,#4076),.UNSPECIFIED.,.F.,.F.,(8,6,6,6,6,8),(
    0.,0.425050427347,0.53723228552,0.634242925102,0.793455187355,1.),
  .UNSPECIFIED.);
#4045 = CARTESIAN_POINT('',(1.420228054018,1.4));
#4046 = CARTESIAN_POINT('',(1.420228054018,1.27311968572));
#4047 = CARTESIAN_POINT('',(1.427012532415,1.146279905827));
#4048 = CARTESIAN_POINT('',(1.440573942517,1.020650906062));
#4049 = CARTESIAN_POINT('',(1.4608938159,0.897428651831));
#4050 = CARTESIAN_POINT('',(1.487930627761,0.777928106341));
#4051 = CARTESIAN_POINT('',(1.521656932214,0.663657597262));
#4052 = CARTESIAN_POINT('',(1.572840564715,0.528085459932));
#4053 = CARTESIAN_POINT('',(1.583999346313,0.500266133301));
#4054 = CARTESIAN_POINT('',(1.595626498405,0.472979169727));
#4055 = CARTESIAN_POINT('',(1.607719562559,0.446266527592));
#4056 = CARTESIAN_POINT('',(1.620276151521,0.420169853742));
#4057 = CARTESIAN_POINT('',(1.633293949214,0.394730483479));
#4058 = CARTESIAN_POINT('',(1.658424905778,0.348594319861));
#4059 = CARTESIAN_POINT('',(1.670423161712,0.327720151589));
#4060 = CARTESIAN_POINT('',(1.682758790957,0.307403235366));
#4061 = CARTESIAN_POINT('',(1.695425044647,0.287677519077));
#4062 = CARTESIAN_POINT('',(1.708415112634,0.268574598878));
#4063 = CARTESIAN_POINT('',(1.721722123491,0.250123719195));
#4064 = CARTESIAN_POINT('',(1.757687174896,0.203184747189));
#4065 = CARTESIAN_POINT('',(1.78088794472,0.175823662562));
#4066 = CARTESIAN_POINT('',(1.80486645471,0.150454207933));
#4067 = CARTESIAN_POINT('',(1.829544260166,0.127215701476));
#4068 = CARTESIAN_POINT('',(1.854840478941,0.106203238661));
#4069 = CARTESIAN_POINT('',(1.880672799443,8.746984045957E-02));
#4070 = CARTESIAN_POINT('',(1.941058705975,4.969951192385E-02));
#4071 = CARTESIAN_POINT('',(1.975809511706,3.229840718623E-02));
#4072 = CARTESIAN_POINT('',(2.01103893334,1.879618061957E-02));
#4073 = CARTESIAN_POINT('',(2.04657529138,9.067894764805E-03));
#4074 = CARTESIAN_POINT('',(2.082239912692,2.90040781307E-03));
#4075 = CARTESIAN_POINT('',(2.117839843879,-4.24152247126E-16));
#4076 = CARTESIAN_POINT('',(2.153160564663,-4.440892098501E-16));
#4077 = ( GEOMETRIC_REPRESENTATION_CONTEXT(2) 
PARAMETRIC_REPRESENTATION_CONTEXT() REPRESENTATION_CONTEXT('2D SPACE',''
  ) );
#4078 = ORIENTED_EDGE('',*,*,#4079,.F.);
#4079 = EDGE_CURVE('',#3753,#3970,#4080,.T.);
#4080 = SURFACE_CURVE('',#4081,(#4085,#4092),.PCURVE_S1.);
#4081 = LINE('',#4082,#4083);
#4082 = CARTESIAN_POINT('',(25.,-6.,2.4));
#4083 = VECTOR('',#4084,1.);
#4084 = DIRECTION('',(1.,0.,0.));
#4085 = PCURVE('',#3714,#4086);
#4086 = DEFINITIONAL_REPRESENTATION('',(#4087),#4091);
#4087 = LINE('',#4088,#4089);
#4088 = CARTESIAN_POINT('',(0.,0.));
#4089 = VECTOR('',#4090,1.);
#4090 = DIRECTION('',(0.,1.));
#4091 = ( GEOMETRIC_REPRESENTATION_CONTEXT(2) 
PARAMETRIC_REPRESENTATION_CONTEXT() REPRESENTATION_CONTEXT('2D SPACE',''
  ) );
#4092 = PCURVE('',#4093,#4098);
#4093 = PLANE('',#4094);
#4094 = AXIS2_PLACEMENT_3D('',#4095,#4096,#4097);
#4095 = CARTESIAN_POINT('',(25.,-6.,1.));
#4096 = DIRECTION('',(0.,1.,0.));
#4097 = DIRECTION('',(0.,-0.,1.));
#4098 = DEFINITIONAL_REPRESENTATION('',(#4099),#4103);
#4099 = LINE('',#4100,#4101);
#4100 = CARTESIAN_POINT('',(1.4,0.));
#4101 = VECTOR('',#4102,1.);
#4102 = DIRECTION('',(0.,1.));
#4103 = ( GEOMETRIC_REPRESENTATION_CONTEXT(2) 
PARAMETRIC_REPRESENTATION_CONTEXT() REPRESENTATION_CONTEXT('2D SPACE',''
  ) );
#4104 = ADVANCED_FACE('',(#4105),#4093,.T.);
#4105 = FACE_BOUND('',#4106,.T.);
#4106 = EDGE_LOOP('',(#4107,#4129,#4130,#4151,#4179,#4202));
#4107 = ORIENTED_EDGE('',*,*,#4108,.F.);
#4108 = EDGE_CURVE('',#3970,#4109,#4111,.T.);
#4109 = VERTEX_POINT('',#4110);
#4110 = CARTESIAN_POINT('',(26.477371993329,-6.,5.1));
#4111 = SURFACE_CURVE('',#4112,(#4116,#4123),.PCURVE_S1.);
#4112 = LINE('',#4113,#4114);
#4113 = CARTESIAN_POINT('',(26.477371993329,-6.,1.));
#4114 = VECTOR('',#4115,1.);
#4115 = DIRECTION('',(0.,0.,1.));
#4116 = PCURVE('',#4093,#4117);
#4117 = DEFINITIONAL_REPRESENTATION('',(#4118),#4122);
#4118 = LINE('',#4119,#4120);
#4119 = CARTESIAN_POINT('',(0.,1.477371993329));
#4120 = VECTOR('',#4121,1.);
#4121 = DIRECTION('',(1.,0.));
#4122 = ( GEOMETRIC_REPRESENTATION_CONTEXT(2) 
PARAMETRIC_REPRESENTATION_CONTEXT() REPRESENTATION_CONTEXT('2D SPACE',''
  ) );
#4123 = PCURVE('',#2211,#4124);
#4124 = DEFINITIONAL_REPRESENTATION('',(#4125),#4128);
#4125 = B_SPLINE_CURVE_WITH_KNOTS('',1,(#4126,#4127),.UNSPECIFIED.,.F.,
  .F.,(2,2),(1.13,4.37),.PIECEWISE_BEZIER_KNOTS.);
#4126 = CARTESIAN_POINT('',(1.420228054018,1.13));
#4127 = CARTESIAN_POINT('',(1.420228054018,4.37));
#4128 = ( GEOMETRIC_REPRESENTATION_CONTEXT(2) 
PARAMETRIC_REPRESENTATION_CONTEXT() REPRESENTATION_CONTEXT('2D SPACE',''
  ) );
#4129 = ORIENTED_EDGE('',*,*,#4079,.F.);
#4130 = ORIENTED_EDGE('',*,*,#4131,.T.);
#4131 = EDGE_CURVE('',#3753,#4132,#4134,.T.);
#4132 = VERTEX_POINT('',#4133);
#4133 = CARTESIAN_POINT('',(25.453939201417,-6.,5.));
#4134 = SURFACE_CURVE('',#4135,(#4139,#4145),.PCURVE_S1.);
#4135 = LINE('',#4136,#4137);
#4136 = CARTESIAN_POINT('',(25.453939201417,-6.,1.));
#4137 = VECTOR('',#4138,1.);
#4138 = DIRECTION('',(0.,0.,1.));
#4139 = PCURVE('',#4093,#4140);
#4140 = DEFINITIONAL_REPRESENTATION('',(#4141),#4144);
#4141 = B_SPLINE_CURVE_WITH_KNOTS('',1,(#4142,#4143),.UNSPECIFIED.,.F.,
  .F.,(2,2),(1.13,4.0000006),.PIECEWISE_BEZIER_KNOTS.);
#4142 = CARTESIAN_POINT('',(1.13,0.453939201417));
#4143 = CARTESIAN_POINT('',(4.0000006,0.453939201417));
#4144 = ( GEOMETRIC_REPRESENTATION_CONTEXT(2) 
PARAMETRIC_REPRESENTATION_CONTEXT() REPRESENTATION_CONTEXT('2D SPACE',''
  ) );
#4145 = PCURVE('',#3868,#4146);
#4146 = DEFINITIONAL_REPRESENTATION('',(#4147),#4150);
#4147 = B_SPLINE_CURVE_WITH_KNOTS('',1,(#4148,#4149),.UNSPECIFIED.,.F.,
  .F.,(2,2),(1.4,4.),.PIECEWISE_BEZIER_KNOTS.);
#4148 = CARTESIAN_POINT('',(5.978492653164,1.4));
#4149 = CARTESIAN_POINT('',(5.978492653164,4.));
#4150 = ( GEOMETRIC_REPRESENTATION_CONTEXT(2) 
PARAMETRIC_REPRESENTATION_CONTEXT() REPRESENTATION_CONTEXT('2D SPACE',''
  ) );
#4151 = ORIENTED_EDGE('',*,*,#4152,.T.);
#4152 = EDGE_CURVE('',#4132,#4153,#4155,.T.);
#4153 = VERTEX_POINT('',#4154);
#4154 = CARTESIAN_POINT('',(25.,-6.,5.));
#4155 = SURFACE_CURVE('',#4156,(#4160,#4167),.PCURVE_S1.);
#4156 = LINE('',#4157,#4158);
#4157 = CARTESIAN_POINT('',(25.453939201417,-6.,5.));
#4158 = VECTOR('',#4159,1.);
#4159 = DIRECTION('',(-1.,1.956602154931E-15,0.));
#4160 = PCURVE('',#4093,#4161);
#4161 = DEFINITIONAL_REPRESENTATION('',(#4162),#4166);
#4162 = LINE('',#4163,#4164);
#4163 = CARTESIAN_POINT('',(4.,0.453939201417));
#4164 = VECTOR('',#4165,1.);
#4165 = DIRECTION('',(0.,-1.));
#4166 = ( GEOMETRIC_REPRESENTATION_CONTEXT(2) 
PARAMETRIC_REPRESENTATION_CONTEXT() REPRESENTATION_CONTEXT('2D SPACE',''
  ) );
#4167 = PCURVE('',#4168,#4173);
#4168 = PLANE('',#4169);
#4169 = AXIS2_PLACEMENT_3D('',#4170,#4171,#4172);
#4170 = CARTESIAN_POINT('',(24.5,-5.7,5.));
#4171 = DIRECTION('',(0.,0.,1.));
#4172 = DIRECTION('',(1.,0.,0.));
#4173 = DEFINITIONAL_REPRESENTATION('',(#4174),#4178);
#4174 = LINE('',#4175,#4176);
#4175 = CARTESIAN_POINT('',(0.953939201417,-0.3));
#4176 = VECTOR('',#4177,1.);
#4177 = DIRECTION('',(-1.,1.956602154931E-15));
#4178 = ( GEOMETRIC_REPRESENTATION_CONTEXT(2) 
PARAMETRIC_REPRESENTATION_CONTEXT() REPRESENTATION_CONTEXT('2D SPACE',''
  ) );
#4179 = ORIENTED_EDGE('',*,*,#4180,.T.);
#4180 = EDGE_CURVE('',#4153,#4181,#4183,.T.);
#4181 = VERTEX_POINT('',#4182);
#4182 = CARTESIAN_POINT('',(25.,-6.,5.1));
#4183 = SURFACE_CURVE('',#4184,(#4188,#4195),.PCURVE_S1.);
#4184 = LINE('',#4185,#4186);
#4185 = CARTESIAN_POINT('',(25.,-6.,1.));
#4186 = VECTOR('',#4187,1.);
#4187 = DIRECTION('',(0.,0.,1.));
#4188 = PCURVE('',#4093,#4189);
#4189 = DEFINITIONAL_REPRESENTATION('',(#4190),#4194);
#4190 = LINE('',#4191,#4192);
#4191 = CARTESIAN_POINT('',(0.,0.));
#4192 = VECTOR('',#4193,1.);
#4193 = DIRECTION('',(1.,0.));
#4194 = ( GEOMETRIC_REPRESENTATION_CONTEXT(2) 
PARAMETRIC_REPRESENTATION_CONTEXT() REPRESENTATION_CONTEXT('2D SPACE',''
  ) );
#4195 = PCURVE('',#3605,#4196);
#4196 = DEFINITIONAL_REPRESENTATION('',(#4197),#4201);
#4197 = LINE('',#4198,#4199);
#4198 = CARTESIAN_POINT('',(0.,0.));
#4199 = VECTOR('',#4200,1.);
#4200 = DIRECTION('',(1.,0.));
#4201 = ( GEOMETRIC_REPRESENTATION_CONTEXT(2) 
PARAMETRIC_REPRESENTATION_CONTEXT() REPRESENTATION_CONTEXT('2D SPACE',''
  ) );
#4202 = ORIENTED_EDGE('',*,*,#4203,.T.);
#4203 = EDGE_CURVE('',#4181,#4109,#4204,.T.);
#4204 = SURFACE_CURVE('',#4205,(#4209,#4216),.PCURVE_S1.);
#4205 = LINE('',#4206,#4207);
#4206 = CARTESIAN_POINT('',(25.,-6.,5.1));
#4207 = VECTOR('',#4208,1.);
#4208 = DIRECTION('',(1.,0.,0.));
#4209 = PCURVE('',#4093,#4210);
#4210 = DEFINITIONAL_REPRESENTATION('',(#4211),#4215);
#4211 = LINE('',#4212,#4213);
#4212 = CARTESIAN_POINT('',(4.1,0.));
#4213 = VECTOR('',#4214,1.);
#4214 = DIRECTION('',(0.,1.));
#4215 = ( GEOMETRIC_REPRESENTATION_CONTEXT(2) 
PARAMETRIC_REPRESENTATION_CONTEXT() REPRESENTATION_CONTEXT('2D SPACE',''
  ) );
#4216 = PCURVE('',#4217,#4222);
#4217 = CYLINDRICAL_SURFACE('',#4218,1.4);
#4218 = AXIS2_PLACEMENT_3D('',#4219,#4220,#4221);
#4219 = CARTESIAN_POINT('',(25.,-4.6,5.1));
#4220 = DIRECTION('',(1.,0.,0.));
#4221 = DIRECTION('',(0.,-1.,0.));
#4222 = DEFINITIONAL_REPRESENTATION('',(#4223),#4227);
#4223 = LINE('',#4224,#4225);
#4224 = CARTESIAN_POINT('',(6.28318530718,0.));
#4225 = VECTOR('',#4226,1.);
#4226 = DIRECTION('',(-0.,1.));
#4227 = ( GEOMETRIC_REPRESENTATION_CONTEXT(2) 
PARAMETRIC_REPRESENTATION_CONTEXT() REPRESENTATION_CONTEXT('2D SPACE',''
  ) );
#4228 = ADVANCED_FACE('',(#4229),#4217,.F.);
#4229 = FACE_BOUND('',#4230,.F.);
#4230 = EDGE_LOOP('',(#4231,#4341,#4364,#4390));
#4231 = ORIENTED_EDGE('',*,*,#4232,.T.);
#4232 = EDGE_CURVE('',#4109,#4233,#4235,.T.);
#4233 = VERTEX_POINT('',#4234);
#4234 = CARTESIAN_POINT('',(26.170329308849,-4.6,6.5));
#4235 = SURFACE_CURVE('',#4236,(#4269,#4305),.PCURVE_S1.);
#4236 = B_SPLINE_CURVE_WITH_KNOTS('',7,(#4237,#4238,#4239,#4240,#4241,
    #4242,#4243,#4244,#4245,#4246,#4247,#4248,#4249,#4250,#4251,#4252,
    #4253,#4254,#4255,#4256,#4257,#4258,#4259,#4260,#4261,#4262,#4263,
    #4264,#4265,#4266,#4267,#4268),.UNSPECIFIED.,.F.,.F.,(8,6,6,6,6,8),(
    0.,0.425050444698,0.537232321496,0.634242970185,0.793455212822,1.),
  .UNSPECIFIED.);
#4237 = CARTESIAN_POINT('',(26.477371993329,-6.,5.1));
#4238 = CARTESIAN_POINT('',(26.477371993329,-6.,5.22688031428));
#4239 = CARTESIAN_POINT('',(26.479407479678,-5.986584516042,
    5.353720094173));
#4240 = CARTESIAN_POINT('',(26.483475137747,-5.959768780687,
    5.479349093939));
#4241 = CARTESIAN_POINT('',(26.488999832442,-5.919501389755,
    5.602571348169));
#4242 = CARTESIAN_POINT('',(26.494816026172,-5.865692488596,
    5.722071893659));
#4243 = CARTESIAN_POINT('',(26.499225234932,-5.798275548375,
    5.836342402738));
#4244 = CARTESIAN_POINT('',(26.50011005009,-5.695912104735,
    5.971914543613));
#4245 = CARTESIAN_POINT('',(26.500036501699,-5.673593244937,
    5.999733867211));
#4246 = CARTESIAN_POINT('',(26.499662106028,-5.650338759817,
    6.027020827594));
#4247 = CARTESIAN_POINT('',(26.498942193591,-5.626158843982,
    6.053733469617));
#4248 = CARTESIAN_POINT('',(26.497829962105,-5.60106561931,6.07983014649
    ));
#4249 = CARTESIAN_POINT('',(26.496276476494,-5.575073134958,
    6.105269519786));
#4250 = CARTESIAN_POINT('',(26.492461531758,-5.524956218931,
    6.151405675772));
#4251 = CARTESIAN_POINT('',(26.490324292472,-5.501053018364,
    6.17227984771));
#4252 = CARTESIAN_POINT('',(26.487786467424,-5.476508724518,
    6.192596767841));
#4253 = CARTESIAN_POINT('',(26.484815774539,-5.451345939821,
    6.212322484334));
#4254 = CARTESIAN_POINT('',(26.481380133268,-5.42558891026,6.23142540093
    ));
#4255 = CARTESIAN_POINT('',(26.477447664593,-5.399263525388,
    6.249876276947));
#4256 = CARTESIAN_POINT('',(26.465665416337,-5.32830495179,
    6.296815252811));
#4257 = CARTESIAN_POINT('',(26.456915364127,-5.282721154709,
    6.324176337438));
#4258 = CARTESIAN_POINT('',(26.446608440699,-5.235855586913,
    6.349545792067));
#4259 = CARTESIAN_POINT('',(26.434636793113,-5.187935633273,
    6.372784298524));
#4260 = CARTESIAN_POINT('',(26.420917408734,-5.139200585028,
    6.393796761339));
#4261 = CARTESIAN_POINT('',(26.405396714793,-5.089895821126,
    6.41253015954));
#4262 = CARTESIAN_POINT('',(26.36555813889,-4.975883897629,
    6.450300488074));
#4263 = CARTESIAN_POINT('',(26.340070600485,-4.911167900579,
    6.467701592814));
#4264 = CARTESIAN_POINT('',(26.311572448522,-4.846625803507,
    6.481203819382));
#4265 = CARTESIAN_POINT('',(26.280131190272,-4.782760666882,
    6.490932105235));
#4266 = CARTESIAN_POINT('',(26.245911056204,-4.720062213447,
    6.497099592186));
#4267 = CARTESIAN_POINT('',(26.209182101715,-4.65899723514,6.5));
#4268 = CARTESIAN_POINT('',(26.170329308849,-4.6,6.5));
#4269 = PCURVE('',#4217,#4270);
#4270 = DEFINITIONAL_REPRESENTATION('',(#4271),#4304);
#4271 = B_SPLINE_CURVE_WITH_KNOTS('',7,(#4272,#4273,#4274,#4275,#4276,
    #4277,#4278,#4279,#4280,#4281,#4282,#4283,#4284,#4285,#4286,#4287,
    #4288,#4289,#4290,#4291,#4292,#4293,#4294,#4295,#4296,#4297,#4298,
    #4299,#4300,#4301,#4302,#4303),.UNSPECIFIED.,.F.,.F.,(8,6,6,6,6,8),(
    0.,0.425050444698,0.537232321496,0.634242970185,0.793455212822,1.),
  .UNSPECIFIED.);
#4272 = CARTESIAN_POINT('',(6.28318530718,1.477371993329));
#4273 = CARTESIAN_POINT('',(6.192556511265,1.477371993329));
#4274 = CARTESIAN_POINT('',(6.10195669558,1.479407479678));
#4275 = CARTESIAN_POINT('',(6.011005731782,1.483475137747));
#4276 = CARTESIAN_POINT('',(5.919346140025,1.488999832442));
#4277 = CARTESIAN_POINT('',(5.826620534043,1.494816026172));
#4278 = CARTESIAN_POINT('',(5.732464267669,1.499225234932));
#4279 = CARTESIAN_POINT('',(5.611123795478,1.50011005009));
#4280 = CARTESIAN_POINT('',(5.585659291981,1.500036501699));
#4281 = CARTESIAN_POINT('',(5.560068950241,1.499662106028));
#4282 = CARTESIAN_POINT('',(5.534353329528,1.498942193591));
#4283 = CARTESIAN_POINT('',(5.508512528239,1.497829962105));
#4284 = CARTESIAN_POINT('',(5.482546183894,1.496276476494));
#4285 = CARTESIAN_POINT('',(5.433889482691,1.492461531758));
#4286 = CARTESIAN_POINT('',(5.411229692842,1.490324292472));
#4287 = CARTESIAN_POINT('',(5.388483674848,1.487786467424));
#4288 = CARTESIAN_POINT('',(5.365660319901,1.484815774539));
#4289 = CARTESIAN_POINT('',(5.342767839127,1.481380133268));
#4290 = CARTESIAN_POINT('',(5.319813763589,1.477447664593));
#4291 = CARTESIAN_POINT('',(5.259043257592,1.465665416337));
#4292 = CARTESIAN_POINT('',(5.221104852228,1.456915364127));
#4293 = CARTESIAN_POINT('',(5.183099476717,1.446608440699));
#4294 = CARTESIAN_POINT('',(5.145126309265,1.434636793113));
#4295 = CARTESIAN_POINT('',(5.107276850104,1.420917408734));
#4296 = CARTESIAN_POINT('',(5.069637813833,1.405396714793));
#4297 = CARTESIAN_POINT('',(4.983848214727,1.36555813889));
#4298 = CARTESIAN_POINT('',(4.936059356077,1.340070600485));
#4299 = CARTESIAN_POINT('',(4.889077533936,1.311572448522));
#4300 = CARTESIAN_POINT('',(4.843054254967,1.280131190272));
#4301 = CARTESIAN_POINT('',(4.798148013828,1.245911056204));
#4302 = CARTESIAN_POINT('',(4.754529862628,1.209182101715));
#4303 = CARTESIAN_POINT('',(4.712388980385,1.170329308849));
#4304 = ( GEOMETRIC_REPRESENTATION_CONTEXT(2) 
PARAMETRIC_REPRESENTATION_CONTEXT() REPRESENTATION_CONTEXT('2D SPACE',''
  ) );
#4305 = PCURVE('',#2211,#4306);
#4306 = DEFINITIONAL_REPRESENTATION('',(#4307),#4340);
#4307 = B_SPLINE_CURVE_WITH_KNOTS('',7,(#4308,#4309,#4310,#4311,#4312,
    #4313,#4314,#4315,#4316,#4317,#4318,#4319,#4320,#4321,#4322,#4323,
    #4324,#4325,#4326,#4327,#4328,#4329,#4330,#4331,#4332,#4333,#4334,
    #4335,#4336,#4337,#4338,#4339),.UNSPECIFIED.,.F.,.F.,(8,6,6,6,6,8),(
    0.,0.425050444698,0.537232321496,0.634242970185,0.793455212822,1.),
  .UNSPECIFIED.);
#4308 = CARTESIAN_POINT('',(1.420228054018,4.1));
#4309 = CARTESIAN_POINT('',(1.420228054018,4.22688031428));
#4310 = CARTESIAN_POINT('',(1.427012532415,4.353720094173));
#4311 = CARTESIAN_POINT('',(1.440573942517,4.479349093939));
#4312 = CARTESIAN_POINT('',(1.4608938159,4.602571348169));
#4313 = CARTESIAN_POINT('',(1.487930627761,4.722071893659));
#4314 = CARTESIAN_POINT('',(1.521656932214,4.836342402738));
#4315 = CARTESIAN_POINT('',(1.572840566053,4.971914543613));
#4316 = CARTESIAN_POINT('',(1.583999346268,4.999733867211));
#4317 = CARTESIAN_POINT('',(1.595626497074,5.027020827594));
#4318 = CARTESIAN_POINT('',(1.607719561405,5.053733469617));
#4319 = CARTESIAN_POINT('',(1.620276151917,5.07983014649));
#4320 = CARTESIAN_POINT('',(1.633293950993,5.105269519786));
#4321 = CARTESIAN_POINT('',(1.658424903399,5.151405675772));
#4322 = CARTESIAN_POINT('',(1.670423161701,5.17227984771));
#4323 = CARTESIAN_POINT('',(1.682758793201,5.192596767841));
#4324 = CARTESIAN_POINT('',(1.69542504666,5.212322484334));
#4325 = CARTESIAN_POINT('',(1.708415112046,5.23142540093));
#4326 = CARTESIAN_POINT('',(1.721722120535,5.249876276947));
#4327 = CARTESIAN_POINT('',(1.757687174896,5.296815252811));
#4328 = CARTESIAN_POINT('',(1.78088794472,5.324176337438));
#4329 = CARTESIAN_POINT('',(1.80486645471,5.349545792067));
#4330 = CARTESIAN_POINT('',(1.829544260166,5.372784298524));
#4331 = CARTESIAN_POINT('',(1.854840478941,5.393796761339));
#4332 = CARTESIAN_POINT('',(1.880672799443,5.41253015954));
#4333 = CARTESIAN_POINT('',(1.941058705972,5.450300488074));
#4334 = CARTESIAN_POINT('',(1.975809511705,5.467701592814));
#4335 = CARTESIAN_POINT('',(2.011038933342,5.481203819382));
#4336 = CARTESIAN_POINT('',(2.046575291383,5.490932105235));
#4337 = CARTESIAN_POINT('',(2.082239912692,5.497099592186));
#4338 = CARTESIAN_POINT('',(2.117839843876,5.5));
#4339 = CARTESIAN_POINT('',(2.153160564663,5.5));
#4340 = ( GEOMETRIC_REPRESENTATION_CONTEXT(2) 
PARAMETRIC_REPRESENTATION_CONTEXT() REPRESENTATION_CONTEXT('2D SPACE',''
  ) );
#4341 = ORIENTED_EDGE('',*,*,#4342,.F.);
#4342 = EDGE_CURVE('',#4343,#4233,#4345,.T.);
#4343 = VERTEX_POINT('',#4344);
#4344 = CARTESIAN_POINT('',(25.,-4.6,6.5));
#4345 = SURFACE_CURVE('',#4346,(#4350,#4357),.PCURVE_S1.);
#4346 = LINE('',#4347,#4348);
#4347 = CARTESIAN_POINT('',(25.,-4.6,6.5));
#4348 = VECTOR('',#4349,1.);
#4349 = DIRECTION('',(1.,0.,0.));
#4350 = PCURVE('',#4217,#4351);
#4351 = DEFINITIONAL_REPRESENTATION('',(#4352),#4356);
#4352 = LINE('',#4353,#4354);
#4353 = CARTESIAN_POINT('',(4.712388980385,0.));
#4354 = VECTOR('',#4355,1.);
#4355 = DIRECTION('',(-0.,1.));
#4356 = ( GEOMETRIC_REPRESENTATION_CONTEXT(2) 
PARAMETRIC_REPRESENTATION_CONTEXT() REPRESENTATION_CONTEXT('2D SPACE',''
  ) );
#4357 = PCURVE('',#3577,#4358);
#4358 = DEFINITIONAL_REPRESENTATION('',(#4359),#4363);
#4359 = LINE('',#4360,#4361);
#4360 = CARTESIAN_POINT('',(0.,1.4));
#4361 = VECTOR('',#4362,1.);
#4362 = DIRECTION('',(1.,0.));
#4363 = ( GEOMETRIC_REPRESENTATION_CONTEXT(2) 
PARAMETRIC_REPRESENTATION_CONTEXT() REPRESENTATION_CONTEXT('2D SPACE',''
  ) );
#4364 = ORIENTED_EDGE('',*,*,#4365,.F.);
#4365 = EDGE_CURVE('',#4181,#4343,#4366,.T.);
#4366 = SURFACE_CURVE('',#4367,(#4372,#4379),.PCURVE_S1.);
#4367 = CIRCLE('',#4368,1.4);
#4368 = AXIS2_PLACEMENT_3D('',#4369,#4370,#4371);
#4369 = CARTESIAN_POINT('',(25.,-4.6,5.1));
#4370 = DIRECTION('',(-1.,0.,0.));
#4371 = DIRECTION('',(0.,0.,1.));
#4372 = PCURVE('',#4217,#4373);
#4373 = DEFINITIONAL_REPRESENTATION('',(#4374),#4378);
#4374 = LINE('',#4375,#4376);
#4375 = CARTESIAN_POINT('',(10.995574287565,0.));
#4376 = VECTOR('',#4377,1.);
#4377 = DIRECTION('',(-1.,0.));
#4378 = ( GEOMETRIC_REPRESENTATION_CONTEXT(2) 
PARAMETRIC_REPRESENTATION_CONTEXT() REPRESENTATION_CONTEXT('2D SPACE',''
  ) );
#4379 = PCURVE('',#3605,#4380);
#4380 = DEFINITIONAL_REPRESENTATION('',(#4381),#4389);
#4381 = ( BOUNDED_CURVE() B_SPLINE_CURVE(2,(#4382,#4383,#4384,#4385,
#4386,#4387,#4388),.UNSPECIFIED.,.T.,.F.) B_SPLINE_CURVE_WITH_KNOTS((1,2
    ,2,2,2,1),(-2.094395102393,0.,2.094395102393,4.188790204786,
6.28318530718,8.377580409573),.UNSPECIFIED.) CURVE() 
GEOMETRIC_REPRESENTATION_ITEM() RATIONAL_B_SPLINE_CURVE((1.,0.5,1.,0.5,
1.,0.5,1.)) REPRESENTATION_ITEM('') );
#4382 = CARTESIAN_POINT('',(5.5,-1.4));
#4383 = CARTESIAN_POINT('',(5.5,-3.824871130596));
#4384 = CARTESIAN_POINT('',(3.4,-2.612435565298));
#4385 = CARTESIAN_POINT('',(1.3,-1.4));
#4386 = CARTESIAN_POINT('',(3.4,-0.187564434702));
#4387 = CARTESIAN_POINT('',(5.5,1.024871130596));
#4388 = CARTESIAN_POINT('',(5.5,-1.4));
#4389 = ( GEOMETRIC_REPRESENTATION_CONTEXT(2) 
PARAMETRIC_REPRESENTATION_CONTEXT() REPRESENTATION_CONTEXT('2D SPACE',''
  ) );
#4390 = ORIENTED_EDGE('',*,*,#4203,.T.);
#4391 = ADVANCED_FACE('',(#4392),#4168,.T.);
#4392 = FACE_BOUND('',#4393,.T.);
#4393 = EDGE_LOOP('',(#4394,#4395,#4423));
#4394 = ORIENTED_EDGE('',*,*,#4152,.F.);
#4395 = ORIENTED_EDGE('',*,*,#4396,.F.);
#4396 = EDGE_CURVE('',#4397,#4132,#4399,.T.);
#4397 = VERTEX_POINT('',#4398);
#4398 = CARTESIAN_POINT('',(25.,-4.833974596216,5.));
#4399 = SURFACE_CURVE('',#4400,(#4405,#4416),.PCURVE_S1.);
#4400 = CIRCLE('',#4401,1.);
#4401 = AXIS2_PLACEMENT_3D('',#4402,#4403,#4404);
#4402 = CARTESIAN_POINT('',(24.5,-5.7,5.));
#4403 = DIRECTION('',(0.,0.,-1.));
#4404 = DIRECTION('',(0.5,0.866025403784,0.));
#4405 = PCURVE('',#4168,#4406);
#4406 = DEFINITIONAL_REPRESENTATION('',(#4407),#4415);
#4407 = ( BOUNDED_CURVE() B_SPLINE_CURVE(2,(#4408,#4409,#4410,#4411,
#4412,#4413,#4414),.UNSPECIFIED.,.T.,.F.) B_SPLINE_CURVE_WITH_KNOTS((1,2
    ,2,2,2,1),(-2.094395102393,0.,2.094395102393,4.188790204786,
6.28318530718,8.377580409573),.UNSPECIFIED.) CURVE() 
GEOMETRIC_REPRESENTATION_ITEM() RATIONAL_B_SPLINE_CURVE((1.,0.5,1.,0.5,
1.,0.5,1.)) REPRESENTATION_ITEM('') );
#4408 = CARTESIAN_POINT('',(0.5,0.866025403784));
#4409 = CARTESIAN_POINT('',(2.,0.));
#4410 = CARTESIAN_POINT('',(0.5,-0.866025403784));
#4411 = CARTESIAN_POINT('',(-1.,-1.732050807569));
#4412 = CARTESIAN_POINT('',(-1.,-3.885780586188E-16));
#4413 = CARTESIAN_POINT('',(-1.,1.732050807569));
#4414 = CARTESIAN_POINT('',(0.5,0.866025403784));
#4415 = ( GEOMETRIC_REPRESENTATION_CONTEXT(2) 
PARAMETRIC_REPRESENTATION_CONTEXT() REPRESENTATION_CONTEXT('2D SPACE',''
  ) );
#4416 = PCURVE('',#3868,#4417);
#4417 = DEFINITIONAL_REPRESENTATION('',(#4418),#4422);
#4418 = LINE('',#4419,#4420);
#4419 = CARTESIAN_POINT('',(7.330382858376,4.));
#4420 = VECTOR('',#4421,1.);
#4421 = DIRECTION('',(-1.,-0.));
#4422 = ( GEOMETRIC_REPRESENTATION_CONTEXT(2) 
PARAMETRIC_REPRESENTATION_CONTEXT() REPRESENTATION_CONTEXT('2D SPACE',''
  ) );
#4423 = ORIENTED_EDGE('',*,*,#4424,.F.);
#4424 = EDGE_CURVE('',#4153,#4397,#4425,.T.);
#4425 = SURFACE_CURVE('',#4426,(#4430,#4437),.PCURVE_S1.);
#4426 = LINE('',#4427,#4428);
#4427 = CARTESIAN_POINT('',(25.,-6.,5.));
#4428 = VECTOR('',#4429,1.);
#4429 = DIRECTION('',(0.,1.,0.));
#4430 = PCURVE('',#4168,#4431);
#4431 = DEFINITIONAL_REPRESENTATION('',(#4432),#4436);
#4432 = LINE('',#4433,#4434);
#4433 = CARTESIAN_POINT('',(0.5,-0.3));
#4434 = VECTOR('',#4435,1.);
#4435 = DIRECTION('',(0.,1.));
#4436 = ( GEOMETRIC_REPRESENTATION_CONTEXT(2) 
PARAMETRIC_REPRESENTATION_CONTEXT() REPRESENTATION_CONTEXT('2D SPACE',''
  ) );
#4437 = PCURVE('',#3605,#4438);
#4438 = DEFINITIONAL_REPRESENTATION('',(#4439),#4443);
#4439 = LINE('',#4440,#4441);
#4440 = CARTESIAN_POINT('',(4.,0.));
#4441 = VECTOR('',#4442,1.);
#4442 = DIRECTION('',(0.,-1.));
#4443 = ( GEOMETRIC_REPRESENTATION_CONTEXT(2) 
PARAMETRIC_REPRESENTATION_CONTEXT() REPRESENTATION_CONTEXT('2D SPACE',''
  ) );
#4444 = ADVANCED_FACE('',(#4445),#3868,.T.);
#4445 = FACE_BOUND('',#4446,.T.);
#4446 = EDGE_LOOP('',(#4447,#4448,#4449,#4450));
#4447 = ORIENTED_EDGE('',*,*,#4396,.T.);
#4448 = ORIENTED_EDGE('',*,*,#4131,.F.);
#4449 = ORIENTED_EDGE('',*,*,#3750,.F.);
#4450 = ORIENTED_EDGE('',*,*,#4451,.T.);
#4451 = EDGE_CURVE('',#3751,#4397,#4452,.T.);
#4452 = SURFACE_CURVE('',#4453,(#4457,#4463),.PCURVE_S1.);
#4453 = LINE('',#4454,#4455);
#4454 = CARTESIAN_POINT('',(25.,-4.833974596216,1.));
#4455 = VECTOR('',#4456,1.);
#4456 = DIRECTION('',(0.,0.,1.));
#4457 = PCURVE('',#3868,#4458);
#4458 = DEFINITIONAL_REPRESENTATION('',(#4459),#4462);
#4459 = B_SPLINE_CURVE_WITH_KNOTS('',1,(#4460,#4461),.UNSPECIFIED.,.F.,
  .F.,(2,2),(1.968993036863E-02,4.),.PIECEWISE_BEZIER_KNOTS.);
#4460 = CARTESIAN_POINT('',(7.330382858376,1.968993036863E-02));
#4461 = CARTESIAN_POINT('',(7.330382858376,4.));
#4462 = ( GEOMETRIC_REPRESENTATION_CONTEXT(2) 
PARAMETRIC_REPRESENTATION_CONTEXT() REPRESENTATION_CONTEXT('2D SPACE',''
  ) );
#4463 = PCURVE('',#3605,#4464);
#4464 = DEFINITIONAL_REPRESENTATION('',(#4465),#4468);
#4465 = B_SPLINE_CURVE_WITH_KNOTS('',1,(#4466,#4467),.UNSPECIFIED.,.F.,
  .F.,(2,2),(-6.000000000173E-07,4.0000006),.PIECEWISE_BEZIER_KNOTS.);
#4466 = CARTESIAN_POINT('',(-6.000000000173E-07,-1.166025403784));
#4467 = CARTESIAN_POINT('',(4.0000006,-1.166025403784));
#4468 = ( GEOMETRIC_REPRESENTATION_CONTEXT(2) 
PARAMETRIC_REPRESENTATION_CONTEXT() REPRESENTATION_CONTEXT('2D SPACE',''
  ) );
#4469 = ADVANCED_FACE('',(#4470),#3605,.T.);
#4470 = FACE_BOUND('',#4471,.T.);
#4471 = EDGE_LOOP('',(#4472,#4473,#4474,#4475,#4476,#4477,#4478,#4499));
#4472 = ORIENTED_EDGE('',*,*,#4180,.F.);
#4473 = ORIENTED_EDGE('',*,*,#4424,.T.);
#4474 = ORIENTED_EDGE('',*,*,#4451,.F.);
#4475 = ORIENTED_EDGE('',*,*,#3946,.T.);
#4476 = ORIENTED_EDGE('',*,*,#3726,.T.);
#4477 = ORIENTED_EDGE('',*,*,#3589,.F.);
#4478 = ORIENTED_EDGE('',*,*,#4479,.F.);
#4479 = EDGE_CURVE('',#4343,#3562,#4480,.T.);
#4480 = SURFACE_CURVE('',#4481,(#4485,#4492),.PCURVE_S1.);
#4481 = LINE('',#4482,#4483);
#4482 = CARTESIAN_POINT('',(25.,-6.,6.5));
#4483 = VECTOR('',#4484,1.);
#4484 = DIRECTION('',(0.,1.,0.));
#4485 = PCURVE('',#3605,#4486);
#4486 = DEFINITIONAL_REPRESENTATION('',(#4487),#4491);
#4487 = LINE('',#4488,#4489);
#4488 = CARTESIAN_POINT('',(5.5,0.));
#4489 = VECTOR('',#4490,1.);
#4490 = DIRECTION('',(0.,-1.));
#4491 = ( GEOMETRIC_REPRESENTATION_CONTEXT(2) 
PARAMETRIC_REPRESENTATION_CONTEXT() REPRESENTATION_CONTEXT('2D SPACE',''
  ) );
#4492 = PCURVE('',#3577,#4493);
#4493 = DEFINITIONAL_REPRESENTATION('',(#4494),#4498);
#4494 = LINE('',#4495,#4496);
#4495 = CARTESIAN_POINT('',(0.,0.));
#4496 = VECTOR('',#4497,1.);
#4497 = DIRECTION('',(0.,1.));
#4498 = ( GEOMETRIC_REPRESENTATION_CONTEXT(2) 
PARAMETRIC_REPRESENTATION_CONTEXT() REPRESENTATION_CONTEXT('2D SPACE',''
  ) );
#4499 = ORIENTED_EDGE('',*,*,#4365,.F.);
#4500 = ADVANCED_FACE('',(#4501),#3577,.F.);
#4501 = FACE_BOUND('',#4502,.F.);
#4502 = EDGE_LOOP('',(#4503,#4504,#4505,#4527));
#4503 = ORIENTED_EDGE('',*,*,#4479,.F.);
#4504 = ORIENTED_EDGE('',*,*,#4342,.T.);
#4505 = ORIENTED_EDGE('',*,*,#4506,.T.);
#4506 = EDGE_CURVE('',#4233,#3539,#4507,.T.);
#4507 = SURFACE_CURVE('',#4508,(#4513,#4520),.PCURVE_S1.);
#4508 = CIRCLE('',#4509,2.);
#4509 = AXIS2_PLACEMENT_3D('',#4510,#4511,#4512);
#4510 = CARTESIAN_POINT('',(24.5,-5.7,6.5));
#4511 = DIRECTION('',(0.,0.,1.));
#4512 = DIRECTION('',(-1.836970198721E-16,-1.,0.));
#4513 = PCURVE('',#3577,#4514);
#4514 = DEFINITIONAL_REPRESENTATION('',(#4515),#4519);
#4515 = CIRCLE('',#4516,2.);
#4516 = AXIS2_PLACEMENT_2D('',#4517,#4518);
#4517 = CARTESIAN_POINT('',(-0.5,0.3));
#4518 = DIRECTION('',(-1.836970198721E-16,-1.));
#4519 = ( GEOMETRIC_REPRESENTATION_CONTEXT(2) 
PARAMETRIC_REPRESENTATION_CONTEXT() REPRESENTATION_CONTEXT('2D SPACE',''
  ) );
#4520 = PCURVE('',#2211,#4521);
#4521 = DEFINITIONAL_REPRESENTATION('',(#4522),#4526);
#4522 = LINE('',#4523,#4524);
#4523 = CARTESIAN_POINT('',(4.138911435803E-13,5.5));
#4524 = VECTOR('',#4525,1.);
#4525 = DIRECTION('',(1.,0.));
#4526 = ( GEOMETRIC_REPRESENTATION_CONTEXT(2) 
PARAMETRIC_REPRESENTATION_CONTEXT() REPRESENTATION_CONTEXT('2D SPACE',''
  ) );
#4527 = ORIENTED_EDGE('',*,*,#3561,.F.);
#4528 = ADVANCED_FACE('',(#4529),#2211,.T.);
#4529 = FACE_BOUND('',#4530,.T.);
#4530 = EDGE_LOOP('',(#4531,#4532,#4533,#4534,#4535,#4536,#4537,#4538));
#4531 = ORIENTED_EDGE('',*,*,#2192,.F.);
#4532 = ORIENTED_EDGE('',*,*,#3645,.F.);
#4533 = ORIENTED_EDGE('',*,*,#3670,.F.);
#4534 = ORIENTED_EDGE('',*,*,#3969,.F.);
#4535 = ORIENTED_EDGE('',*,*,#4108,.T.);
#4536 = ORIENTED_EDGE('',*,*,#4232,.T.);
#4537 = ORIENTED_EDGE('',*,*,#4506,.T.);
#4538 = ORIENTED_EDGE('',*,*,#3538,.T.);
#4539 = ADVANCED_FACE('',(#4540),#458,.F.);
#4540 = FACE_BOUND('',#4541,.T.);
#4541 = EDGE_LOOP('',(#4542,#4563,#4564,#4565));
#4542 = ORIENTED_EDGE('',*,*,#4543,.T.);
#4543 = EDGE_CURVE('',#606,#415,#4544,.T.);
#4544 = SURFACE_CURVE('',#4545,(#4549,#4556),.PCURVE_S1.);
#4545 = LINE('',#4546,#4547);
#4546 = CARTESIAN_POINT('',(-12.35,11.5,1.));
#4547 = VECTOR('',#4548,1.);
#4548 = DIRECTION('',(1.,0.,0.));
#4549 = PCURVE('',#458,#4550);
#4550 = DEFINITIONAL_REPRESENTATION('',(#4551),#4555);
#4551 = LINE('',#4552,#4553);
#4552 = CARTESIAN_POINT('',(13.15,7.));
#4553 = VECTOR('',#4554,1.);
#4554 = DIRECTION('',(1.,0.));
#4555 = ( GEOMETRIC_REPRESENTATION_CONTEXT(2) 
PARAMETRIC_REPRESENTATION_CONTEXT() REPRESENTATION_CONTEXT('2D SPACE',''
  ) );
#4556 = PCURVE('',#430,#4557);
#4557 = DEFINITIONAL_REPRESENTATION('',(#4558),#4562);
#4558 = LINE('',#4559,#4560);
#4559 = CARTESIAN_POINT('',(-13.15,11.5));
#4560 = VECTOR('',#4561,1.);
#4561 = DIRECTION('',(1.,0.));
#4562 = ( GEOMETRIC_REPRESENTATION_CONTEXT(2) 
PARAMETRIC_REPRESENTATION_CONTEXT() REPRESENTATION_CONTEXT('2D SPACE',''
  ) );
#4563 = ORIENTED_EDGE('',*,*,#442,.F.);
#4564 = ORIENTED_EDGE('',*,*,#2165,.F.);
#4565 = ORIENTED_EDGE('',*,*,#823,.T.);
#4566 = ADVANCED_FACE('',(#4567),#430,.F.);
#4567 = FACE_BOUND('',#4568,.F.);
#4568 = EDGE_LOOP('',(#4569,#4570,#4593,#4621,#4642,#4643,#4644,#4645,
    #4646,#4647,#4648));
#4569 = ORIENTED_EDGE('',*,*,#414,.T.);
#4570 = ORIENTED_EDGE('',*,*,#4571,.T.);
#4571 = EDGE_CURVE('',#386,#4572,#4574,.T.);
#4572 = VERTEX_POINT('',#4573);
#4573 = CARTESIAN_POINT('',(28.3,4.6,1.));
#4574 = SURFACE_CURVE('',#4575,(#4579,#4586),.PCURVE_S1.);
#4575 = LINE('',#4576,#4577);
#4576 = CARTESIAN_POINT('',(25.,4.6,1.));
#4577 = VECTOR('',#4578,1.);
#4578 = DIRECTION('',(1.,0.,0.));
#4579 = PCURVE('',#430,#4580);
#4580 = DEFINITIONAL_REPRESENTATION('',(#4581),#4585);
#4581 = LINE('',#4582,#4583);
#4582 = CARTESIAN_POINT('',(24.2,4.6));
#4583 = VECTOR('',#4584,1.);
#4584 = DIRECTION('',(1.,0.));
#4585 = ( GEOMETRIC_REPRESENTATION_CONTEXT(2) 
PARAMETRIC_REPRESENTATION_CONTEXT() REPRESENTATION_CONTEXT('2D SPACE',''
  ) );
#4586 = PCURVE('',#402,#4587);
#4587 = DEFINITIONAL_REPRESENTATION('',(#4588),#4592);
#4588 = LINE('',#4589,#4590);
#4589 = CARTESIAN_POINT('',(4.712388980385,0.));
#4590 = VECTOR('',#4591,1.);
#4591 = DIRECTION('',(-0.,1.));
#4592 = ( GEOMETRIC_REPRESENTATION_CONTEXT(2) 
PARAMETRIC_REPRESENTATION_CONTEXT() REPRESENTATION_CONTEXT('2D SPACE',''
  ) );
#4593 = ORIENTED_EDGE('',*,*,#4594,.T.);
#4594 = EDGE_CURVE('',#4572,#4595,#4597,.T.);
#4595 = VERTEX_POINT('',#4596);
#4596 = CARTESIAN_POINT('',(29.1,5.4,1.));
#4597 = SURFACE_CURVE('',#4598,(#4602,#4609),.PCURVE_S1.);
#4598 = LINE('',#4599,#4600);
#4599 = CARTESIAN_POINT('',(20.425,-3.275,1.));
#4600 = VECTOR('',#4601,1.);
#4601 = DIRECTION('',(0.707106781187,0.707106781187,0.));
#4602 = PCURVE('',#430,#4603);
#4603 = DEFINITIONAL_REPRESENTATION('',(#4604),#4608);
#4604 = LINE('',#4605,#4606);
#4605 = CARTESIAN_POINT('',(19.625,-3.275));
#4606 = VECTOR('',#4607,1.);
#4607 = DIRECTION('',(0.707106781187,0.707106781187));
#4608 = ( GEOMETRIC_REPRESENTATION_CONTEXT(2) 
PARAMETRIC_REPRESENTATION_CONTEXT() REPRESENTATION_CONTEXT('2D SPACE',''
  ) );
#4609 = PCURVE('',#4610,#4615);
#4610 = PLANE('',#4611);
#4611 = AXIS2_PLACEMENT_3D('',#4612,#4613,#4614);
#4612 = CARTESIAN_POINT('',(28.6,4.9,4.195));
#4613 = DIRECTION('',(0.707106781187,-0.707106781187,0.));
#4614 = DIRECTION('',(0.,0.,-1.));
#4615 = DEFINITIONAL_REPRESENTATION('',(#4616),#4620);
#4616 = LINE('',#4617,#4618);
#4617 = CARTESIAN_POINT('',(3.195,-11.5611958724));
#4618 = VECTOR('',#4619,1.);
#4619 = DIRECTION('',(0.,1.));
#4620 = ( GEOMETRIC_REPRESENTATION_CONTEXT(2) 
PARAMETRIC_REPRESENTATION_CONTEXT() REPRESENTATION_CONTEXT('2D SPACE',''
  ) );
#4621 = ORIENTED_EDGE('',*,*,#4622,.T.);
#4622 = EDGE_CURVE('',#4595,#1320,#4623,.T.);
#4623 = SURFACE_CURVE('',#4624,(#4628,#4635),.PCURVE_S1.);
#4624 = LINE('',#4625,#4626);
#4625 = CARTESIAN_POINT('',(29.1,5.75,1.));
#4626 = VECTOR('',#4627,1.);
#4627 = DIRECTION('',(0.,1.,0.));
#4628 = PCURVE('',#430,#4629);
#4629 = DEFINITIONAL_REPRESENTATION('',(#4630),#4634);
#4630 = LINE('',#4631,#4632);
#4631 = CARTESIAN_POINT('',(28.3,5.75));
#4632 = VECTOR('',#4633,1.);
#4633 = DIRECTION('',(0.,1.));
#4634 = ( GEOMETRIC_REPRESENTATION_CONTEXT(2) 
PARAMETRIC_REPRESENTATION_CONTEXT() REPRESENTATION_CONTEXT('2D SPACE',''
  ) );
#4635 = PCURVE('',#44,#4636);
#4636 = DEFINITIONAL_REPRESENTATION('',(#4637),#4641);
#4637 = LINE('',#4638,#4639);
#4638 = CARTESIAN_POINT('',(5.75,7.));
#4639 = VECTOR('',#4640,1.);
#4640 = DIRECTION('',(-1.,0.));
#4641 = ( GEOMETRIC_REPRESENTATION_CONTEXT(2) 
PARAMETRIC_REPRESENTATION_CONTEXT() REPRESENTATION_CONTEXT('2D SPACE',''
  ) );
#4642 = ORIENTED_EDGE('',*,*,#1319,.T.);
#4643 = ORIENTED_EDGE('',*,*,#1238,.T.);
#4644 = ORIENTED_EDGE('',*,*,#1157,.T.);
#4645 = ORIENTED_EDGE('',*,*,#923,.T.);
#4646 = ORIENTED_EDGE('',*,*,#2138,.F.);
#4647 = ORIENTED_EDGE('',*,*,#603,.T.);
#4648 = ORIENTED_EDGE('',*,*,#4543,.T.);
#4649 = ADVANCED_FACE('',(#4650),#4610,.T.);
#4650 = FACE_BOUND('',#4651,.T.);
#4651 = EDGE_LOOP('',(#4652,#4680,#4681));
#4652 = ORIENTED_EDGE('',*,*,#4653,.F.);
#4653 = EDGE_CURVE('',#4572,#4654,#4656,.T.);
#4654 = VERTEX_POINT('',#4655);
#4655 = CARTESIAN_POINT('',(29.1,5.4,1.251087470692));
#4656 = SURFACE_CURVE('',#4657,(#4662,#4669),.PCURVE_S1.);
#4657 = ELLIPSE('',#4658,1.979898987322,1.4);
#4658 = AXIS2_PLACEMENT_3D('',#4659,#4660,#4661);
#4659 = CARTESIAN_POINT('',(28.3,4.6,2.4));
#4660 = DIRECTION('',(0.707106781187,-0.707106781187,0.));
#4661 = DIRECTION('',(0.707106781187,0.707106781187,0.));
#4662 = PCURVE('',#4610,#4663);
#4663 = DEFINITIONAL_REPRESENTATION('',(#4664),#4668);
#4664 = ELLIPSE('',#4665,1.979898987322,1.4);
#4665 = AXIS2_PLACEMENT_2D('',#4666,#4667);
#4666 = CARTESIAN_POINT('',(1.795,-0.424264068712));
#4667 = DIRECTION('',(0.,1.));
#4668 = ( GEOMETRIC_REPRESENTATION_CONTEXT(2) 
PARAMETRIC_REPRESENTATION_CONTEXT() REPRESENTATION_CONTEXT('2D SPACE',''
  ) );
#4669 = PCURVE('',#402,#4670);
#4670 = DEFINITIONAL_REPRESENTATION('',(#4671),#4679);
#4671 = B_SPLINE_CURVE_WITH_KNOTS('',6,(#4672,#4673,#4674,#4675,#4676,
    #4677,#4678),.UNSPECIFIED.,.F.,.F.,(7,7),(4.712388980385,
    5.320634559295),.PIECEWISE_BEZIER_KNOTS.);
#4672 = CARTESIAN_POINT('',(4.712388980385,3.3));
#4673 = CARTESIAN_POINT('',(4.813763243184,3.441923967919));
#4674 = CARTESIAN_POINT('',(4.915137505983,3.583847842398));
#4675 = CARTESIAN_POINT('',(5.016511768783,3.72314689245));
#4676 = CARTESIAN_POINT('',(5.117886031582,3.857193971347));
#4677 = CARTESIAN_POINT('',(5.219260294381,3.983529841517));
#4678 = CARTESIAN_POINT('',(5.32063455718,4.100000003607));
#4679 = ( GEOMETRIC_REPRESENTATION_CONTEXT(2) 
PARAMETRIC_REPRESENTATION_CONTEXT() REPRESENTATION_CONTEXT('2D SPACE',''
  ) );
#4680 = ORIENTED_EDGE('',*,*,#4594,.T.);
#4681 = ORIENTED_EDGE('',*,*,#4682,.T.);
#4682 = EDGE_CURVE('',#4595,#4654,#4683,.T.);
#4683 = SURFACE_CURVE('',#4684,(#4688,#4695),.PCURVE_S1.);
#4684 = LINE('',#4685,#4686);
#4685 = CARTESIAN_POINT('',(29.1,5.4,4.195));
#4686 = VECTOR('',#4687,1.);
#4687 = DIRECTION('',(0.,0.,1.));
#4688 = PCURVE('',#4610,#4689);
#4689 = DEFINITIONAL_REPRESENTATION('',(#4690),#4694);
#4690 = LINE('',#4691,#4692);
#4691 = CARTESIAN_POINT('',(0.,0.707106781187));
#4692 = VECTOR('',#4693,1.);
#4693 = DIRECTION('',(-1.,0.));
#4694 = ( GEOMETRIC_REPRESENTATION_CONTEXT(2) 
PARAMETRIC_REPRESENTATION_CONTEXT() REPRESENTATION_CONTEXT('2D SPACE',''
  ) );
#4695 = PCURVE('',#44,#4696);
#4696 = DEFINITIONAL_REPRESENTATION('',(#4697),#4701);
#4697 = LINE('',#4698,#4699);
#4698 = CARTESIAN_POINT('',(6.1,3.805));
#4699 = VECTOR('',#4700,1.);
#4700 = DIRECTION('',(0.,-1.));
#4701 = ( GEOMETRIC_REPRESENTATION_CONTEXT(2) 
PARAMETRIC_REPRESENTATION_CONTEXT() REPRESENTATION_CONTEXT('2D SPACE',''
  ) );
#4702 = ADVANCED_FACE('',(#4703),#402,.F.);
#4703 = FACE_BOUND('',#4704,.F.);
#4704 = EDGE_LOOP('',(#4705,#4729,#4730,#4731,#4732));
#4705 = ORIENTED_EDGE('',*,*,#4706,.F.);
#4706 = EDGE_CURVE('',#4654,#4707,#4709,.T.);
#4707 = VERTEX_POINT('',#4708);
#4708 = CARTESIAN_POINT('',(29.1,6.,2.4));
#4709 = SURFACE_CURVE('',#4710,(#4715,#4722),.PCURVE_S1.);
#4710 = CIRCLE('',#4711,1.4);
#4711 = AXIS2_PLACEMENT_3D('',#4712,#4713,#4714);
#4712 = CARTESIAN_POINT('',(29.1,4.6,2.4));
#4713 = DIRECTION('',(1.,0.,0.));
#4714 = DIRECTION('',(-0.,1.,0.));
#4715 = PCURVE('',#402,#4716);
#4716 = DEFINITIONAL_REPRESENTATION('',(#4717),#4721);
#4717 = LINE('',#4718,#4719);
#4718 = CARTESIAN_POINT('',(-4.138911435803E-13,4.1));
#4719 = VECTOR('',#4720,1.);
#4720 = DIRECTION('',(1.,-0.));
#4721 = ( GEOMETRIC_REPRESENTATION_CONTEXT(2) 
PARAMETRIC_REPRESENTATION_CONTEXT() REPRESENTATION_CONTEXT('2D SPACE',''
  ) );
#4722 = PCURVE('',#44,#4723);
#4723 = DEFINITIONAL_REPRESENTATION('',(#4724),#4728);
#4724 = CIRCLE('',#4725,1.4);
#4725 = AXIS2_PLACEMENT_2D('',#4726,#4727);
#4726 = CARTESIAN_POINT('',(6.9,5.6));
#4727 = DIRECTION('',(-1.,0.));
#4728 = ( GEOMETRIC_REPRESENTATION_CONTEXT(2) 
PARAMETRIC_REPRESENTATION_CONTEXT() REPRESENTATION_CONTEXT('2D SPACE',''
  ) );
#4729 = ORIENTED_EDGE('',*,*,#4653,.F.);
#4730 = ORIENTED_EDGE('',*,*,#4571,.F.);
#4731 = ORIENTED_EDGE('',*,*,#385,.T.);
#4732 = ORIENTED_EDGE('',*,*,#4733,.T.);
#4733 = EDGE_CURVE('',#358,#4707,#4734,.T.);
#4734 = SURFACE_CURVE('',#4735,(#4739,#4746),.PCURVE_S1.);
#4735 = LINE('',#4736,#4737);
#4736 = CARTESIAN_POINT('',(25.,6.,2.4));
#4737 = VECTOR('',#4738,1.);
#4738 = DIRECTION('',(1.,0.,0.));
#4739 = PCURVE('',#402,#4740);
#4740 = DEFINITIONAL_REPRESENTATION('',(#4741),#4745);
#4741 = LINE('',#4742,#4743);
#4742 = CARTESIAN_POINT('',(6.28318530718,0.));
#4743 = VECTOR('',#4744,1.);
#4744 = DIRECTION('',(-0.,1.));
#4745 = ( GEOMETRIC_REPRESENTATION_CONTEXT(2) 
PARAMETRIC_REPRESENTATION_CONTEXT() REPRESENTATION_CONTEXT('2D SPACE',''
  ) );
#4746 = PCURVE('',#373,#4747);
#4747 = DEFINITIONAL_REPRESENTATION('',(#4748),#4752);
#4748 = LINE('',#4749,#4750);
#4749 = CARTESIAN_POINT('',(1.4,0.));
#4750 = VECTOR('',#4751,1.);
#4751 = DIRECTION('',(0.,1.));
#4752 = ( GEOMETRIC_REPRESENTATION_CONTEXT(2) 
PARAMETRIC_REPRESENTATION_CONTEXT() REPRESENTATION_CONTEXT('2D SPACE',''
  ) );
#4753 = ADVANCED_FACE('',(#4754),#373,.F.);
#4754 = FACE_BOUND('',#4755,.F.);
#4755 = EDGE_LOOP('',(#4756,#4779,#4780,#4781));
#4756 = ORIENTED_EDGE('',*,*,#4757,.F.);
#4757 = EDGE_CURVE('',#4707,#4758,#4760,.T.);
#4758 = VERTEX_POINT('',#4759);
#4759 = CARTESIAN_POINT('',(29.1,6.,5.1));
#4760 = SURFACE_CURVE('',#4761,(#4765,#4772),.PCURVE_S1.);
#4761 = LINE('',#4762,#4763);
#4762 = CARTESIAN_POINT('',(29.1,6.,4.5));
#4763 = VECTOR('',#4764,1.);
#4764 = DIRECTION('',(0.,0.,1.));
#4765 = PCURVE('',#373,#4766);
#4766 = DEFINITIONAL_REPRESENTATION('',(#4767),#4771);
#4767 = LINE('',#4768,#4769);
#4768 = CARTESIAN_POINT('',(3.5,4.1));
#4769 = VECTOR('',#4770,1.);
#4770 = DIRECTION('',(1.,0.));
#4771 = ( GEOMETRIC_REPRESENTATION_CONTEXT(2) 
PARAMETRIC_REPRESENTATION_CONTEXT() REPRESENTATION_CONTEXT('2D SPACE',''
  ) );
#4772 = PCURVE('',#44,#4773);
#4773 = DEFINITIONAL_REPRESENTATION('',(#4774),#4778);
#4774 = LINE('',#4775,#4776);
#4775 = CARTESIAN_POINT('',(5.5,3.5));
#4776 = VECTOR('',#4777,1.);
#4777 = DIRECTION('',(0.,-1.));
#4778 = ( GEOMETRIC_REPRESENTATION_CONTEXT(2) 
PARAMETRIC_REPRESENTATION_CONTEXT() REPRESENTATION_CONTEXT('2D SPACE',''
  ) );
#4779 = ORIENTED_EDGE('',*,*,#4733,.F.);
#4780 = ORIENTED_EDGE('',*,*,#357,.T.);
#4781 = ORIENTED_EDGE('',*,*,#4782,.T.);
#4782 = EDGE_CURVE('',#329,#4758,#4783,.T.);
#4783 = SURFACE_CURVE('',#4784,(#4788,#4795),.PCURVE_S1.);
#4784 = LINE('',#4785,#4786);
#4785 = CARTESIAN_POINT('',(25.,6.,5.1));
#4786 = VECTOR('',#4787,1.);
#4787 = DIRECTION('',(1.,0.,0.));
#4788 = PCURVE('',#373,#4789);
#4789 = DEFINITIONAL_REPRESENTATION('',(#4790),#4794);
#4790 = LINE('',#4791,#4792);
#4791 = CARTESIAN_POINT('',(4.1,0.));
#4792 = VECTOR('',#4793,1.);
#4793 = DIRECTION('',(0.,1.));
#4794 = ( GEOMETRIC_REPRESENTATION_CONTEXT(2) 
PARAMETRIC_REPRESENTATION_CONTEXT() REPRESENTATION_CONTEXT('2D SPACE',''
  ) );
#4795 = PCURVE('',#345,#4796);
#4796 = DEFINITIONAL_REPRESENTATION('',(#4797),#4801);
#4797 = LINE('',#4798,#4799);
#4798 = CARTESIAN_POINT('',(0.,0.));
#4799 = VECTOR('',#4800,1.);
#4800 = DIRECTION('',(0.,1.));
#4801 = ( GEOMETRIC_REPRESENTATION_CONTEXT(2) 
PARAMETRIC_REPRESENTATION_CONTEXT() REPRESENTATION_CONTEXT('2D SPACE',''
  ) );
#4802 = ADVANCED_FACE('',(#4803),#345,.F.);
#4803 = FACE_BOUND('',#4804,.F.);
#4804 = EDGE_LOOP('',(#4805,#4806,#4807,#4830));
#4805 = ORIENTED_EDGE('',*,*,#4782,.F.);
#4806 = ORIENTED_EDGE('',*,*,#328,.T.);
#4807 = ORIENTED_EDGE('',*,*,#4808,.T.);
#4808 = EDGE_CURVE('',#301,#4809,#4811,.T.);
#4809 = VERTEX_POINT('',#4810);
#4810 = CARTESIAN_POINT('',(29.1,4.6,6.5));
#4811 = SURFACE_CURVE('',#4812,(#4816,#4823),.PCURVE_S1.);
#4812 = LINE('',#4813,#4814);
#4813 = CARTESIAN_POINT('',(25.,4.6,6.5));
#4814 = VECTOR('',#4815,1.);
#4815 = DIRECTION('',(1.,0.,0.));
#4816 = PCURVE('',#345,#4817);
#4817 = DEFINITIONAL_REPRESENTATION('',(#4818),#4822);
#4818 = LINE('',#4819,#4820);
#4819 = CARTESIAN_POINT('',(1.570796326795,0.));
#4820 = VECTOR('',#4821,1.);
#4821 = DIRECTION('',(0.,1.));
#4822 = ( GEOMETRIC_REPRESENTATION_CONTEXT(2) 
PARAMETRIC_REPRESENTATION_CONTEXT() REPRESENTATION_CONTEXT('2D SPACE',''
  ) );
#4823 = PCURVE('',#316,#4824);
#4824 = DEFINITIONAL_REPRESENTATION('',(#4825),#4829);
#4825 = LINE('',#4826,#4827);
#4826 = CARTESIAN_POINT('',(0.,10.6));
#4827 = VECTOR('',#4828,1.);
#4828 = DIRECTION('',(1.,0.));
#4829 = ( GEOMETRIC_REPRESENTATION_CONTEXT(2) 
PARAMETRIC_REPRESENTATION_CONTEXT() REPRESENTATION_CONTEXT('2D SPACE',''
  ) );
#4830 = ORIENTED_EDGE('',*,*,#4831,.F.);
#4831 = EDGE_CURVE('',#4758,#4809,#4832,.T.);
#4832 = SURFACE_CURVE('',#4833,(#4838,#4845),.PCURVE_S1.);
#4833 = CIRCLE('',#4834,1.4);
#4834 = AXIS2_PLACEMENT_3D('',#4835,#4836,#4837);
#4835 = CARTESIAN_POINT('',(29.1,4.6,5.1));
#4836 = DIRECTION('',(1.,0.,0.));
#4837 = DIRECTION('',(-0.,1.,0.));
#4838 = PCURVE('',#345,#4839);
#4839 = DEFINITIONAL_REPRESENTATION('',(#4840),#4844);
#4840 = LINE('',#4841,#4842);
#4841 = CARTESIAN_POINT('',(0.,4.1));
#4842 = VECTOR('',#4843,1.);
#4843 = DIRECTION('',(1.,0.));
#4844 = ( GEOMETRIC_REPRESENTATION_CONTEXT(2) 
PARAMETRIC_REPRESENTATION_CONTEXT() REPRESENTATION_CONTEXT('2D SPACE',''
  ) );
#4845 = PCURVE('',#44,#4846);
#4846 = DEFINITIONAL_REPRESENTATION('',(#4847),#4851);
#4847 = CIRCLE('',#4848,1.4);
#4848 = AXIS2_PLACEMENT_2D('',#4849,#4850);
#4849 = CARTESIAN_POINT('',(6.9,2.9));
#4850 = DIRECTION('',(-1.,0.));
#4851 = ( GEOMETRIC_REPRESENTATION_CONTEXT(2) 
PARAMETRIC_REPRESENTATION_CONTEXT() REPRESENTATION_CONTEXT('2D SPACE',''
  ) );
#4852 = ADVANCED_FACE('',(#4853),#316,.F.);
#4853 = FACE_BOUND('',#4854,.F.);
#4854 = EDGE_LOOP('',(#4855,#4856,#4879,#4900));
#4855 = ORIENTED_EDGE('',*,*,#300,.T.);
#4856 = ORIENTED_EDGE('',*,*,#4857,.T.);
#4857 = EDGE_CURVE('',#272,#4858,#4860,.T.);
#4858 = VERTEX_POINT('',#4859);
#4859 = CARTESIAN_POINT('',(29.1,-4.6,6.5));
#4860 = SURFACE_CURVE('',#4861,(#4865,#4872),.PCURVE_S1.);
#4861 = LINE('',#4862,#4863);
#4862 = CARTESIAN_POINT('',(25.,-4.6,6.5));
#4863 = VECTOR('',#4864,1.);
#4864 = DIRECTION('',(1.,0.,0.));
#4865 = PCURVE('',#316,#4866);
#4866 = DEFINITIONAL_REPRESENTATION('',(#4867),#4871);
#4867 = LINE('',#4868,#4869);
#4868 = CARTESIAN_POINT('',(0.,1.4));
#4869 = VECTOR('',#4870,1.);
#4870 = DIRECTION('',(1.,0.));
#4871 = ( GEOMETRIC_REPRESENTATION_CONTEXT(2) 
PARAMETRIC_REPRESENTATION_CONTEXT() REPRESENTATION_CONTEXT('2D SPACE',''
  ) );
#4872 = PCURVE('',#288,#4873);
#4873 = DEFINITIONAL_REPRESENTATION('',(#4874),#4878);
#4874 = LINE('',#4875,#4876);
#4875 = CARTESIAN_POINT('',(4.712388980385,0.));
#4876 = VECTOR('',#4877,1.);
#4877 = DIRECTION('',(-0.,1.));
#4878 = ( GEOMETRIC_REPRESENTATION_CONTEXT(2) 
PARAMETRIC_REPRESENTATION_CONTEXT() REPRESENTATION_CONTEXT('2D SPACE',''
  ) );
#4879 = ORIENTED_EDGE('',*,*,#4880,.F.);
#4880 = EDGE_CURVE('',#4809,#4858,#4881,.T.);
#4881 = SURFACE_CURVE('',#4882,(#4886,#4893),.PCURVE_S1.);
#4882 = LINE('',#4883,#4884);
#4883 = CARTESIAN_POINT('',(29.1,2.75,6.5));
#4884 = VECTOR('',#4885,1.);
#4885 = DIRECTION('',(0.,-1.,0.));
#4886 = PCURVE('',#316,#4887);
#4887 = DEFINITIONAL_REPRESENTATION('',(#4888),#4892);
#4888 = LINE('',#4889,#4890);
#4889 = CARTESIAN_POINT('',(4.1,8.75));
#4890 = VECTOR('',#4891,1.);
#4891 = DIRECTION('',(0.,-1.));
#4892 = ( GEOMETRIC_REPRESENTATION_CONTEXT(2) 
PARAMETRIC_REPRESENTATION_CONTEXT() REPRESENTATION_CONTEXT('2D SPACE',''
  ) );
#4893 = PCURVE('',#44,#4894);
#4894 = DEFINITIONAL_REPRESENTATION('',(#4895),#4899);
#4895 = LINE('',#4896,#4897);
#4896 = CARTESIAN_POINT('',(8.75,1.5));
#4897 = VECTOR('',#4898,1.);
#4898 = DIRECTION('',(1.,0.));
#4899 = ( GEOMETRIC_REPRESENTATION_CONTEXT(2) 
PARAMETRIC_REPRESENTATION_CONTEXT() REPRESENTATION_CONTEXT('2D SPACE',''
  ) );
#4900 = ORIENTED_EDGE('',*,*,#4808,.F.);
#4901 = ADVANCED_FACE('',(#4902),#288,.F.);
#4902 = FACE_BOUND('',#4903,.F.);
#4903 = EDGE_LOOP('',(#4904,#4928,#4929,#4930));
#4904 = ORIENTED_EDGE('',*,*,#4905,.F.);
#4905 = EDGE_CURVE('',#4858,#4906,#4908,.T.);
#4906 = VERTEX_POINT('',#4907);
#4907 = CARTESIAN_POINT('',(29.1,-6.,5.1));
#4908 = SURFACE_CURVE('',#4909,(#4914,#4921),.PCURVE_S1.);
#4909 = CIRCLE('',#4910,1.4);
#4910 = AXIS2_PLACEMENT_3D('',#4911,#4912,#4913);
#4911 = CARTESIAN_POINT('',(29.1,-4.6,5.1));
#4912 = DIRECTION('',(1.,0.,0.));
#4913 = DIRECTION('',(0.,-1.,0.));
#4914 = PCURVE('',#288,#4915);
#4915 = DEFINITIONAL_REPRESENTATION('',(#4916),#4920);
#4916 = LINE('',#4917,#4918);
#4917 = CARTESIAN_POINT('',(-4.138911435803E-13,4.1));
#4918 = VECTOR('',#4919,1.);
#4919 = DIRECTION('',(1.,-0.));
#4920 = ( GEOMETRIC_REPRESENTATION_CONTEXT(2) 
PARAMETRIC_REPRESENTATION_CONTEXT() REPRESENTATION_CONTEXT('2D SPACE',''
  ) );
#4921 = PCURVE('',#44,#4922);
#4922 = DEFINITIONAL_REPRESENTATION('',(#4923),#4927);
#4923 = CIRCLE('',#4924,1.4);
#4924 = AXIS2_PLACEMENT_2D('',#4925,#4926);
#4925 = CARTESIAN_POINT('',(16.1,2.9));
#4926 = DIRECTION('',(1.,0.));
#4927 = ( GEOMETRIC_REPRESENTATION_CONTEXT(2) 
PARAMETRIC_REPRESENTATION_CONTEXT() REPRESENTATION_CONTEXT('2D SPACE',''
  ) );
#4928 = ORIENTED_EDGE('',*,*,#4857,.F.);
#4929 = ORIENTED_EDGE('',*,*,#271,.T.);
#4930 = ORIENTED_EDGE('',*,*,#4931,.T.);
#4931 = EDGE_CURVE('',#249,#4906,#4932,.T.);
#4932 = SURFACE_CURVE('',#4933,(#4937,#4944),.PCURVE_S1.);
#4933 = LINE('',#4934,#4935);
#4934 = CARTESIAN_POINT('',(25.,-6.,5.1));
#4935 = VECTOR('',#4936,1.);
#4936 = DIRECTION('',(1.,0.,0.));
#4937 = PCURVE('',#288,#4938);
#4938 = DEFINITIONAL_REPRESENTATION('',(#4939),#4943);
#4939 = LINE('',#4940,#4941);
#4940 = CARTESIAN_POINT('',(6.28318530718,0.));
#4941 = VECTOR('',#4942,1.);
#4942 = DIRECTION('',(-0.,1.));
#4943 = ( GEOMETRIC_REPRESENTATION_CONTEXT(2) 
PARAMETRIC_REPRESENTATION_CONTEXT() REPRESENTATION_CONTEXT('2D SPACE',''
  ) );
#4944 = PCURVE('',#136,#4945);
#4945 = DEFINITIONAL_REPRESENTATION('',(#4946),#4950);
#4946 = LINE('',#4947,#4948);
#4947 = CARTESIAN_POINT('',(4.1,0.));
#4948 = VECTOR('',#4949,1.);
#4949 = DIRECTION('',(0.,1.));
#4950 = ( GEOMETRIC_REPRESENTATION_CONTEXT(2) 
PARAMETRIC_REPRESENTATION_CONTEXT() REPRESENTATION_CONTEXT('2D SPACE',''
  ) );
#4951 = ADVANCED_FACE('',(#4952),#136,.T.);
#4952 = FACE_BOUND('',#4953,.T.);
#4953 = EDGE_LOOP('',(#4954,#4975,#4976,#4977));
#4954 = ORIENTED_EDGE('',*,*,#4955,.F.);
#4955 = EDGE_CURVE('',#121,#4906,#4956,.T.);
#4956 = SURFACE_CURVE('',#4957,(#4961,#4968),.PCURVE_S1.);
#4957 = LINE('',#4958,#4959);
#4958 = CARTESIAN_POINT('',(29.1,-6.,4.5));
#4959 = VECTOR('',#4960,1.);
#4960 = DIRECTION('',(0.,0.,1.));
#4961 = PCURVE('',#136,#4962);
#4962 = DEFINITIONAL_REPRESENTATION('',(#4963),#4967);
#4963 = LINE('',#4964,#4965);
#4964 = CARTESIAN_POINT('',(3.5,4.1));
#4965 = VECTOR('',#4966,1.);
#4966 = DIRECTION('',(1.,0.));
#4967 = ( GEOMETRIC_REPRESENTATION_CONTEXT(2) 
PARAMETRIC_REPRESENTATION_CONTEXT() REPRESENTATION_CONTEXT('2D SPACE',''
  ) );
#4968 = PCURVE('',#44,#4969);
#4969 = DEFINITIONAL_REPRESENTATION('',(#4970),#4974);
#4970 = LINE('',#4971,#4972);
#4971 = CARTESIAN_POINT('',(17.5,3.5));
#4972 = VECTOR('',#4973,1.);
#4973 = DIRECTION('',(0.,-1.));
#4974 = ( GEOMETRIC_REPRESENTATION_CONTEXT(2) 
PARAMETRIC_REPRESENTATION_CONTEXT() REPRESENTATION_CONTEXT('2D SPACE',''
  ) );
#4975 = ORIENTED_EDGE('',*,*,#118,.F.);
#4976 = ORIENTED_EDGE('',*,*,#248,.T.);
#4977 = ORIENTED_EDGE('',*,*,#4931,.T.);
#4978 = ADVANCED_FACE('',(#4979),#72,.F.);
#4979 = FACE_BOUND('',#4980,.F.);
#4980 = EDGE_LOOP('',(#4981,#4982,#5003,#5004,#5005,#5006,#5007,#5008,
    #5009,#5010,#5011));
#4981 = ORIENTED_EDGE('',*,*,#1847,.T.);
#4982 = ORIENTED_EDGE('',*,*,#4983,.T.);
#4983 = EDGE_CURVE('',#1848,#24,#4984,.T.);
#4984 = SURFACE_CURVE('',#4985,(#4989,#4996),.PCURVE_S1.);
#4985 = LINE('',#4986,#4987);
#4986 = CARTESIAN_POINT('',(29.1,5.75,1.));
#4987 = VECTOR('',#4988,1.);
#4988 = DIRECTION('',(0.,1.,0.));
#4989 = PCURVE('',#72,#4990);
#4990 = DEFINITIONAL_REPRESENTATION('',(#4991),#4995);
#4991 = LINE('',#4992,#4993);
#4992 = CARTESIAN_POINT('',(28.3,5.75));
#4993 = VECTOR('',#4994,1.);
#4994 = DIRECTION('',(0.,1.));
#4995 = ( GEOMETRIC_REPRESENTATION_CONTEXT(2) 
PARAMETRIC_REPRESENTATION_CONTEXT() REPRESENTATION_CONTEXT('2D SPACE',''
  ) );
#4996 = PCURVE('',#44,#4997);
#4997 = DEFINITIONAL_REPRESENTATION('',(#4998),#5002);
#4998 = LINE('',#4999,#5000);
#4999 = CARTESIAN_POINT('',(5.75,7.));
#5000 = VECTOR('',#5001,1.);
#5001 = DIRECTION('',(-1.,0.));
#5002 = ( GEOMETRIC_REPRESENTATION_CONTEXT(2) 
PARAMETRIC_REPRESENTATION_CONTEXT() REPRESENTATION_CONTEXT('2D SPACE',''
  ) );
#5003 = ORIENTED_EDGE('',*,*,#56,.T.);
#5004 = ORIENTED_EDGE('',*,*,#177,.F.);
#5005 = ORIENTED_EDGE('',*,*,#224,.T.);
#5006 = ORIENTED_EDGE('',*,*,#527,.T.);
#5007 = ORIENTED_EDGE('',*,*,#778,.T.);
#5008 = ORIENTED_EDGE('',*,*,#871,.T.);
#5009 = ORIENTED_EDGE('',*,*,#1049,.T.);
#5010 = ORIENTED_EDGE('',*,*,#2028,.T.);
#5011 = ORIENTED_EDGE('',*,*,#1771,.T.);
#5012 = ADVANCED_FACE('',(#5013),#44,.T.);
#5013 = FACE_BOUND('',#5014,.T.);
#5014 = EDGE_LOOP('',(#5015,#5016,#5017,#5018,#5019,#5020,#5021,#5022,
    #5023,#5024,#5025,#5026,#5027,#5028));
#5015 = ORIENTED_EDGE('',*,*,#4682,.F.);
#5016 = ORIENTED_EDGE('',*,*,#4622,.T.);
#5017 = ORIENTED_EDGE('',*,*,#1371,.F.);
#5018 = ORIENTED_EDGE('',*,*,#1478,.F.);
#5019 = ORIENTED_EDGE('',*,*,#1870,.F.);
#5020 = ORIENTED_EDGE('',*,*,#4983,.T.);
#5021 = ORIENTED_EDGE('',*,*,#21,.F.);
#5022 = ORIENTED_EDGE('',*,*,#199,.F.);
#5023 = ORIENTED_EDGE('',*,*,#4955,.T.);
#5024 = ORIENTED_EDGE('',*,*,#4905,.F.);
#5025 = ORIENTED_EDGE('',*,*,#4880,.F.);
#5026 = ORIENTED_EDGE('',*,*,#4831,.F.);
#5027 = ORIENTED_EDGE('',*,*,#4757,.F.);
#5028 = ORIENTED_EDGE('',*,*,#4706,.F.);
#5029 = ( GEOMETRIC_REPRESENTATION_CONTEXT(3) 
GLOBAL_UNCERTAINTY_ASSIGNED_CONTEXT((#5033)) 
GLOBAL_UNIT_ASSIGNED_CONTEXT((#5030,#5031,#5032)) REPRESENTATION_CONTEXT
('Context #1','3D Context with UNIT and UNCERTAINTY') );
#5030 = ( LENGTH_UNIT() NAMED_UNIT(*) SI_UNIT(.MILLI.,.METRE.) );
#5031 = ( NAMED_UNIT(*) PLANE_ANGLE_UNIT() SI_UNIT($,.RADIAN.) );
#5032 = ( NAMED_UNIT(*) SI_UNIT($,.STERADIAN.) SOLID_ANGLE_UNIT() );
#5033 = UNCERTAINTY_MEASURE_WITH_UNIT(LENGTH_MEASURE(1.E-07),#5030,
  'distance_accuracy_value','confusion accuracy');
#5034 = PRODUCT_RELATED_PRODUCT_CATEGORY('part',$,(#7));
ENDSEC;
END-ISO-10303-21;
